2026-10-05T20:30:07.753344Z  WARN p2panda_net::iroh_mdns::actor: found invalid transport info coming from iroh's services endpoint_id=9b662f09bb44edb188b2a022b4eb969d44181252866340d454e017372d38d19b
2026-10-05T20:30:09.581863Z  WARN p2panda_net::iroh_mdns::actor: found invalid transport info coming from iroh's services endpoint_id=9b662f09bb44edb188b2a022b4eb969d44181252866340d454e017372d38d19b
2026-10-05T20:30:09.605458Z  WARN p2panda_net::iroh_mdns::actor: found invalid transport info coming from iroh's services endpoint_id=9b662f09bb44edb188b2a022b4eb969d44181252866340d454e017372d38d19b
2026-10-05T20:30:10.637747Z  WARN p2panda_net::iroh_mdns::actor: found invalid transport info coming from iroh's services endpoint_id=9b662f09bb44edb188b2a022b4eb969d44181252866340d454e017372d38d19b
2026-10-05T20:30:11.457519Z  WARN p2panda_net::iroh_mdns::actor: found invalid transport info coming from iroh's services endpoint_id=9b662f09bb44edb188b2a022b4eb969d44181252866340d454e017372d38d19b
2026-10-05T20:30:12.335708Z  WARN p2panda_net::iroh_mdns::actor: found invalid transport info coming from iroh's services endpoint_id=9b662f09bb44edb188b2a022b4eb969d44181252866340d454e017372d38d19b
2026-10-05T20:30:13.816421Z  WARN turnstone::gemini_identity: failed to project Gemini client identity error=client identities are only valid for gemini:// or titan:// capsules
2026-10-05T20:30:14.164820Z  WARN p2panda_net::iroh_mdns::actor: found invalid transport info coming from iroh's services endpoint_id=9b662f09bb44edb188b2a022b4eb969d44181252866340d454e017372d38d19b
2026-10-05T20:30:14.185521Z  WARN p2panda_net::iroh_mdns::actor: found invalid transport info coming from iroh's services endpoint_id=9b662f09bb44edb188b2a022b4eb969d44181252866340d454e017372d38d19b
2026-10-05T20:30:15.957097Z  WARN p2panda_net::iroh_mdns::actor: found invalid transport info coming from iroh's services endpoint_id=9b662f09bb44edb188b2a022b4eb969d44181252866340d454e017372d38d19b
2026-10-05T20:30:15.981969Z  WARN p2panda_net::iroh_mdns::actor: found invalid transport info coming from iroh's services endpoint_id=9b662f09bb44edb188b2a022b4eb969d44181252866340d454e017372d38d19b
2026-10-05T20:30:17.632172Z  WARN p2panda_net::iroh_mdns::actor: found invalid transport info coming from iroh's services endpoint_id=9b662f09bb44edb188b2a022b4eb969d44181252866340d454e017372d38d19b
2026-10-05T20:30:17.654014Z  WARN p2panda_net::iroh_mdns::actor: found invalid transport info coming from iroh's services endpoint_id=9b662f09bb44edb188b2a022b4eb969d44181252866340d454e017372d38d19b
2026-10-05T20:30:19.242930Z  WARN p2panda_net::iroh_mdns::actor: found invalid transport info coming from iroh's services endpoint_id=9b662f09bb44edb188b2a022b4eb969d44181252866340d454e017372d38d19b
2026-10-05T20:30:19.264701Z  WARN p2panda_net::iroh_mdns::actor: found invalid transport info coming from iroh's services endpoint_id=9b662f09bb44edb188b2a022b4eb969d44181252866340d454e017372d38d19b
2026-10-05T20:30:20.847161Z  WARN p2panda_net::iroh_mdns::actor: found invalid transport info coming from iroh's services endpoint_id=9b662f09bb44edb188b2a022b4eb969d44181252866340d454e017372d38d19b
2026-10-05T20:30:20.868900Z  WARN p2panda_net::iroh_mdns::actor: found invalid transport info coming from iroh's services endpoint_id=9b662f09bb44edb188b2a022b4eb969d44181252866340d454e017372d38d19b
2026-10-05T20:30:22.620987Z  WARN p2panda_net::iroh_mdns::actor: found invalid transport info coming from iroh's services endpoint_id=9b662f09bb44edb188b2a022b4eb969d44181252866340d454e017372d38d19b
2026-10-05T20:30:22.642731Z  WARN p2panda_net::iroh_mdns::actor: found invalid transport info coming from iroh's services endpoint_id=9b662f09bb44edb188b2a022b4eb969d44181252866340d454e017372d38d19b
2026-10-05T20:30:24.262516Z  WARN p2panda_net::iroh_mdns::actor: found invalid transport info coming from iroh's services endpoint_id=9b662f09bb44edb188b2a022b4eb969d44181252866340d454e017372d38d19b
2026-10-05T20:30:24.284893Z  WARN p2panda_net::iroh_mdns::actor: found invalid transport info coming from iroh's services endpoint_id=9b662f09bb44edb188b2a022b4eb969d44181252866340d454e017372d38d19b
2026-10-05T20:30:25.938435Z  WARN p2panda_net::iroh_mdns::actor: found invalid transport info coming from iroh's services endpoint_id=9b662f09bb44edb188b2a022b4eb969d44181252866340d454e017372d38d19b
2026-10-05T20:30:25.979787Z  WARN p2panda_net::iroh_mdns::actor: found invalid transport info coming from iroh's services endpoint_id=9b662f09bb44edb188b2a022b4eb969d44181252866340d454e017372d38d19b
2026-10-05T20:30:27.685816Z  WARN p2panda_net::iroh_mdns::actor: found invalid transport info coming from iroh's services endpoint_id=9b662f09bb44edb188b2a022b4eb969d44181252866340d454e017372d38d19b
2026-10-05T20:30:27.710889Z  WARN p2panda_net::iroh_mdns::actor: found invalid transport info coming from iroh's services endpoint_id=9b662f09bb44edb188b2a022b4eb969d44181252866340d454e017372d38d19b
2026-10-05T20:30:29.481643Z  WARN p2panda_net::iroh_mdns::actor: found invalid transport info coming from iroh's services endpoint_id=9b662f09bb44edb188b2a022b4eb969d44181252866340d454e017372d38d19b
2026-10-05T20:30:29.538854Z  WARN p2panda_net::iroh_mdns::actor: found invalid transport info coming from iroh's services endpoint_id=9b662f09bb44edb188b2a022b4eb969d44181252866340d454e017372d38d19b
2026-10-05T20:30:31.238194Z  WARN p2panda_net::iroh_mdns::actor: found invalid transport info coming from iroh's services endpoint_id=9b662f09bb44edb188b2a022b4eb969d44181252866340d454e017372d38d19b
2026-10-05T20:30:31.268915Z  WARN p2panda_net::iroh_mdns::actor: found invalid transport info coming from iroh's services endpoint_id=9b662f09bb44edb188b2a022b4eb969d44181252866340d454e017372d38d19b
2026-10-05T20:30:32.313416Z  WARN p2panda_net::iroh_mdns::actor: found invalid transport info coming from iroh's services endpoint_id=9b662f09bb44edb188b2a022b4eb969d44181252866340d454e017372d38d19b
2026-10-05T20:30:33.081297Z  WARN p2panda_net::iroh_mdns::actor: found invalid transport info coming from iroh's services endpoint_id=9b662f09bb44edb188b2a022b4eb969d44181252866340d454e017372d38d19b
[producer] resize: 1024x600 -> 252x570
[producer] start_capture: 252x570 ready in 418ms
2026-10-05T20:30:35.082267Z  WARN p2panda_net::iroh_mdns::actor: found invalid transport info coming from iroh's services endpoint_id=9b662f09bb44edb188b2a022b4eb969d44181252866340d454e017372d38d19b
2026-10-05T20:30:35.096281Z  WARN p2panda_net::iroh_mdns::actor: found invalid transport info coming from iroh's services endpoint_id=9b662f09bb44edb188b2a022b4eb969d44181252866340d454e017372d38d19b
2026-10-05T20:30:36.049169Z  WARN p2panda_net::iroh_mdns::actor: found invalid transport info coming from iroh's services endpoint_id=9b662f09bb44edb188b2a022b4eb969d44181252866340d454e017372d38d19b
2026-10-05T20:30:37.009756Z  WARN p2panda_net::iroh_mdns::actor: found invalid transport info coming from iroh's services endpoint_id=9b662f09bb44edb188b2a022b4eb969d44181252866340d454e017372d38d19b
2026-10-05T20:30:37.022739Z  WARN p2panda_net::iroh_mdns::actor: found invalid transport info coming from iroh's services endpoint_id=9b662f09bb44edb188b2a022b4eb969d44181252866340d454e017372d38d19b
2026-10-05T20:30:37.925145Z  WARN p2panda_net::iroh_mdns::actor: found invalid transport info coming from iroh's services endpoint_id=9b662f09bb44edb188b2a022b4eb969d44181252866340d454e017372d38d19b
2026-10-05T20:30:38.909049Z  WARN p2panda_net::iroh_mdns::actor: found invalid transport info coming from iroh's services endpoint_id=9b662f09bb44edb188b2a022b4eb969d44181252866340d454e017372d38d19b
2026-10-05T20:30:40.946797Z  WARN p2panda_net::iroh_mdns::actor: found invalid transport info coming from iroh's services endpoint_id=9b662f09bb44edb188b2a022b4eb969d44181252866340d454e017372d38d19b
2026-10-05T20:30:41.763131Z  WARN p2panda_net::iroh_mdns::actor: found invalid transport info coming from iroh's services endpoint_id=9b662f09bb44edb188b2a022b4eb969d44181252866340d454e017372d38d19b
2026-10-05T20:30:42.747170Z  WARN p2panda_net::iroh_mdns::actor: found invalid transport info coming from iroh's services endpoint_id=9b662f09bb44edb188b2a022b4eb969d44181252866340d454e017372d38d19b
2026-10-05T20:30:43.724346Z  WARN p2panda_net::iroh_mdns::actor: found invalid transport info coming from iroh's services endpoint_id=9b662f09bb44edb188b2a022b4eb969d44181252866340d454e017372d38d19b
2026-10-05T20:30:45.483625Z  WARN p2panda_net::iroh_mdns::actor: found invalid transport info coming from iroh's services endpoint_id=9b662f09bb44edb188b2a022b4eb969d44181252866340d454e017372d38d19b
2026-10-05T20:30:46.363007Z  WARN p2panda_net::iroh_mdns::actor: found invalid transport info coming from iroh's services endpoint_id=9b662f09bb44edb188b2a022b4eb969d44181252866340d454e017372d38d19b
2026-10-05T20:30:46.375962Z  WARN p2panda_net::iroh_mdns::actor: found invalid transport info coming from iroh's services endpoint_id=9b662f09bb44edb188b2a022b4eb969d44181252866340d454e017372d38d19b
2026-10-05T20:30:47.150671Z  WARN p2panda_net::iroh_mdns::actor: found invalid transport info coming from iroh's services endpoint_id=9b662f09bb44edb188b2a022b4eb969d44181252866340d454e017372d38d19b
2026-10-05T20:30:48.289921Z  WARN p2panda_net::iroh_mdns::actor: found invalid transport info coming from iroh's services endpoint_id=9b662f09bb44edb188b2a022b4eb969d44181252866340d454e017372d38d19b
2026-10-05T20:30:48.305557Z  WARN p2panda_net::iroh_mdns::actor: found invalid transport info coming from iroh's services endpoint_id=9b662f09bb44edb188b2a022b4eb969d44181252866340d454e017372d38d19b
2026-10-05T20:30:50.033398Z  WARN p2panda_net::iroh_mdns::actor: found invalid transport info coming from iroh's services endpoint_id=9b662f09bb44edb188b2a022b4eb969d44181252866340d454e017372d38d19b
2026-10-05T20:30:50.047511Z  WARN p2panda_net::iroh_mdns::actor: found invalid transport info coming from iroh's services endpoint_id=9b662f09bb44edb188b2a022b4eb969d44181252866340d454e017372d38d19b
2026-10-05T20:30:51.027868Z  WARN p2panda_net::iroh_mdns::actor: found invalid transport info coming from iroh's services endpoint_id=9b662f09bb44edb188b2a022b4eb969d44181252866340d454e017372d38d19b
2026-10-05T20:30:52.027063Z  WARN p2panda_net::iroh_mdns::actor: found invalid transport info coming from iroh's services endpoint_id=9b662f09bb44edb188b2a022b4eb969d44181252866340d454e017372d38d19b
2026-10-05T20:30:52.041550Z  WARN p2panda_net::iroh_mdns::actor: found invalid transport info coming from iroh's services endpoint_id=9b662f09bb44edb188b2a022b4eb969d44181252866340d454e017372d38d19b
2026-10-05T20:30:53.744914Z  WARN p2panda_net::iroh_mdns::actor: found invalid transport info coming from iroh's services endpoint_id=9b662f09bb44edb188b2a022b4eb969d44181252866340d454e017372d38d19b
2026-10-05T20:30:54.130116Z  WARN p2panda_net::iroh_mdns::actor: found invalid transport info coming from iroh's services endpoint_id=9b662f09bb44edb188b2a022b4eb969d44181252866340d454e017372d38d19b
[producer] resize: 252x570 -> 509x570
2026-10-05T20:30:54.861418Z  WARN p2panda_net::iroh_mdns::actor: found invalid transport info coming from iroh's services endpoint_id=9b662f09bb44edb188b2a022b4eb969d44181252866340d454e017372d38d19b
[producer] start_capture: 509x570 ready in 439ms
2026-10-05T20:30:55.881402Z  WARN p2panda_net::iroh_mdns::actor: found invalid transport info coming from iroh's services endpoint_id=9b662f09bb44edb188b2a022b4eb969d44181252866340d454e017372d38d19b
2026-10-05T20:30:55.895248Z  WARN p2panda_net::iroh_mdns::actor: found invalid transport info coming from iroh's services endpoint_id=9b662f09bb44edb188b2a022b4eb969d44181252866340d454e017372d38d19b
2026-10-05T20:30:56.736711Z  WARN p2panda_net::iroh_mdns::actor: found invalid transport info coming from iroh's services endpoint_id=9b662f09bb44edb188b2a022b4eb969d44181252866340d454e017372d38d19b
2026-10-05T20:30:58.537499Z  WARN p2panda_net::iroh_mdns::actor: found invalid transport info coming from iroh's services endpoint_id=9b662f09bb44edb188b2a022b4eb969d44181252866340d454e017372d38d19b
2026-10-05T20:30:58.607319Z  WARN p2panda_net::iroh_mdns::actor: found invalid transport info coming from iroh's services endpoint_id=9b662f09bb44edb188b2a022b4eb969d44181252866340d454e017372d38d19b
2026-10-05T20:30:58.706683Z  WARN turnstone::gemini_identity: failed to project Gemini client identity error=client identities are only valid for gemini:// or titan:// capsules
2026-10-05T20:31:00.249391Z  WARN p2panda_net::iroh_mdns::actor: found invalid transport info coming from iroh's services endpoint_id=9b662f09bb44edb188b2a022b4eb969d44181252866340d454e017372d38d19b
2026-10-05T20:31:01.230942Z  WARN p2panda_net::iroh_mdns::actor: found invalid transport info coming from iroh's services endpoint_id=9b662f09bb44edb188b2a022b4eb969d44181252866340d454e017372d38d19b
2026-10-05T20:31:01.244227Z  WARN p2panda_net::iroh_mdns::actor: found invalid transport info coming from iroh's services endpoint_id=9b662f09bb44edb188b2a022b4eb969d44181252866340d454e017372d38d19b
2026-10-05T20:31:03.310838Z  WARN p2panda_net::iroh_mdns::actor: found invalid transport info coming from iroh's services endpoint_id=9b662f09bb44edb188b2a022b4eb969d44181252866340d454e017372d38d19b
2026-10-05T20:31:03.323972Z  WARN p2panda_net::iroh_mdns::actor: found invalid transport info coming from iroh's services endpoint_id=9b662f09bb44edb188b2a022b4eb969d44181252866340d454e017372d38d19b
2026-10-05T20:31:04.211292Z  WARN p2panda_net::iroh_mdns::actor: found invalid transport info coming from iroh's services endpoint_id=9b662f09bb44edb188b2a022b4eb969d44181252866340d454e017372d38d19b
2026-10-05T20:31:05.676535Z  WARN p2panda_net::iroh_mdns::actor: found invalid transport info coming from iroh's services endpoint_id=9b662f09bb44edb188b2a022b4eb969d44181252866340d454e017372d38d19b
2026-10-05T20:31:06.708490Z  WARN p2panda_net::iroh_mdns::actor: found invalid transport info coming from iroh's services endpoint_id=9b662f09bb44edb188b2a022b4eb969d44181252866340d454e017372d38d19b
2026-10-05T20:31:06.721279Z  WARN p2panda_net::iroh_mdns::actor: found invalid transport info coming from iroh's services endpoint_id=9b662f09bb44edb188b2a022b4eb969d44181252866340d454e017372d38d19b
[producer] resize: 509x570 -> 252x570
[producer] start_capture: 252x570 ready in 168ms
2026-10-05T20:31:07.602732Z  WARN p2panda_net::iroh_mdns::actor: found invalid transport info coming from iroh's services endpoint_id=9b662f09bb44edb188b2a022b4eb969d44181252866340d454e017372d38d19b
2026-10-05T20:31:07.615334Z  WARN p2panda_net::iroh_mdns::actor: found invalid transport info coming from iroh's services endpoint_id=9b662f09bb44edb188b2a022b4eb969d44181252866340d454e017372d38d19b
2026-10-05T20:31:09.324071Z  WARN p2panda_net::iroh_mdns::actor: found invalid transport info coming from iroh's services endpoint_id=9b662f09bb44edb188b2a022b4eb969d44181252866340d454e017372d38d19b
2026-10-05T20:31:09.338627Z  WARN p2panda_net::iroh_mdns::actor: found invalid transport info coming from iroh's services endpoint_id=9b662f09bb44edb188b2a022b4eb969d44181252866340d454e017372d38d19b
2026-10-05T20:31:11.063215Z  WARN p2panda_net::iroh_mdns::actor: found invalid transport info coming from iroh's services endpoint_id=9b662f09bb44edb188b2a022b4eb969d44181252866340d454e017372d38d19b
2026-10-05T20:31:11.076878Z  WARN p2panda_net::iroh_mdns::actor: found invalid transport info coming from iroh's services endpoint_id=9b662f09bb44edb188b2a022b4eb969d44181252866340d454e017372d38d19b
2026-10-05T20:31:12.739890Z  WARN p2panda_net::iroh_mdns::actor: found invalid transport info coming from iroh's services endpoint_id=9b662f09bb44edb188b2a022b4eb969d44181252866340d454e017372d38d19b
[producer] resize: 252x570 -> 123x570
[producer] start_capture: 123x570 ready in 81ms
2026-10-05T20:31:14.397260Z  WARN p2panda_net::iroh_mdns::actor: found invalid transport info coming from iroh's services endpoint_id=9b662f09bb44edb188b2a022b4eb969d44181252866340d454e017372d38d19b
2026-10-05T20:31:15.570837Z  WARN p2panda_net::iroh_mdns::actor: found invalid transport info coming from iroh's services endpoint_id=9b662f09bb44edb188b2a022b4eb969d44181252866340d454e017372d38d19b
2026-10-05T20:31:15.583825Z  WARN p2panda_net::iroh_mdns::actor: found invalid transport info coming from iroh's services endpoint_id=9b662f09bb44edb188b2a022b4eb969d44181252866340d454e017372d38d19b
2026-10-05T20:31:16.393716Z  WARN p2panda_net::iroh_mdns::actor: found invalid transport info coming from iroh's services endpoint_id=9b662f09bb44edb188b2a022b4eb969d44181252866340d454e017372d38d19b
[producer] resize: 1024x600 -> 123x570
2026-10-05T20:31:17.449880Z  WARN p2panda_net::iroh_mdns::actor: found invalid transport info coming from iroh's services endpoint_id=9b662f09bb44edb188b2a022b4eb969d44181252866340d454e017372d38d19b
[producer] start_capture: 123x570 ready in 276ms
2026-10-05T20:31:19.213036Z  WARN p2panda_net::iroh_mdns::actor: found invalid transport info coming from iroh's services endpoint_id=9b662f09bb44edb188b2a022b4eb969d44181252866340d454e017372d38d19b
2026-10-05T20:31:19.226805Z  WARN p2panda_net::iroh_mdns::actor: found invalid transport info coming from iroh's services endpoint_id=9b662f09bb44edb188b2a022b4eb969d44181252866340d454e017372d38d19b
2026-10-05T20:31:20.813077Z  WARN p2panda_net::iroh_mdns::actor: found invalid transport info coming from iroh's services endpoint_id=9b662f09bb44edb188b2a022b4eb969d44181252866340d454e017372d38d19b
2026-10-05T20:31:22.817006Z  WARN p2panda_net::iroh_mdns::actor: found invalid transport info coming from iroh's services endpoint_id=9b662f09bb44edb188b2a022b4eb969d44181252866340d454e017372d38d19b
2026-10-05T20:31:22.850326Z  WARN p2panda_net::iroh_mdns::actor: found invalid transport info coming from iroh's services endpoint_id=9b662f09bb44edb188b2a022b4eb969d44181252866340d454e017372d38d19b
2026-10-05T20:31:23.827546Z  WARN p2panda_net::iroh_mdns::actor: found invalid transport info coming from iroh's services endpoint_id=9b662f09bb44edb188b2a022b4eb969d44181252866340d454e017372d38d19b
2026-10-05T20:31:25.782460Z  WARN p2panda_net::iroh_mdns::actor: found invalid transport info coming from iroh's services endpoint_id=9b662f09bb44edb188b2a022b4eb969d44181252866340d454e017372d38d19b
2026-10-05T20:31:25.795327Z  WARN p2panda_net::iroh_mdns::actor: found invalid transport info coming from iroh's services endpoint_id=9b662f09bb44edb188b2a022b4eb969d44181252866340d454e017372d38d19b
2026-10-05T20:31:26.993832Z  WARN p2panda_net::iroh_mdns::actor: found invalid transport info coming from iroh's services endpoint_id=9b662f09bb44edb188b2a022b4eb969d44181252866340d454e017372d38d19b
2026-10-05T20:31:28.722573Z  WARN p2panda_net::iroh_mdns::actor: found invalid transport info coming from iroh's services endpoint_id=9b662f09bb44edb188b2a022b4eb969d44181252866340d454e017372d38d19b
2026-10-05T20:31:28.735973Z  WARN p2panda_net::iroh_mdns::actor: found invalid transport info coming from iroh's services endpoint_id=9b662f09bb44edb188b2a022b4eb969d44181252866340d454e017372d38d19b
2026-10-05T20:31:30.390998Z  WARN p2panda_net::iroh_mdns::actor: found invalid transport info coming from iroh's services endpoint_id=9b662f09bb44edb188b2a022b4eb969d44181252866340d454e017372d38d19b
2026-10-05T20:31:30.404667Z  WARN p2panda_net::iroh_mdns::actor: found invalid transport info coming from iroh's services endpoint_id=9b662f09bb44edb188b2a022b4eb969d44181252866340d454e017372d38d19b
2026-10-05T20:31:33.451918Z  WARN p2panda_net::iroh_mdns::actor: found invalid transport info coming from iroh's services endpoint_id=9b662f09bb44edb188b2a022b4eb969d44181252866340d454e017372d38d19b
2026-10-05T20:31:33.465811Z  WARN p2panda_net::iroh_mdns::actor: found invalid transport info coming from iroh's services endpoint_id=9b662f09bb44edb188b2a022b4eb969d44181252866340d454e017372d38d19b
2026-10-05T20:31:34.184377Z  WARN p2panda_net::iroh_mdns::actor: found invalid transport info coming from iroh's services endpoint_id=9b662f09bb44edb188b2a022b4eb969d44181252866340d454e017372d38d19b
2026-10-05T20:31:35.157673Z  WARN p2panda_net::iroh_mdns::actor: found invalid transport info coming from iroh's services endpoint_id=9b662f09bb44edb188b2a022b4eb969d44181252866340d454e017372d38d19b
2026-10-05T20:31:35.170552Z  WARN p2panda_net::iroh_mdns::actor: found invalid transport info coming from iroh's services endpoint_id=9b662f09bb44edb188b2a022b4eb969d44181252866340d454e017372d38d19b
2026-10-05T20:31:36.832650Z  WARN p2panda_net::iroh_mdns::actor: found invalid transport info coming from iroh's services endpoint_id=9b662f09bb44edb188b2a022b4eb969d44181252866340d454e017372d38d19b
2026-10-05T20:31:36.845110Z  WARN p2panda_net::iroh_mdns::actor: found invalid transport info coming from iroh's services endpoint_id=9b662f09bb44edb188b2a022b4eb969d44181252866340d454e017372d38d19b
2026-10-05T20:31:38.527239Z  WARN p2panda_net::iroh_mdns::actor: found invalid transport info coming from iroh's services endpoint_id=9b662f09bb44edb188b2a022b4eb969d44181252866340d454e017372d38d19b
2026-10-05T20:31:38.540650Z  WARN p2panda_net::iroh_mdns::actor: found invalid transport info coming from iroh's services endpoint_id=9b662f09bb44edb188b2a022b4eb969d44181252866340d454e017372d38d19b
[producer] resize: 123x570 -> 252x570
[producer] start_capture: 252x570 ready in 96ms
[producer] resize: 123x570 -> 252x570
[producer] start_capture: 252x570 ready in 76ms
2026-10-05T20:31:40.090300Z  WARN p2panda_net::iroh_mdns::actor: found invalid transport info coming from iroh's services endpoint_id=9b662f09bb44edb188b2a022b4eb969d44181252866340d454e017372d38d19b
2026-10-05T20:31:41.889115Z  WARN p2panda_net::iroh_mdns::actor: found invalid transport info coming from iroh's services endpoint_id=9b662f09bb44edb188b2a022b4eb969d44181252866340d454e017372d38d19b
2026-10-05T20:31:41.902745Z  WARN p2panda_net::iroh_mdns::actor: found invalid transport info coming from iroh's services endpoint_id=9b662f09bb44edb188b2a022b4eb969d44181252866340d454e017372d38d19b
[producer] resize: 252x570 -> 509x570
[producer] start_capture: 509x570 ready in 75ms
[producer] resize: 252x570 -> 509x570
[producer] start_capture: 509x570 ready in 134ms
2026-10-05T20:31:42.827293Z  WARN p2panda_net::iroh_mdns::actor: found invalid transport info coming from iroh's services endpoint_id=9b662f09bb44edb188b2a022b4eb969d44181252866340d454e017372d38d19b
2026-10-05T20:31:43.861073Z  WARN p2panda_net::iroh_mdns::actor: found invalid transport info coming from iroh's services endpoint_id=9b662f09bb44edb188b2a022b4eb969d44181252866340d454e017372d38d19b
2026-10-05T20:31:43.882203Z  WARN p2panda_net::iroh_mdns::actor: found invalid transport info coming from iroh's services endpoint_id=9b662f09bb44edb188b2a022b4eb969d44181252866340d454e017372d38d19b
2026-10-05T20:31:44.790467Z  WARN p2panda_net::iroh_mdns::actor: found invalid transport info coming from iroh's services endpoint_id=9b662f09bb44edb188b2a022b4eb969d44181252866340d454e017372d38d19b
2026-10-05T20:31:45.177320Z  WARN turnstone::gemini_identity: failed to project Gemini client identity error=client identities are only valid for gemini:// or titan:// capsules
[producer] resize: 1024x600 -> 509x570
2026-10-05T20:31:45.898478Z  WARN p2panda_net::iroh_mdns::actor: found invalid transport info coming from iroh's services endpoint_id=9b662f09bb44edb188b2a022b4eb969d44181252866340d454e017372d38d19b
[producer] start_capture: 509x570 ready in 164ms
2026-10-05T20:31:46.982169Z  WARN p2panda_net::iroh_mdns::actor: found invalid transport info coming from iroh's services endpoint_id=9b662f09bb44edb188b2a022b4eb969d44181252866340d454e017372d38d19b
2026-10-05T20:31:47.911193Z  WARN p2panda_net::iroh_mdns::actor: found invalid transport info coming from iroh's services endpoint_id=9b662f09bb44edb188b2a022b4eb969d44181252866340d454e017372d38d19b
2026-10-05T20:31:49.593314Z  WARN p2panda_net::iroh_mdns::actor: found invalid transport info coming from iroh's services endpoint_id=9b662f09bb44edb188b2a022b4eb969d44181252866340d454e017372d38d19b
2026-10-05T20:31:49.608560Z  WARN p2panda_net::iroh_mdns::actor: found invalid transport info coming from iroh's services endpoint_id=9b662f09bb44edb188b2a022b4eb969d44181252866340d454e017372d38d19b
2026-10-05T20:31:51.390878Z  WARN p2panda_net::iroh_mdns::actor: found invalid transport info coming from iroh's services endpoint_id=9b662f09bb44edb188b2a022b4eb969d44181252866340d454e017372d38d19b
2026-10-05T20:31:51.404814Z  WARN p2panda_net::iroh_mdns::actor: found invalid transport info coming from iroh's services endpoint_id=9b662f09bb44edb188b2a022b4eb969d44181252866340d454e017372d38d19b
2026-10-05T20:31:52.332893Z  WARN p2panda_net::iroh_mdns::actor: found invalid transport info coming from iroh's services endpoint_id=9b662f09bb44edb188b2a022b4eb969d44181252866340d454e017372d38d19b
2026-10-05T20:31:53.147160Z  WARN p2panda_net::iroh_mdns::actor: found invalid transport info coming from iroh's services endpoint_id=9b662f09bb44edb188b2a022b4eb969d44181252866340d454e017372d38d19b
2026-10-05T20:31:54.095263Z  WARN p2panda_net::iroh_mdns::actor: found invalid transport info coming from iroh's services endpoint_id=9b662f09bb44edb188b2a022b4eb969d44181252866340d454e017372d38d19b
2026-10-05T20:31:54.110885Z  WARN p2panda_net::iroh_mdns::actor: found invalid transport info coming from iroh's services endpoint_id=9b662f09bb44edb188b2a022b4eb969d44181252866340d454e017372d38d19b
2026-10-05T20:31:55.782924Z  WARN p2panda_net::iroh_mdns::actor: found invalid transport info coming from iroh's services endpoint_id=9b662f09bb44edb188b2a022b4eb969d44181252866340d454e017372d38d19b
2026-10-05T20:31:56.828461Z  WARN p2panda_net::iroh_mdns::actor: found invalid transport info coming from iroh's services endpoint_id=9b662f09bb44edb188b2a022b4eb969d44181252866340d454e017372d38d19b
2026-10-05T20:31:58.447642Z  WARN p2panda_net::iroh_mdns::actor: found invalid transport info coming from iroh's services endpoint_id=9b662f09bb44edb188b2a022b4eb969d44181252866340d454e017372d38d19b
2026-10-05T20:31:59.430961Z  WARN p2panda_net::iroh_mdns::actor: found invalid transport info coming from iroh's services endpoint_id=9b662f09bb44edb188b2a022b4eb969d44181252866340d454e017372d38d19b
2026-10-05T20:31:59.444480Z  WARN p2panda_net::iroh_mdns::actor: found invalid transport info coming from iroh's services endpoint_id=9b662f09bb44edb188b2a022b4eb969d44181252866340d454e017372d38d19b
2026-10-05T20:32:00.387192Z  WARN p2panda_net::iroh_mdns::actor: found invalid transport info coming from iroh's services endpoint_id=9b662f09bb44edb188b2a022b4eb969d44181252866340d454e017372d38d19b
2026-10-05T20:32:01.291040Z  WARN p2panda_net::iroh_mdns::actor: found invalid transport info coming from iroh's services endpoint_id=9b662f09bb44edb188b2a022b4eb969d44181252866340d454e017372d38d19b
2026-10-05T20:32:04.176850Z  WARN p2panda_net::iroh_mdns::actor: found invalid transport info coming from iroh's services endpoint_id=9b662f09bb44edb188b2a022b4eb969d44181252866340d454e017372d38d19b
2026-10-05T20:32:05.155321Z  WARN p2panda_net::iroh_mdns::actor: found invalid transport info coming from iroh's services endpoint_id=9b662f09bb44edb188b2a022b4eb969d44181252866340d454e017372d38d19b
2026-10-05T20:32:05.169707Z  WARN p2panda_net::iroh_mdns::actor: found invalid transport info coming from iroh's services endpoint_id=9b662f09bb44edb188b2a022b4eb969d44181252866340d454e017372d38d19b
2026-10-05T20:32:06.888601Z  WARN p2panda_net::iroh_mdns::actor: found invalid transport info coming from iroh's services endpoint_id=9b662f09bb44edb188b2a022b4eb969d44181252866340d454e017372d38d19b
2026-10-05T20:32:07.869456Z  WARN p2panda_net::iroh_mdns::actor: found invalid transport info coming from iroh's services endpoint_id=9b662f09bb44edb188b2a022b4eb969d44181252866340d454e017372d38d19b
2026-10-05T20:32:07.884159Z  WARN p2panda_net::iroh_mdns::actor: found invalid transport info coming from iroh's services endpoint_id=9b662f09bb44edb188b2a022b4eb969d44181252866340d454e017372d38d19b
2026-10-05T20:32:09.608822Z  WARN p2panda_net::iroh_mdns::actor: found invalid transport info coming from iroh's services endpoint_id=9b662f09bb44edb188b2a022b4eb969d44181252866340d454e017372d38d19b
2026-10-05T20:32:09.645449Z  WARN p2panda_net::iroh_mdns::actor: found invalid transport info coming from iroh's services endpoint_id=9b662f09bb44edb188b2a022b4eb969d44181252866340d454e017372d38d19b
2026-10-05T20:32:11.330299Z  WARN p2panda_net::iroh_mdns::actor: found invalid transport info coming from iroh's services endpoint_id=9b662f09bb44edb188b2a022b4eb969d44181252866340d454e017372d38d19b
2026-10-05T20:32:12.324383Z  WARN p2panda_net::iroh_mdns::actor: found invalid transport info coming from iroh's services endpoint_id=9b662f09bb44edb188b2a022b4eb969d44181252866340d454e017372d38d19b
2026-10-05T20:32:12.337863Z  WARN p2panda_net::iroh_mdns::actor: found invalid transport info coming from iroh's services endpoint_id=9b662f09bb44edb188b2a022b4eb969d44181252866340d454e017372d38d19b
2026-10-05T20:32:13.159413Z  WARN p2panda_net::iroh_mdns::actor: found invalid transport info coming from iroh's services endpoint_id=9b662f09bb44edb188b2a022b4eb969d44181252866340d454e017372d38d19b
2026-10-05T20:32:14.383518Z  WARN p2panda_net::iroh_mdns::actor: found invalid transport info coming from iroh's services endpoint_id=9b662f09bb44edb188b2a022b4eb969d44181252866340d454e017372d38d19b
2026-10-05T20:32:14.397818Z  WARN p2panda_net::iroh_mdns::actor: found invalid transport info coming from iroh's services endpoint_id=9b662f09bb44edb188b2a022b4eb969d44181252866340d454e017372d38d19b
2026-10-05T20:32:15.121999Z  WARN p2panda_net::iroh_mdns::actor: found invalid transport info coming from iroh's services endpoint_id=9b662f09bb44edb188b2a022b4eb969d44181252866340d454e017372d38d19b
2026-10-05T20:32:16.073791Z  WARN p2panda_net::iroh_mdns::actor: found invalid transport info coming from iroh's services endpoint_id=9b662f09bb44edb188b2a022b4eb969d44181252866340d454e017372d38d19b
2026-10-05T20:32:16.088589Z  WARN p2panda_net::iroh_mdns::actor: found invalid transport info coming from iroh's services endpoint_id=9b662f09bb44edb188b2a022b4eb969d44181252866340d454e017372d38d19b
2026-10-05T20:32:17.021193Z  WARN p2panda_net::iroh_mdns::actor: found invalid transport info coming from iroh's services endpoint_id=9b662f09bb44edb188b2a022b4eb969d44181252866340d454e017372d38d19b
2026-10-05T20:32:18.849460Z  WARN p2panda_net::iroh_mdns::actor: found invalid transport info coming from iroh's services endpoint_id=9b662f09bb44edb188b2a022b4eb969d44181252866340d454e017372d38d19b
2026-10-05T20:32:19.678605Z  WARN p2panda_net::iroh_mdns::actor: found invalid transport info coming from iroh's services endpoint_id=9b662f09bb44edb188b2a022b4eb969d44181252866340d454e017372d38d19b
2026-10-05T20:32:21.617094Z  WARN p2panda_net::iroh_mdns::actor: found invalid transport info coming from iroh's services endpoint_id=9b662f09bb44edb188b2a022b4eb969d44181252866340d454e017372d38d19b
2026-10-05T20:32:21.630328Z  WARN p2panda_net::iroh_mdns::actor: found invalid transport info coming from iroh's services endpoint_id=9b662f09bb44edb188b2a022b4eb969d44181252866340d454e017372d38d19b
2026-10-05T20:32:23.354074Z  WARN p2panda_net::iroh_mdns::actor: found invalid transport info coming from iroh's services endpoint_id=9b662f09bb44edb188b2a022b4eb969d44181252866340d454e017372d38d19b
2026-10-05T20:32:23.367560Z  WARN p2panda_net::iroh_mdns::actor: found invalid transport info coming from iroh's services endpoint_id=9b662f09bb44edb188b2a022b4eb969d44181252866340d454e017372d38d19b
2026-10-05T20:32:25.031374Z  WARN p2panda_net::iroh_mdns::actor: found invalid transport info coming from iroh's services endpoint_id=9b662f09bb44edb188b2a022b4eb969d44181252866340d454e017372d38d19b
2026-10-05T20:32:25.046443Z  WARN p2panda_net::iroh_mdns::actor: found invalid transport info coming from iroh's services endpoint_id=9b662f09bb44edb188b2a022b4eb969d44181252866340d454e017372d38d19b
2026-10-05T20:32:26.813078Z  WARN p2panda_net::iroh_mdns::actor: found invalid transport info coming from iroh's services endpoint_id=9b662f09bb44edb188b2a022b4eb969d44181252866340d454e017372d38d19b
2026-10-05T20:32:27.699301Z  WARN p2panda_net::iroh_mdns::actor: found invalid transport info coming from iroh's services endpoint_id=9b662f09bb44edb188b2a022b4eb969d44181252866340d454e017372d38d19b
2026-10-05T20:32:28.602683Z  WARN p2panda_net::iroh_mdns::actor: found invalid transport info coming from iroh's services endpoint_id=9b662f09bb44edb188b2a022b4eb969d44181252866340d454e017372d38d19b
2026-10-05T20:32:28.626934Z  WARN p2panda_net::iroh_mdns::actor: found invalid transport info coming from iroh's services endpoint_id=9b662f09bb44edb188b2a022b4eb969d44181252866340d454e017372d38d19b
2026-10-05T20:32:30.338375Z  WARN p2panda_net::iroh_mdns::actor: found invalid transport info coming from iroh's services endpoint_id=9b662f09bb44edb188b2a022b4eb969d44181252866340d454e017372d38d19b
2026-10-05T20:32:31.216524Z  WARN p2panda_net::iroh_mdns::actor: found invalid transport info coming from iroh's services endpoint_id=9b662f09bb44edb188b2a022b4eb969d44181252866340d454e017372d38d19b
2026-10-05T20:32:31.229776Z  WARN p2panda_net::iroh_mdns::actor: found invalid transport info coming from iroh's services endpoint_id=9b662f09bb44edb188b2a022b4eb969d44181252866340d454e017372d38d19b
2026-10-05T20:32:33.470656Z  WARN p2panda_net::iroh_mdns::actor: found invalid transport info coming from iroh's services endpoint_id=9b662f09bb44edb188b2a022b4eb969d44181252866340d454e017372d38d19b
2026-10-05T20:32:34.287429Z  WARN p2panda_net::iroh_mdns::actor: found invalid transport info coming from iroh's services endpoint_id=9b662f09bb44edb188b2a022b4eb969d44181252866340d454e017372d38d19b
2026-10-05T20:32:35.246060Z  WARN p2panda_net::iroh_mdns::actor: found invalid transport info coming from iroh's services endpoint_id=9b662f09bb44edb188b2a022b4eb969d44181252866340d454e017372d38d19b
2026-10-05T20:32:36.978259Z  WARN p2panda_net::iroh_mdns::actor: found invalid transport info coming from iroh's services endpoint_id=9b662f09bb44edb188b2a022b4eb969d44181252866340d454e017372d38d19b
2026-10-05T20:32:39.077657Z  WARN p2panda_net::iroh_mdns::actor: found invalid transport info coming from iroh's services endpoint_id=9b662f09bb44edb188b2a022b4eb969d44181252866340d454e017372d38d19b
2026-10-05T20:32:39.092935Z  WARN p2panda_net::iroh_mdns::actor: found invalid transport info coming from iroh's services endpoint_id=9b662f09bb44edb188b2a022b4eb969d44181252866340d454e017372d38d19b
2026-10-05T20:32:39.921196Z  WARN p2panda_net::iroh_mdns::actor: found invalid transport info coming from iroh's services endpoint_id=9b662f09bb44edb188b2a022b4eb969d44181252866340d454e017372d38d19b
2026-10-05T20:32:41.256103Z  WARN p2panda_net::iroh_mdns::actor: found invalid transport info coming from iroh's services endpoint_id=9b662f09bb44edb188b2a022b4eb969d44181252866340d454e017372d38d19b
2026-10-05T20:32:41.270683Z  WARN p2panda_net::iroh_mdns::actor: found invalid transport info coming from iroh's services endpoint_id=9b662f09bb44edb188b2a022b4eb969d44181252866340d454e017372d38d19b
2026-10-05T20:32:43.112233Z  WARN p2panda_net::iroh_mdns::actor: found invalid transport info coming from iroh's services endpoint_id=9b662f09bb44edb188b2a022b4eb969d44181252866340d454e017372d38d19b
2026-10-05T20:32:43.126503Z  WARN p2panda_net::iroh_mdns::actor: found invalid transport info coming from iroh's services endpoint_id=9b662f09bb44edb188b2a022b4eb969d44181252866340d454e017372d38d19b
2026-10-05T20:32:43.630681Z  WARN p2panda_net::iroh_mdns::actor: found invalid transport info coming from iroh's services endpoint_id=9b662f09bb44edb188b2a022b4eb969d44181252866340d454e017372d38d19b
2026-10-05T20:32:44.588484Z  WARN p2panda_net::iroh_mdns::actor: found invalid transport info coming from iroh's services endpoint_id=9b662f09bb44edb188b2a022b4eb969d44181252866340d454e017372d38d19b
2026-10-05T20:32:45.630556Z  WARN p2panda_net::iroh_mdns::actor: found invalid transport info coming from iroh's services endpoint_id=9b662f09bb44edb188b2a022b4eb969d44181252866340d454e017372d38d19b
2026-10-05T20:32:45.645884Z  WARN p2panda_net::iroh_mdns::actor: found invalid transport info coming from iroh's services endpoint_id=9b662f09bb44edb188b2a022b4eb969d44181252866340d454e017372d38d19b
2026-10-05T20:32:46.494535Z  WARN p2panda_net::iroh_mdns::actor: found invalid transport info coming from iroh's services endpoint_id=9b662f09bb44edb188b2a022b4eb969d44181252866340d454e017372d38d19b
2026-10-05T20:32:48.167464Z  WARN p2panda_net::iroh_mdns::actor: found invalid transport info coming from iroh's services endpoint_id=9b662f09bb44edb188b2a022b4eb969d44181252866340d454e017372d38d19b
2026-10-05T20:32:49.210167Z  WARN p2panda_net::iroh_mdns::actor: found invalid transport info coming from iroh's services endpoint_id=9b662f09bb44edb188b2a022b4eb969d44181252866340d454e017372d38d19b
2026-10-05T20:32:49.224686Z  WARN p2panda_net::iroh_mdns::actor: found invalid transport info coming from iroh's services endpoint_id=9b662f09bb44edb188b2a022b4eb969d44181252866340d454e017372d38d19b
2026-10-05T20:32:50.444537Z  WARN p2panda_net::iroh_mdns::actor: found invalid transport info coming from iroh's services endpoint_id=9b662f09bb44edb188b2a022b4eb969d44181252866340d454e017372d38d19b
2026-10-05T20:32:51.387261Z  WARN p2panda_net::iroh_mdns::actor: found invalid transport info coming from iroh's services endpoint_id=9b662f09bb44edb188b2a022b4eb969d44181252866340d454e017372d38d19b
2026-10-05T20:32:53.168081Z  WARN p2panda_net::iroh_mdns::actor: found invalid transport info coming from iroh's services endpoint_id=9b662f09bb44edb188b2a022b4eb969d44181252866340d454e017372d38d19b
2026-10-05T20:32:53.182372Z  WARN p2panda_net::iroh_mdns::actor: found invalid transport info coming from iroh's services endpoint_id=9b662f09bb44edb188b2a022b4eb969d44181252866340d454e017372d38d19b
2026-10-05T20:32:56.068823Z  WARN p2panda_net::iroh_mdns::actor: found invalid transport info coming from iroh's services endpoint_id=9b662f09bb44edb188b2a022b4eb969d44181252866340d454e017372d38d19b
2026-10-05T20:32:56.848176Z  WARN p2panda_net::iroh_mdns::actor: found invalid transport info coming from iroh's services endpoint_id=9b662f09bb44edb188b2a022b4eb969d44181252866340d454e017372d38d19b
2026-10-05T20:32:58.072148Z  WARN p2panda_net::iroh_mdns::actor: found invalid transport info coming from iroh's services endpoint_id=9b662f09bb44edb188b2a022b4eb969d44181252866340d454e017372d38d19b
2026-10-05T20:32:58.837482Z  WARN p2panda_net::iroh_mdns::actor: found invalid transport info coming from iroh's services endpoint_id=9b662f09bb44edb188b2a022b4eb969d44181252866340d454e017372d38d19b
2026-10-05T20:32:59.547138Z  WARN p2panda_net::iroh_mdns::actor: found invalid transport info coming from iroh's services endpoint_id=9b662f09bb44edb188b2a022b4eb969d44181252866340d454e017372d38d19b
2026-10-05T20:33:00.488904Z  WARN p2panda_net::iroh_mdns::actor: found invalid transport info coming from iroh's services endpoint_id=9b662f09bb44edb188b2a022b4eb969d44181252866340d454e017372d38d19b
2026-10-05T20:33:00.506710Z  WARN p2panda_net::iroh_mdns::actor: found invalid transport info coming from iroh's services endpoint_id=9b662f09bb44edb188b2a022b4eb969d44181252866340d454e017372d38d19b
2026-10-05T20:33:01.351658Z  WARN p2panda_net::iroh_mdns::actor: found invalid transport info coming from iroh's services endpoint_id=9b662f09bb44edb188b2a022b4eb969d44181252866340d454e017372d38d19b
2026-10-05T20:33:01.366189Z  WARN p2panda_net::iroh_mdns::actor: found invalid transport info coming from iroh's services endpoint_id=9b662f09bb44edb188b2a022b4eb969d44181252866340d454e017372d38d19b
2026-10-05T20:33:03.323391Z  WARN p2panda_net::iroh_mdns::actor: found invalid transport info coming from iroh's services endpoint_id=9b662f09bb44edb188b2a022b4eb969d44181252866340d454e017372d38d19b
2026-10-05T20:33:03.336904Z  WARN p2panda_net::iroh_mdns::actor: found invalid transport info coming from iroh's services endpoint_id=9b662f09bb44edb188b2a022b4eb969d44181252866340d454e017372d38d19b
2026-10-05T20:33:04.272929Z  WARN p2panda_net::iroh_mdns::actor: found invalid transport info coming from iroh's services endpoint_id=9b662f09bb44edb188b2a022b4eb969d44181252866340d454e017372d38d19b
2026-10-05T20:33:04.286244Z  WARN p2panda_net::iroh_mdns::actor: found invalid transport info coming from iroh's services endpoint_id=9b662f09bb44edb188b2a022b4eb969d44181252866340d454e017372d38d19b
2026-10-05T20:33:06.157562Z  WARN p2panda_net::iroh_mdns::actor: found invalid transport info coming from iroh's services endpoint_id=9b662f09bb44edb188b2a022b4eb969d44181252866340d454e017372d38d19b
2026-10-05T20:33:06.171019Z  WARN p2panda_net::iroh_mdns::actor: found invalid transport info coming from iroh's services endpoint_id=9b662f09bb44edb188b2a022b4eb969d44181252866340d454e017372d38d19b
2026-10-05T20:33:07.947538Z  WARN p2panda_net::iroh_mdns::actor: found invalid transport info coming from iroh's services endpoint_id=9b662f09bb44edb188b2a022b4eb969d44181252866340d454e017372d38d19b
2026-10-05T20:33:08.837828Z  WARN p2panda_net::iroh_mdns::actor: found invalid transport info coming from iroh's services endpoint_id=9b662f09bb44edb188b2a022b4eb969d44181252866340d454e017372d38d19b
2026-10-05T20:33:08.853061Z  WARN p2panda_net::iroh_mdns::actor: found invalid transport info coming from iroh's services endpoint_id=9b662f09bb44edb188b2a022b4eb969d44181252866340d454e017372d38d19b
2026-10-05T20:33:10.537451Z  WARN p2panda_net::iroh_mdns::actor: found invalid transport info coming from iroh's services endpoint_id=9b662f09bb44edb188b2a022b4eb969d44181252866340d454e017372d38d19b
2026-10-05T20:33:10.551597Z  WARN p2panda_net::iroh_mdns::actor: found invalid transport info coming from iroh's services endpoint_id=9b662f09bb44edb188b2a022b4eb969d44181252866340d454e017372d38d19b
2026-10-05T20:33:13.313837Z  WARN p2panda_net::iroh_mdns::actor: found invalid transport info coming from iroh's services endpoint_id=9b662f09bb44edb188b2a022b4eb969d44181252866340d454e017372d38d19b
2026-10-05T20:33:15.136163Z  WARN p2panda_net::iroh_mdns::actor: found invalid transport info coming from iroh's services endpoint_id=9b662f09bb44edb188b2a022b4eb969d44181252866340d454e017372d38d19b
2026-10-05T20:33:16.168108Z  WARN p2panda_net::iroh_mdns::actor: found invalid transport info coming from iroh's services endpoint_id=9b662f09bb44edb188b2a022b4eb969d44181252866340d454e017372d38d19b
2026-10-05T20:33:16.187949Z  WARN p2panda_net::iroh_mdns::actor: found invalid transport info coming from iroh's services endpoint_id=9b662f09bb44edb188b2a022b4eb969d44181252866340d454e017372d38d19b
2026-10-05T20:33:18.081102Z  WARN p2panda_net::iroh_mdns::actor: found invalid transport info coming from iroh's services endpoint_id=9b662f09bb44edb188b2a022b4eb969d44181252866340d454e017372d38d19b
2026-10-05T20:33:18.094708Z  WARN p2panda_net::iroh_mdns::actor: found invalid transport info coming from iroh's services endpoint_id=9b662f09bb44edb188b2a022b4eb969d44181252866340d454e017372d38d19b
2026-10-05T20:33:18.943907Z  WARN p2panda_net::iroh_mdns::actor: found invalid transport info coming from iroh's services endpoint_id=9b662f09bb44edb188b2a022b4eb969d44181252866340d454e017372d38d19b
2026-10-05T20:33:20.836279Z  WARN p2panda_net::iroh_mdns::actor: found invalid transport info coming from iroh's services endpoint_id=9b662f09bb44edb188b2a022b4eb969d44181252866340d454e017372d38d19b
2026-10-05T20:33:22.661301Z  WARN p2panda_net::iroh_mdns::actor: found invalid transport info coming from iroh's services endpoint_id=9b662f09bb44edb188b2a022b4eb969d44181252866340d454e017372d38d19b
2026-10-05T20:33:23.669626Z  WARN p2panda_net::iroh_mdns::actor: found invalid transport info coming from iroh's services endpoint_id=9b662f09bb44edb188b2a022b4eb969d44181252866340d454e017372d38d19b
2026-10-05T20:33:23.707372Z  WARN p2panda_net::iroh_mdns::actor: found invalid transport info coming from iroh's services endpoint_id=9b662f09bb44edb188b2a022b4eb969d44181252866340d454e017372d38d19b
2026-10-05T20:33:25.465441Z  WARN p2panda_net::iroh_mdns::actor: found invalid transport info coming from iroh's services endpoint_id=9b662f09bb44edb188b2a022b4eb969d44181252866340d454e017372d38d19b
2026-10-05T20:33:25.480110Z  WARN p2panda_net::iroh_mdns::actor: found invalid transport info coming from iroh's services endpoint_id=9b662f09bb44edb188b2a022b4eb969d44181252866340d454e017372d38d19b
2026-10-05T20:33:27.181308Z  WARN p2panda_net::iroh_mdns::actor: found invalid transport info coming from iroh's services endpoint_id=9b662f09bb44edb188b2a022b4eb969d44181252866340d454e017372d38d19b
2026-10-05T20:33:27.195082Z  WARN p2panda_net::iroh_mdns::actor: found invalid transport info coming from iroh's services endpoint_id=9b662f09bb44edb188b2a022b4eb969d44181252866340d454e017372d38d19b
2026-10-05T20:33:28.191521Z  WARN p2panda_net::iroh_mdns::actor: found invalid transport info coming from iroh's services endpoint_id=9b662f09bb44edb188b2a022b4eb969d44181252866340d454e017372d38d19b
2026-10-05T20:33:30.038285Z  WARN p2panda_net::iroh_mdns::actor: found invalid transport info coming from iroh's services endpoint_id=9b662f09bb44edb188b2a022b4eb969d44181252866340d454e017372d38d19b
2026-10-05T20:33:30.051925Z  WARN p2panda_net::iroh_mdns::actor: found invalid transport info coming from iroh's services endpoint_id=9b662f09bb44edb188b2a022b4eb969d44181252866340d454e017372d38d19b
2026-10-05T20:33:31.750375Z  WARN p2panda_net::iroh_mdns::actor: found invalid transport info coming from iroh's services endpoint_id=9b662f09bb44edb188b2a022b4eb969d44181252866340d454e017372d38d19b
2026-10-05T20:33:31.765844Z  WARN p2panda_net::iroh_mdns::actor: found invalid transport info coming from iroh's services endpoint_id=9b662f09bb44edb188b2a022b4eb969d44181252866340d454e017372d38d19b
2026-10-05T20:33:33.450640Z  WARN p2panda_net::iroh_mdns::actor: found invalid transport info coming from iroh's services endpoint_id=9b662f09bb44edb188b2a022b4eb969d44181252866340d454e017372d38d19b
2026-10-05T20:33:34.391364Z  WARN p2panda_net::iroh_mdns::actor: found invalid transport info coming from iroh's services endpoint_id=9b662f09bb44edb188b2a022b4eb969d44181252866340d454e017372d38d19b
2026-10-05T20:33:34.460139Z  WARN p2panda_net::iroh_mdns::actor: found invalid transport info coming from iroh's services endpoint_id=9b662f09bb44edb188b2a022b4eb969d44181252866340d454e017372d38d19b
2026-10-05T20:33:35.292220Z  WARN p2panda_net::iroh_mdns::actor: found invalid transport info coming from iroh's services endpoint_id=9b662f09bb44edb188b2a022b4eb969d44181252866340d454e017372d38d19b
2026-10-05T20:33:35.307723Z  WARN p2panda_net::iroh_mdns::actor: found invalid transport info coming from iroh's services endpoint_id=9b662f09bb44edb188b2a022b4eb969d44181252866340d454e017372d38d19b
2026-10-05T20:33:36.954321Z  WARN p2panda_net::iroh_mdns::actor: found invalid transport info coming from iroh's services endpoint_id=9b662f09bb44edb188b2a022b4eb969d44181252866340d454e017372d38d19b
2026-10-05T20:33:36.969237Z  WARN p2panda_net::iroh_mdns::actor: found invalid transport info coming from iroh's services endpoint_id=9b662f09bb44edb188b2a022b4eb969d44181252866340d454e017372d38d19b
2026-10-05T20:33:38.503679Z  WARN p2panda_net::iroh_mdns::actor: found invalid transport info coming from iroh's services endpoint_id=9b662f09bb44edb188b2a022b4eb969d44181252866340d454e017372d38d19b
2026-10-05T20:33:38.516757Z  WARN p2panda_net::iroh_mdns::actor: found invalid transport info coming from iroh's services endpoint_id=9b662f09bb44edb188b2a022b4eb969d44181252866340d454e017372d38d19b
2026-10-05T20:33:40.143187Z  WARN p2panda_net::iroh_mdns::actor: found invalid transport info coming from iroh's services endpoint_id=9b662f09bb44edb188b2a022b4eb969d44181252866340d454e017372d38d19b
2026-10-05T20:33:41.829777Z  WARN p2panda_net::iroh_mdns::actor: found invalid transport info coming from iroh's services endpoint_id=9b662f09bb44edb188b2a022b4eb969d44181252866340d454e017372d38d19b
2026-10-05T20:33:41.848349Z  WARN p2panda_net::iroh_mdns::actor: found invalid transport info coming from iroh's services endpoint_id=9b662f09bb44edb188b2a022b4eb969d44181252866340d454e017372d38d19b
2026-10-05T20:33:42.755428Z  WARN p2panda_net::iroh_mdns::actor: found invalid transport info coming from iroh's services endpoint_id=9b662f09bb44edb188b2a022b4eb969d44181252866340d454e017372d38d19b
2026-10-05T20:33:42.770291Z  WARN p2panda_net::iroh_mdns::actor: found invalid transport info coming from iroh's services endpoint_id=9b662f09bb44edb188b2a022b4eb969d44181252866340d454e017372d38d19b
2026-10-05T20:33:44.363963Z  WARN p2panda_net::iroh_mdns::actor: found invalid transport info coming from iroh's services endpoint_id=9b662f09bb44edb188b2a022b4eb969d44181252866340d454e017372d38d19b
2026-10-05T20:33:45.256989Z  WARN p2panda_net::iroh_mdns::actor: found invalid transport info coming from iroh's services endpoint_id=9b662f09bb44edb188b2a022b4eb969d44181252866340d454e017372d38d19b
2026-10-05T20:33:45.270517Z  WARN p2panda_net::iroh_mdns::actor: found invalid transport info coming from iroh's services endpoint_id=9b662f09bb44edb188b2a022b4eb969d44181252866340d454e017372d38d19b
2026-10-05T20:33:46.525207Z  WARN p2panda_net::iroh_mdns::actor: found invalid transport info coming from iroh's services endpoint_id=9b662f09bb44edb188b2a022b4eb969d44181252866340d454e017372d38d19b
2026-10-05T20:33:47.488149Z  WARN p2panda_net::iroh_mdns::actor: found invalid transport info coming from iroh's services endpoint_id=9b662f09bb44edb188b2a022b4eb969d44181252866340d454e017372d38d19b
2026-10-05T20:33:48.432799Z  WARN p2panda_net::iroh_mdns::actor: found invalid transport info coming from iroh's services endpoint_id=9b662f09bb44edb188b2a022b4eb969d44181252866340d454e017372d38d19b
2026-10-05T20:33:54.088170Z  WARN p2panda_net::iroh_mdns::actor: found invalid transport info coming from iroh's services endpoint_id=9b662f09bb44edb188b2a022b4eb969d44181252866340d454e017372d38d19b
2026-10-05T20:33:54.103035Z  WARN p2panda_net::iroh_mdns::actor: found invalid transport info coming from iroh's services endpoint_id=9b662f09bb44edb188b2a022b4eb969d44181252866340d454e017372d38d19b
2026-10-05T20:33:55.777438Z  WARN p2panda_net::iroh_mdns::actor: found invalid transport info coming from iroh's services endpoint_id=9b662f09bb44edb188b2a022b4eb969d44181252866340d454e017372d38d19b
2026-10-05T20:33:57.429765Z  WARN p2panda_net::iroh_mdns::actor: found invalid transport info coming from iroh's services endpoint_id=9b662f09bb44edb188b2a022b4eb969d44181252866340d454e017372d38d19b
2026-10-05T20:33:58.271081Z  WARN p2panda_net::iroh_mdns::actor: found invalid transport info coming from iroh's services endpoint_id=9b662f09bb44edb188b2a022b4eb969d44181252866340d454e017372d38d19b
2026-10-05T20:33:58.290022Z  WARN p2panda_net::iroh_mdns::actor: found invalid transport info coming from iroh's services endpoint_id=9b662f09bb44edb188b2a022b4eb969d44181252866340d454e017372d38d19b
2026-10-05T20:33:59.245416Z  WARN p2panda_net::iroh_mdns::actor: found invalid transport info coming from iroh's services endpoint_id=9b662f09bb44edb188b2a022b4eb969d44181252866340d454e017372d38d19b
2026-10-05T20:34:00.097178Z  WARN p2panda_net::iroh_mdns::actor: found invalid transport info coming from iroh's services endpoint_id=9b662f09bb44edb188b2a022b4eb969d44181252866340d454e017372d38d19b
2026-10-05T20:34:00.112640Z  WARN p2panda_net::iroh_mdns::actor: found invalid transport info coming from iroh's services endpoint_id=9b662f09bb44edb188b2a022b4eb969d44181252866340d454e017372d38d19b
2026-10-05T20:34:01.813969Z  WARN p2panda_net::iroh_mdns::actor: found invalid transport info coming from iroh's services endpoint_id=9b662f09bb44edb188b2a022b4eb969d44181252866340d454e017372d38d19b
2026-10-05T20:34:02.841500Z  WARN p2panda_net::iroh_mdns::actor: found invalid transport info coming from iroh's services endpoint_id=9b662f09bb44edb188b2a022b4eb969d44181252866340d454e017372d38d19b
2026-10-05T20:34:02.855791Z  WARN p2panda_net::iroh_mdns::actor: found invalid transport info coming from iroh's services endpoint_id=9b662f09bb44edb188b2a022b4eb969d44181252866340d454e017372d38d19b
2026-10-05T20:34:04.669775Z  WARN p2panda_net::iroh_mdns::actor: found invalid transport info coming from iroh's services endpoint_id=9b662f09bb44edb188b2a022b4eb969d44181252866340d454e017372d38d19b
2026-10-05T20:34:04.683213Z  WARN p2panda_net::iroh_mdns::actor: found invalid transport info coming from iroh's services endpoint_id=9b662f09bb44edb188b2a022b4eb969d44181252866340d454e017372d38d19b
2026-10-05T20:34:06.273810Z  WARN p2panda_net::iroh_mdns::actor: found invalid transport info coming from iroh's services endpoint_id=9b662f09bb44edb188b2a022b4eb969d44181252866340d454e017372d38d19b
2026-10-05T20:34:07.260600Z  WARN p2panda_net::iroh_mdns::actor: found invalid transport info coming from iroh's services endpoint_id=9b662f09bb44edb188b2a022b4eb969d44181252866340d454e017372d38d19b
2026-10-05T20:34:07.279691Z  WARN p2panda_net::iroh_mdns::actor: found invalid transport info coming from iroh's services endpoint_id=9b662f09bb44edb188b2a022b4eb969d44181252866340d454e017372d38d19b
2026-10-05T20:34:08.890052Z  WARN p2panda_net::iroh_mdns::actor: found invalid transport info coming from iroh's services endpoint_id=9b662f09bb44edb188b2a022b4eb969d44181252866340d454e017372d38d19b
2026-10-05T20:34:11.060309Z  WARN p2panda_net::iroh_mdns::actor: found invalid transport info coming from iroh's services endpoint_id=9b662f09bb44edb188b2a022b4eb969d44181252866340d454e017372d38d19b
2026-10-05T20:34:12.028392Z  WARN p2panda_net::iroh_mdns::actor: found invalid transport info coming from iroh's services endpoint_id=9b662f09bb44edb188b2a022b4eb969d44181252866340d454e017372d38d19b
2026-10-05T20:34:12.041975Z  WARN p2panda_net::iroh_mdns::actor: found invalid transport info coming from iroh's services endpoint_id=9b662f09bb44edb188b2a022b4eb969d44181252866340d454e017372d38d19b
2026-10-05T20:34:13.787326Z  WARN p2panda_net::iroh_mdns::actor: found invalid transport info coming from iroh's services endpoint_id=9b662f09bb44edb188b2a022b4eb969d44181252866340d454e017372d38d19b
2026-10-05T20:34:13.800928Z  WARN p2panda_net::iroh_mdns::actor: found invalid transport info coming from iroh's services endpoint_id=9b662f09bb44edb188b2a022b4eb969d44181252866340d454e017372d38d19b
2026-10-05T20:34:15.565217Z  WARN p2panda_net::iroh_mdns::actor: found invalid transport info coming from iroh's services endpoint_id=9b662f09bb44edb188b2a022b4eb969d44181252866340d454e017372d38d19b
2026-10-05T20:34:15.578510Z  WARN p2panda_net::iroh_mdns::actor: found invalid transport info coming from iroh's services endpoint_id=9b662f09bb44edb188b2a022b4eb969d44181252866340d454e017372d38d19b
2026-10-05T20:34:17.131799Z  WARN p2panda_net::iroh_mdns::actor: found invalid transport info coming from iroh's services endpoint_id=9b662f09bb44edb188b2a022b4eb969d44181252866340d454e017372d38d19b
2026-10-05T20:34:17.145652Z  WARN p2panda_net::iroh_mdns::actor: found invalid transport info coming from iroh's services endpoint_id=9b662f09bb44edb188b2a022b4eb969d44181252866340d454e017372d38d19b
2026-10-05T20:34:18.773354Z  WARN p2panda_net::iroh_mdns::actor: found invalid transport info coming from iroh's services endpoint_id=9b662f09bb44edb188b2a022b4eb969d44181252866340d454e017372d38d19b
2026-10-05T20:34:20.560995Z  WARN p2panda_net::iroh_mdns::actor: found invalid transport info coming from iroh's services endpoint_id=9b662f09bb44edb188b2a022b4eb969d44181252866340d454e017372d38d19b
2026-10-05T20:34:21.571027Z  WARN p2panda_net::iroh_mdns::actor: found invalid transport info coming from iroh's services endpoint_id=9b662f09bb44edb188b2a022b4eb969d44181252866340d454e017372d38d19b
2026-10-05T20:34:21.585437Z  WARN p2panda_net::iroh_mdns::actor: found invalid transport info coming from iroh's services endpoint_id=9b662f09bb44edb188b2a022b4eb969d44181252866340d454e017372d38d19b
2026-10-05T20:34:22.447018Z  WARN p2panda_net::iroh_mdns::actor: found invalid transport info coming from iroh's services endpoint_id=9b662f09bb44edb188b2a022b4eb969d44181252866340d454e017372d38d19b
2026-10-05T20:34:23.585686Z  WARN p2panda_net::iroh_mdns::actor: found invalid transport info coming from iroh's services endpoint_id=9b662f09bb44edb188b2a022b4eb969d44181252866340d454e017372d38d19b
2026-10-05T20:34:24.610937Z  WARN p2panda_net::iroh_mdns::actor: found invalid transport info coming from iroh's services endpoint_id=9b662f09bb44edb188b2a022b4eb969d44181252866340d454e017372d38d19b
2026-10-05T20:34:24.624358Z  WARN p2panda_net::iroh_mdns::actor: found invalid transport info coming from iroh's services endpoint_id=9b662f09bb44edb188b2a022b4eb969d44181252866340d454e017372d38d19b
2026-10-05T20:34:28.075222Z  WARN p2panda_net::iroh_mdns::actor: found invalid transport info coming from iroh's services endpoint_id=9b662f09bb44edb188b2a022b4eb969d44181252866340d454e017372d38d19b
2026-10-05T20:34:29.007180Z  WARN p2panda_net::iroh_mdns::actor: found invalid transport info coming from iroh's services endpoint_id=9b662f09bb44edb188b2a022b4eb969d44181252866340d454e017372d38d19b
2026-10-05T20:34:29.023003Z  WARN p2panda_net::iroh_mdns::actor: found invalid transport info coming from iroh's services endpoint_id=9b662f09bb44edb188b2a022b4eb969d44181252866340d454e017372d38d19b
2026-10-05T20:34:30.758898Z  WARN p2panda_net::iroh_mdns::actor: found invalid transport info coming from iroh's services endpoint_id=9b662f09bb44edb188b2a022b4eb969d44181252866340d454e017372d38d19b
2026-10-05T20:34:30.774900Z  WARN p2panda_net::iroh_mdns::actor: found invalid transport info coming from iroh's services endpoint_id=9b662f09bb44edb188b2a022b4eb969d44181252866340d454e017372d38d19b
2026-10-05T20:34:32.521092Z  WARN p2panda_net::iroh_mdns::actor: found invalid transport info coming from iroh's services endpoint_id=9b662f09bb44edb188b2a022b4eb969d44181252866340d454e017372d38d19b
2026-10-05T20:34:32.535103Z  WARN p2panda_net::iroh_mdns::actor: found invalid transport info coming from iroh's services endpoint_id=9b662f09bb44edb188b2a022b4eb969d44181252866340d454e017372d38d19b
2026-10-05T20:34:34.138815Z  WARN p2panda_net::iroh_mdns::actor: found invalid transport info coming from iroh's services endpoint_id=9b662f09bb44edb188b2a022b4eb969d44181252866340d454e017372d38d19b
2026-10-05T20:34:34.957026Z  WARN p2panda_net::iroh_mdns::actor: found invalid transport info coming from iroh's services endpoint_id=9b662f09bb44edb188b2a022b4eb969d44181252866340d454e017372d38d19b
2026-10-05T20:34:34.983081Z  WARN p2panda_net::iroh_mdns::actor: found invalid transport info coming from iroh's services endpoint_id=9b662f09bb44edb188b2a022b4eb969d44181252866340d454e017372d38d19b
2026-10-05T20:34:36.568593Z  WARN p2panda_net::iroh_mdns::actor: found invalid transport info coming from iroh's services endpoint_id=9b662f09bb44edb188b2a022b4eb969d44181252866340d454e017372d38d19b
2026-10-05T20:34:37.499148Z  WARN p2panda_net::iroh_mdns::actor: found invalid transport info coming from iroh's services endpoint_id=9b662f09bb44edb188b2a022b4eb969d44181252866340d454e017372d38d19b
2026-10-05T20:34:39.307680Z  WARN p2panda_net::iroh_mdns::actor: found invalid transport info coming from iroh's services endpoint_id=9b662f09bb44edb188b2a022b4eb969d44181252866340d454e017372d38d19b
2026-10-05T20:34:40.945173Z  WARN p2panda_net::iroh_mdns::actor: found invalid transport info coming from iroh's services endpoint_id=9b662f09bb44edb188b2a022b4eb969d44181252866340d454e017372d38d19b
2026-10-05T20:34:41.818981Z  WARN p2panda_net::iroh_mdns::actor: found invalid transport info coming from iroh's services endpoint_id=9b662f09bb44edb188b2a022b4eb969d44181252866340d454e017372d38d19b
2026-10-05T20:34:41.833112Z  WARN p2panda_net::iroh_mdns::actor: found invalid transport info coming from iroh's services endpoint_id=9b662f09bb44edb188b2a022b4eb969d44181252866340d454e017372d38d19b
2026-10-05T20:34:43.588973Z  WARN p2panda_net::iroh_mdns::actor: found invalid transport info coming from iroh's services endpoint_id=9b662f09bb44edb188b2a022b4eb969d44181252866340d454e017372d38d19b
2026-10-05T20:34:44.505931Z  WARN p2panda_net::iroh_mdns::actor: found invalid transport info coming from iroh's services endpoint_id=9b662f09bb44edb188b2a022b4eb969d44181252866340d454e017372d38d19b
2026-10-05T20:34:46.195726Z  WARN p2panda_net::iroh_mdns::actor: found invalid transport info coming from iroh's services endpoint_id=9b662f09bb44edb188b2a022b4eb969d44181252866340d454e017372d38d19b
2026-10-05T20:34:47.148049Z  WARN p2panda_net::iroh_mdns::actor: found invalid transport info coming from iroh's services endpoint_id=9b662f09bb44edb188b2a022b4eb969d44181252866340d454e017372d38d19b
2026-10-05T20:34:47.162732Z  WARN p2panda_net::iroh_mdns::actor: found invalid transport info coming from iroh's services endpoint_id=9b662f09bb44edb188b2a022b4eb969d44181252866340d454e017372d38d19b
2026-10-05T20:34:48.808655Z  WARN p2panda_net::iroh_mdns::actor: found invalid transport info coming from iroh's services endpoint_id=9b662f09bb44edb188b2a022b4eb969d44181252866340d454e017372d38d19b
2026-10-05T20:34:49.799495Z  WARN p2panda_net::iroh_mdns::actor: found invalid transport info coming from iroh's services endpoint_id=9b662f09bb44edb188b2a022b4eb969d44181252866340d454e017372d38d19b
2026-10-05T20:34:49.814863Z  WARN p2panda_net::iroh_mdns::actor: found invalid transport info coming from iroh's services endpoint_id=9b662f09bb44edb188b2a022b4eb969d44181252866340d454e017372d38d19b
2026-10-05T20:34:51.431263Z  WARN p2panda_net::iroh_mdns::actor: found invalid transport info coming from iroh's services endpoint_id=9b662f09bb44edb188b2a022b4eb969d44181252866340d454e017372d38d19b
2026-10-05T20:34:52.475921Z  WARN p2panda_net::iroh_mdns::actor: found invalid transport info coming from iroh's services endpoint_id=9b662f09bb44edb188b2a022b4eb969d44181252866340d454e017372d38d19b
2026-10-05T20:34:52.490826Z  WARN p2panda_net::iroh_mdns::actor: found invalid transport info coming from iroh's services endpoint_id=9b662f09bb44edb188b2a022b4eb969d44181252866340d454e017372d38d19b
2026-10-05T20:34:53.357328Z  WARN p2panda_net::iroh_mdns::actor: found invalid transport info coming from iroh's services endpoint_id=9b662f09bb44edb188b2a022b4eb969d44181252866340d454e017372d38d19b
2026-10-05T20:34:54.271093Z  WARN p2panda_net::iroh_mdns::actor: found invalid transport info coming from iroh's services endpoint_id=9b662f09bb44edb188b2a022b4eb969d44181252866340d454e017372d38d19b
2026-10-05T20:34:55.244104Z  WARN p2panda_net::iroh_mdns::actor: found invalid transport info coming from iroh's services endpoint_id=9b662f09bb44edb188b2a022b4eb969d44181252866340d454e017372d38d19b
2026-10-05T20:34:55.257756Z  WARN p2panda_net::iroh_mdns::actor: found invalid transport info coming from iroh's services endpoint_id=9b662f09bb44edb188b2a022b4eb969d44181252866340d454e017372d38d19b
2026-10-05T20:34:56.151502Z  WARN p2panda_net::iroh_mdns::actor: found invalid transport info coming from iroh's services endpoint_id=9b662f09bb44edb188b2a022b4eb969d44181252866340d454e017372d38d19b
2026-10-05T20:34:57.033250Z  WARN p2panda_net::iroh_mdns::actor: found invalid transport info coming from iroh's services endpoint_id=9b662f09bb44edb188b2a022b4eb969d44181252866340d454e017372d38d19b
2026-10-05T20:34:58.030165Z  WARN p2panda_net::iroh_mdns::actor: found invalid transport info coming from iroh's services endpoint_id=9b662f09bb44edb188b2a022b4eb969d44181252866340d454e017372d38d19b
2026-10-05T20:34:58.043940Z  WARN p2panda_net::iroh_mdns::actor: found invalid transport info coming from iroh's services endpoint_id=9b662f09bb44edb188b2a022b4eb969d44181252866340d454e017372d38d19b
2026-10-05T20:34:59.658519Z  WARN p2panda_net::iroh_mdns::actor: found invalid transport info coming from iroh's services endpoint_id=9b662f09bb44edb188b2a022b4eb969d44181252866340d454e017372d38d19b
2026-10-05T20:35:01.485630Z  WARN p2panda_net::iroh_mdns::actor: found invalid transport info coming from iroh's services endpoint_id=9b662f09bb44edb188b2a022b4eb969d44181252866340d454e017372d38d19b
2026-10-05T20:35:02.488292Z  WARN p2panda_net::iroh_mdns::actor: found invalid transport info coming from iroh's services endpoint_id=9b662f09bb44edb188b2a022b4eb969d44181252866340d454e017372d38d19b
2026-10-05T20:35:02.503892Z  WARN p2panda_net::iroh_mdns::actor: found invalid transport info coming from iroh's services endpoint_id=9b662f09bb44edb188b2a022b4eb969d44181252866340d454e017372d38d19b
2026-10-05T20:35:03.404620Z  WARN p2panda_net::iroh_mdns::actor: found invalid transport info coming from iroh's services endpoint_id=9b662f09bb44edb188b2a022b4eb969d44181252866340d454e017372d38d19b
2026-10-05T20:35:03.471041Z  WARN p2panda_net::iroh_mdns::actor: found invalid transport info coming from iroh's services endpoint_id=9b662f09bb44edb188b2a022b4eb969d44181252866340d454e017372d38d19b
2026-10-05T20:35:04.256064Z  WARN p2panda_net::iroh_mdns::actor: found invalid transport info coming from iroh's services endpoint_id=9b662f09bb44edb188b2a022b4eb969d44181252866340d454e017372d38d19b
2026-10-05T20:35:05.947057Z  WARN p2panda_net::iroh_mdns::actor: found invalid transport info coming from iroh's services endpoint_id=9b662f09bb44edb188b2a022b4eb969d44181252866340d454e017372d38d19b
2026-10-05T20:35:07.631377Z  WARN p2panda_net::iroh_mdns::actor: found invalid transport info coming from iroh's services endpoint_id=9b662f09bb44edb188b2a022b4eb969d44181252866340d454e017372d38d19b
2026-10-05T20:35:07.645279Z  WARN p2panda_net::iroh_mdns::actor: found invalid transport info coming from iroh's services endpoint_id=9b662f09bb44edb188b2a022b4eb969d44181252866340d454e017372d38d19b
2026-10-05T20:35:09.129708Z  WARN p2panda_net::iroh_mdns::actor: found invalid transport info coming from iroh's services endpoint_id=9b662f09bb44edb188b2a022b4eb969d44181252866340d454e017372d38d19b
2026-10-05T20:35:09.144236Z  WARN p2panda_net::iroh_mdns::actor: found invalid transport info coming from iroh's services endpoint_id=9b662f09bb44edb188b2a022b4eb969d44181252866340d454e017372d38d19b
2026-10-05T20:35:10.740144Z  WARN p2panda_net::iroh_mdns::actor: found invalid transport info coming from iroh's services endpoint_id=9b662f09bb44edb188b2a022b4eb969d44181252866340d454e017372d38d19b
2026-10-05T20:35:12.424956Z  WARN p2panda_net::iroh_mdns::actor: found invalid transport info coming from iroh's services endpoint_id=9b662f09bb44edb188b2a022b4eb969d44181252866340d454e017372d38d19b
2026-10-05T20:35:13.370127Z  WARN p2panda_net::iroh_mdns::actor: found invalid transport info coming from iroh's services endpoint_id=9b662f09bb44edb188b2a022b4eb969d44181252866340d454e017372d38d19b
2026-10-05T20:35:13.383059Z  WARN p2panda_net::iroh_mdns::actor: found invalid transport info coming from iroh's services endpoint_id=9b662f09bb44edb188b2a022b4eb969d44181252866340d454e017372d38d19b
2026-10-05T20:35:15.067837Z  WARN p2panda_net::iroh_mdns::actor: found invalid transport info coming from iroh's services endpoint_id=9b662f09bb44edb188b2a022b4eb969d44181252866340d454e017372d38d19b
2026-10-05T20:35:15.080716Z  WARN p2panda_net::iroh_mdns::actor: found invalid transport info coming from iroh's services endpoint_id=9b662f09bb44edb188b2a022b4eb969d44181252866340d454e017372d38d19b
2026-10-05T20:35:16.631721Z  WARN p2panda_net::iroh_mdns::actor: found invalid transport info coming from iroh's services endpoint_id=9b662f09bb44edb188b2a022b4eb969d44181252866340d454e017372d38d19b
2026-10-05T20:35:18.357373Z  WARN p2panda_net::iroh_mdns::actor: found invalid transport info coming from iroh's services endpoint_id=9b662f09bb44edb188b2a022b4eb969d44181252866340d454e017372d38d19b
2026-10-05T20:35:20.018512Z  WARN p2panda_net::iroh_mdns::actor: found invalid transport info coming from iroh's services endpoint_id=9b662f09bb44edb188b2a022b4eb969d44181252866340d454e017372d38d19b
2026-10-05T20:35:21.806954Z  WARN p2panda_net::iroh_mdns::actor: found invalid transport info coming from iroh's services endpoint_id=9b662f09bb44edb188b2a022b4eb969d44181252866340d454e017372d38d19b
2026-10-05T20:35:21.821596Z  WARN p2panda_net::iroh_mdns::actor: found invalid transport info coming from iroh's services endpoint_id=9b662f09bb44edb188b2a022b4eb969d44181252866340d454e017372d38d19b
2026-10-05T20:35:23.473827Z  WARN p2panda_net::iroh_mdns::actor: found invalid transport info coming from iroh's services endpoint_id=9b662f09bb44edb188b2a022b4eb969d44181252866340d454e017372d38d19b
2026-10-05T20:35:24.348889Z  WARN p2panda_net::iroh_mdns::actor: found invalid transport info coming from iroh's services endpoint_id=9b662f09bb44edb188b2a022b4eb969d44181252866340d454e017372d38d19b
2026-10-05T20:35:24.363495Z  WARN p2panda_net::iroh_mdns::actor: found invalid transport info coming from iroh's services endpoint_id=9b662f09bb44edb188b2a022b4eb969d44181252866340d454e017372d38d19b
2026-10-05T20:35:25.945228Z  WARN p2panda_net::iroh_mdns::actor: found invalid transport info coming from iroh's services endpoint_id=9b662f09bb44edb188b2a022b4eb969d44181252866340d454e017372d38d19b
2026-10-05T20:35:25.958160Z  WARN p2panda_net::iroh_mdns::actor: found invalid transport info coming from iroh's services endpoint_id=9b662f09bb44edb188b2a022b4eb969d44181252866340d454e017372d38d19b
2026-10-05T20:35:27.529419Z  WARN p2panda_net::iroh_mdns::actor: found invalid transport info coming from iroh's services endpoint_id=9b662f09bb44edb188b2a022b4eb969d44181252866340d454e017372d38d19b
2026-10-05T20:35:28.472895Z  WARN p2panda_net::iroh_mdns::actor: found invalid transport info coming from iroh's services endpoint_id=9b662f09bb44edb188b2a022b4eb969d44181252866340d454e017372d38d19b
2026-10-05T20:35:29.324197Z  WARN p2panda_net::iroh_mdns::actor: found invalid transport info coming from iroh's services endpoint_id=9b662f09bb44edb188b2a022b4eb969d44181252866340d454e017372d38d19b
2026-10-05T20:35:31.041595Z  WARN p2panda_net::iroh_mdns::actor: found invalid transport info coming from iroh's services endpoint_id=9b662f09bb44edb188b2a022b4eb969d44181252866340d454e017372d38d19b
2026-10-05T20:35:31.971034Z  WARN p2panda_net::iroh_mdns::actor: found invalid transport info coming from iroh's services endpoint_id=9b662f09bb44edb188b2a022b4eb969d44181252866340d454e017372d38d19b
2026-10-05T20:35:31.983270Z  WARN p2panda_net::iroh_mdns::actor: found invalid transport info coming from iroh's services endpoint_id=9b662f09bb44edb188b2a022b4eb969d44181252866340d454e017372d38d19b
2026-10-05T20:35:33.630156Z  WARN p2panda_net::iroh_mdns::actor: found invalid transport info coming from iroh's services endpoint_id=9b662f09bb44edb188b2a022b4eb969d44181252866340d454e017372d38d19b
2026-10-05T20:35:34.584568Z  WARN p2panda_net::iroh_mdns::actor: found invalid transport info coming from iroh's services endpoint_id=9b662f09bb44edb188b2a022b4eb969d44181252866340d454e017372d38d19b
2026-10-05T20:35:34.599496Z  WARN p2panda_net::iroh_mdns::actor: found invalid transport info coming from iroh's services endpoint_id=9b662f09bb44edb188b2a022b4eb969d44181252866340d454e017372d38d19b
2026-10-05T20:35:36.254170Z  WARN p2panda_net::iroh_mdns::actor: found invalid transport info coming from iroh's services endpoint_id=9b662f09bb44edb188b2a022b4eb969d44181252866340d454e017372d38d19b
2026-10-05T20:35:37.989609Z  WARN p2panda_net::iroh_mdns::actor: found invalid transport info coming from iroh's services endpoint_id=9b662f09bb44edb188b2a022b4eb969d44181252866340d454e017372d38d19b
2026-10-05T20:35:38.004022Z  WARN p2panda_net::iroh_mdns::actor: found invalid transport info coming from iroh's services endpoint_id=9b662f09bb44edb188b2a022b4eb969d44181252866340d454e017372d38d19b
2026-10-05T20:35:40.448846Z  WARN p2panda_net::iroh_mdns::actor: found invalid transport info coming from iroh's services endpoint_id=9b662f09bb44edb188b2a022b4eb969d44181252866340d454e017372d38d19b
2026-10-05T20:35:41.303980Z  WARN p2panda_net::iroh_mdns::actor: found invalid transport info coming from iroh's services endpoint_id=9b662f09bb44edb188b2a022b4eb969d44181252866340d454e017372d38d19b
2026-10-05T20:35:41.317130Z  WARN p2panda_net::iroh_mdns::actor: found invalid transport info coming from iroh's services endpoint_id=9b662f09bb44edb188b2a022b4eb969d44181252866340d454e017372d38d19b
2026-10-05T20:35:42.976134Z  WARN p2panda_net::iroh_mdns::actor: found invalid transport info coming from iroh's services endpoint_id=9b662f09bb44edb188b2a022b4eb969d44181252866340d454e017372d38d19b
2026-10-05T20:35:42.989430Z  WARN p2panda_net::iroh_mdns::actor: found invalid transport info coming from iroh's services endpoint_id=9b662f09bb44edb188b2a022b4eb969d44181252866340d454e017372d38d19b
2026-10-05T20:35:44.571538Z  WARN p2panda_net::iroh_mdns::actor: found invalid transport info coming from iroh's services endpoint_id=9b662f09bb44edb188b2a022b4eb969d44181252866340d454e017372d38d19b
2026-10-05T20:35:46.355188Z  WARN p2panda_net::iroh_mdns::actor: found invalid transport info coming from iroh's services endpoint_id=9b662f09bb44edb188b2a022b4eb969d44181252866340d454e017372d38d19b
2026-10-05T20:35:47.342540Z  WARN p2panda_net::iroh_mdns::actor: found invalid transport info coming from iroh's services endpoint_id=9b662f09bb44edb188b2a022b4eb969d44181252866340d454e017372d38d19b
2026-10-05T20:35:47.425707Z  WARN p2panda_net::iroh_mdns::actor: found invalid transport info coming from iroh's services endpoint_id=9b662f09bb44edb188b2a022b4eb969d44181252866340d454e017372d38d19b
2026-10-05T20:35:48.329413Z  WARN p2panda_net::iroh_mdns::actor: found invalid transport info coming from iroh's services endpoint_id=9b662f09bb44edb188b2a022b4eb969d44181252866340d454e017372d38d19b
2026-10-05T20:35:48.342577Z  WARN p2panda_net::iroh_mdns::actor: found invalid transport info coming from iroh's services endpoint_id=9b662f09bb44edb188b2a022b4eb969d44181252866340d454e017372d38d19b
2026-10-05T20:35:49.869786Z  WARN p2panda_net::iroh_mdns::actor: found invalid transport info coming from iroh's services endpoint_id=9b662f09bb44edb188b2a022b4eb969d44181252866340d454e017372d38d19b
2026-10-05T20:35:50.734557Z  WARN p2panda_net::iroh_mdns::actor: found invalid transport info coming from iroh's services endpoint_id=9b662f09bb44edb188b2a022b4eb969d44181252866340d454e017372d38d19b
2026-10-05T20:35:50.747312Z  WARN p2panda_net::iroh_mdns::actor: found invalid transport info coming from iroh's services endpoint_id=9b662f09bb44edb188b2a022b4eb969d44181252866340d454e017372d38d19b
2026-10-05T20:35:52.313201Z  WARN p2panda_net::iroh_mdns::actor: found invalid transport info coming from iroh's services endpoint_id=9b662f09bb44edb188b2a022b4eb969d44181252866340d454e017372d38d19b
2026-10-05T20:35:53.303634Z  WARN p2panda_net::iroh_mdns::actor: found invalid transport info coming from iroh's services endpoint_id=9b662f09bb44edb188b2a022b4eb969d44181252866340d454e017372d38d19b
2026-10-05T20:35:53.317188Z  WARN p2panda_net::iroh_mdns::actor: found invalid transport info coming from iroh's services endpoint_id=9b662f09bb44edb188b2a022b4eb969d44181252866340d454e017372d38d19b
2026-10-05T20:35:55.267640Z  WARN p2panda_net::iroh_mdns::actor: found invalid transport info coming from iroh's services endpoint_id=9b662f09bb44edb188b2a022b4eb969d44181252866340d454e017372d38d19b
2026-10-05T20:35:58.588597Z  WARN p2panda_net::iroh_mdns::actor: found invalid transport info coming from iroh's services endpoint_id=9b662f09bb44edb188b2a022b4eb969d44181252866340d454e017372d38d19b
2026-10-05T20:36:07.905482Z  WARN p2panda_net::iroh_mdns::actor: found invalid transport info coming from iroh's services endpoint_id=9b662f09bb44edb188b2a022b4eb969d44181252866340d454e017372d38d19b
2026-10-05T20:36:08.212534Z  WARN p2panda_net::iroh_mdns::actor: found invalid transport info coming from iroh's services endpoint_id=9b662f09bb44edb188b2a022b4eb969d44181252866340d454e017372d38d19b
2026-10-05T20:36:10.138308Z  WARN p2panda_net::iroh_mdns::actor: found invalid transport info coming from iroh's services endpoint_id=9b662f09bb44edb188b2a022b4eb969d44181252866340d454e017372d38d19b
2026-10-05T20:36:11.133468Z  WARN p2panda_net::iroh_mdns::actor: found invalid transport info coming from iroh's services endpoint_id=9b662f09bb44edb188b2a022b4eb969d44181252866340d454e017372d38d19b
2026-10-05T20:36:12.869393Z  WARN p2panda_net::iroh_mdns::actor: found invalid transport info coming from iroh's services endpoint_id=9b662f09bb44edb188b2a022b4eb969d44181252866340d454e017372d38d19b
2026-10-05T20:36:13.907113Z  WARN p2panda_net::iroh_mdns::actor: found invalid transport info coming from iroh's services endpoint_id=9b662f09bb44edb188b2a022b4eb969d44181252866340d454e017372d38d19b
2026-10-05T20:36:13.921920Z  WARN p2panda_net::iroh_mdns::actor: found invalid transport info coming from iroh's services endpoint_id=9b662f09bb44edb188b2a022b4eb969d44181252866340d454e017372d38d19b
2026-10-05T20:36:14.768995Z  WARN p2panda_net::iroh_mdns::actor: found invalid transport info coming from iroh's services endpoint_id=9b662f09bb44edb188b2a022b4eb969d44181252866340d454e017372d38d19b
2026-10-05T20:36:14.782176Z  WARN p2panda_net::iroh_mdns::actor: found invalid transport info coming from iroh's services endpoint_id=9b662f09bb44edb188b2a022b4eb969d44181252866340d454e017372d38d19b
2026-10-05T20:36:16.681402Z  WARN p2panda_net::iroh_mdns::actor: found invalid transport info coming from iroh's services endpoint_id=9b662f09bb44edb188b2a022b4eb969d44181252866340d454e017372d38d19b
2026-10-05T20:36:16.705031Z  WARN p2panda_net::iroh_mdns::actor: found invalid transport info coming from iroh's services endpoint_id=9b662f09bb44edb188b2a022b4eb969d44181252866340d454e017372d38d19b
2026-10-05T20:36:18.430237Z  WARN p2panda_net::iroh_mdns::actor: found invalid transport info coming from iroh's services endpoint_id=9b662f09bb44edb188b2a022b4eb969d44181252866340d454e017372d38d19b
2026-10-05T20:36:19.383411Z  WARN p2panda_net::iroh_mdns::actor: found invalid transport info coming from iroh's services endpoint_id=9b662f09bb44edb188b2a022b4eb969d44181252866340d454e017372d38d19b
2026-10-05T20:36:19.396309Z  WARN p2panda_net::iroh_mdns::actor: found invalid transport info coming from iroh's services endpoint_id=9b662f09bb44edb188b2a022b4eb969d44181252866340d454e017372d38d19b
2026-10-05T20:36:21.268147Z  WARN p2panda_net::iroh_mdns::actor: found invalid transport info coming from iroh's services endpoint_id=9b662f09bb44edb188b2a022b4eb969d44181252866340d454e017372d38d19b
2026-10-05T20:36:22.985703Z  WARN p2panda_net::iroh_mdns::actor: found invalid transport info coming from iroh's services endpoint_id=9b662f09bb44edb188b2a022b4eb969d44181252866340d454e017372d38d19b
2026-10-05T20:36:22.998969Z  WARN p2panda_net::iroh_mdns::actor: found invalid transport info coming from iroh's services endpoint_id=9b662f09bb44edb188b2a022b4eb969d44181252866340d454e017372d38d19b
2026-10-05T20:36:24.641231Z  WARN p2panda_net::iroh_mdns::actor: found invalid transport info coming from iroh's services endpoint_id=9b662f09bb44edb188b2a022b4eb969d44181252866340d454e017372d38d19b
2026-10-05T20:36:24.652635Z  WARN p2panda_net::iroh_mdns::actor: found invalid transport info coming from iroh's services endpoint_id=9b662f09bb44edb188b2a022b4eb969d44181252866340d454e017372d38d19b
2026-10-05T20:36:26.254335Z  WARN p2panda_net::iroh_mdns::actor: found invalid transport info coming from iroh's services endpoint_id=9b662f09bb44edb188b2a022b4eb969d44181252866340d454e017372d38d19b
2026-10-05T20:36:26.266368Z  WARN p2panda_net::iroh_mdns::actor: found invalid transport info coming from iroh's services endpoint_id=9b662f09bb44edb188b2a022b4eb969d44181252866340d454e017372d38d19b
2026-10-05T20:36:27.893513Z  WARN p2panda_net::iroh_mdns::actor: found invalid transport info coming from iroh's services endpoint_id=9b662f09bb44edb188b2a022b4eb969d44181252866340d454e017372d38d19b
2026-10-05T20:36:27.907280Z  WARN p2panda_net::iroh_mdns::actor: found invalid transport info coming from iroh's services endpoint_id=9b662f09bb44edb188b2a022b4eb969d44181252866340d454e017372d38d19b
2026-10-05T20:36:29.430884Z  WARN p2panda_net::iroh_mdns::actor: found invalid transport info coming from iroh's services endpoint_id=9b662f09bb44edb188b2a022b4eb969d44181252866340d454e017372d38d19b
2026-10-05T20:36:31.201205Z  WARN p2panda_net::iroh_mdns::actor: found invalid transport info coming from iroh's services endpoint_id=9b662f09bb44edb188b2a022b4eb969d44181252866340d454e017372d38d19b
2026-10-05T20:36:32.844385Z  WARN p2panda_net::iroh_mdns::actor: found invalid transport info coming from iroh's services endpoint_id=9b662f09bb44edb188b2a022b4eb969d44181252866340d454e017372d38d19b
2026-10-05T20:36:33.699241Z  WARN p2panda_net::iroh_mdns::actor: found invalid transport info coming from iroh's services endpoint_id=9b662f09bb44edb188b2a022b4eb969d44181252866340d454e017372d38d19b
2026-10-05T20:36:33.711161Z  WARN p2panda_net::iroh_mdns::actor: found invalid transport info coming from iroh's services endpoint_id=9b662f09bb44edb188b2a022b4eb969d44181252866340d454e017372d38d19b
2026-10-05T20:36:35.333379Z  WARN p2panda_net::iroh_mdns::actor: found invalid transport info coming from iroh's services endpoint_id=9b662f09bb44edb188b2a022b4eb969d44181252866340d454e017372d38d19b
2026-10-05T20:36:36.238390Z  WARN p2panda_net::iroh_mdns::actor: found invalid transport info coming from iroh's services endpoint_id=9b662f09bb44edb188b2a022b4eb969d44181252866340d454e017372d38d19b
2026-10-05T20:36:36.250224Z  WARN p2panda_net::iroh_mdns::actor: found invalid transport info coming from iroh's services endpoint_id=9b662f09bb44edb188b2a022b4eb969d44181252866340d454e017372d38d19b
2026-10-05T20:36:37.897705Z  WARN p2panda_net::iroh_mdns::actor: found invalid transport info coming from iroh's services endpoint_id=9b662f09bb44edb188b2a022b4eb969d44181252866340d454e017372d38d19b
2026-10-05T20:36:37.909133Z  WARN p2panda_net::iroh_mdns::actor: found invalid transport info coming from iroh's services endpoint_id=9b662f09bb44edb188b2a022b4eb969d44181252866340d454e017372d38d19b
2026-10-05T20:36:39.517886Z  WARN p2panda_net::iroh_mdns::actor: found invalid transport info coming from iroh's services endpoint_id=9b662f09bb44edb188b2a022b4eb969d44181252866340d454e017372d38d19b
2026-10-05T20:36:40.421240Z  WARN p2panda_net::iroh_mdns::actor: found invalid transport info coming from iroh's services endpoint_id=9b662f09bb44edb188b2a022b4eb969d44181252866340d454e017372d38d19b
2026-10-05T20:36:40.434931Z  WARN p2panda_net::iroh_mdns::actor: found invalid transport info coming from iroh's services endpoint_id=9b662f09bb44edb188b2a022b4eb969d44181252866340d454e017372d38d19b
2026-10-05T20:36:41.305300Z  WARN p2panda_net::iroh_mdns::actor: found invalid transport info coming from iroh's services endpoint_id=9b662f09bb44edb188b2a022b4eb969d44181252866340d454e017372d38d19b
2026-10-05T20:36:42.268048Z  WARN p2panda_net::iroh_mdns::actor: found invalid transport info coming from iroh's services endpoint_id=9b662f09bb44edb188b2a022b4eb969d44181252866340d454e017372d38d19b
2026-10-05T20:36:43.171607Z  WARN p2panda_net::iroh_mdns::actor: found invalid transport info coming from iroh's services endpoint_id=9b662f09bb44edb188b2a022b4eb969d44181252866340d454e017372d38d19b
2026-10-05T20:36:44.036891Z  WARN p2panda_net::iroh_mdns::actor: found invalid transport info coming from iroh's services endpoint_id=9b662f09bb44edb188b2a022b4eb969d44181252866340d454e017372d38d19b
2026-10-05T20:36:45.691306Z  WARN p2panda_net::iroh_mdns::actor: found invalid transport info coming from iroh's services endpoint_id=9b662f09bb44edb188b2a022b4eb969d44181252866340d454e017372d38d19b
2026-10-05T20:36:45.702177Z  WARN p2panda_net::iroh_mdns::actor: found invalid transport info coming from iroh's services endpoint_id=9b662f09bb44edb188b2a022b4eb969d44181252866340d454e017372d38d19b
2026-10-05T20:36:47.316840Z  WARN p2panda_net::iroh_mdns::actor: found invalid transport info coming from iroh's services endpoint_id=9b662f09bb44edb188b2a022b4eb969d44181252866340d454e017372d38d19b
2026-10-05T20:36:47.329433Z  WARN p2panda_net::iroh_mdns::actor: found invalid transport info coming from iroh's services endpoint_id=9b662f09bb44edb188b2a022b4eb969d44181252866340d454e017372d38d19b
2026-10-05T20:36:48.935785Z  WARN p2panda_net::iroh_mdns::actor: found invalid transport info coming from iroh's services endpoint_id=9b662f09bb44edb188b2a022b4eb969d44181252866340d454e017372d38d19b
2026-10-05T20:36:50.601472Z  WARN p2panda_net::iroh_mdns::actor: found invalid transport info coming from iroh's services endpoint_id=9b662f09bb44edb188b2a022b4eb969d44181252866340d454e017372d38d19b
2026-10-05T20:36:51.563427Z  WARN p2panda_net::iroh_mdns::actor: found invalid transport info coming from iroh's services endpoint_id=9b662f09bb44edb188b2a022b4eb969d44181252866340d454e017372d38d19b
2026-10-05T20:36:51.574501Z  WARN p2panda_net::iroh_mdns::actor: found invalid transport info coming from iroh's services endpoint_id=9b662f09bb44edb188b2a022b4eb969d44181252866340d454e017372d38d19b
2026-10-05T20:36:53.127476Z  WARN p2panda_net::iroh_mdns::actor: found invalid transport info coming from iroh's services endpoint_id=9b662f09bb44edb188b2a022b4eb969d44181252866340d454e017372d38d19b
2026-10-05T20:36:54.014971Z  WARN p2panda_net::iroh_mdns::actor: found invalid transport info coming from iroh's services endpoint_id=9b662f09bb44edb188b2a022b4eb969d44181252866340d454e017372d38d19b
2026-10-05T20:36:54.028780Z  WARN p2panda_net::iroh_mdns::actor: found invalid transport info coming from iroh's services endpoint_id=9b662f09bb44edb188b2a022b4eb969d44181252866340d454e017372d38d19b
2026-10-05T20:36:54.894499Z  WARN p2panda_net::iroh_mdns::actor: found invalid transport info coming from iroh's services endpoint_id=9b662f09bb44edb188b2a022b4eb969d44181252866340d454e017372d38d19b
2026-10-05T20:36:54.907567Z  WARN p2panda_net::iroh_mdns::actor: found invalid transport info coming from iroh's services endpoint_id=9b662f09bb44edb188b2a022b4eb969d44181252866340d454e017372d38d19b
2026-10-05T20:36:56.557730Z  WARN p2panda_net::iroh_mdns::actor: found invalid transport info coming from iroh's services endpoint_id=9b662f09bb44edb188b2a022b4eb969d44181252866340d454e017372d38d19b
2026-10-05T20:36:56.569013Z  WARN p2panda_net::iroh_mdns::actor: found invalid transport info coming from iroh's services endpoint_id=9b662f09bb44edb188b2a022b4eb969d44181252866340d454e017372d38d19b
2026-10-05T20:36:58.181930Z  WARN p2panda_net::iroh_mdns::actor: found invalid transport info coming from iroh's services endpoint_id=9b662f09bb44edb188b2a022b4eb969d44181252866340d454e017372d38d19b
2026-10-05T20:36:58.193596Z  WARN p2panda_net::iroh_mdns::actor: found invalid transport info coming from iroh's services endpoint_id=9b662f09bb44edb188b2a022b4eb969d44181252866340d454e017372d38d19b
2026-10-05T20:36:59.807501Z  WARN p2panda_net::iroh_mdns::actor: found invalid transport info coming from iroh's services endpoint_id=9b662f09bb44edb188b2a022b4eb969d44181252866340d454e017372d38d19b
2026-10-05T20:37:01.534559Z  WARN p2panda_net::iroh_mdns::actor: found invalid transport info coming from iroh's services endpoint_id=9b662f09bb44edb188b2a022b4eb969d44181252866340d454e017372d38d19b
2026-10-05T20:37:01.547565Z  WARN p2panda_net::iroh_mdns::actor: found invalid transport info coming from iroh's services endpoint_id=9b662f09bb44edb188b2a022b4eb969d44181252866340d454e017372d38d19b
2026-10-05T20:37:03.075139Z  WARN p2panda_net::iroh_mdns::actor: found invalid transport info coming from iroh's services endpoint_id=9b662f09bb44edb188b2a022b4eb969d44181252866340d454e017372d38d19b
2026-10-05T20:37:03.088419Z  WARN p2panda_net::iroh_mdns::actor: found invalid transport info coming from iroh's services endpoint_id=9b662f09bb44edb188b2a022b4eb969d44181252866340d454e017372d38d19b
2026-10-05T20:37:04.821141Z  WARN p2panda_net::iroh_mdns::actor: found invalid transport info coming from iroh's services endpoint_id=9b662f09bb44edb188b2a022b4eb969d44181252866340d454e017372d38d19b
2026-10-05T20:37:04.833214Z  WARN p2panda_net::iroh_mdns::actor: found invalid transport info coming from iroh's services endpoint_id=9b662f09bb44edb188b2a022b4eb969d44181252866340d454e017372d38d19b
2026-10-05T20:37:06.422049Z  WARN p2panda_net::iroh_mdns::actor: found invalid transport info coming from iroh's services endpoint_id=9b662f09bb44edb188b2a022b4eb969d44181252866340d454e017372d38d19b
2026-10-05T20:37:07.398284Z  WARN p2panda_net::iroh_mdns::actor: found invalid transport info coming from iroh's services endpoint_id=9b662f09bb44edb188b2a022b4eb969d44181252866340d454e017372d38d19b
2026-10-05T20:37:07.411108Z  WARN p2panda_net::iroh_mdns::actor: found invalid transport info coming from iroh's services endpoint_id=9b662f09bb44edb188b2a022b4eb969d44181252866340d454e017372d38d19b
2026-10-05T20:37:08.232187Z  WARN p2panda_net::iroh_mdns::actor: found invalid transport info coming from iroh's services endpoint_id=9b662f09bb44edb188b2a022b4eb969d44181252866340d454e017372d38d19b
2026-10-05T20:37:08.245711Z  WARN p2panda_net::iroh_mdns::actor: found invalid transport info coming from iroh's services endpoint_id=9b662f09bb44edb188b2a022b4eb969d44181252866340d454e017372d38d19b
2026-10-05T20:37:09.783590Z  WARN p2panda_net::iroh_mdns::actor: found invalid transport info coming from iroh's services endpoint_id=9b662f09bb44edb188b2a022b4eb969d44181252866340d454e017372d38d19b
2026-10-05T20:37:09.795213Z  WARN p2panda_net::iroh_mdns::actor: found invalid transport info coming from iroh's services endpoint_id=9b662f09bb44edb188b2a022b4eb969d44181252866340d454e017372d38d19b
2026-10-05T20:37:11.459591Z  WARN p2panda_net::iroh_mdns::actor: found invalid transport info coming from iroh's services endpoint_id=9b662f09bb44edb188b2a022b4eb969d44181252866340d454e017372d38d19b
2026-10-05T20:37:13.115517Z  WARN p2panda_net::iroh_mdns::actor: found invalid transport info coming from iroh's services endpoint_id=9b662f09bb44edb188b2a022b4eb969d44181252866340d454e017372d38d19b
2026-10-05T20:37:14.030712Z  WARN p2panda_net::iroh_mdns::actor: found invalid transport info coming from iroh's services endpoint_id=9b662f09bb44edb188b2a022b4eb969d44181252866340d454e017372d38d19b
2026-10-05T20:37:14.043061Z  WARN p2panda_net::iroh_mdns::actor: found invalid transport info coming from iroh's services endpoint_id=9b662f09bb44edb188b2a022b4eb969d44181252866340d454e017372d38d19b
2026-10-05T20:37:15.673217Z  WARN p2panda_net::iroh_mdns::actor: found invalid transport info coming from iroh's services endpoint_id=9b662f09bb44edb188b2a022b4eb969d44181252866340d454e017372d38d19b
2026-10-05T20:37:16.535099Z  WARN p2panda_net::iroh_mdns::actor: found invalid transport info coming from iroh's services endpoint_id=9b662f09bb44edb188b2a022b4eb969d44181252866340d454e017372d38d19b
2026-10-05T20:37:16.546980Z  WARN p2panda_net::iroh_mdns::actor: found invalid transport info coming from iroh's services endpoint_id=9b662f09bb44edb188b2a022b4eb969d44181252866340d454e017372d38d19b
2026-10-05T20:37:18.102620Z  WARN p2panda_net::iroh_mdns::actor: found invalid transport info coming from iroh's services endpoint_id=9b662f09bb44edb188b2a022b4eb969d44181252866340d454e017372d38d19b
2026-10-05T20:37:18.113190Z  WARN p2panda_net::iroh_mdns::actor: found invalid transport info coming from iroh's services endpoint_id=9b662f09bb44edb188b2a022b4eb969d44181252866340d454e017372d38d19b
2026-10-05T20:37:19.836416Z  WARN p2panda_net::iroh_mdns::actor: found invalid transport info coming from iroh's services endpoint_id=9b662f09bb44edb188b2a022b4eb969d44181252866340d454e017372d38d19b
2026-10-05T20:37:20.805965Z  WARN p2panda_net::iroh_mdns::actor: found invalid transport info coming from iroh's services endpoint_id=9b662f09bb44edb188b2a022b4eb969d44181252866340d454e017372d38d19b
2026-10-05T20:37:20.816972Z  WARN p2panda_net::iroh_mdns::actor: found invalid transport info coming from iroh's services endpoint_id=9b662f09bb44edb188b2a022b4eb969d44181252866340d454e017372d38d19b
2026-10-05T20:37:22.435227Z  WARN p2panda_net::iroh_mdns::actor: found invalid transport info coming from iroh's services endpoint_id=9b662f09bb44edb188b2a022b4eb969d44181252866340d454e017372d38d19b
2026-10-05T20:37:22.446367Z  WARN p2panda_net::iroh_mdns::actor: found invalid transport info coming from iroh's services endpoint_id=9b662f09bb44edb188b2a022b4eb969d44181252866340d454e017372d38d19b
2026-10-05T20:37:24.054749Z  WARN p2panda_net::iroh_mdns::actor: found invalid transport info coming from iroh's services endpoint_id=9b662f09bb44edb188b2a022b4eb969d44181252866340d454e017372d38d19b
2026-10-05T20:37:24.065933Z  WARN p2panda_net::iroh_mdns::actor: found invalid transport info coming from iroh's services endpoint_id=9b662f09bb44edb188b2a022b4eb969d44181252866340d454e017372d38d19b
2026-10-05T20:37:25.668052Z  WARN p2panda_net::iroh_mdns::actor: found invalid transport info coming from iroh's services endpoint_id=9b662f09bb44edb188b2a022b4eb969d44181252866340d454e017372d38d19b
2026-10-05T20:37:26.492791Z  WARN p2panda_net::iroh_mdns::actor: found invalid transport info coming from iroh's services endpoint_id=9b662f09bb44edb188b2a022b4eb969d44181252866340d454e017372d38d19b
2026-10-05T20:37:26.504276Z  WARN p2panda_net::iroh_mdns::actor: found invalid transport info coming from iroh's services endpoint_id=9b662f09bb44edb188b2a022b4eb969d44181252866340d454e017372d38d19b
2026-10-05T20:37:28.060502Z  WARN p2panda_net::iroh_mdns::actor: found invalid transport info coming from iroh's services endpoint_id=9b662f09bb44edb188b2a022b4eb969d44181252866340d454e017372d38d19b
2026-10-05T20:37:29.802562Z  WARN p2panda_net::iroh_mdns::actor: found invalid transport info coming from iroh's services endpoint_id=9b662f09bb44edb188b2a022b4eb969d44181252866340d454e017372d38d19b
2026-10-05T20:37:30.746865Z  WARN p2panda_net::iroh_mdns::actor: found invalid transport info coming from iroh's services endpoint_id=9b662f09bb44edb188b2a022b4eb969d44181252866340d454e017372d38d19b
2026-10-05T20:37:30.757811Z  WARN p2panda_net::iroh_mdns::actor: found invalid transport info coming from iroh's services endpoint_id=9b662f09bb44edb188b2a022b4eb969d44181252866340d454e017372d38d19b
2026-10-05T20:37:32.535649Z  WARN p2panda_net::iroh_mdns::actor: found invalid transport info coming from iroh's services endpoint_id=9b662f09bb44edb188b2a022b4eb969d44181252866340d454e017372d38d19b
2026-10-05T20:37:32.549386Z  WARN p2panda_net::iroh_mdns::actor: found invalid transport info coming from iroh's services endpoint_id=9b662f09bb44edb188b2a022b4eb969d44181252866340d454e017372d38d19b
2026-10-05T20:37:34.246119Z  WARN p2panda_net::iroh_mdns::actor: found invalid transport info coming from iroh's services endpoint_id=9b662f09bb44edb188b2a022b4eb969d44181252866340d454e017372d38d19b
2026-10-05T20:37:34.258815Z  WARN p2panda_net::iroh_mdns::actor: found invalid transport info coming from iroh's services endpoint_id=9b662f09bb44edb188b2a022b4eb969d44181252866340d454e017372d38d19b
2026-10-05T20:37:36.949796Z  WARN p2panda_net::iroh_mdns::actor: found invalid transport info coming from iroh's services endpoint_id=9b662f09bb44edb188b2a022b4eb969d44181252866340d454e017372d38d19b
2026-10-05T20:37:37.844610Z  WARN p2panda_net::iroh_mdns::actor: found invalid transport info coming from iroh's services endpoint_id=9b662f09bb44edb188b2a022b4eb969d44181252866340d454e017372d38d19b
2026-10-05T20:37:37.856530Z  WARN p2panda_net::iroh_mdns::actor: found invalid transport info coming from iroh's services endpoint_id=9b662f09bb44edb188b2a022b4eb969d44181252866340d454e017372d38d19b
2026-10-05T20:37:39.469868Z  WARN p2panda_net::iroh_mdns::actor: found invalid transport info coming from iroh's services endpoint_id=9b662f09bb44edb188b2a022b4eb969d44181252866340d454e017372d38d19b
2026-10-05T20:37:39.481838Z  WARN p2panda_net::iroh_mdns::actor: found invalid transport info coming from iroh's services endpoint_id=9b662f09bb44edb188b2a022b4eb969d44181252866340d454e017372d38d19b
2026-10-05T20:37:41.127974Z  WARN p2panda_net::iroh_mdns::actor: found invalid transport info coming from iroh's services endpoint_id=9b662f09bb44edb188b2a022b4eb969d44181252866340d454e017372d38d19b
2026-10-05T20:37:42.005112Z  WARN p2panda_net::iroh_mdns::actor: found invalid transport info coming from iroh's services endpoint_id=9b662f09bb44edb188b2a022b4eb969d44181252866340d454e017372d38d19b
2026-10-05T20:37:42.016486Z  WARN p2panda_net::iroh_mdns::actor: found invalid transport info coming from iroh's services endpoint_id=9b662f09bb44edb188b2a022b4eb969d44181252866340d454e017372d38d19b
2026-10-05T20:37:43.561713Z  WARN p2panda_net::iroh_mdns::actor: found invalid transport info coming from iroh's services endpoint_id=9b662f09bb44edb188b2a022b4eb969d44181252866340d454e017372d38d19b
2026-10-05T20:37:43.572279Z  WARN p2panda_net::iroh_mdns::actor: found invalid transport info coming from iroh's services endpoint_id=9b662f09bb44edb188b2a022b4eb969d44181252866340d454e017372d38d19b
2026-10-05T20:37:45.300175Z  WARN p2panda_net::iroh_mdns::actor: found invalid transport info coming from iroh's services endpoint_id=9b662f09bb44edb188b2a022b4eb969d44181252866340d454e017372d38d19b
2026-10-05T20:37:46.225431Z  WARN p2panda_net::iroh_mdns::actor: found invalid transport info coming from iroh's services endpoint_id=9b662f09bb44edb188b2a022b4eb969d44181252866340d454e017372d38d19b
2026-10-05T20:37:46.236842Z  WARN p2panda_net::iroh_mdns::actor: found invalid transport info coming from iroh's services endpoint_id=9b662f09bb44edb188b2a022b4eb969d44181252866340d454e017372d38d19b
2026-10-05T20:37:47.825111Z  WARN p2panda_net::iroh_mdns::actor: found invalid transport info coming from iroh's services endpoint_id=9b662f09bb44edb188b2a022b4eb969d44181252866340d454e017372d38d19b
2026-10-05T20:37:48.676579Z  WARN p2panda_net::iroh_mdns::actor: found invalid transport info coming from iroh's services endpoint_id=9b662f09bb44edb188b2a022b4eb969d44181252866340d454e017372d38d19b
2026-10-05T20:37:48.688714Z  WARN p2panda_net::iroh_mdns::actor: found invalid transport info coming from iroh's services endpoint_id=9b662f09bb44edb188b2a022b4eb969d44181252866340d454e017372d38d19b
2026-10-05T20:37:50.382006Z  WARN p2panda_net::iroh_mdns::actor: found invalid transport info coming from iroh's services endpoint_id=9b662f09bb44edb188b2a022b4eb969d44181252866340d454e017372d38d19b
2026-10-05T20:37:50.392529Z  WARN p2panda_net::iroh_mdns::actor: found invalid transport info coming from iroh's services endpoint_id=9b662f09bb44edb188b2a022b4eb969d44181252866340d454e017372d38d19b
2026-10-05T20:37:52.068431Z  WARN p2panda_net::iroh_mdns::actor: found invalid transport info coming from iroh's services endpoint_id=9b662f09bb44edb188b2a022b4eb969d44181252866340d454e017372d38d19b
2026-10-05T20:37:52.078701Z  WARN p2panda_net::iroh_mdns::actor: found invalid transport info coming from iroh's services endpoint_id=9b662f09bb44edb188b2a022b4eb969d44181252866340d454e017372d38d19b
2026-10-05T20:37:53.623823Z  WARN p2panda_net::iroh_mdns::actor: found invalid transport info coming from iroh's services endpoint_id=9b662f09bb44edb188b2a022b4eb969d44181252866340d454e017372d38d19b
2026-10-05T20:37:53.638344Z  WARN p2panda_net::iroh_mdns::actor: found invalid transport info coming from iroh's services endpoint_id=9b662f09bb44edb188b2a022b4eb969d44181252866340d454e017372d38d19b
2026-10-05T20:37:55.270848Z  WARN p2panda_net::iroh_mdns::actor: found invalid transport info coming from iroh's services endpoint_id=9b662f09bb44edb188b2a022b4eb969d44181252866340d454e017372d38d19b
2026-10-05T20:37:55.285515Z  WARN p2panda_net::iroh_mdns::actor: found invalid transport info coming from iroh's services endpoint_id=9b662f09bb44edb188b2a022b4eb969d44181252866340d454e017372d38d19b
2026-10-05T20:37:56.854119Z  WARN p2panda_net::iroh_mdns::actor: found invalid transport info coming from iroh's services endpoint_id=9b662f09bb44edb188b2a022b4eb969d44181252866340d454e017372d38d19b
2026-10-05T20:37:57.724663Z  WARN p2panda_net::iroh_mdns::actor: found invalid transport info coming from iroh's services endpoint_id=9b662f09bb44edb188b2a022b4eb969d44181252866340d454e017372d38d19b
2026-10-05T20:37:57.737221Z  WARN p2panda_net::iroh_mdns::actor: found invalid transport info coming from iroh's services endpoint_id=9b662f09bb44edb188b2a022b4eb969d44181252866340d454e017372d38d19b
2026-10-05T20:37:59.293373Z  WARN p2panda_net::iroh_mdns::actor: found invalid transport info coming from iroh's services endpoint_id=9b662f09bb44edb188b2a022b4eb969d44181252866340d454e017372d38d19b
2026-10-05T20:38:01.105227Z  WARN p2panda_net::iroh_mdns::actor: found invalid transport info coming from iroh's services endpoint_id=9b662f09bb44edb188b2a022b4eb969d44181252866340d454e017372d38d19b
2026-10-05T20:38:01.117574Z  WARN p2panda_net::iroh_mdns::actor: found invalid transport info coming from iroh's services endpoint_id=9b662f09bb44edb188b2a022b4eb969d44181252866340d454e017372d38d19b
2026-10-05T20:38:02.758619Z  WARN p2panda_net::iroh_mdns::actor: found invalid transport info coming from iroh's services endpoint_id=9b662f09bb44edb188b2a022b4eb969d44181252866340d454e017372d38d19b
2026-10-05T20:38:02.769768Z  WARN p2panda_net::iroh_mdns::actor: found invalid transport info coming from iroh's services endpoint_id=9b662f09bb44edb188b2a022b4eb969d44181252866340d454e017372d38d19b
2026-10-05T20:38:04.383453Z  WARN p2panda_net::iroh_mdns::actor: found invalid transport info coming from iroh's services endpoint_id=9b662f09bb44edb188b2a022b4eb969d44181252866340d454e017372d38d19b
2026-10-05T20:38:05.259173Z  WARN p2panda_net::iroh_mdns::actor: found invalid transport info coming from iroh's services endpoint_id=9b662f09bb44edb188b2a022b4eb969d44181252866340d454e017372d38d19b
2026-10-05T20:38:05.283557Z  WARN p2panda_net::iroh_mdns::actor: found invalid transport info coming from iroh's services endpoint_id=9b662f09bb44edb188b2a022b4eb969d44181252866340d454e017372d38d19b
2026-10-05T20:38:06.906190Z  WARN p2panda_net::iroh_mdns::actor: found invalid transport info coming from iroh's services endpoint_id=9b662f09bb44edb188b2a022b4eb969d44181252866340d454e017372d38d19b
2026-10-05T20:38:06.919331Z  WARN p2panda_net::iroh_mdns::actor: found invalid transport info coming from iroh's services endpoint_id=9b662f09bb44edb188b2a022b4eb969d44181252866340d454e017372d38d19b
2026-10-05T20:38:08.592356Z  WARN p2panda_net::iroh_mdns::actor: found invalid transport info coming from iroh's services endpoint_id=9b662f09bb44edb188b2a022b4eb969d44181252866340d454e017372d38d19b
2026-10-05T20:38:08.605055Z  WARN p2panda_net::iroh_mdns::actor: found invalid transport info coming from iroh's services endpoint_id=9b662f09bb44edb188b2a022b4eb969d44181252866340d454e017372d38d19b
2026-10-05T20:38:10.258194Z  WARN p2panda_net::iroh_mdns::actor: found invalid transport info coming from iroh's services endpoint_id=9b662f09bb44edb188b2a022b4eb969d44181252866340d454e017372d38d19b
2026-10-05T20:38:11.250943Z  WARN p2panda_net::iroh_mdns::actor: found invalid transport info coming from iroh's services endpoint_id=9b662f09bb44edb188b2a022b4eb969d44181252866340d454e017372d38d19b
2026-10-05T20:38:11.268659Z  WARN p2panda_net::iroh_mdns::actor: found invalid transport info coming from iroh's services endpoint_id=9b662f09bb44edb188b2a022b4eb969d44181252866340d454e017372d38d19b
2026-10-05T20:38:12.115183Z  WARN p2panda_net::iroh_mdns::actor: found invalid transport info coming from iroh's services endpoint_id=9b662f09bb44edb188b2a022b4eb969d44181252866340d454e017372d38d19b
2026-10-05T20:38:13.007625Z  WARN p2panda_net::iroh_mdns::actor: found invalid transport info coming from iroh's services endpoint_id=9b662f09bb44edb188b2a022b4eb969d44181252866340d454e017372d38d19b
2026-10-05T20:38:13.019614Z  WARN p2panda_net::iroh_mdns::actor: found invalid transport info coming from iroh's services endpoint_id=9b662f09bb44edb188b2a022b4eb969d44181252866340d454e017372d38d19b
2026-10-05T20:38:14.599865Z  WARN p2panda_net::iroh_mdns::actor: found invalid transport info coming from iroh's services endpoint_id=9b662f09bb44edb188b2a022b4eb969d44181252866340d454e017372d38d19b
2026-10-05T20:38:14.613097Z  WARN p2panda_net::iroh_mdns::actor: found invalid transport info coming from iroh's services endpoint_id=9b662f09bb44edb188b2a022b4eb969d44181252866340d454e017372d38d19b
2026-10-05T20:38:16.187922Z  WARN p2panda_net::iroh_mdns::actor: found invalid transport info coming from iroh's services endpoint_id=9b662f09bb44edb188b2a022b4eb969d44181252866340d454e017372d38d19b
2026-10-05T20:38:16.201559Z  WARN p2panda_net::iroh_mdns::actor: found invalid transport info coming from iroh's services endpoint_id=9b662f09bb44edb188b2a022b4eb969d44181252866340d454e017372d38d19b
2026-10-05T20:38:17.903588Z  WARN p2panda_net::iroh_mdns::actor: found invalid transport info coming from iroh's services endpoint_id=9b662f09bb44edb188b2a022b4eb969d44181252866340d454e017372d38d19b
2026-10-05T20:38:19.664675Z  WARN p2panda_net::iroh_mdns::actor: found invalid transport info coming from iroh's services endpoint_id=9b662f09bb44edb188b2a022b4eb969d44181252866340d454e017372d38d19b
2026-10-05T20:38:19.677619Z  WARN p2panda_net::iroh_mdns::actor: found invalid transport info coming from iroh's services endpoint_id=9b662f09bb44edb188b2a022b4eb969d44181252866340d454e017372d38d19b
2026-10-05T20:38:21.283394Z  WARN p2panda_net::iroh_mdns::actor: found invalid transport info coming from iroh's services endpoint_id=9b662f09bb44edb188b2a022b4eb969d44181252866340d454e017372d38d19b
2026-10-05T20:38:22.948777Z  WARN p2panda_net::iroh_mdns::actor: found invalid transport info coming from iroh's services endpoint_id=9b662f09bb44edb188b2a022b4eb969d44181252866340d454e017372d38d19b
2026-10-05T20:38:23.865585Z  WARN p2panda_net::iroh_mdns::actor: found invalid transport info coming from iroh's services endpoint_id=9b662f09bb44edb188b2a022b4eb969d44181252866340d454e017372d38d19b
2026-10-05T20:38:23.878616Z  WARN p2panda_net::iroh_mdns::actor: found invalid transport info coming from iroh's services endpoint_id=9b662f09bb44edb188b2a022b4eb969d44181252866340d454e017372d38d19b
2026-10-05T20:38:25.467208Z  WARN p2panda_net::iroh_mdns::actor: found invalid transport info coming from iroh's services endpoint_id=9b662f09bb44edb188b2a022b4eb969d44181252866340d454e017372d38d19b
2026-10-05T20:38:25.481094Z  WARN p2panda_net::iroh_mdns::actor: found invalid transport info coming from iroh's services endpoint_id=9b662f09bb44edb188b2a022b4eb969d44181252866340d454e017372d38d19b
2026-10-05T20:38:27.112101Z  WARN p2panda_net::iroh_mdns::actor: found invalid transport info coming from iroh's services endpoint_id=9b662f09bb44edb188b2a022b4eb969d44181252866340d454e017372d38d19b
2026-10-05T20:38:27.948119Z  WARN p2panda_net::iroh_mdns::actor: found invalid transport info coming from iroh's services endpoint_id=9b662f09bb44edb188b2a022b4eb969d44181252866340d454e017372d38d19b
2026-10-05T20:38:27.960584Z  WARN p2panda_net::iroh_mdns::actor: found invalid transport info coming from iroh's services endpoint_id=9b662f09bb44edb188b2a022b4eb969d44181252866340d454e017372d38d19b
2026-10-05T20:38:29.642402Z  WARN p2panda_net::iroh_mdns::actor: found invalid transport info coming from iroh's services endpoint_id=9b662f09bb44edb188b2a022b4eb969d44181252866340d454e017372d38d19b
2026-10-05T20:38:29.655313Z  WARN p2panda_net::iroh_mdns::actor: found invalid transport info coming from iroh's services endpoint_id=9b662f09bb44edb188b2a022b4eb969d44181252866340d454e017372d38d19b
2026-10-05T20:38:31.306161Z  WARN p2panda_net::iroh_mdns::actor: found invalid transport info coming from iroh's services endpoint_id=9b662f09bb44edb188b2a022b4eb969d44181252866340d454e017372d38d19b
2026-10-05T20:38:32.256930Z  WARN p2panda_net::iroh_mdns::actor: found invalid transport info coming from iroh's services endpoint_id=9b662f09bb44edb188b2a022b4eb969d44181252866340d454e017372d38d19b
2026-10-05T20:38:32.271381Z  WARN p2panda_net::iroh_mdns::actor: found invalid transport info coming from iroh's services endpoint_id=9b662f09bb44edb188b2a022b4eb969d44181252866340d454e017372d38d19b
2026-10-05T20:38:34.793267Z  WARN p2panda_net::iroh_mdns::actor: found invalid transport info coming from iroh's services endpoint_id=9b662f09bb44edb188b2a022b4eb969d44181252866340d454e017372d38d19b
2026-10-05T20:38:34.807380Z  WARN p2panda_net::iroh_mdns::actor: found invalid transport info coming from iroh's services endpoint_id=9b662f09bb44edb188b2a022b4eb969d44181252866340d454e017372d38d19b
2026-10-05T20:38:36.384216Z  WARN p2panda_net::iroh_mdns::actor: found invalid transport info coming from iroh's services endpoint_id=9b662f09bb44edb188b2a022b4eb969d44181252866340d454e017372d38d19b
2026-10-05T20:38:36.398562Z  WARN p2panda_net::iroh_mdns::actor: found invalid transport info coming from iroh's services endpoint_id=9b662f09bb44edb188b2a022b4eb969d44181252866340d454e017372d38d19b
2026-10-05T20:38:37.976496Z  WARN p2panda_net::iroh_mdns::actor: found invalid transport info coming from iroh's services endpoint_id=9b662f09bb44edb188b2a022b4eb969d44181252866340d454e017372d38d19b
2026-10-05T20:38:37.989426Z  WARN p2panda_net::iroh_mdns::actor: found invalid transport info coming from iroh's services endpoint_id=9b662f09bb44edb188b2a022b4eb969d44181252866340d454e017372d38d19b
2026-10-05T20:38:39.588256Z  WARN p2panda_net::iroh_mdns::actor: found invalid transport info coming from iroh's services endpoint_id=9b662f09bb44edb188b2a022b4eb969d44181252866340d454e017372d38d19b
2026-10-05T20:38:39.603133Z  WARN p2panda_net::iroh_mdns::actor: found invalid transport info coming from iroh's services endpoint_id=9b662f09bb44edb188b2a022b4eb969d44181252866340d454e017372d38d19b
2026-10-05T20:38:41.246585Z  WARN p2panda_net::iroh_mdns::actor: found invalid transport info coming from iroh's services endpoint_id=9b662f09bb44edb188b2a022b4eb969d44181252866340d454e017372d38d19b
2026-10-05T20:38:41.263426Z  WARN p2panda_net::iroh_mdns::actor: found invalid transport info coming from iroh's services endpoint_id=9b662f09bb44edb188b2a022b4eb969d44181252866340d454e017372d38d19b
2026-10-05T20:38:42.753453Z  WARN p2panda_net::iroh_mdns::actor: found invalid transport info coming from iroh's services endpoint_id=9b662f09bb44edb188b2a022b4eb969d44181252866340d454e017372d38d19b
2026-10-05T20:38:42.765406Z  WARN p2panda_net::iroh_mdns::actor: found invalid transport info coming from iroh's services endpoint_id=9b662f09bb44edb188b2a022b4eb969d44181252866340d454e017372d38d19b
2026-10-05T20:38:44.294938Z  WARN p2panda_net::iroh_mdns::actor: found invalid transport info coming from iroh's services endpoint_id=9b662f09bb44edb188b2a022b4eb969d44181252866340d454e017372d38d19b
2026-10-05T20:38:44.307732Z  WARN p2panda_net::iroh_mdns::actor: found invalid transport info coming from iroh's services endpoint_id=9b662f09bb44edb188b2a022b4eb969d44181252866340d454e017372d38d19b
2026-10-05T20:38:45.771944Z  WARN p2panda_net::iroh_mdns::actor: found invalid transport info coming from iroh's services endpoint_id=9b662f09bb44edb188b2a022b4eb969d44181252866340d454e017372d38d19b
2026-10-05T20:38:47.497020Z  WARN p2panda_net::iroh_mdns::actor: found invalid transport info coming from iroh's services endpoint_id=9b662f09bb44edb188b2a022b4eb969d44181252866340d454e017372d38d19b
2026-10-05T20:38:47.509727Z  WARN p2panda_net::iroh_mdns::actor: found invalid transport info coming from iroh's services endpoint_id=9b662f09bb44edb188b2a022b4eb969d44181252866340d454e017372d38d19b
2026-10-05T20:38:49.077282Z  WARN p2panda_net::iroh_mdns::actor: found invalid transport info coming from iroh's services endpoint_id=9b662f09bb44edb188b2a022b4eb969d44181252866340d454e017372d38d19b
2026-10-05T20:38:49.091674Z  WARN p2panda_net::iroh_mdns::actor: found invalid transport info coming from iroh's services endpoint_id=9b662f09bb44edb188b2a022b4eb969d44181252866340d454e017372d38d19b
2026-10-05T20:38:51.015384Z  WARN p2panda_net::iroh_mdns::actor: found invalid transport info coming from iroh's services endpoint_id=9b662f09bb44edb188b2a022b4eb969d44181252866340d454e017372d38d19b
2026-10-05T20:38:51.029269Z  WARN p2panda_net::iroh_mdns::actor: found invalid transport info coming from iroh's services endpoint_id=9b662f09bb44edb188b2a022b4eb969d44181252866340d454e017372d38d19b
2026-10-05T20:38:52.581358Z  WARN p2panda_net::iroh_mdns::actor: found invalid transport info coming from iroh's services endpoint_id=9b662f09bb44edb188b2a022b4eb969d44181252866340d454e017372d38d19b
2026-10-05T20:38:52.593940Z  WARN p2panda_net::iroh_mdns::actor: found invalid transport info coming from iroh's services endpoint_id=9b662f09bb44edb188b2a022b4eb969d44181252866340d454e017372d38d19b
2026-10-05T20:38:54.101403Z  WARN p2panda_net::iroh_mdns::actor: found invalid transport info coming from iroh's services endpoint_id=9b662f09bb44edb188b2a022b4eb969d44181252866340d454e017372d38d19b
2026-10-05T20:38:54.114176Z  WARN p2panda_net::iroh_mdns::actor: found invalid transport info coming from iroh's services endpoint_id=9b662f09bb44edb188b2a022b4eb969d44181252866340d454e017372d38d19b
2026-10-05T20:38:55.652847Z  WARN p2panda_net::iroh_mdns::actor: found invalid transport info coming from iroh's services endpoint_id=9b662f09bb44edb188b2a022b4eb969d44181252866340d454e017372d38d19b
2026-10-05T20:38:55.665144Z  WARN p2panda_net::iroh_mdns::actor: found invalid transport info coming from iroh's services endpoint_id=9b662f09bb44edb188b2a022b4eb969d44181252866340d454e017372d38d19b
2026-10-05T20:38:57.332546Z  WARN p2panda_net::iroh_mdns::actor: found invalid transport info coming from iroh's services endpoint_id=9b662f09bb44edb188b2a022b4eb969d44181252866340d454e017372d38d19b
2026-10-05T20:38:58.980494Z  WARN p2panda_net::iroh_mdns::actor: found invalid transport info coming from iroh's services endpoint_id=9b662f09bb44edb188b2a022b4eb969d44181252866340d454e017372d38d19b
2026-10-05T20:39:00.652012Z  WARN p2panda_net::iroh_mdns::actor: found invalid transport info coming from iroh's services endpoint_id=9b662f09bb44edb188b2a022b4eb969d44181252866340d454e017372d38d19b
2026-10-05T20:39:00.664985Z  WARN p2panda_net::iroh_mdns::actor: found invalid transport info coming from iroh's services endpoint_id=9b662f09bb44edb188b2a022b4eb969d44181252866340d454e017372d38d19b
2026-10-05T20:39:02.298642Z  WARN p2panda_net::iroh_mdns::actor: found invalid transport info coming from iroh's services endpoint_id=9b662f09bb44edb188b2a022b4eb969d44181252866340d454e017372d38d19b
2026-10-05T20:39:02.313449Z  WARN p2panda_net::iroh_mdns::actor: found invalid transport info coming from iroh's services endpoint_id=9b662f09bb44edb188b2a022b4eb969d44181252866340d454e017372d38d19b
2026-10-05T20:39:03.833427Z  WARN p2panda_net::iroh_mdns::actor: found invalid transport info coming from iroh's services endpoint_id=9b662f09bb44edb188b2a022b4eb969d44181252866340d454e017372d38d19b
2026-10-05T20:39:05.466711Z  WARN p2panda_net::iroh_mdns::actor: found invalid transport info coming from iroh's services endpoint_id=9b662f09bb44edb188b2a022b4eb969d44181252866340d454e017372d38d19b
2026-10-05T20:39:07.261949Z  WARN p2panda_net::iroh_mdns::actor: found invalid transport info coming from iroh's services endpoint_id=9b662f09bb44edb188b2a022b4eb969d44181252866340d454e017372d38d19b
2026-10-05T20:39:07.275606Z  WARN p2panda_net::iroh_mdns::actor: found invalid transport info coming from iroh's services endpoint_id=9b662f09bb44edb188b2a022b4eb969d44181252866340d454e017372d38d19b
2026-10-05T20:39:08.786436Z  WARN p2panda_net::iroh_mdns::actor: found invalid transport info coming from iroh's services endpoint_id=9b662f09bb44edb188b2a022b4eb969d44181252866340d454e017372d38d19b
2026-10-05T20:39:10.532910Z  WARN p2panda_net::iroh_mdns::actor: found invalid transport info coming from iroh's services endpoint_id=9b662f09bb44edb188b2a022b4eb969d44181252866340d454e017372d38d19b
2026-10-05T20:39:11.442181Z  WARN p2panda_net::iroh_mdns::actor: found invalid transport info coming from iroh's services endpoint_id=9b662f09bb44edb188b2a022b4eb969d44181252866340d454e017372d38d19b
2026-10-05T20:39:11.462210Z  WARN p2panda_net::iroh_mdns::actor: found invalid transport info coming from iroh's services endpoint_id=9b662f09bb44edb188b2a022b4eb969d44181252866340d454e017372d38d19b
2026-10-05T20:39:13.199573Z  WARN p2panda_net::iroh_mdns::actor: found invalid transport info coming from iroh's services endpoint_id=9b662f09bb44edb188b2a022b4eb969d44181252866340d454e017372d38d19b
2026-10-05T20:39:13.212764Z  WARN p2panda_net::iroh_mdns::actor: found invalid transport info coming from iroh's services endpoint_id=9b662f09bb44edb188b2a022b4eb969d44181252866340d454e017372d38d19b
2026-10-05T20:39:14.896407Z  WARN p2panda_net::iroh_mdns::actor: found invalid transport info coming from iroh's services endpoint_id=9b662f09bb44edb188b2a022b4eb969d44181252866340d454e017372d38d19b
2026-10-05T20:39:15.847938Z  WARN p2panda_net::iroh_mdns::actor: found invalid transport info coming from iroh's services endpoint_id=9b662f09bb44edb188b2a022b4eb969d44181252866340d454e017372d38d19b
2026-10-05T20:39:16.709371Z  WARN p2panda_net::iroh_mdns::actor: found invalid transport info coming from iroh's services endpoint_id=9b662f09bb44edb188b2a022b4eb969d44181252866340d454e017372d38d19b
2026-10-05T20:39:16.722113Z  WARN p2panda_net::iroh_mdns::actor: found invalid transport info coming from iroh's services endpoint_id=9b662f09bb44edb188b2a022b4eb969d44181252866340d454e017372d38d19b
2026-10-05T20:39:18.276489Z  WARN p2panda_net::iroh_mdns::actor: found invalid transport info coming from iroh's services endpoint_id=9b662f09bb44edb188b2a022b4eb969d44181252866340d454e017372d38d19b
2026-10-05T20:39:18.288836Z  WARN p2panda_net::iroh_mdns::actor: found invalid transport info coming from iroh's services endpoint_id=9b662f09bb44edb188b2a022b4eb969d44181252866340d454e017372d38d19b
2026-10-05T20:39:19.898691Z  WARN p2panda_net::iroh_mdns::actor: found invalid transport info coming from iroh's services endpoint_id=9b662f09bb44edb188b2a022b4eb969d44181252866340d454e017372d38d19b
2026-10-05T20:39:21.749935Z  WARN p2panda_net::iroh_mdns::actor: found invalid transport info coming from iroh's services endpoint_id=9b662f09bb44edb188b2a022b4eb969d44181252866340d454e017372d38d19b
2026-10-05T20:39:23.539981Z  WARN p2panda_net::iroh_mdns::actor: found invalid transport info coming from iroh's services endpoint_id=9b662f09bb44edb188b2a022b4eb969d44181252866340d454e017372d38d19b
2026-10-05T20:39:23.552306Z  WARN p2panda_net::iroh_mdns::actor: found invalid transport info coming from iroh's services endpoint_id=9b662f09bb44edb188b2a022b4eb969d44181252866340d454e017372d38d19b
2026-10-05T20:39:25.094067Z  WARN p2panda_net::iroh_mdns::actor: found invalid transport info coming from iroh's services endpoint_id=9b662f09bb44edb188b2a022b4eb969d44181252866340d454e017372d38d19b
2026-10-05T20:39:25.106457Z  WARN p2panda_net::iroh_mdns::actor: found invalid transport info coming from iroh's services endpoint_id=9b662f09bb44edb188b2a022b4eb969d44181252866340d454e017372d38d19b
