2026-10-05T20:52:22.448249Z  INFO turnstone::launch: turnstone starting
2026-10-05T20:52:22.504424Z  INFO turnstone::identity: profile identity protection=OS auto-unlock sealed records at C:\Users\mark_\AppData\Local\personae\vault (DPAPI-wrapped root)
2026-10-05T20:52:22.532065Z  INFO turnstone::app::session_lifecycle: no session graph; starting on the sample graph
2026-10-05T20:52:23.882717Z  INFO turnstone::shell::a11y_bridge: a11y_bridge: installed
2026-10-05T20:52:25.412079Z DEBUG turnstone::selfdrive: begin accessibility event delivery redraw=false
2026-10-05T20:52:25.412185Z DEBUG turnstone::selfdrive: finished accessibility event delivery
2026-10-05T20:52:25.416159Z DEBUG turnstone::selfdrive: begin accessibility event delivery redraw=false
2026-10-05T20:52:25.416206Z DEBUG turnstone::selfdrive: finished accessibility event delivery
2026-10-05T20:52:25.425118Z DEBUG turnstone::selfdrive: begin accessibility event delivery redraw=true
2026-10-05T20:52:25.425171Z DEBUG turnstone::selfdrive: finished accessibility event delivery
2026-10-05T20:52:25.425199Z DEBUG turnstone::selfdrive: begin render
2026-10-05T20:52:25.743140Z DEBUG turnstone::selfdrive: finished render; begin accessibility update
2026-10-05T20:52:25.744098Z DEBUG turnstone::selfdrive: finished accessibility update; begin scenario tick
2026-10-05T20:52:25.744219Z DEBUG turnstone::selfdrive: finished scenario tick
2026-10-05T20:52:25.747463Z DEBUG turnstone::selfdrive: begin accessibility event delivery redraw=true
2026-10-05T20:52:25.747511Z DEBUG turnstone::selfdrive: finished accessibility event delivery
2026-10-05T20:52:25.747523Z DEBUG turnstone::selfdrive: begin render
2026-10-05T20:52:25.790302Z DEBUG turnstone::selfdrive: finished render; begin accessibility update
2026-10-05T20:52:25.790357Z DEBUG turnstone::selfdrive: finished accessibility update; begin scenario tick
2026-10-05T20:52:25.790379Z DEBUG turnstone::selfdrive: finished scenario tick
2026-10-05T20:52:25.791091Z DEBUG turnstone::selfdrive: begin accessibility event delivery redraw=true
2026-10-05T20:52:25.791121Z DEBUG turnstone::selfdrive: finished accessibility event delivery
2026-10-05T20:52:25.791133Z DEBUG turnstone::selfdrive: begin render
2026-10-05T20:52:25.827781Z DEBUG turnstone::selfdrive: finished render; begin accessibility update
2026-10-05T20:52:25.827867Z DEBUG turnstone::selfdrive: finished accessibility update; begin scenario tick
2026-10-05T20:52:25.827898Z DEBUG turnstone::selfdrive: finished scenario tick
2026-10-05T20:52:25.828507Z DEBUG turnstone::selfdrive: begin accessibility event delivery redraw=true
2026-10-05T20:52:25.828546Z DEBUG turnstone::selfdrive: finished accessibility event delivery
2026-10-05T20:52:25.828559Z DEBUG turnstone::selfdrive: begin render
2026-10-05T20:52:25.859163Z DEBUG turnstone::selfdrive: finished render; begin accessibility update
2026-10-05T20:52:25.859219Z DEBUG turnstone::selfdrive: finished accessibility update; begin scenario tick
2026-10-05T20:52:25.859249Z DEBUG turnstone::selfdrive: finished scenario tick
2026-10-05T20:52:25.859703Z DEBUG turnstone::selfdrive: begin accessibility event delivery redraw=true
2026-10-05T20:52:25.859739Z DEBUG turnstone::selfdrive: finished accessibility event delivery
2026-10-05T20:52:25.859753Z DEBUG turnstone::selfdrive: begin render
2026-10-05T20:52:25.891033Z DEBUG turnstone::selfdrive: finished render; begin accessibility update
2026-10-05T20:52:25.891084Z DEBUG turnstone::selfdrive: finished accessibility update; begin scenario tick
2026-10-05T20:52:25.891114Z DEBUG turnstone::selfdrive: finished scenario tick
2026-10-05T20:52:25.891670Z DEBUG turnstone::selfdrive: begin accessibility event delivery redraw=true
2026-10-05T20:52:25.891701Z DEBUG turnstone::selfdrive: finished accessibility event delivery
2026-10-05T20:52:25.891712Z DEBUG turnstone::selfdrive: begin render
2026-10-05T20:52:25.924716Z DEBUG turnstone::selfdrive: finished render; begin accessibility update
2026-10-05T20:52:25.924787Z DEBUG turnstone::selfdrive: finished accessibility update; begin scenario tick
2026-10-05T20:52:25.924832Z DEBUG turnstone::selfdrive: finished scenario tick
2026-10-05T20:52:25.925524Z DEBUG turnstone::selfdrive: begin accessibility event delivery redraw=true
2026-10-05T20:52:25.925558Z DEBUG turnstone::selfdrive: finished accessibility event delivery
2026-10-05T20:52:25.925571Z DEBUG turnstone::selfdrive: begin render
2026-10-05T20:52:25.953856Z DEBUG turnstone::selfdrive: finished render; begin accessibility update
2026-10-05T20:52:25.953910Z DEBUG turnstone::selfdrive: finished accessibility update; begin scenario tick
2026-10-05T20:52:25.953934Z DEBUG turnstone::selfdrive: finished scenario tick
2026-10-05T20:52:25.954681Z DEBUG turnstone::selfdrive: begin accessibility event delivery redraw=true
2026-10-05T20:52:25.954713Z DEBUG turnstone::selfdrive: finished accessibility event delivery
2026-10-05T20:52:25.954723Z DEBUG turnstone::selfdrive: begin render
2026-10-05T20:52:25.988588Z DEBUG turnstone::selfdrive: finished render; begin accessibility update
2026-10-05T20:52:25.988641Z DEBUG turnstone::selfdrive: finished accessibility update; begin scenario tick
2026-10-05T20:52:25.988667Z DEBUG turnstone::selfdrive: finished scenario tick
2026-10-05T20:52:25.989993Z DEBUG turnstone::selfdrive: begin accessibility event delivery redraw=true
2026-10-05T20:52:25.990038Z DEBUG turnstone::selfdrive: finished accessibility event delivery
2026-10-05T20:52:25.990048Z DEBUG turnstone::selfdrive: begin render
2026-10-05T20:52:26.026165Z DEBUG turnstone::selfdrive: finished render; begin accessibility update
2026-10-05T20:52:26.026218Z DEBUG turnstone::selfdrive: finished accessibility update; begin scenario tick
2026-10-05T20:52:26.026247Z DEBUG turnstone::selfdrive: finished scenario tick
2026-10-05T20:52:26.026745Z DEBUG turnstone::selfdrive: begin accessibility event delivery redraw=true
2026-10-05T20:52:26.026778Z DEBUG turnstone::selfdrive: finished accessibility event delivery
2026-10-05T20:52:26.026791Z DEBUG turnstone::selfdrive: begin render
2026-10-05T20:52:26.056642Z DEBUG turnstone::selfdrive: finished render; begin accessibility update
2026-10-05T20:52:26.056700Z DEBUG turnstone::selfdrive: finished accessibility update; begin scenario tick
2026-10-05T20:52:26.056725Z DEBUG turnstone::selfdrive: finished scenario tick
2026-10-05T20:52:26.057142Z DEBUG turnstone::selfdrive: begin accessibility event delivery redraw=true
2026-10-05T20:52:26.057177Z DEBUG turnstone::selfdrive: finished accessibility event delivery
2026-10-05T20:52:26.057191Z DEBUG turnstone::selfdrive: begin render
2026-10-05T20:52:26.094877Z DEBUG turnstone::selfdrive: finished render; begin accessibility update
2026-10-05T20:52:26.094941Z DEBUG turnstone::selfdrive: finished accessibility update; begin scenario tick
2026-10-05T20:52:26.094968Z DEBUG turnstone::selfdrive: finished scenario tick
2026-10-05T20:52:26.095570Z DEBUG turnstone::selfdrive: begin accessibility event delivery redraw=true
2026-10-05T20:52:26.095608Z DEBUG turnstone::selfdrive: finished accessibility event delivery
2026-10-05T20:52:26.095621Z DEBUG turnstone::selfdrive: begin render
2026-10-05T20:52:26.131317Z DEBUG turnstone::selfdrive: finished render; begin accessibility update
2026-10-05T20:52:26.131378Z DEBUG turnstone::selfdrive: finished accessibility update; begin scenario tick
2026-10-05T20:52:26.131405Z DEBUG turnstone::selfdrive: finished scenario tick
2026-10-05T20:52:26.131889Z DEBUG turnstone::selfdrive: begin accessibility event delivery redraw=true
2026-10-05T20:52:26.131922Z DEBUG turnstone::selfdrive: finished accessibility event delivery
2026-10-05T20:52:26.131945Z DEBUG turnstone::selfdrive: begin render
2026-10-05T20:52:26.168268Z DEBUG turnstone::selfdrive: finished render; begin accessibility update
2026-10-05T20:52:26.168329Z DEBUG turnstone::selfdrive: finished accessibility update; begin scenario tick
2026-10-05T20:52:26.168352Z DEBUG turnstone::selfdrive: finished scenario tick
2026-10-05T20:52:26.168999Z DEBUG turnstone::selfdrive: begin accessibility event delivery redraw=true
2026-10-05T20:52:26.169030Z DEBUG turnstone::selfdrive: finished accessibility event delivery
2026-10-05T20:52:26.169041Z DEBUG turnstone::selfdrive: begin render
2026-10-05T20:52:26.203492Z DEBUG turnstone::selfdrive: finished render; begin accessibility update
2026-10-05T20:52:26.203544Z DEBUG turnstone::selfdrive: finished accessibility update; begin scenario tick
2026-10-05T20:52:26.203566Z DEBUG turnstone::selfdrive: finished scenario tick
2026-10-05T20:52:26.203973Z DEBUG turnstone::selfdrive: begin accessibility event delivery redraw=true
2026-10-05T20:52:26.204008Z DEBUG turnstone::selfdrive: finished accessibility event delivery
2026-10-05T20:52:26.204020Z DEBUG turnstone::selfdrive: begin render
2026-10-05T20:52:26.244495Z DEBUG turnstone::selfdrive: finished render; begin accessibility update
2026-10-05T20:52:26.244542Z DEBUG turnstone::selfdrive: finished accessibility update; begin scenario tick
2026-10-05T20:52:26.244563Z DEBUG turnstone::selfdrive: finished scenario tick
2026-10-05T20:52:26.245022Z DEBUG turnstone::selfdrive: begin accessibility event delivery redraw=true
2026-10-05T20:52:26.245052Z DEBUG turnstone::selfdrive: finished accessibility event delivery
2026-10-05T20:52:26.245063Z DEBUG turnstone::selfdrive: begin render
2026-10-05T20:52:26.281899Z DEBUG turnstone::selfdrive: finished render; begin accessibility update
2026-10-05T20:52:26.281955Z DEBUG turnstone::selfdrive: finished accessibility update; begin scenario tick
2026-10-05T20:52:26.281981Z DEBUG turnstone::selfdrive: finished scenario tick
2026-10-05T20:52:26.282341Z DEBUG turnstone::selfdrive: begin accessibility event delivery redraw=true
2026-10-05T20:52:26.282391Z DEBUG turnstone::selfdrive: finished accessibility event delivery
2026-10-05T20:52:26.282405Z DEBUG turnstone::selfdrive: begin render
2026-10-05T20:52:26.313294Z DEBUG turnstone::selfdrive: finished render; begin accessibility update
2026-10-05T20:52:26.313353Z DEBUG turnstone::selfdrive: finished accessibility update; begin scenario tick
2026-10-05T20:52:26.313381Z DEBUG turnstone::selfdrive: finished scenario tick
2026-10-05T20:52:26.313766Z DEBUG turnstone::selfdrive: begin accessibility event delivery redraw=true
2026-10-05T20:52:26.313790Z DEBUG turnstone::selfdrive: finished accessibility event delivery
2026-10-05T20:52:26.313800Z DEBUG turnstone::selfdrive: begin render
2026-10-05T20:52:26.352309Z DEBUG turnstone::selfdrive: finished render; begin accessibility update
2026-10-05T20:52:26.352365Z DEBUG turnstone::selfdrive: finished accessibility update; begin scenario tick
2026-10-05T20:52:26.352393Z DEBUG turnstone::selfdrive: finished scenario tick
2026-10-05T20:52:26.352719Z DEBUG turnstone::selfdrive: begin accessibility event delivery redraw=true
2026-10-05T20:52:26.352747Z DEBUG turnstone::selfdrive: finished accessibility event delivery
2026-10-05T20:52:26.352760Z DEBUG turnstone::selfdrive: begin render
2026-10-05T20:52:26.387100Z DEBUG turnstone::selfdrive: finished render; begin accessibility update
2026-10-05T20:52:26.387157Z DEBUG turnstone::selfdrive: finished accessibility update; begin scenario tick
2026-10-05T20:52:26.387180Z DEBUG turnstone::selfdrive: finished scenario tick
2026-10-05T20:52:26.387496Z DEBUG turnstone::selfdrive: begin accessibility event delivery redraw=true
2026-10-05T20:52:26.387526Z DEBUG turnstone::selfdrive: finished accessibility event delivery
2026-10-05T20:52:26.387539Z DEBUG turnstone::selfdrive: begin render
2026-10-05T20:52:26.420297Z DEBUG turnstone::selfdrive: finished render; begin accessibility update
2026-10-05T20:52:26.420355Z DEBUG turnstone::selfdrive: finished accessibility update; begin scenario tick
2026-10-05T20:52:26.420381Z DEBUG turnstone::selfdrive: finished scenario tick
2026-10-05T20:52:26.420735Z DEBUG turnstone::selfdrive: begin accessibility event delivery redraw=true
2026-10-05T20:52:26.420765Z DEBUG turnstone::selfdrive: finished accessibility event delivery
2026-10-05T20:52:26.420778Z DEBUG turnstone::selfdrive: begin render
2026-10-05T20:52:26.454887Z DEBUG turnstone::selfdrive: finished render; begin accessibility update
2026-10-05T20:52:26.454942Z DEBUG turnstone::selfdrive: finished accessibility update; begin scenario tick
2026-10-05T20:52:26.454968Z DEBUG turnstone::selfdrive: finished scenario tick
2026-10-05T20:52:26.455275Z DEBUG turnstone::selfdrive: begin accessibility event delivery redraw=true
2026-10-05T20:52:26.455312Z DEBUG turnstone::selfdrive: finished accessibility event delivery
2026-10-05T20:52:26.455331Z DEBUG turnstone::selfdrive: begin render
2026-10-05T20:52:26.489757Z DEBUG turnstone::selfdrive: finished render; begin accessibility update
2026-10-05T20:52:26.489806Z DEBUG turnstone::selfdrive: finished accessibility update; begin scenario tick
2026-10-05T20:52:26.489832Z DEBUG turnstone::selfdrive: finished scenario tick
2026-10-05T20:52:26.490138Z DEBUG turnstone::selfdrive: begin accessibility event delivery redraw=true
2026-10-05T20:52:26.490169Z DEBUG turnstone::selfdrive: finished accessibility event delivery
2026-10-05T20:52:26.490186Z DEBUG turnstone::selfdrive: begin render
2026-10-05T20:52:26.528099Z DEBUG turnstone::selfdrive: finished render; begin accessibility update
2026-10-05T20:52:26.528163Z DEBUG turnstone::selfdrive: finished accessibility update; begin scenario tick
2026-10-05T20:52:26.528193Z DEBUG turnstone::selfdrive: finished scenario tick
2026-10-05T20:52:26.528544Z DEBUG turnstone::selfdrive: begin accessibility event delivery redraw=true
2026-10-05T20:52:26.528583Z DEBUG turnstone::selfdrive: finished accessibility event delivery
2026-10-05T20:52:26.528595Z DEBUG turnstone::selfdrive: begin render
2026-10-05T20:52:26.566357Z DEBUG turnstone::selfdrive: finished render; begin accessibility update
2026-10-05T20:52:26.566411Z DEBUG turnstone::selfdrive: finished accessibility update; begin scenario tick
2026-10-05T20:52:26.566436Z DEBUG turnstone::selfdrive: finished scenario tick
2026-10-05T20:52:26.567098Z DEBUG turnstone::selfdrive: begin accessibility event delivery redraw=true
2026-10-05T20:52:26.567135Z DEBUG turnstone::selfdrive: finished accessibility event delivery
2026-10-05T20:52:26.567144Z DEBUG turnstone::selfdrive: begin render
2026-10-05T20:52:26.602367Z DEBUG turnstone::selfdrive: finished render; begin accessibility update
2026-10-05T20:52:26.602427Z DEBUG turnstone::selfdrive: finished accessibility update; begin scenario tick
2026-10-05T20:52:26.602456Z DEBUG turnstone::selfdrive: finished scenario tick
2026-10-05T20:52:26.602845Z DEBUG turnstone::selfdrive: begin accessibility event delivery redraw=true
2026-10-05T20:52:26.602884Z DEBUG turnstone::selfdrive: finished accessibility event delivery
2026-10-05T20:52:26.602897Z DEBUG turnstone::selfdrive: begin render
2026-10-05T20:52:26.637559Z DEBUG turnstone::selfdrive: finished render; begin accessibility update
2026-10-05T20:52:26.637614Z DEBUG turnstone::selfdrive: finished accessibility update; begin scenario tick
2026-10-05T20:52:26.637643Z DEBUG turnstone::selfdrive: finished scenario tick
2026-10-05T20:52:26.638049Z DEBUG turnstone::selfdrive: begin accessibility event delivery redraw=true
2026-10-05T20:52:26.638079Z DEBUG turnstone::selfdrive: finished accessibility event delivery
2026-10-05T20:52:26.638090Z DEBUG turnstone::selfdrive: begin render
2026-10-05T20:52:26.668579Z DEBUG turnstone::selfdrive: finished render; begin accessibility update
2026-10-05T20:52:26.668637Z DEBUG turnstone::selfdrive: finished accessibility update; begin scenario tick
2026-10-05T20:52:26.668662Z DEBUG turnstone::selfdrive: finished scenario tick
2026-10-05T20:52:26.669025Z DEBUG turnstone::selfdrive: begin accessibility event delivery redraw=true
2026-10-05T20:52:26.669056Z DEBUG turnstone::selfdrive: finished accessibility event delivery
2026-10-05T20:52:26.669068Z DEBUG turnstone::selfdrive: begin render
2026-10-05T20:52:26.705926Z DEBUG turnstone::selfdrive: finished render; begin accessibility update
2026-10-05T20:52:26.705983Z DEBUG turnstone::selfdrive: finished accessibility update; begin scenario tick
2026-10-05T20:52:26.706010Z DEBUG turnstone::selfdrive: finished scenario tick
2026-10-05T20:52:26.706370Z DEBUG turnstone::selfdrive: begin accessibility event delivery redraw=true
2026-10-05T20:52:26.706400Z DEBUG turnstone::selfdrive: finished accessibility event delivery
2026-10-05T20:52:26.706412Z DEBUG turnstone::selfdrive: begin render
2026-10-05T20:52:26.742599Z DEBUG turnstone::selfdrive: finished render; begin accessibility update
2026-10-05T20:52:26.742658Z DEBUG turnstone::selfdrive: finished accessibility update; begin scenario tick
2026-10-05T20:52:26.742685Z DEBUG turnstone::selfdrive: finished scenario tick
2026-10-05T20:52:26.743009Z DEBUG turnstone::selfdrive: begin accessibility event delivery redraw=true
2026-10-05T20:52:26.743041Z DEBUG turnstone::selfdrive: finished accessibility event delivery
2026-10-05T20:52:26.743051Z DEBUG turnstone::selfdrive: begin render
2026-10-05T20:52:26.774237Z DEBUG turnstone::selfdrive: finished render; begin accessibility update
2026-10-05T20:52:26.774291Z DEBUG turnstone::selfdrive: finished accessibility update; begin scenario tick
2026-10-05T20:52:26.774315Z DEBUG turnstone::selfdrive: finished scenario tick
2026-10-05T20:52:26.774635Z DEBUG turnstone::selfdrive: begin accessibility event delivery redraw=true
2026-10-05T20:52:26.774667Z DEBUG turnstone::selfdrive: finished accessibility event delivery
2026-10-05T20:52:26.774681Z DEBUG turnstone::selfdrive: begin render
2026-10-05T20:52:26.808543Z DEBUG turnstone::selfdrive: finished render; begin accessibility update
2026-10-05T20:52:26.808929Z DEBUG turnstone::selfdrive: finished accessibility update; begin scenario tick
2026-10-05T20:52:26.809007Z DEBUG turnstone::selfdrive: finished scenario tick
2026-10-05T20:52:26.809299Z DEBUG turnstone::selfdrive: begin accessibility event delivery redraw=true
2026-10-05T20:52:26.809326Z DEBUG turnstone::selfdrive: finished accessibility event delivery
2026-10-05T20:52:26.809338Z DEBUG turnstone::selfdrive: begin render
2026-10-05T20:52:26.840893Z DEBUG turnstone::selfdrive: finished render; begin accessibility update
2026-10-05T20:52:26.840950Z DEBUG turnstone::selfdrive: finished accessibility update; begin scenario tick
2026-10-05T20:52:26.841026Z DEBUG turnstone::selfdrive: begin app step verb="key"
2026-10-05T20:52:26.841680Z DEBUG turnstone::selfdrive: finished app step ok=true
2026-10-05T20:52:26.841715Z DEBUG turnstone::selfdrive: finished scenario tick
2026-10-05T20:52:26.841979Z DEBUG turnstone::selfdrive: begin accessibility event delivery redraw=true
2026-10-05T20:52:26.842002Z DEBUG turnstone::selfdrive: finished accessibility event delivery
2026-10-05T20:52:26.842012Z DEBUG turnstone::selfdrive: begin render
2026-10-05T20:52:26.862126Z DEBUG turnstone::selfdrive: finished render; begin accessibility update
2026-10-05T20:52:26.862172Z DEBUG turnstone::selfdrive: finished accessibility update; begin scenario tick
2026-10-05T20:52:26.862194Z DEBUG turnstone::selfdrive: begin app step verb="open"
2026-10-05T20:52:26.868865Z  WARN turnstone::gemini_identity: failed to project Gemini client identity error=client identities are only valid for gemini:// or titan:// capsules
2026-10-05T20:52:26.869112Z DEBUG turnstone::selfdrive: finished app step ok=true
2026-10-05T20:52:26.869142Z DEBUG turnstone::selfdrive: finished scenario tick
2026-10-05T20:52:26.869413Z DEBUG turnstone::selfdrive: begin accessibility event delivery redraw=true
2026-10-05T20:52:26.869439Z DEBUG turnstone::selfdrive: finished accessibility event delivery
2026-10-05T20:52:26.869448Z DEBUG turnstone::selfdrive: begin render
2026-10-05T20:52:26.977662Z DEBUG turnstone::selfdrive: finished render; begin accessibility update
2026-10-05T20:52:26.977722Z DEBUG turnstone::selfdrive: finished accessibility update; begin scenario tick
2026-10-05T20:52:26.977755Z DEBUG turnstone::selfdrive: finished scenario tick
2026-10-05T20:52:26.978199Z  INFO turnstone::browse: page fetched url=http://127.0.0.1:43123/page-a.html content_type=Some("text/html") bytes=2040
2026-10-05T20:52:26.989933Z  INFO turnstone::browse: node title enriched from the page url=http://127.0.0.1:43123/page-a.html title=Scry A
2026-10-05T20:52:27.015507Z DEBUG turnstone::selfdrive: begin accessibility event delivery redraw=true
2026-10-05T20:52:27.015566Z DEBUG turnstone::selfdrive: finished accessibility event delivery
2026-10-05T20:52:27.015580Z DEBUG turnstone::selfdrive: begin render
2026-10-05T20:52:27.125595Z DEBUG turnstone::selfdrive: finished render; begin accessibility update
2026-10-05T20:52:27.125655Z DEBUG turnstone::selfdrive: finished accessibility update; begin scenario tick
2026-10-05T20:52:27.125683Z DEBUG turnstone::selfdrive: finished scenario tick
2026-10-05T20:52:27.126056Z DEBUG turnstone::selfdrive: begin accessibility event delivery redraw=true
2026-10-05T20:52:27.126082Z DEBUG turnstone::selfdrive: finished accessibility event delivery
2026-10-05T20:52:27.126094Z DEBUG turnstone::selfdrive: begin render
2026-10-05T20:52:27.163755Z DEBUG turnstone::selfdrive: finished render; begin accessibility update
2026-10-05T20:52:27.163899Z DEBUG turnstone::selfdrive: finished accessibility update; begin scenario tick
2026-10-05T20:52:27.163984Z DEBUG turnstone::selfdrive: finished scenario tick
2026-10-05T20:52:27.164526Z DEBUG turnstone::selfdrive: begin accessibility event delivery redraw=true
2026-10-05T20:52:27.164569Z DEBUG turnstone::selfdrive: finished accessibility event delivery
2026-10-05T20:52:27.164580Z DEBUG turnstone::selfdrive: begin render
2026-10-05T20:52:27.199679Z DEBUG turnstone::selfdrive: finished render; begin accessibility update
2026-10-05T20:52:27.199745Z DEBUG turnstone::selfdrive: finished accessibility update; begin scenario tick
2026-10-05T20:52:27.199777Z DEBUG turnstone::selfdrive: finished scenario tick
2026-10-05T20:52:27.200093Z DEBUG turnstone::selfdrive: begin accessibility event delivery redraw=true
2026-10-05T20:52:27.200124Z DEBUG turnstone::selfdrive: finished accessibility event delivery
2026-10-05T20:52:27.200138Z DEBUG turnstone::selfdrive: begin render
2026-10-05T20:52:27.228900Z DEBUG turnstone::selfdrive: finished render; begin accessibility update
2026-10-05T20:52:27.228960Z DEBUG turnstone::selfdrive: finished accessibility update; begin scenario tick
2026-10-05T20:52:27.228990Z DEBUG turnstone::selfdrive: finished scenario tick
2026-10-05T20:52:27.229291Z DEBUG turnstone::selfdrive: begin accessibility event delivery redraw=true
2026-10-05T20:52:27.229324Z DEBUG turnstone::selfdrive: finished accessibility event delivery
2026-10-05T20:52:27.229358Z DEBUG turnstone::selfdrive: begin render
2026-10-05T20:52:27.265180Z DEBUG turnstone::selfdrive: finished render; begin accessibility update
2026-10-05T20:52:27.265229Z DEBUG turnstone::selfdrive: finished accessibility update; begin scenario tick
2026-10-05T20:52:27.265253Z DEBUG turnstone::selfdrive: finished scenario tick
2026-10-05T20:52:27.265541Z DEBUG turnstone::selfdrive: begin accessibility event delivery redraw=true
2026-10-05T20:52:27.265574Z DEBUG turnstone::selfdrive: finished accessibility event delivery
2026-10-05T20:52:27.265586Z DEBUG turnstone::selfdrive: begin render
2026-10-05T20:52:27.295497Z DEBUG turnstone::selfdrive: finished render; begin accessibility update
2026-10-05T20:52:27.295550Z DEBUG turnstone::selfdrive: finished accessibility update; begin scenario tick
2026-10-05T20:52:27.295577Z DEBUG turnstone::selfdrive: finished scenario tick
2026-10-05T20:52:27.295959Z DEBUG turnstone::selfdrive: begin accessibility event delivery redraw=true
2026-10-05T20:52:27.295998Z DEBUG turnstone::selfdrive: finished accessibility event delivery
2026-10-05T20:52:27.296011Z DEBUG turnstone::selfdrive: begin render
2026-10-05T20:52:27.327816Z DEBUG turnstone::selfdrive: finished render; begin accessibility update
2026-10-05T20:52:27.327875Z DEBUG turnstone::selfdrive: finished accessibility update; begin scenario tick
2026-10-05T20:52:27.327901Z DEBUG turnstone::selfdrive: finished scenario tick
2026-10-05T20:52:27.328226Z DEBUG turnstone::selfdrive: begin accessibility event delivery redraw=true
2026-10-05T20:52:27.328253Z DEBUG turnstone::selfdrive: finished accessibility event delivery
2026-10-05T20:52:27.328264Z DEBUG turnstone::selfdrive: begin render
2026-10-05T20:52:27.359537Z DEBUG turnstone::selfdrive: finished render; begin accessibility update
2026-10-05T20:52:27.359601Z DEBUG turnstone::selfdrive: finished accessibility update; begin scenario tick
2026-10-05T20:52:27.359633Z DEBUG turnstone::selfdrive: finished scenario tick
2026-10-05T20:52:27.360008Z DEBUG turnstone::selfdrive: begin accessibility event delivery redraw=true
2026-10-05T20:52:27.360043Z DEBUG turnstone::selfdrive: finished accessibility event delivery
2026-10-05T20:52:27.360055Z DEBUG turnstone::selfdrive: begin render
2026-10-05T20:52:27.398033Z DEBUG turnstone::selfdrive: finished render; begin accessibility update
2026-10-05T20:52:27.398097Z DEBUG turnstone::selfdrive: finished accessibility update; begin scenario tick
2026-10-05T20:52:27.398122Z DEBUG turnstone::selfdrive: finished scenario tick
2026-10-05T20:52:27.398529Z DEBUG turnstone::selfdrive: begin accessibility event delivery redraw=true
2026-10-05T20:52:27.398571Z DEBUG turnstone::selfdrive: finished accessibility event delivery
2026-10-05T20:52:27.398585Z DEBUG turnstone::selfdrive: begin render
2026-10-05T20:52:27.437641Z DEBUG turnstone::selfdrive: finished render; begin accessibility update
2026-10-05T20:52:27.437704Z DEBUG turnstone::selfdrive: finished accessibility update; begin scenario tick
2026-10-05T20:52:27.437733Z DEBUG turnstone::selfdrive: finished scenario tick
2026-10-05T20:52:27.438081Z DEBUG turnstone::selfdrive: begin accessibility event delivery redraw=true
2026-10-05T20:52:27.438110Z DEBUG turnstone::selfdrive: finished accessibility event delivery
2026-10-05T20:52:27.438121Z DEBUG turnstone::selfdrive: begin render
2026-10-05T20:52:27.476795Z DEBUG turnstone::selfdrive: finished render; begin accessibility update
2026-10-05T20:52:27.476843Z DEBUG turnstone::selfdrive: finished accessibility update; begin scenario tick
2026-10-05T20:52:27.476863Z DEBUG turnstone::selfdrive: finished scenario tick
2026-10-05T20:52:27.477186Z DEBUG turnstone::selfdrive: begin accessibility event delivery redraw=true
2026-10-05T20:52:27.477218Z DEBUG turnstone::selfdrive: finished accessibility event delivery
2026-10-05T20:52:27.477229Z DEBUG turnstone::selfdrive: begin render
2026-10-05T20:52:27.519346Z DEBUG turnstone::selfdrive: finished render; begin accessibility update
2026-10-05T20:52:27.519401Z DEBUG turnstone::selfdrive: finished accessibility update; begin scenario tick
2026-10-05T20:52:27.519427Z DEBUG turnstone::selfdrive: finished scenario tick
2026-10-05T20:52:27.519780Z DEBUG turnstone::selfdrive: begin accessibility event delivery redraw=true
2026-10-05T20:52:27.519809Z DEBUG turnstone::selfdrive: finished accessibility event delivery
2026-10-05T20:52:27.519822Z DEBUG turnstone::selfdrive: begin render
2026-10-05T20:52:27.558569Z DEBUG turnstone::selfdrive: finished render; begin accessibility update
2026-10-05T20:52:27.558621Z DEBUG turnstone::selfdrive: finished accessibility update; begin scenario tick
2026-10-05T20:52:27.558645Z DEBUG turnstone::selfdrive: finished scenario tick
2026-10-05T20:52:27.559065Z DEBUG turnstone::selfdrive: begin accessibility event delivery redraw=true
2026-10-05T20:52:27.559094Z DEBUG turnstone::selfdrive: finished accessibility event delivery
2026-10-05T20:52:27.559105Z DEBUG turnstone::selfdrive: begin render
2026-10-05T20:52:27.595698Z DEBUG turnstone::selfdrive: finished render; begin accessibility update
2026-10-05T20:52:27.595749Z DEBUG turnstone::selfdrive: finished accessibility update; begin scenario tick
2026-10-05T20:52:27.595772Z DEBUG turnstone::selfdrive: finished scenario tick
2026-10-05T20:52:27.596126Z DEBUG turnstone::selfdrive: begin accessibility event delivery redraw=true
2026-10-05T20:52:27.596161Z DEBUG turnstone::selfdrive: finished accessibility event delivery
2026-10-05T20:52:27.596174Z DEBUG turnstone::selfdrive: begin render
2026-10-05T20:52:27.629813Z DEBUG turnstone::selfdrive: finished render; begin accessibility update
2026-10-05T20:52:27.629868Z DEBUG turnstone::selfdrive: finished accessibility update; begin scenario tick
2026-10-05T20:52:27.629891Z DEBUG turnstone::selfdrive: finished scenario tick
2026-10-05T20:52:27.630270Z DEBUG turnstone::selfdrive: begin accessibility event delivery redraw=true
2026-10-05T20:52:27.630300Z DEBUG turnstone::selfdrive: finished accessibility event delivery
2026-10-05T20:52:27.630312Z DEBUG turnstone::selfdrive: begin render
2026-10-05T20:52:27.670065Z DEBUG turnstone::selfdrive: finished render; begin accessibility update
2026-10-05T20:52:27.670158Z DEBUG turnstone::selfdrive: finished accessibility update; begin scenario tick
2026-10-05T20:52:27.670186Z DEBUG turnstone::selfdrive: finished scenario tick
2026-10-05T20:52:27.670532Z DEBUG turnstone::selfdrive: begin accessibility event delivery redraw=true
2026-10-05T20:52:27.670559Z DEBUG turnstone::selfdrive: finished accessibility event delivery
2026-10-05T20:52:27.670568Z DEBUG turnstone::selfdrive: begin render
2026-10-05T20:52:27.708403Z DEBUG turnstone::selfdrive: finished render; begin accessibility update
2026-10-05T20:52:27.708456Z DEBUG turnstone::selfdrive: finished accessibility update; begin scenario tick
2026-10-05T20:52:27.708491Z DEBUG turnstone::selfdrive: finished scenario tick
2026-10-05T20:52:27.708852Z DEBUG turnstone::selfdrive: begin accessibility event delivery redraw=true
2026-10-05T20:52:27.708888Z DEBUG turnstone::selfdrive: finished accessibility event delivery
2026-10-05T20:52:27.708900Z DEBUG turnstone::selfdrive: begin render
2026-10-05T20:52:27.748025Z DEBUG turnstone::selfdrive: finished render; begin accessibility update
2026-10-05T20:52:27.748095Z DEBUG turnstone::selfdrive: finished accessibility update; begin scenario tick
2026-10-05T20:52:27.748147Z DEBUG turnstone::selfdrive: finished scenario tick
2026-10-05T20:52:27.748599Z DEBUG turnstone::selfdrive: begin accessibility event delivery redraw=true
2026-10-05T20:52:27.748628Z DEBUG turnstone::selfdrive: finished accessibility event delivery
2026-10-05T20:52:27.748652Z DEBUG turnstone::selfdrive: begin render
2026-10-05T20:52:27.787894Z DEBUG turnstone::selfdrive: finished render; begin accessibility update
2026-10-05T20:52:27.787954Z DEBUG turnstone::selfdrive: finished accessibility update; begin scenario tick
2026-10-05T20:52:27.787979Z DEBUG turnstone::selfdrive: finished scenario tick
2026-10-05T20:52:27.788315Z DEBUG turnstone::selfdrive: begin accessibility event delivery redraw=true
2026-10-05T20:52:27.788342Z DEBUG turnstone::selfdrive: finished accessibility event delivery
2026-10-05T20:52:27.788353Z DEBUG turnstone::selfdrive: begin render
2026-10-05T20:52:27.820965Z DEBUG turnstone::selfdrive: finished render; begin accessibility update
2026-10-05T20:52:27.821018Z DEBUG turnstone::selfdrive: finished accessibility update; begin scenario tick
2026-10-05T20:52:27.821048Z DEBUG turnstone::selfdrive: finished scenario tick
2026-10-05T20:52:27.821403Z DEBUG turnstone::selfdrive: begin accessibility event delivery redraw=true
2026-10-05T20:52:27.821434Z DEBUG turnstone::selfdrive: finished accessibility event delivery
2026-10-05T20:52:27.821446Z DEBUG turnstone::selfdrive: begin render
2026-10-05T20:52:27.857916Z DEBUG turnstone::selfdrive: finished render; begin accessibility update
2026-10-05T20:52:27.857970Z DEBUG turnstone::selfdrive: finished accessibility update; begin scenario tick
2026-10-05T20:52:27.857997Z DEBUG turnstone::selfdrive: finished scenario tick
2026-10-05T20:52:27.858313Z DEBUG turnstone::selfdrive: begin accessibility event delivery redraw=true
2026-10-05T20:52:27.858336Z DEBUG turnstone::selfdrive: finished accessibility event delivery
2026-10-05T20:52:27.858346Z DEBUG turnstone::selfdrive: begin render
2026-10-05T20:52:27.889843Z DEBUG turnstone::selfdrive: finished render; begin accessibility update
2026-10-05T20:52:27.889899Z DEBUG turnstone::selfdrive: finished accessibility update; begin scenario tick
2026-10-05T20:52:27.889926Z DEBUG turnstone::selfdrive: finished scenario tick
2026-10-05T20:52:27.890261Z DEBUG turnstone::selfdrive: begin accessibility event delivery redraw=true
2026-10-05T20:52:27.890290Z DEBUG turnstone::selfdrive: finished accessibility event delivery
2026-10-05T20:52:27.890302Z DEBUG turnstone::selfdrive: begin render
2026-10-05T20:52:27.923892Z DEBUG turnstone::selfdrive: finished render; begin accessibility update
2026-10-05T20:52:27.923948Z DEBUG turnstone::selfdrive: finished accessibility update; begin scenario tick
2026-10-05T20:52:27.924005Z DEBUG turnstone::selfdrive: finished scenario tick
2026-10-05T20:52:27.924397Z DEBUG turnstone::selfdrive: begin accessibility event delivery redraw=true
2026-10-05T20:52:27.924427Z DEBUG turnstone::selfdrive: finished accessibility event delivery
2026-10-05T20:52:27.924437Z DEBUG turnstone::selfdrive: begin render
2026-10-05T20:52:27.962388Z DEBUG turnstone::selfdrive: finished render; begin accessibility update
2026-10-05T20:52:27.962488Z DEBUG turnstone::selfdrive: finished accessibility update; begin scenario tick
2026-10-05T20:52:27.962523Z DEBUG turnstone::selfdrive: finished scenario tick
2026-10-05T20:52:27.962852Z DEBUG turnstone::selfdrive: begin accessibility event delivery redraw=true
2026-10-05T20:52:27.962881Z DEBUG turnstone::selfdrive: finished accessibility event delivery
2026-10-05T20:52:27.962890Z DEBUG turnstone::selfdrive: begin render
2026-10-05T20:52:28.000317Z DEBUG turnstone::selfdrive: finished render; begin accessibility update
2026-10-05T20:52:28.000377Z DEBUG turnstone::selfdrive: finished accessibility update; begin scenario tick
2026-10-05T20:52:28.000406Z DEBUG turnstone::selfdrive: finished scenario tick
2026-10-05T20:52:28.000767Z DEBUG turnstone::selfdrive: begin accessibility event delivery redraw=true
2026-10-05T20:52:28.000808Z DEBUG turnstone::selfdrive: finished accessibility event delivery
2026-10-05T20:52:28.000822Z DEBUG turnstone::selfdrive: begin render
2026-10-05T20:52:28.032956Z DEBUG turnstone::selfdrive: finished render; begin accessibility update
2026-10-05T20:52:28.033001Z DEBUG turnstone::selfdrive: finished accessibility update; begin scenario tick
2026-10-05T20:52:28.033027Z DEBUG turnstone::selfdrive: finished scenario tick
2026-10-05T20:52:28.033365Z DEBUG turnstone::selfdrive: begin accessibility event delivery redraw=true
2026-10-05T20:52:28.033398Z DEBUG turnstone::selfdrive: finished accessibility event delivery
2026-10-05T20:52:28.033411Z DEBUG turnstone::selfdrive: begin render
2026-10-05T20:52:28.069970Z DEBUG turnstone::selfdrive: finished render; begin accessibility update
2026-10-05T20:52:28.070904Z DEBUG turnstone::selfdrive: finished accessibility update; begin scenario tick
2026-10-05T20:52:28.070961Z DEBUG turnstone::selfdrive: finished scenario tick
2026-10-05T20:52:28.071263Z DEBUG turnstone::selfdrive: begin accessibility event delivery redraw=true
2026-10-05T20:52:28.071291Z DEBUG turnstone::selfdrive: finished accessibility event delivery
2026-10-05T20:52:28.071303Z DEBUG turnstone::selfdrive: begin render
2026-10-05T20:52:28.108024Z DEBUG turnstone::selfdrive: finished render; begin accessibility update
2026-10-05T20:52:28.108085Z DEBUG turnstone::selfdrive: finished accessibility update; begin scenario tick
2026-10-05T20:52:28.108113Z DEBUG turnstone::selfdrive: finished scenario tick
2026-10-05T20:52:28.108432Z DEBUG turnstone::selfdrive: begin accessibility event delivery redraw=true
2026-10-05T20:52:28.108466Z DEBUG turnstone::selfdrive: finished accessibility event delivery
2026-10-05T20:52:28.108480Z DEBUG turnstone::selfdrive: begin render
2026-10-05T20:52:28.141104Z DEBUG turnstone::selfdrive: finished render; begin accessibility update
2026-10-05T20:52:28.141159Z DEBUG turnstone::selfdrive: finished accessibility update; begin scenario tick
2026-10-05T20:52:28.141186Z DEBUG turnstone::selfdrive: finished scenario tick
2026-10-05T20:52:28.141514Z DEBUG turnstone::selfdrive: begin accessibility event delivery redraw=true
2026-10-05T20:52:28.141573Z DEBUG turnstone::selfdrive: finished accessibility event delivery
2026-10-05T20:52:28.141592Z DEBUG turnstone::selfdrive: begin render
2026-10-05T20:52:28.177344Z DEBUG turnstone::selfdrive: finished render; begin accessibility update
2026-10-05T20:52:28.177402Z DEBUG turnstone::selfdrive: finished accessibility update; begin scenario tick
2026-10-05T20:52:28.177429Z DEBUG turnstone::selfdrive: finished scenario tick
2026-10-05T20:52:28.177776Z DEBUG turnstone::selfdrive: begin accessibility event delivery redraw=true
2026-10-05T20:52:28.177804Z DEBUG turnstone::selfdrive: finished accessibility event delivery
2026-10-05T20:52:28.177816Z DEBUG turnstone::selfdrive: begin render
2026-10-05T20:52:28.215437Z DEBUG turnstone::selfdrive: finished render; begin accessibility update
2026-10-05T20:52:28.215497Z DEBUG turnstone::selfdrive: finished accessibility update; begin scenario tick
2026-10-05T20:52:28.215530Z DEBUG turnstone::selfdrive: finished scenario tick
2026-10-05T20:52:28.215983Z DEBUG turnstone::selfdrive: begin accessibility event delivery redraw=true
2026-10-05T20:52:28.216018Z DEBUG turnstone::selfdrive: finished accessibility event delivery
2026-10-05T20:52:28.216030Z DEBUG turnstone::selfdrive: begin render
2026-10-05T20:52:28.251765Z DEBUG turnstone::selfdrive: finished render; begin accessibility update
2026-10-05T20:52:28.251820Z DEBUG turnstone::selfdrive: finished accessibility update; begin scenario tick
2026-10-05T20:52:28.251842Z DEBUG turnstone::selfdrive: finished scenario tick
2026-10-05T20:52:28.252528Z DEBUG turnstone::selfdrive: begin accessibility event delivery redraw=true
2026-10-05T20:52:28.252563Z DEBUG turnstone::selfdrive: finished accessibility event delivery
2026-10-05T20:52:28.252574Z DEBUG turnstone::selfdrive: begin render
2026-10-05T20:52:28.290723Z DEBUG turnstone::selfdrive: finished render; begin accessibility update
2026-10-05T20:52:28.290794Z DEBUG turnstone::selfdrive: finished accessibility update; begin scenario tick
2026-10-05T20:52:28.290825Z DEBUG turnstone::selfdrive: finished scenario tick
2026-10-05T20:52:28.291123Z DEBUG turnstone::selfdrive: begin accessibility event delivery redraw=true
2026-10-05T20:52:28.291152Z DEBUG turnstone::selfdrive: finished accessibility event delivery
2026-10-05T20:52:28.291163Z DEBUG turnstone::selfdrive: begin render
2026-10-05T20:52:28.328415Z DEBUG turnstone::selfdrive: finished render; begin accessibility update
2026-10-05T20:52:28.328474Z DEBUG turnstone::selfdrive: finished accessibility update; begin scenario tick
2026-10-05T20:52:28.328501Z DEBUG turnstone::selfdrive: finished scenario tick
2026-10-05T20:52:28.328811Z DEBUG turnstone::selfdrive: begin accessibility event delivery redraw=true
2026-10-05T20:52:28.328842Z DEBUG turnstone::selfdrive: finished accessibility event delivery
2026-10-05T20:52:28.328870Z DEBUG turnstone::selfdrive: begin render
2026-10-05T20:52:28.363458Z DEBUG turnstone::selfdrive: finished render; begin accessibility update
2026-10-05T20:52:28.363502Z DEBUG turnstone::selfdrive: finished accessibility update; begin scenario tick
2026-10-05T20:52:28.363520Z DEBUG turnstone::selfdrive: finished scenario tick
2026-10-05T20:52:28.363810Z DEBUG turnstone::selfdrive: begin accessibility event delivery redraw=true
2026-10-05T20:52:28.363841Z DEBUG turnstone::selfdrive: finished accessibility event delivery
2026-10-05T20:52:28.363859Z DEBUG turnstone::selfdrive: begin render
2026-10-05T20:52:28.400451Z DEBUG turnstone::selfdrive: finished render; begin accessibility update
2026-10-05T20:52:28.400509Z DEBUG turnstone::selfdrive: finished accessibility update; begin scenario tick
2026-10-05T20:52:28.400538Z DEBUG turnstone::selfdrive: finished scenario tick
2026-10-05T20:52:28.400859Z DEBUG turnstone::selfdrive: begin accessibility event delivery redraw=true
2026-10-05T20:52:28.400899Z DEBUG turnstone::selfdrive: finished accessibility event delivery
2026-10-05T20:52:28.400912Z DEBUG turnstone::selfdrive: begin render
2026-10-05T20:52:28.437297Z DEBUG turnstone::selfdrive: finished render; begin accessibility update
2026-10-05T20:52:28.437359Z DEBUG turnstone::selfdrive: finished accessibility update; begin scenario tick
2026-10-05T20:52:28.437390Z DEBUG turnstone::selfdrive: finished scenario tick
2026-10-05T20:52:28.437738Z DEBUG turnstone::selfdrive: begin accessibility event delivery redraw=true
2026-10-05T20:52:28.437775Z DEBUG turnstone::selfdrive: finished accessibility event delivery
2026-10-05T20:52:28.437787Z DEBUG turnstone::selfdrive: begin render
2026-10-05T20:52:28.466697Z DEBUG turnstone::selfdrive: finished render; begin accessibility update
2026-10-05T20:52:28.466746Z DEBUG turnstone::selfdrive: finished accessibility update; begin scenario tick
2026-10-05T20:52:28.466773Z DEBUG turnstone::selfdrive: finished scenario tick
2026-10-05T20:52:28.467041Z DEBUG turnstone::selfdrive: begin accessibility event delivery redraw=true
2026-10-05T20:52:28.467072Z DEBUG turnstone::selfdrive: finished accessibility event delivery
2026-10-05T20:52:28.467082Z DEBUG turnstone::selfdrive: begin render
2026-10-05T20:52:28.501713Z DEBUG turnstone::selfdrive: finished render; begin accessibility update
2026-10-05T20:52:28.501766Z DEBUG turnstone::selfdrive: finished accessibility update; begin scenario tick
2026-10-05T20:52:28.501792Z DEBUG turnstone::selfdrive: finished scenario tick
2026-10-05T20:52:28.502148Z DEBUG turnstone::selfdrive: begin accessibility event delivery redraw=true
2026-10-05T20:52:28.502183Z DEBUG turnstone::selfdrive: finished accessibility event delivery
2026-10-05T20:52:28.502195Z DEBUG turnstone::selfdrive: begin render
2026-10-05T20:52:28.533451Z DEBUG turnstone::selfdrive: finished render; begin accessibility update
2026-10-05T20:52:28.533506Z DEBUG turnstone::selfdrive: finished accessibility update; begin scenario tick
2026-10-05T20:52:28.533529Z DEBUG turnstone::selfdrive: finished scenario tick
2026-10-05T20:52:28.533848Z DEBUG turnstone::selfdrive: begin accessibility event delivery redraw=true
2026-10-05T20:52:28.533876Z DEBUG turnstone::selfdrive: finished accessibility event delivery
2026-10-05T20:52:28.533887Z DEBUG turnstone::selfdrive: begin render
2026-10-05T20:52:28.568967Z DEBUG turnstone::selfdrive: finished render; begin accessibility update
2026-10-05T20:52:28.569025Z DEBUG turnstone::selfdrive: finished accessibility update; begin scenario tick
2026-10-05T20:52:28.569056Z DEBUG turnstone::selfdrive: finished scenario tick
2026-10-05T20:52:28.569446Z DEBUG turnstone::selfdrive: begin accessibility event delivery redraw=true
2026-10-05T20:52:28.569486Z DEBUG turnstone::selfdrive: finished accessibility event delivery
2026-10-05T20:52:28.569498Z DEBUG turnstone::selfdrive: begin render
2026-10-05T20:52:28.606086Z DEBUG turnstone::selfdrive: finished render; begin accessibility update
2026-10-05T20:52:28.606146Z DEBUG turnstone::selfdrive: finished accessibility update; begin scenario tick
2026-10-05T20:52:28.606178Z DEBUG turnstone::selfdrive: finished scenario tick
2026-10-05T20:52:28.606583Z DEBUG turnstone::selfdrive: begin accessibility event delivery redraw=true
2026-10-05T20:52:28.606619Z DEBUG turnstone::selfdrive: finished accessibility event delivery
2026-10-05T20:52:28.606632Z DEBUG turnstone::selfdrive: begin render
2026-10-05T20:52:28.639681Z DEBUG turnstone::selfdrive: finished render; begin accessibility update
2026-10-05T20:52:28.639737Z DEBUG turnstone::selfdrive: finished accessibility update; begin scenario tick
2026-10-05T20:52:28.639764Z DEBUG turnstone::selfdrive: finished scenario tick
2026-10-05T20:52:28.640038Z DEBUG turnstone::selfdrive: begin accessibility event delivery redraw=true
2026-10-05T20:52:28.640067Z DEBUG turnstone::selfdrive: finished accessibility event delivery
2026-10-05T20:52:28.640079Z DEBUG turnstone::selfdrive: begin render
2026-10-05T20:52:28.674695Z DEBUG turnstone::selfdrive: finished render; begin accessibility update
2026-10-05T20:52:28.674744Z DEBUG turnstone::selfdrive: finished accessibility update; begin scenario tick
2026-10-05T20:52:28.674772Z DEBUG turnstone::selfdrive: finished scenario tick
2026-10-05T20:52:28.675102Z DEBUG turnstone::selfdrive: begin accessibility event delivery redraw=true
2026-10-05T20:52:28.675141Z DEBUG turnstone::selfdrive: finished accessibility event delivery
2026-10-05T20:52:28.675154Z DEBUG turnstone::selfdrive: begin render
2026-10-05T20:52:28.712220Z DEBUG turnstone::selfdrive: finished render; begin accessibility update
2026-10-05T20:52:28.712271Z DEBUG turnstone::selfdrive: finished accessibility update; begin scenario tick
2026-10-05T20:52:28.712296Z DEBUG turnstone::selfdrive: finished scenario tick
2026-10-05T20:52:28.712684Z DEBUG turnstone::selfdrive: begin accessibility event delivery redraw=true
2026-10-05T20:52:28.712725Z DEBUG turnstone::selfdrive: finished accessibility event delivery
2026-10-05T20:52:28.712737Z DEBUG turnstone::selfdrive: begin render
2026-10-05T20:52:28.749660Z DEBUG turnstone::selfdrive: finished render; begin accessibility update
2026-10-05T20:52:28.749722Z DEBUG turnstone::selfdrive: finished accessibility update; begin scenario tick
2026-10-05T20:52:28.749756Z DEBUG turnstone::selfdrive: finished scenario tick
2026-10-05T20:52:28.750102Z DEBUG turnstone::selfdrive: begin accessibility event delivery redraw=true
2026-10-05T20:52:28.750183Z DEBUG turnstone::selfdrive: finished accessibility event delivery
2026-10-05T20:52:28.750217Z DEBUG turnstone::selfdrive: begin render
2026-10-05T20:52:28.788624Z DEBUG turnstone::selfdrive: finished render; begin accessibility update
2026-10-05T20:52:28.788678Z DEBUG turnstone::selfdrive: finished accessibility update; begin scenario tick
2026-10-05T20:52:28.788702Z DEBUG turnstone::selfdrive: finished scenario tick
2026-10-05T20:52:28.789025Z DEBUG turnstone::selfdrive: begin accessibility event delivery redraw=true
2026-10-05T20:52:28.789054Z DEBUG turnstone::selfdrive: finished accessibility event delivery
2026-10-05T20:52:28.789065Z DEBUG turnstone::selfdrive: begin render
2026-10-05T20:52:28.822891Z DEBUG turnstone::selfdrive: finished render; begin accessibility update
2026-10-05T20:52:28.822952Z DEBUG turnstone::selfdrive: finished accessibility update; begin scenario tick
2026-10-05T20:52:28.822980Z DEBUG turnstone::selfdrive: finished scenario tick
2026-10-05T20:52:28.823408Z DEBUG turnstone::selfdrive: begin accessibility event delivery redraw=true
2026-10-05T20:52:28.823435Z DEBUG turnstone::selfdrive: finished accessibility event delivery
2026-10-05T20:52:28.823445Z DEBUG turnstone::selfdrive: begin render
2026-10-05T20:52:28.856191Z DEBUG turnstone::selfdrive: finished render; begin accessibility update
2026-10-05T20:52:28.856249Z DEBUG turnstone::selfdrive: finished accessibility update; begin scenario tick
2026-10-05T20:52:28.856283Z DEBUG turnstone::selfdrive: finished scenario tick
2026-10-05T20:52:28.856700Z DEBUG turnstone::selfdrive: begin accessibility event delivery redraw=true
2026-10-05T20:52:28.856739Z DEBUG turnstone::selfdrive: finished accessibility event delivery
2026-10-05T20:52:28.856757Z DEBUG turnstone::selfdrive: begin render
2026-10-05T20:52:28.891386Z DEBUG turnstone::selfdrive: finished render; begin accessibility update
2026-10-05T20:52:28.891436Z DEBUG turnstone::selfdrive: finished accessibility update; begin scenario tick
2026-10-05T20:52:28.891466Z DEBUG turnstone::selfdrive: finished scenario tick
2026-10-05T20:52:28.891797Z DEBUG turnstone::selfdrive: begin accessibility event delivery redraw=true
2026-10-05T20:52:28.891847Z DEBUG turnstone::selfdrive: finished accessibility event delivery
2026-10-05T20:52:28.891862Z DEBUG turnstone::selfdrive: begin render
2026-10-05T20:52:28.925718Z DEBUG turnstone::selfdrive: finished render; begin accessibility update
2026-10-05T20:52:28.925778Z DEBUG turnstone::selfdrive: finished accessibility update; begin scenario tick
2026-10-05T20:52:28.925808Z DEBUG turnstone::selfdrive: finished scenario tick
2026-10-05T20:52:28.926163Z DEBUG turnstone::selfdrive: begin accessibility event delivery redraw=true
2026-10-05T20:52:28.926198Z DEBUG turnstone::selfdrive: finished accessibility event delivery
2026-10-05T20:52:28.926212Z DEBUG turnstone::selfdrive: begin render
2026-10-05T20:52:28.962351Z DEBUG turnstone::selfdrive: finished render; begin accessibility update
2026-10-05T20:52:28.962413Z DEBUG turnstone::selfdrive: finished accessibility update; begin scenario tick
2026-10-05T20:52:28.962440Z DEBUG turnstone::selfdrive: finished scenario tick
2026-10-05T20:52:28.962775Z DEBUG turnstone::selfdrive: begin accessibility event delivery redraw=true
2026-10-05T20:52:28.962806Z DEBUG turnstone::selfdrive: finished accessibility event delivery
2026-10-05T20:52:28.962815Z DEBUG turnstone::selfdrive: begin render
2026-10-05T20:52:28.999661Z DEBUG turnstone::selfdrive: finished render; begin accessibility update
2026-10-05T20:52:28.999721Z DEBUG turnstone::selfdrive: finished accessibility update; begin scenario tick
2026-10-05T20:52:28.999776Z DEBUG turnstone::selfdrive: finished scenario tick
2026-10-05T20:52:29.000047Z DEBUG turnstone::selfdrive: begin accessibility event delivery redraw=true
2026-10-05T20:52:29.000070Z DEBUG turnstone::selfdrive: finished accessibility event delivery
2026-10-05T20:52:29.000078Z DEBUG turnstone::selfdrive: begin render
2026-10-05T20:52:29.040629Z DEBUG turnstone::selfdrive: finished render; begin accessibility update
2026-10-05T20:52:29.040688Z DEBUG turnstone::selfdrive: finished accessibility update; begin scenario tick
2026-10-05T20:52:29.040719Z DEBUG turnstone::selfdrive: finished scenario tick
2026-10-05T20:52:29.041053Z DEBUG turnstone::selfdrive: begin accessibility event delivery redraw=true
2026-10-05T20:52:29.041090Z DEBUG turnstone::selfdrive: finished accessibility event delivery
2026-10-05T20:52:29.041102Z DEBUG turnstone::selfdrive: begin render
2026-10-05T20:52:29.083028Z DEBUG turnstone::selfdrive: finished render; begin accessibility update
2026-10-05T20:52:29.083086Z DEBUG turnstone::selfdrive: finished accessibility update; begin scenario tick
2026-10-05T20:52:29.083117Z DEBUG turnstone::selfdrive: finished scenario tick
2026-10-05T20:52:29.083674Z DEBUG turnstone::selfdrive: begin accessibility event delivery redraw=true
2026-10-05T20:52:29.083704Z DEBUG turnstone::selfdrive: finished accessibility event delivery
2026-10-05T20:52:29.083714Z DEBUG turnstone::selfdrive: begin render
2026-10-05T20:52:29.116212Z DEBUG turnstone::selfdrive: finished render; begin accessibility update
2026-10-05T20:52:29.116264Z DEBUG turnstone::selfdrive: finished accessibility update; begin scenario tick
2026-10-05T20:52:29.116291Z DEBUG turnstone::selfdrive: finished scenario tick
2026-10-05T20:52:29.116627Z DEBUG turnstone::selfdrive: begin accessibility event delivery redraw=true
2026-10-05T20:52:29.116663Z DEBUG turnstone::selfdrive: finished accessibility event delivery
2026-10-05T20:52:29.116676Z DEBUG turnstone::selfdrive: begin render
2026-10-05T20:52:29.155634Z DEBUG turnstone::selfdrive: finished render; begin accessibility update
2026-10-05T20:52:29.156267Z DEBUG turnstone::selfdrive: finished accessibility update; begin scenario tick
2026-10-05T20:52:29.156329Z DEBUG turnstone::selfdrive: finished scenario tick
2026-10-05T20:52:29.156936Z DEBUG turnstone::selfdrive: begin accessibility event delivery redraw=true
2026-10-05T20:52:29.156967Z DEBUG turnstone::selfdrive: finished accessibility event delivery
2026-10-05T20:52:29.156978Z DEBUG turnstone::selfdrive: begin render
2026-10-05T20:52:29.191430Z DEBUG turnstone::selfdrive: finished render; begin accessibility update
2026-10-05T20:52:29.191488Z DEBUG turnstone::selfdrive: finished accessibility update; begin scenario tick
2026-10-05T20:52:29.191518Z DEBUG turnstone::selfdrive: finished scenario tick
2026-10-05T20:52:29.192002Z DEBUG turnstone::selfdrive: begin accessibility event delivery redraw=true
2026-10-05T20:52:29.192036Z DEBUG turnstone::selfdrive: finished accessibility event delivery
2026-10-05T20:52:29.192046Z DEBUG turnstone::selfdrive: begin render
2026-10-05T20:52:29.228784Z DEBUG turnstone::selfdrive: finished render; begin accessibility update
2026-10-05T20:52:29.228834Z DEBUG turnstone::selfdrive: finished accessibility update; begin scenario tick
2026-10-05T20:52:29.228859Z DEBUG turnstone::selfdrive: finished scenario tick
2026-10-05T20:52:29.229156Z DEBUG turnstone::selfdrive: begin accessibility event delivery redraw=true
2026-10-05T20:52:29.229183Z DEBUG turnstone::selfdrive: finished accessibility event delivery
2026-10-05T20:52:29.229194Z DEBUG turnstone::selfdrive: begin render
2026-10-05T20:52:29.266827Z DEBUG turnstone::selfdrive: finished render; begin accessibility update
2026-10-05T20:52:29.266892Z DEBUG turnstone::selfdrive: finished accessibility update; begin scenario tick
2026-10-05T20:52:29.266920Z DEBUG turnstone::selfdrive: finished scenario tick
2026-10-05T20:52:29.267295Z DEBUG turnstone::selfdrive: begin accessibility event delivery redraw=true
2026-10-05T20:52:29.267330Z DEBUG turnstone::selfdrive: finished accessibility event delivery
2026-10-05T20:52:29.267342Z DEBUG turnstone::selfdrive: begin render
2026-10-05T20:52:29.306470Z DEBUG turnstone::selfdrive: finished render; begin accessibility update
2026-10-05T20:52:29.306539Z DEBUG turnstone::selfdrive: finished accessibility update; begin scenario tick
2026-10-05T20:52:29.306574Z DEBUG turnstone::selfdrive: finished scenario tick
2026-10-05T20:52:29.306963Z DEBUG turnstone::selfdrive: begin accessibility event delivery redraw=true
2026-10-05T20:52:29.307005Z DEBUG turnstone::selfdrive: finished accessibility event delivery
2026-10-05T20:52:29.307019Z DEBUG turnstone::selfdrive: begin render
2026-10-05T20:52:29.343769Z DEBUG turnstone::selfdrive: finished render; begin accessibility update
2026-10-05T20:52:29.343818Z DEBUG turnstone::selfdrive: finished accessibility update; begin scenario tick
2026-10-05T20:52:29.343844Z DEBUG turnstone::selfdrive: finished scenario tick
2026-10-05T20:52:29.344174Z DEBUG turnstone::selfdrive: begin accessibility event delivery redraw=true
2026-10-05T20:52:29.344209Z DEBUG turnstone::selfdrive: finished accessibility event delivery
2026-10-05T20:52:29.344221Z DEBUG turnstone::selfdrive: begin render
2026-10-05T20:52:29.381873Z DEBUG turnstone::selfdrive: finished render; begin accessibility update
2026-10-05T20:52:29.381936Z DEBUG turnstone::selfdrive: finished accessibility update; begin scenario tick
2026-10-05T20:52:29.381966Z DEBUG turnstone::selfdrive: finished scenario tick
2026-10-05T20:52:29.382376Z DEBUG turnstone::selfdrive: begin accessibility event delivery redraw=true
2026-10-05T20:52:29.382412Z DEBUG turnstone::selfdrive: finished accessibility event delivery
2026-10-05T20:52:29.382423Z DEBUG turnstone::selfdrive: begin render
2026-10-05T20:52:29.422869Z DEBUG turnstone::selfdrive: finished render; begin accessibility update
2026-10-05T20:52:29.422926Z DEBUG turnstone::selfdrive: finished accessibility update; begin scenario tick
2026-10-05T20:52:29.422956Z DEBUG turnstone::selfdrive: finished scenario tick
2026-10-05T20:52:29.423264Z DEBUG turnstone::selfdrive: begin accessibility event delivery redraw=true
2026-10-05T20:52:29.423352Z DEBUG turnstone::selfdrive: finished accessibility event delivery
2026-10-05T20:52:29.423378Z DEBUG turnstone::selfdrive: begin render
2026-10-05T20:52:29.464561Z DEBUG turnstone::selfdrive: finished render; begin accessibility update
2026-10-05T20:52:29.464612Z DEBUG turnstone::selfdrive: finished accessibility update; begin scenario tick
2026-10-05T20:52:29.464636Z DEBUG turnstone::selfdrive: finished scenario tick
2026-10-05T20:52:29.465266Z DEBUG turnstone::selfdrive: begin accessibility event delivery redraw=true
2026-10-05T20:52:29.465304Z DEBUG turnstone::selfdrive: finished accessibility event delivery
2026-10-05T20:52:29.465317Z DEBUG turnstone::selfdrive: begin render
2026-10-05T20:52:29.517244Z DEBUG turnstone::selfdrive: finished render; begin accessibility update
2026-10-05T20:52:29.517307Z DEBUG turnstone::selfdrive: finished accessibility update; begin scenario tick
2026-10-05T20:52:29.517337Z DEBUG turnstone::selfdrive: finished scenario tick
2026-10-05T20:52:29.517961Z DEBUG turnstone::selfdrive: begin accessibility event delivery redraw=true
2026-10-05T20:52:29.517996Z DEBUG turnstone::selfdrive: finished accessibility event delivery
2026-10-05T20:52:29.518008Z DEBUG turnstone::selfdrive: begin render
2026-10-05T20:52:29.556508Z DEBUG turnstone::selfdrive: finished render; begin accessibility update
2026-10-05T20:52:29.556562Z DEBUG turnstone::selfdrive: finished accessibility update; begin scenario tick
2026-10-05T20:52:29.556585Z DEBUG turnstone::selfdrive: finished scenario tick
2026-10-05T20:52:29.556939Z DEBUG turnstone::selfdrive: begin accessibility event delivery redraw=true
2026-10-05T20:52:29.556968Z DEBUG turnstone::selfdrive: finished accessibility event delivery
2026-10-05T20:52:29.556978Z DEBUG turnstone::selfdrive: begin render
2026-10-05T20:52:29.595724Z DEBUG turnstone::selfdrive: finished render; begin accessibility update
2026-10-05T20:52:29.595780Z DEBUG turnstone::selfdrive: finished accessibility update; begin scenario tick
2026-10-05T20:52:29.595805Z DEBUG turnstone::selfdrive: finished scenario tick
2026-10-05T20:52:29.596175Z DEBUG turnstone::selfdrive: begin accessibility event delivery redraw=true
2026-10-05T20:52:29.596206Z DEBUG turnstone::selfdrive: finished accessibility event delivery
2026-10-05T20:52:29.596216Z DEBUG turnstone::selfdrive: begin render
2026-10-05T20:52:29.627298Z DEBUG turnstone::selfdrive: finished render; begin accessibility update
2026-10-05T20:52:29.627350Z DEBUG turnstone::selfdrive: finished accessibility update; begin scenario tick
2026-10-05T20:52:29.627376Z DEBUG turnstone::selfdrive: finished scenario tick
2026-10-05T20:52:29.627681Z DEBUG turnstone::selfdrive: begin accessibility event delivery redraw=true
2026-10-05T20:52:29.627715Z DEBUG turnstone::selfdrive: finished accessibility event delivery
2026-10-05T20:52:29.627726Z DEBUG turnstone::selfdrive: begin render
2026-10-05T20:52:29.663357Z DEBUG turnstone::selfdrive: finished render; begin accessibility update
2026-10-05T20:52:29.663406Z DEBUG turnstone::selfdrive: finished accessibility update; begin scenario tick
2026-10-05T20:52:29.663430Z DEBUG turnstone::selfdrive: finished scenario tick
2026-10-05T20:52:29.663730Z DEBUG turnstone::selfdrive: begin accessibility event delivery redraw=true
2026-10-05T20:52:29.663758Z DEBUG turnstone::selfdrive: finished accessibility event delivery
2026-10-05T20:52:29.663770Z DEBUG turnstone::selfdrive: begin render
2026-10-05T20:52:29.697345Z DEBUG turnstone::selfdrive: finished render; begin accessibility update
2026-10-05T20:52:29.697409Z DEBUG turnstone::selfdrive: finished accessibility update; begin scenario tick
2026-10-05T20:52:29.697441Z DEBUG turnstone::selfdrive: finished scenario tick
2026-10-05T20:52:29.697753Z DEBUG turnstone::selfdrive: begin accessibility event delivery redraw=true
2026-10-05T20:52:29.697793Z DEBUG turnstone::selfdrive: finished accessibility event delivery
2026-10-05T20:52:29.697807Z DEBUG turnstone::selfdrive: begin render
2026-10-05T20:52:29.733300Z DEBUG turnstone::selfdrive: finished render; begin accessibility update
2026-10-05T20:52:29.733373Z DEBUG turnstone::selfdrive: finished accessibility update; begin scenario tick
2026-10-05T20:52:29.733402Z DEBUG turnstone::selfdrive: finished scenario tick
2026-10-05T20:52:29.733791Z DEBUG turnstone::selfdrive: begin accessibility event delivery redraw=true
2026-10-05T20:52:29.733825Z DEBUG turnstone::selfdrive: finished accessibility event delivery
2026-10-05T20:52:29.733838Z DEBUG turnstone::selfdrive: begin render
2026-10-05T20:52:29.765920Z DEBUG turnstone::selfdrive: finished render; begin accessibility update
2026-10-05T20:52:29.765964Z DEBUG turnstone::selfdrive: finished accessibility update; begin scenario tick
2026-10-05T20:52:29.765987Z DEBUG turnstone::selfdrive: finished scenario tick
2026-10-05T20:52:29.766258Z DEBUG turnstone::selfdrive: begin accessibility event delivery redraw=true
2026-10-05T20:52:29.766286Z DEBUG turnstone::selfdrive: finished accessibility event delivery
2026-10-05T20:52:29.766295Z DEBUG turnstone::selfdrive: begin render
2026-10-05T20:52:29.801742Z DEBUG turnstone::selfdrive: finished render; begin accessibility update
2026-10-05T20:52:29.801793Z DEBUG turnstone::selfdrive: finished accessibility update; begin scenario tick
2026-10-05T20:52:29.801826Z DEBUG turnstone::selfdrive: finished scenario tick
2026-10-05T20:52:29.802136Z DEBUG turnstone::selfdrive: begin accessibility event delivery redraw=true
2026-10-05T20:52:29.802159Z DEBUG turnstone::selfdrive: finished accessibility event delivery
2026-10-05T20:52:29.802172Z DEBUG turnstone::selfdrive: begin render
2026-10-05T20:52:29.832370Z DEBUG turnstone::selfdrive: finished render; begin accessibility update
2026-10-05T20:52:29.832419Z DEBUG turnstone::selfdrive: finished accessibility update; begin scenario tick
2026-10-05T20:52:29.832436Z DEBUG turnstone::selfdrive: finished scenario tick
2026-10-05T20:52:29.832744Z DEBUG turnstone::selfdrive: begin accessibility event delivery redraw=true
2026-10-05T20:52:29.832780Z DEBUG turnstone::selfdrive: finished accessibility event delivery
2026-10-05T20:52:29.832793Z DEBUG turnstone::selfdrive: begin render
2026-10-05T20:52:29.866853Z DEBUG turnstone::selfdrive: finished render; begin accessibility update
2026-10-05T20:52:29.866907Z DEBUG turnstone::selfdrive: finished accessibility update; begin scenario tick
2026-10-05T20:52:29.866935Z DEBUG turnstone::selfdrive: finished scenario tick
2026-10-05T20:52:29.867246Z DEBUG turnstone::selfdrive: begin accessibility event delivery redraw=true
2026-10-05T20:52:29.867284Z DEBUG turnstone::selfdrive: finished accessibility event delivery
2026-10-05T20:52:29.867298Z DEBUG turnstone::selfdrive: begin render
2026-10-05T20:52:29.906024Z DEBUG turnstone::selfdrive: finished render; begin accessibility update
2026-10-05T20:52:29.906096Z DEBUG turnstone::selfdrive: finished accessibility update; begin scenario tick
2026-10-05T20:52:29.906197Z DEBUG turnstone::selfdrive: finished scenario tick
2026-10-05T20:52:29.906762Z DEBUG turnstone::selfdrive: begin accessibility event delivery redraw=true
2026-10-05T20:52:29.906800Z DEBUG turnstone::selfdrive: finished accessibility event delivery
2026-10-05T20:52:29.906811Z DEBUG turnstone::selfdrive: begin render
2026-10-05T20:52:29.942179Z DEBUG turnstone::selfdrive: finished render; begin accessibility update
2026-10-05T20:52:29.942235Z DEBUG turnstone::selfdrive: finished accessibility update; begin scenario tick
2026-10-05T20:52:29.942261Z DEBUG turnstone::selfdrive: finished scenario tick
2026-10-05T20:52:29.942705Z DEBUG turnstone::selfdrive: begin accessibility event delivery redraw=true
2026-10-05T20:52:29.942740Z DEBUG turnstone::selfdrive: finished accessibility event delivery
2026-10-05T20:52:29.942759Z DEBUG turnstone::selfdrive: begin render
2026-10-05T20:52:29.978556Z DEBUG turnstone::selfdrive: finished render; begin accessibility update
2026-10-05T20:52:29.978614Z DEBUG turnstone::selfdrive: finished accessibility update; begin scenario tick
2026-10-05T20:52:29.978645Z DEBUG turnstone::selfdrive: finished scenario tick
2026-10-05T20:52:29.978984Z DEBUG turnstone::selfdrive: begin accessibility event delivery redraw=true
2026-10-05T20:52:29.979017Z DEBUG turnstone::selfdrive: finished accessibility event delivery
2026-10-05T20:52:29.979029Z DEBUG turnstone::selfdrive: begin render
2026-10-05T20:52:30.011736Z DEBUG turnstone::selfdrive: finished render; begin accessibility update
2026-10-05T20:52:30.011793Z DEBUG turnstone::selfdrive: finished accessibility update; begin scenario tick
2026-10-05T20:52:30.011821Z DEBUG turnstone::selfdrive: finished scenario tick
2026-10-05T20:52:30.012210Z DEBUG turnstone::selfdrive: begin accessibility event delivery redraw=true
2026-10-05T20:52:30.012244Z DEBUG turnstone::selfdrive: finished accessibility event delivery
2026-10-05T20:52:30.012258Z DEBUG turnstone::selfdrive: begin render
2026-10-05T20:52:30.048371Z DEBUG turnstone::selfdrive: finished render; begin accessibility update
2026-10-05T20:52:30.048440Z DEBUG turnstone::selfdrive: finished accessibility update; begin scenario tick
2026-10-05T20:52:30.048472Z DEBUG turnstone::selfdrive: begin app step verb="assert"
2026-10-05T20:52:30.050519Z DEBUG turnstone::selfdrive: finished app step ok=true
2026-10-05T20:52:30.050573Z DEBUG turnstone::selfdrive: finished scenario tick
2026-10-05T20:52:30.050907Z DEBUG turnstone::selfdrive: begin accessibility event delivery redraw=true
2026-10-05T20:52:30.050935Z DEBUG turnstone::selfdrive: finished accessibility event delivery
2026-10-05T20:52:30.050949Z DEBUG turnstone::selfdrive: begin render
2026-10-05T20:52:30.084147Z DEBUG turnstone::selfdrive: finished render; begin accessibility update
2026-10-05T20:52:30.084201Z DEBUG turnstone::selfdrive: finished accessibility update; begin scenario tick
2026-10-05T20:52:30.117931Z  INFO turnstone::shell::effects: content session live node=a4f5398c-53b8-4ae1-8704-f86ed4e0990b url=http://127.0.0.1:43123/page-a.html engine=genet.livery
2026-10-05T20:52:30.138359Z DEBUG turnstone::selfdrive: finished scenario tick
2026-10-05T20:52:30.138844Z DEBUG turnstone::selfdrive: begin accessibility event delivery redraw=true
2026-10-05T20:52:30.138873Z DEBUG turnstone::selfdrive: finished accessibility event delivery
2026-10-05T20:52:30.138883Z DEBUG turnstone::selfdrive: begin render
2026-10-05T20:52:30.355958Z DEBUG turnstone::selfdrive: finished render; begin accessibility update
2026-10-05T20:52:30.356009Z DEBUG turnstone::selfdrive: finished accessibility update; begin scenario tick
2026-10-05T20:52:30.356037Z DEBUG turnstone::selfdrive: finished scenario tick
2026-10-05T20:52:30.356554Z DEBUG turnstone::selfdrive: begin accessibility event delivery redraw=true
2026-10-05T20:52:30.356589Z DEBUG turnstone::selfdrive: finished accessibility event delivery
2026-10-05T20:52:30.356602Z DEBUG turnstone::selfdrive: begin render
2026-10-05T20:52:30.424894Z DEBUG turnstone::selfdrive: finished render; begin accessibility update
2026-10-05T20:52:30.424996Z DEBUG turnstone::selfdrive: finished accessibility update; begin scenario tick
2026-10-05T20:52:30.425042Z DEBUG turnstone::selfdrive: finished scenario tick
2026-10-05T20:52:30.425443Z DEBUG turnstone::selfdrive: begin accessibility event delivery redraw=true
2026-10-05T20:52:30.425484Z DEBUG turnstone::selfdrive: finished accessibility event delivery
2026-10-05T20:52:30.425497Z DEBUG turnstone::selfdrive: begin render
2026-10-05T20:52:30.518964Z DEBUG turnstone::selfdrive: finished render; begin accessibility update
2026-10-05T20:52:30.519016Z DEBUG turnstone::selfdrive: finished accessibility update; begin scenario tick
2026-10-05T20:52:30.519217Z DEBUG turnstone::selfdrive: finished scenario tick
2026-10-05T20:52:30.520040Z DEBUG turnstone::selfdrive: begin accessibility event delivery redraw=true
2026-10-05T20:52:30.520304Z DEBUG turnstone::selfdrive: finished accessibility event delivery
2026-10-05T20:52:30.520320Z DEBUG turnstone::selfdrive: begin render
2026-10-05T20:52:30.585097Z DEBUG turnstone::selfdrive: finished render; begin accessibility update
2026-10-05T20:52:30.585154Z DEBUG turnstone::selfdrive: finished accessibility update; begin scenario tick
2026-10-05T20:52:30.585187Z DEBUG turnstone::selfdrive: finished scenario tick
2026-10-05T20:52:30.585508Z DEBUG turnstone::selfdrive: begin accessibility event delivery redraw=true
2026-10-05T20:52:30.585540Z DEBUG turnstone::selfdrive: finished accessibility event delivery
2026-10-05T20:52:30.585554Z DEBUG turnstone::selfdrive: begin render
2026-10-05T20:52:30.669186Z DEBUG turnstone::selfdrive: finished render; begin accessibility update
2026-10-05T20:52:30.670813Z DEBUG turnstone::selfdrive: finished accessibility update; begin scenario tick
2026-10-05T20:52:30.670891Z DEBUG turnstone::selfdrive: finished scenario tick
2026-10-05T20:52:30.671531Z DEBUG turnstone::selfdrive: begin accessibility event delivery redraw=true
2026-10-05T20:52:30.671564Z DEBUG turnstone::selfdrive: finished accessibility event delivery
2026-10-05T20:52:30.671576Z DEBUG turnstone::selfdrive: begin render
2026-10-05T20:52:30.743108Z DEBUG turnstone::selfdrive: finished render; begin accessibility update
2026-10-05T20:52:30.743159Z DEBUG turnstone::selfdrive: finished accessibility update; begin scenario tick
2026-10-05T20:52:30.743183Z DEBUG turnstone::selfdrive: finished scenario tick
2026-10-05T20:52:30.743601Z DEBUG turnstone::selfdrive: begin accessibility event delivery redraw=true
2026-10-05T20:52:30.743634Z DEBUG turnstone::selfdrive: finished accessibility event delivery
2026-10-05T20:52:30.743645Z DEBUG turnstone::selfdrive: begin render
2026-10-05T20:52:30.819675Z DEBUG turnstone::selfdrive: finished render; begin accessibility update
2026-10-05T20:52:30.819723Z DEBUG turnstone::selfdrive: finished accessibility update; begin scenario tick
2026-10-05T20:52:30.819747Z DEBUG turnstone::selfdrive: finished scenario tick
2026-10-05T20:52:30.820063Z DEBUG turnstone::selfdrive: begin accessibility event delivery redraw=true
2026-10-05T20:52:30.820092Z DEBUG turnstone::selfdrive: finished accessibility event delivery
2026-10-05T20:52:30.820103Z DEBUG turnstone::selfdrive: begin render
2026-10-05T20:52:30.896122Z DEBUG turnstone::selfdrive: finished render; begin accessibility update
2026-10-05T20:52:30.896180Z DEBUG turnstone::selfdrive: finished accessibility update; begin scenario tick
2026-10-05T20:52:30.896210Z DEBUG turnstone::selfdrive: finished scenario tick
2026-10-05T20:52:30.896581Z DEBUG turnstone::selfdrive: begin accessibility event delivery redraw=true
2026-10-05T20:52:30.896613Z DEBUG turnstone::selfdrive: finished accessibility event delivery
2026-10-05T20:52:30.896624Z DEBUG turnstone::selfdrive: begin render
2026-10-05T20:52:30.968187Z DEBUG turnstone::selfdrive: finished render; begin accessibility update
2026-10-05T20:52:30.968257Z DEBUG turnstone::selfdrive: finished accessibility update; begin scenario tick
2026-10-05T20:52:30.968288Z DEBUG turnstone::selfdrive: finished scenario tick
2026-10-05T20:52:30.968774Z DEBUG turnstone::selfdrive: begin accessibility event delivery redraw=true
2026-10-05T20:52:30.968809Z DEBUG turnstone::selfdrive: finished accessibility event delivery
2026-10-05T20:52:30.968822Z DEBUG turnstone::selfdrive: begin render
2026-10-05T20:52:31.042981Z DEBUG turnstone::selfdrive: finished render; begin accessibility update
2026-10-05T20:52:31.043040Z DEBUG turnstone::selfdrive: finished accessibility update; begin scenario tick
2026-10-05T20:52:31.043070Z DEBUG turnstone::selfdrive: finished scenario tick
2026-10-05T20:52:31.043444Z DEBUG turnstone::selfdrive: begin accessibility event delivery redraw=true
2026-10-05T20:52:31.043479Z DEBUG turnstone::selfdrive: finished accessibility event delivery
2026-10-05T20:52:31.043493Z DEBUG turnstone::selfdrive: begin render
2026-10-05T20:52:31.110598Z DEBUG turnstone::selfdrive: finished render; begin accessibility update
2026-10-05T20:52:31.110662Z DEBUG turnstone::selfdrive: finished accessibility update; begin scenario tick
2026-10-05T20:52:31.110698Z DEBUG turnstone::selfdrive: finished scenario tick
2026-10-05T20:52:31.111054Z DEBUG turnstone::selfdrive: begin accessibility event delivery redraw=true
2026-10-05T20:52:31.111089Z DEBUG turnstone::selfdrive: finished accessibility event delivery
2026-10-05T20:52:31.111103Z DEBUG turnstone::selfdrive: begin render
2026-10-05T20:52:31.178959Z DEBUG turnstone::selfdrive: finished render; begin accessibility update
2026-10-05T20:52:31.179012Z DEBUG turnstone::selfdrive: finished accessibility update; begin scenario tick
2026-10-05T20:52:31.179039Z DEBUG turnstone::selfdrive: finished scenario tick
2026-10-05T20:52:31.179372Z DEBUG turnstone::selfdrive: begin accessibility event delivery redraw=true
2026-10-05T20:52:31.179398Z DEBUG turnstone::selfdrive: finished accessibility event delivery
2026-10-05T20:52:31.179408Z DEBUG turnstone::selfdrive: begin render
2026-10-05T20:52:31.250625Z DEBUG turnstone::selfdrive: finished render; begin accessibility update
2026-10-05T20:52:31.250688Z DEBUG turnstone::selfdrive: finished accessibility update; begin scenario tick
2026-10-05T20:52:31.250720Z DEBUG turnstone::selfdrive: finished scenario tick
2026-10-05T20:52:31.251146Z DEBUG turnstone::selfdrive: begin accessibility event delivery redraw=true
2026-10-05T20:52:31.251184Z DEBUG turnstone::selfdrive: finished accessibility event delivery
2026-10-05T20:52:31.251196Z DEBUG turnstone::selfdrive: begin render
2026-10-05T20:52:31.320883Z DEBUG turnstone::selfdrive: finished render; begin accessibility update
2026-10-05T20:52:31.320942Z DEBUG turnstone::selfdrive: finished accessibility update; begin scenario tick
2026-10-05T20:52:31.320973Z DEBUG turnstone::selfdrive: finished scenario tick
2026-10-05T20:52:31.321307Z DEBUG turnstone::selfdrive: begin accessibility event delivery redraw=true
2026-10-05T20:52:31.321336Z DEBUG turnstone::selfdrive: finished accessibility event delivery
2026-10-05T20:52:31.321358Z DEBUG turnstone::selfdrive: begin render
2026-10-05T20:52:31.395446Z DEBUG turnstone::selfdrive: finished render; begin accessibility update
2026-10-05T20:52:31.395495Z DEBUG turnstone::selfdrive: finished accessibility update; begin scenario tick
2026-10-05T20:52:31.395517Z DEBUG turnstone::selfdrive: finished scenario tick
2026-10-05T20:52:31.395869Z DEBUG turnstone::selfdrive: begin accessibility event delivery redraw=true
2026-10-05T20:52:31.395904Z DEBUG turnstone::selfdrive: finished accessibility event delivery
2026-10-05T20:52:31.395917Z DEBUG turnstone::selfdrive: begin render
2026-10-05T20:52:31.473536Z DEBUG turnstone::selfdrive: finished render; begin accessibility update
2026-10-05T20:52:31.473596Z DEBUG turnstone::selfdrive: finished accessibility update; begin scenario tick
2026-10-05T20:52:31.473624Z DEBUG turnstone::selfdrive: finished scenario tick
2026-10-05T20:52:31.473971Z DEBUG turnstone::selfdrive: begin accessibility event delivery redraw=true
2026-10-05T20:52:31.474005Z DEBUG turnstone::selfdrive: finished accessibility event delivery
2026-10-05T20:52:31.474017Z DEBUG turnstone::selfdrive: begin render
2026-10-05T20:52:31.547988Z DEBUG turnstone::selfdrive: finished render; begin accessibility update
2026-10-05T20:52:31.548036Z DEBUG turnstone::selfdrive: finished accessibility update; begin scenario tick
2026-10-05T20:52:31.548064Z DEBUG turnstone::selfdrive: finished scenario tick
2026-10-05T20:52:31.548624Z DEBUG turnstone::selfdrive: begin accessibility event delivery redraw=true
2026-10-05T20:52:31.548654Z DEBUG turnstone::selfdrive: finished accessibility event delivery
2026-10-05T20:52:31.548664Z DEBUG turnstone::selfdrive: begin render
2026-10-05T20:52:31.630824Z DEBUG turnstone::selfdrive: finished render; begin accessibility update
2026-10-05T20:52:31.630893Z DEBUG turnstone::selfdrive: finished accessibility update; begin scenario tick
2026-10-05T20:52:31.630929Z DEBUG turnstone::selfdrive: finished scenario tick
2026-10-05T20:52:31.631228Z DEBUG turnstone::selfdrive: begin accessibility event delivery redraw=true
2026-10-05T20:52:31.631255Z DEBUG turnstone::selfdrive: finished accessibility event delivery
2026-10-05T20:52:31.631266Z DEBUG turnstone::selfdrive: begin render
2026-10-05T20:52:31.713204Z DEBUG turnstone::selfdrive: finished render; begin accessibility update
2026-10-05T20:52:31.713262Z DEBUG turnstone::selfdrive: finished accessibility update; begin scenario tick
2026-10-05T20:52:31.713291Z DEBUG turnstone::selfdrive: finished scenario tick
2026-10-05T20:52:31.713657Z DEBUG turnstone::selfdrive: begin accessibility event delivery redraw=true
2026-10-05T20:52:31.713686Z DEBUG turnstone::selfdrive: finished accessibility event delivery
2026-10-05T20:52:31.713697Z DEBUG turnstone::selfdrive: begin render
2026-10-05T20:52:31.791526Z DEBUG turnstone::selfdrive: finished render; begin accessibility update
2026-10-05T20:52:31.791589Z DEBUG turnstone::selfdrive: finished accessibility update; begin scenario tick
2026-10-05T20:52:31.791621Z DEBUG turnstone::selfdrive: finished scenario tick
2026-10-05T20:52:31.792001Z DEBUG turnstone::selfdrive: begin accessibility event delivery redraw=true
2026-10-05T20:52:31.792033Z DEBUG turnstone::selfdrive: finished accessibility event delivery
2026-10-05T20:52:31.792044Z DEBUG turnstone::selfdrive: begin render
2026-10-05T20:52:31.866624Z DEBUG turnstone::selfdrive: finished render; begin accessibility update
2026-10-05T20:52:31.866690Z DEBUG turnstone::selfdrive: finished accessibility update; begin scenario tick
2026-10-05T20:52:31.866728Z DEBUG turnstone::selfdrive: finished scenario tick
2026-10-05T20:52:31.867161Z DEBUG turnstone::selfdrive: begin accessibility event delivery redraw=true
2026-10-05T20:52:31.867201Z DEBUG turnstone::selfdrive: finished accessibility event delivery
2026-10-05T20:52:31.867215Z DEBUG turnstone::selfdrive: begin render
2026-10-05T20:52:31.933486Z DEBUG turnstone::selfdrive: finished render; begin accessibility update
2026-10-05T20:52:31.933538Z DEBUG turnstone::selfdrive: finished accessibility update; begin scenario tick
2026-10-05T20:52:31.933569Z DEBUG turnstone::selfdrive: finished scenario tick
2026-10-05T20:52:31.933997Z DEBUG turnstone::selfdrive: begin accessibility event delivery redraw=true
2026-10-05T20:52:31.934021Z DEBUG turnstone::selfdrive: finished accessibility event delivery
2026-10-05T20:52:31.934031Z DEBUG turnstone::selfdrive: begin render
2026-10-05T20:52:32.000090Z DEBUG turnstone::selfdrive: finished render; begin accessibility update
2026-10-05T20:52:32.000150Z DEBUG turnstone::selfdrive: finished accessibility update; begin scenario tick
2026-10-05T20:52:32.000185Z DEBUG turnstone::selfdrive: finished scenario tick
2026-10-05T20:52:32.000526Z DEBUG turnstone::selfdrive: begin accessibility event delivery redraw=true
2026-10-05T20:52:32.000561Z DEBUG turnstone::selfdrive: finished accessibility event delivery
2026-10-05T20:52:32.000574Z DEBUG turnstone::selfdrive: begin render
2026-10-05T20:52:32.075326Z DEBUG turnstone::selfdrive: finished render; begin accessibility update
2026-10-05T20:52:32.075377Z DEBUG turnstone::selfdrive: finished accessibility update; begin scenario tick
2026-10-05T20:52:32.075406Z DEBUG turnstone::selfdrive: finished scenario tick
2026-10-05T20:52:32.075737Z DEBUG turnstone::selfdrive: begin accessibility event delivery redraw=true
2026-10-05T20:52:32.075769Z DEBUG turnstone::selfdrive: finished accessibility event delivery
2026-10-05T20:52:32.075781Z DEBUG turnstone::selfdrive: begin render
2026-10-05T20:52:32.150774Z DEBUG turnstone::selfdrive: finished render; begin accessibility update
2026-10-05T20:52:32.150832Z DEBUG turnstone::selfdrive: finished accessibility update; begin scenario tick
2026-10-05T20:52:32.150862Z DEBUG turnstone::selfdrive: finished scenario tick
2026-10-05T20:52:32.151237Z DEBUG turnstone::selfdrive: begin accessibility event delivery redraw=true
2026-10-05T20:52:32.151268Z DEBUG turnstone::selfdrive: finished accessibility event delivery
2026-10-05T20:52:32.151281Z DEBUG turnstone::selfdrive: begin render
2026-10-05T20:52:32.222188Z DEBUG turnstone::selfdrive: finished render; begin accessibility update
2026-10-05T20:52:32.222238Z DEBUG turnstone::selfdrive: finished accessibility update; begin scenario tick
2026-10-05T20:52:32.222287Z DEBUG turnstone::selfdrive: finished scenario tick
2026-10-05T20:52:32.222631Z DEBUG turnstone::selfdrive: begin accessibility event delivery redraw=true
2026-10-05T20:52:32.222660Z DEBUG turnstone::selfdrive: finished accessibility event delivery
2026-10-05T20:52:32.222671Z DEBUG turnstone::selfdrive: begin render
2026-10-05T20:52:32.282864Z DEBUG turnstone::selfdrive: finished render; begin accessibility update
2026-10-05T20:52:32.282921Z DEBUG turnstone::selfdrive: finished accessibility update; begin scenario tick
2026-10-05T20:52:32.282951Z DEBUG turnstone::selfdrive: finished scenario tick
2026-10-05T20:52:32.283260Z DEBUG turnstone::selfdrive: begin accessibility event delivery redraw=true
2026-10-05T20:52:32.283293Z DEBUG turnstone::selfdrive: finished accessibility event delivery
2026-10-05T20:52:32.283306Z DEBUG turnstone::selfdrive: begin render
2026-10-05T20:52:32.350629Z DEBUG turnstone::selfdrive: finished render; begin accessibility update
2026-10-05T20:52:32.350677Z DEBUG turnstone::selfdrive: finished accessibility update; begin scenario tick
2026-10-05T20:52:32.350703Z DEBUG turnstone::selfdrive: finished scenario tick
2026-10-05T20:52:32.351031Z DEBUG turnstone::selfdrive: begin accessibility event delivery redraw=true
2026-10-05T20:52:32.351055Z DEBUG turnstone::selfdrive: finished accessibility event delivery
2026-10-05T20:52:32.351075Z DEBUG turnstone::selfdrive: begin render
2026-10-05T20:52:32.420909Z DEBUG turnstone::selfdrive: finished render; begin accessibility update
2026-10-05T20:52:32.420965Z DEBUG turnstone::selfdrive: finished accessibility update; begin scenario tick
2026-10-05T20:52:32.420995Z DEBUG turnstone::selfdrive: finished scenario tick
2026-10-05T20:52:32.421306Z DEBUG turnstone::selfdrive: begin accessibility event delivery redraw=true
2026-10-05T20:52:32.421337Z DEBUG turnstone::selfdrive: finished accessibility event delivery
2026-10-05T20:52:32.421350Z DEBUG turnstone::selfdrive: begin render
2026-10-05T20:52:32.493441Z DEBUG turnstone::selfdrive: finished render; begin accessibility update
2026-10-05T20:52:32.493497Z DEBUG turnstone::selfdrive: finished accessibility update; begin scenario tick
2026-10-05T20:52:32.493653Z DEBUG turnstone::selfdrive: finished scenario tick
2026-10-05T20:52:32.494135Z DEBUG turnstone::selfdrive: begin accessibility event delivery redraw=true
2026-10-05T20:52:32.494160Z DEBUG turnstone::selfdrive: finished accessibility event delivery
2026-10-05T20:52:32.494173Z DEBUG turnstone::selfdrive: begin render
2026-10-05T20:52:32.567377Z DEBUG turnstone::selfdrive: finished render; begin accessibility update
2026-10-05T20:52:32.567446Z DEBUG turnstone::selfdrive: finished accessibility update; begin scenario tick
2026-10-05T20:52:32.567478Z DEBUG turnstone::selfdrive: finished scenario tick
2026-10-05T20:52:32.567863Z DEBUG turnstone::selfdrive: begin accessibility event delivery redraw=true
2026-10-05T20:52:32.567901Z DEBUG turnstone::selfdrive: finished accessibility event delivery
2026-10-05T20:52:32.567917Z DEBUG turnstone::selfdrive: begin render
2026-10-05T20:52:32.642776Z DEBUG turnstone::selfdrive: finished render; begin accessibility update
2026-10-05T20:52:32.642831Z DEBUG turnstone::selfdrive: finished accessibility update; begin scenario tick
2026-10-05T20:52:32.642859Z DEBUG turnstone::selfdrive: finished scenario tick
2026-10-05T20:52:32.643169Z DEBUG turnstone::selfdrive: begin accessibility event delivery redraw=true
2026-10-05T20:52:32.643195Z DEBUG turnstone::selfdrive: finished accessibility event delivery
2026-10-05T20:52:32.643207Z DEBUG turnstone::selfdrive: begin render
2026-10-05T20:52:32.719252Z DEBUG turnstone::selfdrive: finished render; begin accessibility update
2026-10-05T20:52:32.719308Z DEBUG turnstone::selfdrive: finished accessibility update; begin scenario tick
2026-10-05T20:52:32.719348Z DEBUG turnstone::selfdrive: finished scenario tick
2026-10-05T20:52:32.719825Z DEBUG turnstone::selfdrive: begin accessibility event delivery redraw=true
2026-10-05T20:52:32.719854Z DEBUG turnstone::selfdrive: finished accessibility event delivery
2026-10-05T20:52:32.719866Z DEBUG turnstone::selfdrive: begin render
2026-10-05T20:52:32.793776Z DEBUG turnstone::selfdrive: finished render; begin accessibility update
2026-10-05T20:52:32.793827Z DEBUG turnstone::selfdrive: finished accessibility update; begin scenario tick
2026-10-05T20:52:32.793859Z DEBUG turnstone::selfdrive: finished scenario tick
2026-10-05T20:52:32.794149Z DEBUG turnstone::selfdrive: begin accessibility event delivery redraw=true
2026-10-05T20:52:32.794203Z DEBUG turnstone::selfdrive: finished accessibility event delivery
2026-10-05T20:52:32.794257Z DEBUG turnstone::selfdrive: begin render
2026-10-05T20:52:32.865597Z DEBUG turnstone::selfdrive: finished render; begin accessibility update
2026-10-05T20:52:32.866341Z DEBUG turnstone::selfdrive: finished accessibility update; begin scenario tick
2026-10-05T20:52:32.866404Z DEBUG turnstone::selfdrive: finished scenario tick
2026-10-05T20:52:32.866882Z DEBUG turnstone::selfdrive: begin accessibility event delivery redraw=true
2026-10-05T20:52:32.866919Z DEBUG turnstone::selfdrive: finished accessibility event delivery
2026-10-05T20:52:32.866931Z DEBUG turnstone::selfdrive: begin render
2026-10-05T20:52:32.937317Z DEBUG turnstone::selfdrive: finished render; begin accessibility update
2026-10-05T20:52:32.937356Z DEBUG turnstone::selfdrive: finished accessibility update; begin scenario tick
2026-10-05T20:52:32.937372Z DEBUG turnstone::selfdrive: finished scenario tick
2026-10-05T20:52:32.937688Z DEBUG turnstone::selfdrive: begin accessibility event delivery redraw=true
2026-10-05T20:52:32.937716Z DEBUG turnstone::selfdrive: finished accessibility event delivery
2026-10-05T20:52:32.937726Z DEBUG turnstone::selfdrive: begin render
2026-10-05T20:52:33.004252Z DEBUG turnstone::selfdrive: finished render; begin accessibility update
2026-10-05T20:52:33.004304Z DEBUG turnstone::selfdrive: finished accessibility update; begin scenario tick
2026-10-05T20:52:33.004332Z DEBUG turnstone::selfdrive: finished scenario tick
2026-10-05T20:52:33.004665Z DEBUG turnstone::selfdrive: begin accessibility event delivery redraw=true
2026-10-05T20:52:33.004695Z DEBUG turnstone::selfdrive: finished accessibility event delivery
2026-10-05T20:52:33.004707Z DEBUG turnstone::selfdrive: begin render
2026-10-05T20:52:33.070241Z DEBUG turnstone::selfdrive: finished render; begin accessibility update
2026-10-05T20:52:33.070289Z DEBUG turnstone::selfdrive: finished accessibility update; begin scenario tick
2026-10-05T20:52:33.070314Z DEBUG turnstone::selfdrive: finished scenario tick
2026-10-05T20:52:33.070645Z DEBUG turnstone::selfdrive: begin accessibility event delivery redraw=true
2026-10-05T20:52:33.070676Z DEBUG turnstone::selfdrive: finished accessibility event delivery
2026-10-05T20:52:33.070689Z DEBUG turnstone::selfdrive: begin render
2026-10-05T20:52:33.141593Z DEBUG turnstone::selfdrive: finished render; begin accessibility update
2026-10-05T20:52:33.141636Z DEBUG turnstone::selfdrive: finished accessibility update; begin scenario tick
2026-10-05T20:52:33.141658Z DEBUG turnstone::selfdrive: finished scenario tick
2026-10-05T20:52:33.141910Z DEBUG turnstone::selfdrive: begin accessibility event delivery redraw=true
2026-10-05T20:52:33.141934Z DEBUG turnstone::selfdrive: finished accessibility event delivery
2026-10-05T20:52:33.141944Z DEBUG turnstone::selfdrive: begin render
2026-10-05T20:52:33.209574Z DEBUG turnstone::selfdrive: finished render; begin accessibility update
2026-10-05T20:52:33.209655Z DEBUG turnstone::selfdrive: finished accessibility update; begin scenario tick
2026-10-05T20:52:33.209715Z DEBUG turnstone::selfdrive: finished scenario tick
2026-10-05T20:52:33.210054Z DEBUG turnstone::selfdrive: begin accessibility event delivery redraw=true
2026-10-05T20:52:33.210093Z DEBUG turnstone::selfdrive: finished accessibility event delivery
2026-10-05T20:52:33.210109Z DEBUG turnstone::selfdrive: begin render
2026-10-05T20:52:33.273049Z DEBUG turnstone::selfdrive: finished render; begin accessibility update
2026-10-05T20:52:33.273097Z DEBUG turnstone::selfdrive: finished accessibility update; begin scenario tick
2026-10-05T20:52:33.273141Z DEBUG turnstone::selfdrive: finished scenario tick
2026-10-05T20:52:33.273385Z DEBUG turnstone::selfdrive: begin accessibility event delivery redraw=true
2026-10-05T20:52:33.273417Z DEBUG turnstone::selfdrive: finished accessibility event delivery
2026-10-05T20:52:33.273433Z DEBUG turnstone::selfdrive: begin render
2026-10-05T20:52:33.327231Z DEBUG turnstone::selfdrive: finished render; begin accessibility update
2026-10-05T20:52:33.327284Z DEBUG turnstone::selfdrive: finished accessibility update; begin scenario tick
2026-10-05T20:52:33.327322Z DEBUG turnstone::selfdrive: finished scenario tick
2026-10-05T20:52:33.327543Z DEBUG turnstone::selfdrive: begin accessibility event delivery redraw=true
2026-10-05T20:52:33.327564Z DEBUG turnstone::selfdrive: finished accessibility event delivery
2026-10-05T20:52:33.327575Z DEBUG turnstone::selfdrive: begin render
2026-10-05T20:52:33.383793Z DEBUG turnstone::selfdrive: finished render; begin accessibility update
2026-10-05T20:52:33.383849Z DEBUG turnstone::selfdrive: finished accessibility update; begin scenario tick
2026-10-05T20:52:33.383892Z DEBUG turnstone::selfdrive: finished scenario tick
2026-10-05T20:52:33.384130Z DEBUG turnstone::selfdrive: begin accessibility event delivery redraw=true
2026-10-05T20:52:33.384153Z DEBUG turnstone::selfdrive: finished accessibility event delivery
2026-10-05T20:52:33.384165Z DEBUG turnstone::selfdrive: begin render
2026-10-05T20:52:33.440200Z DEBUG turnstone::selfdrive: finished render; begin accessibility update
2026-10-05T20:52:33.440255Z DEBUG turnstone::selfdrive: finished accessibility update; begin scenario tick
2026-10-05T20:52:33.440294Z DEBUG turnstone::selfdrive: finished scenario tick
2026-10-05T20:52:33.440582Z DEBUG turnstone::selfdrive: begin accessibility event delivery redraw=true
2026-10-05T20:52:33.440609Z DEBUG turnstone::selfdrive: finished accessibility event delivery
2026-10-05T20:52:33.440621Z DEBUG turnstone::selfdrive: begin render
2026-10-05T20:52:33.491516Z DEBUG turnstone::selfdrive: finished render; begin accessibility update
2026-10-05T20:52:33.491572Z DEBUG turnstone::selfdrive: finished accessibility update; begin scenario tick
2026-10-05T20:52:33.491615Z DEBUG turnstone::selfdrive: finished scenario tick
2026-10-05T20:52:33.491862Z DEBUG turnstone::selfdrive: begin accessibility event delivery redraw=true
2026-10-05T20:52:33.491897Z DEBUG turnstone::selfdrive: finished accessibility event delivery
2026-10-05T20:52:33.491913Z DEBUG turnstone::selfdrive: begin render
2026-10-05T20:52:33.549852Z DEBUG turnstone::selfdrive: finished render; begin accessibility update
2026-10-05T20:52:33.549907Z DEBUG turnstone::selfdrive: finished accessibility update; begin scenario tick
2026-10-05T20:52:33.549950Z DEBUG turnstone::selfdrive: finished scenario tick
2026-10-05T20:52:33.550226Z DEBUG turnstone::selfdrive: begin accessibility event delivery redraw=true
2026-10-05T20:52:33.550249Z DEBUG turnstone::selfdrive: finished accessibility event delivery
2026-10-05T20:52:33.550261Z DEBUG turnstone::selfdrive: begin render
2026-10-05T20:52:33.603365Z DEBUG turnstone::selfdrive: finished render; begin accessibility update
2026-10-05T20:52:33.603414Z DEBUG turnstone::selfdrive: finished accessibility update; begin scenario tick
2026-10-05T20:52:33.603450Z DEBUG turnstone::selfdrive: finished scenario tick
2026-10-05T20:52:33.603681Z DEBUG turnstone::selfdrive: begin accessibility event delivery redraw=true
2026-10-05T20:52:33.603711Z DEBUG turnstone::selfdrive: finished accessibility event delivery
2026-10-05T20:52:33.603725Z DEBUG turnstone::selfdrive: begin render
2026-10-05T20:52:33.659694Z DEBUG turnstone::selfdrive: finished render; begin accessibility update
2026-10-05T20:52:33.659748Z DEBUG turnstone::selfdrive: finished accessibility update; begin scenario tick
2026-10-05T20:52:33.659789Z DEBUG turnstone::selfdrive: finished scenario tick
2026-10-05T20:52:33.660026Z DEBUG turnstone::selfdrive: begin accessibility event delivery redraw=true
2026-10-05T20:52:33.660048Z DEBUG turnstone::selfdrive: finished accessibility event delivery
2026-10-05T20:52:33.660060Z DEBUG turnstone::selfdrive: begin render
2026-10-05T20:52:33.712038Z DEBUG turnstone::selfdrive: finished render; begin accessibility update
2026-10-05T20:52:33.712092Z DEBUG turnstone::selfdrive: finished accessibility update; begin scenario tick
2026-10-05T20:52:33.712132Z DEBUG turnstone::selfdrive: finished scenario tick
2026-10-05T20:52:33.712367Z DEBUG turnstone::selfdrive: begin accessibility event delivery redraw=true
2026-10-05T20:52:33.712386Z DEBUG turnstone::selfdrive: finished accessibility event delivery
2026-10-05T20:52:33.712397Z DEBUG turnstone::selfdrive: begin render
2026-10-05T20:52:33.765181Z DEBUG turnstone::selfdrive: finished render; begin accessibility update
2026-10-05T20:52:33.765231Z DEBUG turnstone::selfdrive: finished accessibility update; begin scenario tick
2026-10-05T20:52:33.765263Z DEBUG turnstone::selfdrive: finished scenario tick
2026-10-05T20:52:33.765465Z DEBUG turnstone::selfdrive: begin accessibility event delivery redraw=true
2026-10-05T20:52:33.765485Z DEBUG turnstone::selfdrive: finished accessibility event delivery
2026-10-05T20:52:33.765494Z DEBUG turnstone::selfdrive: begin render
2026-10-05T20:52:33.818462Z DEBUG turnstone::selfdrive: finished render; begin accessibility update
2026-10-05T20:52:33.818512Z DEBUG turnstone::selfdrive: finished accessibility update; begin scenario tick
2026-10-05T20:52:33.818556Z DEBUG turnstone::selfdrive: finished scenario tick
2026-10-05T20:52:33.818797Z DEBUG turnstone::selfdrive: begin accessibility event delivery redraw=true
2026-10-05T20:52:33.818830Z DEBUG turnstone::selfdrive: finished accessibility event delivery
2026-10-05T20:52:33.818843Z DEBUG turnstone::selfdrive: begin render
2026-10-05T20:52:33.873973Z DEBUG turnstone::selfdrive: finished render; begin accessibility update
2026-10-05T20:52:33.874026Z DEBUG turnstone::selfdrive: finished accessibility update; begin scenario tick
2026-10-05T20:52:33.874064Z DEBUG turnstone::selfdrive: finished scenario tick
2026-10-05T20:52:33.874299Z DEBUG turnstone::selfdrive: begin accessibility event delivery redraw=true
2026-10-05T20:52:33.874330Z DEBUG turnstone::selfdrive: finished accessibility event delivery
2026-10-05T20:52:33.874343Z DEBUG turnstone::selfdrive: begin render
2026-10-05T20:52:33.928386Z DEBUG turnstone::selfdrive: finished render; begin accessibility update
2026-10-05T20:52:33.928433Z DEBUG turnstone::selfdrive: finished accessibility update; begin scenario tick
2026-10-05T20:52:33.928470Z DEBUG turnstone::selfdrive: finished scenario tick
2026-10-05T20:52:33.928835Z DEBUG turnstone::selfdrive: begin accessibility event delivery redraw=true
2026-10-05T20:52:33.928864Z DEBUG turnstone::selfdrive: finished accessibility event delivery
2026-10-05T20:52:33.928877Z DEBUG turnstone::selfdrive: begin render
2026-10-05T20:52:33.985474Z DEBUG turnstone::selfdrive: finished render; begin accessibility update
2026-10-05T20:52:33.985530Z DEBUG turnstone::selfdrive: finished accessibility update; begin scenario tick
2026-10-05T20:52:33.985571Z DEBUG turnstone::selfdrive: finished scenario tick
2026-10-05T20:52:33.985811Z DEBUG turnstone::selfdrive: begin accessibility event delivery redraw=true
2026-10-05T20:52:33.985837Z DEBUG turnstone::selfdrive: finished accessibility event delivery
2026-10-05T20:52:33.985849Z DEBUG turnstone::selfdrive: begin render
2026-10-05T20:52:34.040241Z DEBUG turnstone::selfdrive: finished render; begin accessibility update
2026-10-05T20:52:34.040299Z DEBUG turnstone::selfdrive: finished accessibility update; begin scenario tick
2026-10-05T20:52:34.040340Z DEBUG turnstone::selfdrive: finished scenario tick
2026-10-05T20:52:34.040574Z DEBUG turnstone::selfdrive: begin accessibility event delivery redraw=true
2026-10-05T20:52:34.040600Z DEBUG turnstone::selfdrive: finished accessibility event delivery
2026-10-05T20:52:34.040612Z DEBUG turnstone::selfdrive: begin render
2026-10-05T20:52:34.100331Z DEBUG turnstone::selfdrive: finished render; begin accessibility update
2026-10-05T20:52:34.100387Z DEBUG turnstone::selfdrive: finished accessibility update; begin scenario tick
2026-10-05T20:52:34.100429Z DEBUG turnstone::selfdrive: finished scenario tick
2026-10-05T20:52:34.100723Z DEBUG turnstone::selfdrive: begin accessibility event delivery redraw=true
2026-10-05T20:52:34.100751Z DEBUG turnstone::selfdrive: finished accessibility event delivery
2026-10-05T20:52:34.100761Z DEBUG turnstone::selfdrive: begin render
2026-10-05T20:52:34.149577Z DEBUG turnstone::selfdrive: finished render; begin accessibility update
2026-10-05T20:52:34.149624Z DEBUG turnstone::selfdrive: finished accessibility update; begin scenario tick
2026-10-05T20:52:34.149664Z DEBUG turnstone::selfdrive: finished scenario tick
2026-10-05T20:52:34.149925Z DEBUG turnstone::selfdrive: begin accessibility event delivery redraw=true
2026-10-05T20:52:34.149952Z DEBUG turnstone::selfdrive: finished accessibility event delivery
2026-10-05T20:52:34.149966Z DEBUG turnstone::selfdrive: begin render
2026-10-05T20:52:34.203210Z DEBUG turnstone::selfdrive: finished render; begin accessibility update
2026-10-05T20:52:34.203262Z DEBUG turnstone::selfdrive: finished accessibility update; begin scenario tick
2026-10-05T20:52:34.203299Z DEBUG turnstone::selfdrive: finished scenario tick
2026-10-05T20:52:34.203526Z DEBUG turnstone::selfdrive: begin accessibility event delivery redraw=true
2026-10-05T20:52:34.203548Z DEBUG turnstone::selfdrive: finished accessibility event delivery
2026-10-05T20:52:34.203559Z DEBUG turnstone::selfdrive: begin render
2026-10-05T20:52:34.261252Z DEBUG turnstone::selfdrive: finished render; begin accessibility update
2026-10-05T20:52:34.261309Z DEBUG turnstone::selfdrive: finished accessibility update; begin scenario tick
2026-10-05T20:52:34.261351Z DEBUG turnstone::selfdrive: finished scenario tick
2026-10-05T20:52:34.261587Z DEBUG turnstone::selfdrive: begin accessibility event delivery redraw=true
2026-10-05T20:52:34.261611Z DEBUG turnstone::selfdrive: finished accessibility event delivery
2026-10-05T20:52:34.261622Z DEBUG turnstone::selfdrive: begin render
2026-10-05T20:52:34.319449Z DEBUG turnstone::selfdrive: finished render; begin accessibility update
2026-10-05T20:52:34.319500Z DEBUG turnstone::selfdrive: finished accessibility update; begin scenario tick
2026-10-05T20:52:34.319538Z DEBUG turnstone::selfdrive: finished scenario tick
2026-10-05T20:52:34.319820Z DEBUG turnstone::selfdrive: begin accessibility event delivery redraw=true
2026-10-05T20:52:34.319854Z DEBUG turnstone::selfdrive: finished accessibility event delivery
2026-10-05T20:52:34.319866Z DEBUG turnstone::selfdrive: begin render
2026-10-05T20:52:34.380294Z DEBUG turnstone::selfdrive: finished render; begin accessibility update
2026-10-05T20:52:34.380354Z DEBUG turnstone::selfdrive: finished accessibility update; begin scenario tick
2026-10-05T20:52:34.380406Z DEBUG turnstone::selfdrive: finished scenario tick
2026-10-05T20:52:34.380642Z DEBUG turnstone::selfdrive: begin accessibility event delivery redraw=true
2026-10-05T20:52:34.380679Z DEBUG turnstone::selfdrive: finished accessibility event delivery
2026-10-05T20:52:34.380692Z DEBUG turnstone::selfdrive: begin render
2026-10-05T20:52:34.436754Z DEBUG turnstone::selfdrive: finished render; begin accessibility update
2026-10-05T20:52:34.436801Z DEBUG turnstone::selfdrive: finished accessibility update; begin scenario tick
2026-10-05T20:52:34.436839Z DEBUG turnstone::selfdrive: finished scenario tick
2026-10-05T20:52:34.437074Z DEBUG turnstone::selfdrive: begin accessibility event delivery redraw=true
2026-10-05T20:52:34.437103Z DEBUG turnstone::selfdrive: finished accessibility event delivery
2026-10-05T20:52:34.437115Z DEBUG turnstone::selfdrive: begin render
2026-10-05T20:52:34.493014Z DEBUG turnstone::selfdrive: finished render; begin accessibility update
2026-10-05T20:52:34.493089Z DEBUG turnstone::selfdrive: finished accessibility update; begin scenario tick
2026-10-05T20:52:34.493127Z DEBUG turnstone::selfdrive: finished scenario tick
2026-10-05T20:52:34.493330Z DEBUG turnstone::selfdrive: begin accessibility event delivery redraw=true
2026-10-05T20:52:34.493354Z DEBUG turnstone::selfdrive: finished accessibility event delivery
2026-10-05T20:52:34.493364Z DEBUG turnstone::selfdrive: begin render
2026-10-05T20:52:34.550178Z DEBUG turnstone::selfdrive: finished render; begin accessibility update
2026-10-05T20:52:34.550235Z DEBUG turnstone::selfdrive: finished accessibility update; begin scenario tick
2026-10-05T20:52:34.550274Z DEBUG turnstone::selfdrive: finished scenario tick
2026-10-05T20:52:34.550556Z DEBUG turnstone::selfdrive: begin accessibility event delivery redraw=true
2026-10-05T20:52:34.550584Z DEBUG turnstone::selfdrive: finished accessibility event delivery
2026-10-05T20:52:34.550595Z DEBUG turnstone::selfdrive: begin render
2026-10-05T20:52:34.604218Z DEBUG turnstone::selfdrive: finished render; begin accessibility update
2026-10-05T20:52:34.604982Z DEBUG turnstone::selfdrive: finished accessibility update; begin scenario tick
2026-10-05T20:52:34.605046Z DEBUG turnstone::selfdrive: finished scenario tick
2026-10-05T20:52:34.605344Z DEBUG turnstone::selfdrive: begin accessibility event delivery redraw=true
2026-10-05T20:52:34.605376Z DEBUG turnstone::selfdrive: finished accessibility event delivery
2026-10-05T20:52:34.605389Z DEBUG turnstone::selfdrive: begin render
2026-10-05T20:52:34.660635Z DEBUG turnstone::selfdrive: finished render; begin accessibility update
2026-10-05T20:52:34.660693Z DEBUG turnstone::selfdrive: finished accessibility update; begin scenario tick
2026-10-05T20:52:34.660735Z DEBUG turnstone::selfdrive: finished scenario tick
2026-10-05T20:52:34.660976Z DEBUG turnstone::selfdrive: begin accessibility event delivery redraw=true
2026-10-05T20:52:34.661003Z DEBUG turnstone::selfdrive: finished accessibility event delivery
2026-10-05T20:52:34.661015Z DEBUG turnstone::selfdrive: begin render
2026-10-05T20:52:34.716252Z DEBUG turnstone::selfdrive: finished render; begin accessibility update
2026-10-05T20:52:34.716303Z DEBUG turnstone::selfdrive: finished accessibility update; begin scenario tick
2026-10-05T20:52:34.716339Z DEBUG turnstone::selfdrive: finished scenario tick
2026-10-05T20:52:34.716577Z DEBUG turnstone::selfdrive: begin accessibility event delivery redraw=true
2026-10-05T20:52:34.716627Z DEBUG turnstone::selfdrive: finished accessibility event delivery
2026-10-05T20:52:34.716656Z DEBUG turnstone::selfdrive: begin render
2026-10-05T20:52:34.850658Z DEBUG turnstone::selfdrive: finished render; begin accessibility update
2026-10-05T20:52:34.850710Z DEBUG turnstone::selfdrive: finished accessibility update; begin scenario tick
2026-10-05T20:52:34.850750Z DEBUG turnstone::selfdrive: finished scenario tick
2026-10-05T20:52:34.851192Z DEBUG turnstone::selfdrive: begin accessibility event delivery redraw=true
2026-10-05T20:52:34.851297Z DEBUG turnstone::selfdrive: finished accessibility event delivery
2026-10-05T20:52:34.851343Z DEBUG turnstone::selfdrive: begin render
2026-10-05T20:52:35.136487Z DEBUG turnstone::selfdrive: finished render; begin accessibility update
2026-10-05T20:52:35.136546Z DEBUG turnstone::selfdrive: finished accessibility update; begin scenario tick
2026-10-05T20:52:35.136595Z DEBUG turnstone::selfdrive: finished scenario tick
2026-10-05T20:52:35.136968Z DEBUG turnstone::selfdrive: begin accessibility event delivery redraw=true
2026-10-05T20:52:35.137004Z DEBUG turnstone::selfdrive: finished accessibility event delivery
2026-10-05T20:52:35.137020Z DEBUG turnstone::selfdrive: begin render
2026-10-05T20:52:35.361078Z DEBUG turnstone::selfdrive: finished render; begin accessibility update
2026-10-05T20:52:35.361126Z DEBUG turnstone::selfdrive: finished accessibility update; begin scenario tick
2026-10-05T20:52:35.361161Z DEBUG turnstone::selfdrive: finished scenario tick
2026-10-05T20:52:35.361533Z DEBUG turnstone::selfdrive: begin accessibility event delivery redraw=true
2026-10-05T20:52:35.361561Z DEBUG turnstone::selfdrive: finished accessibility event delivery
2026-10-05T20:52:35.361573Z DEBUG turnstone::selfdrive: begin render
2026-10-05T20:52:35.523307Z DEBUG turnstone::selfdrive: finished render; begin accessibility update
2026-10-05T20:52:35.523493Z DEBUG turnstone::selfdrive: finished accessibility update; begin scenario tick
2026-10-05T20:52:35.523545Z DEBUG turnstone::selfdrive: finished scenario tick
2026-10-05T20:52:35.523935Z DEBUG turnstone::selfdrive: begin accessibility event delivery redraw=true
2026-10-05T20:52:35.523959Z DEBUG turnstone::selfdrive: finished accessibility event delivery
2026-10-05T20:52:35.523970Z DEBUG turnstone::selfdrive: begin render
2026-10-05T20:52:35.585859Z DEBUG turnstone::selfdrive: finished render; begin accessibility update
2026-10-05T20:52:35.585910Z DEBUG turnstone::selfdrive: finished accessibility update; begin scenario tick
2026-10-05T20:52:35.585945Z DEBUG turnstone::selfdrive: finished scenario tick
2026-10-05T20:52:35.586163Z DEBUG turnstone::selfdrive: begin accessibility event delivery redraw=true
2026-10-05T20:52:35.586185Z DEBUG turnstone::selfdrive: finished accessibility event delivery
2026-10-05T20:52:35.586195Z DEBUG turnstone::selfdrive: begin render
2026-10-05T20:52:35.662674Z DEBUG turnstone::selfdrive: finished render; begin accessibility update
2026-10-05T20:52:35.662723Z DEBUG turnstone::selfdrive: finished accessibility update; begin scenario tick
2026-10-05T20:52:35.662803Z DEBUG turnstone::selfdrive: finished scenario tick
2026-10-05T20:52:35.663226Z DEBUG turnstone::selfdrive: begin accessibility event delivery redraw=true
2026-10-05T20:52:35.663297Z DEBUG turnstone::selfdrive: finished accessibility event delivery
2026-10-05T20:52:35.663368Z DEBUG turnstone::selfdrive: begin render
2026-10-05T20:52:35.801986Z DEBUG turnstone::selfdrive: finished render; begin accessibility update
2026-10-05T20:52:35.802040Z DEBUG turnstone::selfdrive: finished accessibility update; begin scenario tick
2026-10-05T20:52:35.802178Z DEBUG turnstone::selfdrive: finished scenario tick
2026-10-05T20:52:35.802503Z DEBUG turnstone::selfdrive: begin accessibility event delivery redraw=true
2026-10-05T20:52:35.802725Z DEBUG turnstone::selfdrive: finished accessibility event delivery
2026-10-05T20:52:35.802755Z DEBUG turnstone::selfdrive: begin render
2026-10-05T20:52:36.006435Z DEBUG turnstone::selfdrive: finished render; begin accessibility update
2026-10-05T20:52:36.006488Z DEBUG turnstone::selfdrive: finished accessibility update; begin scenario tick
2026-10-05T20:52:36.006530Z DEBUG turnstone::selfdrive: finished scenario tick
2026-10-05T20:52:36.006870Z DEBUG turnstone::selfdrive: begin accessibility event delivery redraw=true
2026-10-05T20:52:36.006896Z DEBUG turnstone::selfdrive: finished accessibility event delivery
2026-10-05T20:52:36.006907Z DEBUG turnstone::selfdrive: begin render
2026-10-05T20:52:36.211442Z DEBUG turnstone::selfdrive: finished render; begin accessibility update
2026-10-05T20:52:36.211500Z DEBUG turnstone::selfdrive: finished accessibility update; begin scenario tick
2026-10-05T20:52:36.211565Z DEBUG turnstone::selfdrive: finished scenario tick
2026-10-05T20:52:36.212361Z DEBUG turnstone::selfdrive: begin accessibility event delivery redraw=true
2026-10-05T20:52:36.212442Z DEBUG turnstone::selfdrive: finished accessibility event delivery
2026-10-05T20:52:36.212463Z DEBUG turnstone::selfdrive: begin render
2026-10-05T20:52:36.438869Z DEBUG turnstone::selfdrive: finished render; begin accessibility update
2026-10-05T20:52:36.438924Z DEBUG turnstone::selfdrive: finished accessibility update; begin scenario tick
2026-10-05T20:52:36.438968Z DEBUG turnstone::selfdrive: finished scenario tick
2026-10-05T20:52:36.439327Z DEBUG turnstone::selfdrive: begin accessibility event delivery redraw=true
2026-10-05T20:52:36.439363Z DEBUG turnstone::selfdrive: finished accessibility event delivery
2026-10-05T20:52:36.439379Z DEBUG turnstone::selfdrive: begin render
2026-10-05T20:52:36.502270Z DEBUG turnstone::selfdrive: finished render; begin accessibility update
2026-10-05T20:52:36.502320Z DEBUG turnstone::selfdrive: finished accessibility update; begin scenario tick
2026-10-05T20:52:36.502354Z DEBUG turnstone::selfdrive: finished scenario tick
2026-10-05T20:52:36.502566Z DEBUG turnstone::selfdrive: begin accessibility event delivery redraw=true
2026-10-05T20:52:36.502583Z DEBUG turnstone::selfdrive: finished accessibility event delivery
2026-10-05T20:52:36.502591Z DEBUG turnstone::selfdrive: begin render
2026-10-05T20:52:36.561730Z DEBUG turnstone::selfdrive: finished render; begin accessibility update
2026-10-05T20:52:36.561780Z DEBUG turnstone::selfdrive: finished accessibility update; begin scenario tick
2026-10-05T20:52:36.561817Z DEBUG turnstone::selfdrive: finished scenario tick
2026-10-05T20:52:36.562082Z DEBUG turnstone::selfdrive: begin accessibility event delivery redraw=true
2026-10-05T20:52:36.562114Z DEBUG turnstone::selfdrive: finished accessibility event delivery
2026-10-05T20:52:36.562126Z DEBUG turnstone::selfdrive: begin render
2026-10-05T20:52:36.622122Z DEBUG turnstone::selfdrive: finished render; begin accessibility update
2026-10-05T20:52:36.622179Z DEBUG turnstone::selfdrive: finished accessibility update; begin scenario tick
2026-10-05T20:52:36.622220Z DEBUG turnstone::selfdrive: finished scenario tick
2026-10-05T20:52:36.622477Z DEBUG turnstone::selfdrive: begin accessibility event delivery redraw=true
2026-10-05T20:52:36.622509Z DEBUG turnstone::selfdrive: finished accessibility event delivery
2026-10-05T20:52:36.622520Z DEBUG turnstone::selfdrive: begin render
2026-10-05T20:52:36.674980Z DEBUG turnstone::selfdrive: finished render; begin accessibility update
2026-10-05T20:52:36.675039Z DEBUG turnstone::selfdrive: finished accessibility update; begin scenario tick
2026-10-05T20:52:36.675090Z DEBUG turnstone::selfdrive: finished scenario tick
2026-10-05T20:52:36.675345Z DEBUG turnstone::selfdrive: begin accessibility event delivery redraw=true
2026-10-05T20:52:36.675371Z DEBUG turnstone::selfdrive: finished accessibility event delivery
2026-10-05T20:52:36.675381Z DEBUG turnstone::selfdrive: begin render
2026-10-05T20:52:36.731569Z DEBUG turnstone::selfdrive: finished render; begin accessibility update
2026-10-05T20:52:36.731624Z DEBUG turnstone::selfdrive: finished accessibility update; begin scenario tick
2026-10-05T20:52:36.731650Z DEBUG turnstone::selfdrive: begin app step verb="assert"
2026-10-05T20:52:36.733469Z DEBUG turnstone::selfdrive: finished app step ok=true
2026-10-05T20:52:36.733514Z DEBUG turnstone::selfdrive: finished scenario tick
2026-10-05T20:52:36.733773Z DEBUG turnstone::selfdrive: begin accessibility event delivery redraw=true
2026-10-05T20:52:36.733803Z DEBUG turnstone::selfdrive: finished accessibility event delivery
2026-10-05T20:52:36.733816Z DEBUG turnstone::selfdrive: begin render
2026-10-05T20:52:36.790791Z DEBUG turnstone::selfdrive: finished render; begin accessibility update
2026-10-05T20:52:36.790842Z DEBUG turnstone::selfdrive: finished accessibility update; begin scenario tick
2026-10-05T20:52:36.814367Z DEBUG turnstone::selfdrive: finished scenario tick
2026-10-05T20:52:36.814708Z DEBUG turnstone::selfdrive: begin accessibility event delivery redraw=true
2026-10-05T20:52:36.814740Z DEBUG turnstone::selfdrive: finished accessibility event delivery
2026-10-05T20:52:36.814752Z DEBUG turnstone::selfdrive: begin render
2026-10-05T20:52:37.087310Z DEBUG turnstone::selfdrive: finished render; begin accessibility update
2026-10-05T20:52:37.087358Z DEBUG turnstone::selfdrive: finished accessibility update; begin scenario tick
2026-10-05T20:52:37.087399Z DEBUG turnstone::selfdrive: finished scenario tick
2026-10-05T20:52:37.087652Z DEBUG turnstone::selfdrive: begin accessibility event delivery redraw=true
2026-10-05T20:52:37.087671Z DEBUG turnstone::selfdrive: finished accessibility event delivery
2026-10-05T20:52:37.087680Z DEBUG turnstone::selfdrive: begin render
2026-10-05T20:52:37.176383Z DEBUG turnstone::selfdrive: finished render; begin accessibility update
2026-10-05T20:52:37.176448Z DEBUG turnstone::selfdrive: finished accessibility update; begin scenario tick
2026-10-05T20:52:37.176490Z DEBUG turnstone::selfdrive: finished scenario tick
2026-10-05T20:52:37.176812Z DEBUG turnstone::selfdrive: begin accessibility event delivery redraw=true
2026-10-05T20:52:37.176840Z DEBUG turnstone::selfdrive: finished accessibility event delivery
2026-10-05T20:52:37.176851Z DEBUG turnstone::selfdrive: begin render
2026-10-05T20:52:37.267530Z DEBUG turnstone::selfdrive: finished render; begin accessibility update
2026-10-05T20:52:37.267580Z DEBUG turnstone::selfdrive: finished accessibility update; begin scenario tick
2026-10-05T20:52:37.267619Z DEBUG turnstone::selfdrive: finished scenario tick
2026-10-05T20:52:37.267891Z DEBUG turnstone::selfdrive: begin accessibility event delivery redraw=true
2026-10-05T20:52:37.267922Z DEBUG turnstone::selfdrive: finished accessibility event delivery
2026-10-05T20:52:37.267945Z DEBUG turnstone::selfdrive: begin render
2026-10-05T20:52:37.352762Z DEBUG turnstone::selfdrive: finished render; begin accessibility update
2026-10-05T20:52:37.352819Z DEBUG turnstone::selfdrive: finished accessibility update; begin scenario tick
2026-10-05T20:52:37.352862Z DEBUG turnstone::selfdrive: finished scenario tick
2026-10-05T20:52:37.353126Z DEBUG turnstone::selfdrive: begin accessibility event delivery redraw=true
2026-10-05T20:52:37.353153Z DEBUG turnstone::selfdrive: finished accessibility event delivery
2026-10-05T20:52:37.353163Z DEBUG turnstone::selfdrive: begin render
2026-10-05T20:52:37.438932Z DEBUG turnstone::selfdrive: finished render; begin accessibility update
2026-10-05T20:52:37.438993Z DEBUG turnstone::selfdrive: finished accessibility update; begin scenario tick
2026-10-05T20:52:37.439036Z DEBUG turnstone::selfdrive: finished scenario tick
2026-10-05T20:52:37.439295Z DEBUG turnstone::selfdrive: begin accessibility event delivery redraw=true
2026-10-05T20:52:37.439334Z DEBUG turnstone::selfdrive: finished accessibility event delivery
2026-10-05T20:52:37.439347Z DEBUG turnstone::selfdrive: begin render
2026-10-05T20:52:37.508552Z DEBUG turnstone::selfdrive: finished render; begin accessibility update
2026-10-05T20:52:37.508603Z DEBUG turnstone::selfdrive: finished accessibility update; begin scenario tick
2026-10-05T20:52:37.508645Z DEBUG turnstone::selfdrive: finished scenario tick
2026-10-05T20:52:37.508905Z DEBUG turnstone::selfdrive: begin accessibility event delivery redraw=true
2026-10-05T20:52:37.508954Z DEBUG turnstone::selfdrive: finished accessibility event delivery
2026-10-05T20:52:37.508975Z DEBUG turnstone::selfdrive: begin render
2026-10-05T20:52:37.575377Z DEBUG turnstone::selfdrive: finished render; begin accessibility update
2026-10-05T20:52:37.575427Z DEBUG turnstone::selfdrive: finished accessibility update; begin scenario tick
2026-10-05T20:52:37.575500Z DEBUG turnstone::selfdrive: finished scenario tick
2026-10-05T20:52:37.575740Z DEBUG turnstone::selfdrive: begin accessibility event delivery redraw=true
2026-10-05T20:52:37.575777Z DEBUG turnstone::selfdrive: finished accessibility event delivery
2026-10-05T20:52:37.575789Z DEBUG turnstone::selfdrive: begin render
2026-10-05T20:52:37.646765Z DEBUG turnstone::selfdrive: finished render; begin accessibility update
2026-10-05T20:52:37.646822Z DEBUG turnstone::selfdrive: finished accessibility update; begin scenario tick
2026-10-05T20:52:37.646863Z DEBUG turnstone::selfdrive: finished scenario tick
2026-10-05T20:52:37.647094Z DEBUG turnstone::selfdrive: begin accessibility event delivery redraw=true
2026-10-05T20:52:37.647122Z DEBUG turnstone::selfdrive: finished accessibility event delivery
2026-10-05T20:52:37.647134Z DEBUG turnstone::selfdrive: begin render
2026-10-05T20:52:37.726415Z DEBUG turnstone::selfdrive: finished render; begin accessibility update
2026-10-05T20:52:37.726470Z DEBUG turnstone::selfdrive: finished accessibility update; begin scenario tick
2026-10-05T20:52:37.726508Z DEBUG turnstone::selfdrive: finished scenario tick
2026-10-05T20:52:37.726783Z DEBUG turnstone::selfdrive: begin accessibility event delivery redraw=true
2026-10-05T20:52:37.726818Z DEBUG turnstone::selfdrive: finished accessibility event delivery
2026-10-05T20:52:37.726829Z DEBUG turnstone::selfdrive: begin render
2026-10-05T20:52:37.802240Z DEBUG turnstone::selfdrive: finished render; begin accessibility update
2026-10-05T20:52:37.802300Z DEBUG turnstone::selfdrive: finished accessibility update; begin scenario tick
2026-10-05T20:52:37.802343Z DEBUG turnstone::selfdrive: finished scenario tick
2026-10-05T20:52:37.802602Z DEBUG turnstone::selfdrive: begin accessibility event delivery redraw=true
2026-10-05T20:52:37.802632Z DEBUG turnstone::selfdrive: finished accessibility event delivery
2026-10-05T20:52:37.802645Z DEBUG turnstone::selfdrive: begin render
2026-10-05T20:52:37.867943Z DEBUG turnstone::selfdrive: finished render; begin accessibility update
2026-10-05T20:52:37.867993Z DEBUG turnstone::selfdrive: finished accessibility update; begin scenario tick
2026-10-05T20:52:37.868034Z DEBUG turnstone::selfdrive: finished scenario tick
2026-10-05T20:52:37.868265Z DEBUG turnstone::selfdrive: begin accessibility event delivery redraw=true
2026-10-05T20:52:37.868287Z DEBUG turnstone::selfdrive: finished accessibility event delivery
2026-10-05T20:52:37.868298Z DEBUG turnstone::selfdrive: begin render
2026-10-05T20:52:37.937956Z DEBUG turnstone::selfdrive: finished render; begin accessibility update
2026-10-05T20:52:37.939028Z DEBUG turnstone::selfdrive: finished accessibility update; begin scenario tick
2026-10-05T20:52:37.939080Z DEBUG turnstone::selfdrive: begin app step verb="assert"
2026-10-05T20:52:37.940752Z DEBUG turnstone::selfdrive: finished app step ok=true
2026-10-05T20:52:37.940818Z DEBUG turnstone::selfdrive: finished scenario tick
2026-10-05T20:52:37.941024Z DEBUG turnstone::selfdrive: begin accessibility event delivery redraw=true
2026-10-05T20:52:37.941047Z DEBUG turnstone::selfdrive: finished accessibility event delivery
2026-10-05T20:52:37.941057Z DEBUG turnstone::selfdrive: begin render
2026-10-05T20:52:38.015644Z DEBUG turnstone::selfdrive: finished render; begin accessibility update
2026-10-05T20:52:38.015690Z DEBUG turnstone::selfdrive: finished accessibility update; begin scenario tick
2026-10-05T20:52:38.016159Z DEBUG turnstone::selfdrive: finished scenario tick
2026-10-05T20:52:38.016689Z DEBUG turnstone::selfdrive: begin accessibility event delivery redraw=true
2026-10-05T20:52:38.016723Z DEBUG turnstone::selfdrive: finished accessibility event delivery
2026-10-05T20:52:38.016736Z DEBUG turnstone::selfdrive: begin render
2026-10-05T20:52:38.099078Z DEBUG turnstone::selfdrive: finished render; begin accessibility update
2026-10-05T20:52:38.099126Z DEBUG turnstone::selfdrive: finished accessibility update; begin scenario tick
2026-10-05T20:52:38.125565Z  INFO turnstone::shell::effects: content session closed node=a4f5398c-53b8-4ae1-8704-f86ed4e0990b
2026-10-05T20:52:38.723847Z  INFO turnstone::shell::effects: surface content live node=a4f5398c-53b8-4ae1-8704-f86ed4e0990b url=http://127.0.0.1:43123/page-a.html engine=scrying.web
2026-10-05T20:52:38.753757Z DEBUG turnstone::selfdrive: finished scenario tick
2026-10-05T20:52:38.755778Z DEBUG turnstone::selfdrive: begin accessibility event delivery redraw=true
2026-10-05T20:52:38.755830Z DEBUG turnstone::selfdrive: finished accessibility event delivery
2026-10-05T20:52:38.755840Z DEBUG turnstone::selfdrive: begin render
[producer] resize: 1024x600 -> 252x570
[producer] start_capture: 252x570 ready in 46ms
2026-10-05T20:52:38.980872Z DEBUG turnstone::selfdrive: finished render; begin accessibility update
2026-10-05T20:52:38.980921Z DEBUG turnstone::selfdrive: finished accessibility update; begin scenario tick
2026-10-05T20:52:38.980947Z DEBUG turnstone::selfdrive: finished scenario tick
2026-10-05T20:52:38.982391Z DEBUG turnstone::selfdrive: begin accessibility event delivery redraw=true
2026-10-05T20:52:38.982423Z DEBUG turnstone::selfdrive: finished accessibility event delivery
2026-10-05T20:52:38.982432Z DEBUG turnstone::selfdrive: begin render
2026-10-05T20:52:39.045988Z DEBUG turnstone::selfdrive: finished render; begin accessibility update
2026-10-05T20:52:39.046043Z DEBUG turnstone::selfdrive: finished accessibility update; begin scenario tick
2026-10-05T20:52:39.046067Z DEBUG turnstone::selfdrive: finished scenario tick
2026-10-05T20:52:39.047470Z DEBUG turnstone::selfdrive: begin accessibility event delivery redraw=true
2026-10-05T20:52:39.047504Z DEBUG turnstone::selfdrive: finished accessibility event delivery
2026-10-05T20:52:39.047514Z DEBUG turnstone::selfdrive: begin render
2026-10-05T20:52:39.330626Z DEBUG turnstone::selfdrive: finished render; begin accessibility update
2026-10-05T20:52:39.330672Z DEBUG turnstone::selfdrive: finished accessibility update; begin scenario tick
2026-10-05T20:52:39.330700Z DEBUG turnstone::selfdrive: finished scenario tick
2026-10-05T20:52:39.331369Z DEBUG turnstone::selfdrive: begin accessibility event delivery redraw=true
2026-10-05T20:52:39.331400Z DEBUG turnstone::selfdrive: finished accessibility event delivery
2026-10-05T20:52:39.331410Z DEBUG turnstone::selfdrive: begin render
2026-10-05T20:52:39.389570Z DEBUG turnstone::selfdrive: finished render; begin accessibility update
2026-10-05T20:52:39.389615Z DEBUG turnstone::selfdrive: finished accessibility update; begin scenario tick
2026-10-05T20:52:39.389640Z DEBUG turnstone::selfdrive: finished scenario tick
2026-10-05T20:52:39.389948Z DEBUG turnstone::selfdrive: begin accessibility event delivery redraw=true
2026-10-05T20:52:39.389977Z DEBUG turnstone::selfdrive: finished accessibility event delivery
2026-10-05T20:52:39.389988Z DEBUG turnstone::selfdrive: begin render
2026-10-05T20:52:39.447707Z DEBUG turnstone::selfdrive: finished render; begin accessibility update
2026-10-05T20:52:39.447753Z DEBUG turnstone::selfdrive: finished accessibility update; begin scenario tick
2026-10-05T20:52:39.447774Z DEBUG turnstone::selfdrive: finished scenario tick
2026-10-05T20:52:39.448026Z DEBUG turnstone::selfdrive: begin accessibility event delivery redraw=true
2026-10-05T20:52:39.448053Z DEBUG turnstone::selfdrive: finished accessibility event delivery
2026-10-05T20:52:39.448063Z DEBUG turnstone::selfdrive: begin render
2026-10-05T20:52:39.502090Z DEBUG turnstone::selfdrive: finished render; begin accessibility update
2026-10-05T20:52:39.502135Z DEBUG turnstone::selfdrive: finished accessibility update; begin scenario tick
2026-10-05T20:52:39.502157Z DEBUG turnstone::selfdrive: finished scenario tick
2026-10-05T20:52:39.502388Z DEBUG turnstone::selfdrive: begin accessibility event delivery redraw=true
2026-10-05T20:52:39.502414Z DEBUG turnstone::selfdrive: finished accessibility event delivery
2026-10-05T20:52:39.502425Z DEBUG turnstone::selfdrive: begin render
2026-10-05T20:52:39.557242Z DEBUG turnstone::selfdrive: finished render; begin accessibility update
2026-10-05T20:52:39.557285Z DEBUG turnstone::selfdrive: finished accessibility update; begin scenario tick
2026-10-05T20:52:39.557303Z DEBUG turnstone::selfdrive: finished scenario tick
2026-10-05T20:52:39.557579Z DEBUG turnstone::selfdrive: begin accessibility event delivery redraw=true
2026-10-05T20:52:39.557612Z DEBUG turnstone::selfdrive: finished accessibility event delivery
2026-10-05T20:52:39.557630Z DEBUG turnstone::selfdrive: begin render
2026-10-05T20:52:39.611046Z DEBUG turnstone::selfdrive: finished render; begin accessibility update
2026-10-05T20:52:39.611101Z DEBUG turnstone::selfdrive: finished accessibility update; begin scenario tick
2026-10-05T20:52:39.611128Z DEBUG turnstone::selfdrive: finished scenario tick
2026-10-05T20:52:39.611418Z DEBUG turnstone::selfdrive: begin accessibility event delivery redraw=true
2026-10-05T20:52:39.611448Z DEBUG turnstone::selfdrive: finished accessibility event delivery
2026-10-05T20:52:39.611460Z DEBUG turnstone::selfdrive: begin render
2026-10-05T20:52:39.669996Z DEBUG turnstone::selfdrive: finished render; begin accessibility update
2026-10-05T20:52:39.670068Z DEBUG turnstone::selfdrive: finished accessibility update; begin scenario tick
2026-10-05T20:52:39.670098Z DEBUG turnstone::selfdrive: finished scenario tick
2026-10-05T20:52:39.670358Z DEBUG turnstone::selfdrive: begin accessibility event delivery redraw=true
2026-10-05T20:52:39.670382Z DEBUG turnstone::selfdrive: finished accessibility event delivery
2026-10-05T20:52:39.670391Z DEBUG turnstone::selfdrive: begin render
2026-10-05T20:52:39.734542Z DEBUG turnstone::selfdrive: finished render; begin accessibility update
2026-10-05T20:52:39.734600Z DEBUG turnstone::selfdrive: finished accessibility update; begin scenario tick
2026-10-05T20:52:39.734655Z DEBUG turnstone::selfdrive: finished scenario tick
2026-10-05T20:52:39.734897Z DEBUG turnstone::selfdrive: begin accessibility event delivery redraw=true
2026-10-05T20:52:39.734921Z DEBUG turnstone::selfdrive: finished accessibility event delivery
2026-10-05T20:52:39.734933Z DEBUG turnstone::selfdrive: begin render
2026-10-05T20:52:39.790642Z DEBUG turnstone::selfdrive: finished render; begin accessibility update
2026-10-05T20:52:39.790687Z DEBUG turnstone::selfdrive: finished accessibility update; begin scenario tick
2026-10-05T20:52:39.790710Z DEBUG turnstone::selfdrive: finished scenario tick
2026-10-05T20:52:39.791002Z DEBUG turnstone::selfdrive: begin accessibility event delivery redraw=true
2026-10-05T20:52:39.791027Z DEBUG turnstone::selfdrive: finished accessibility event delivery
2026-10-05T20:52:39.791036Z DEBUG turnstone::selfdrive: begin render
2026-10-05T20:52:39.844239Z DEBUG turnstone::selfdrive: finished render; begin accessibility update
2026-10-05T20:52:39.844294Z DEBUG turnstone::selfdrive: finished accessibility update; begin scenario tick
2026-10-05T20:52:39.844318Z DEBUG turnstone::selfdrive: finished scenario tick
2026-10-05T20:52:39.844621Z DEBUG turnstone::selfdrive: begin accessibility event delivery redraw=true
2026-10-05T20:52:39.844648Z DEBUG turnstone::selfdrive: finished accessibility event delivery
2026-10-05T20:52:39.844659Z DEBUG turnstone::selfdrive: begin render
2026-10-05T20:52:39.903906Z DEBUG turnstone::selfdrive: finished render; begin accessibility update
2026-10-05T20:52:39.903956Z DEBUG turnstone::selfdrive: finished accessibility update; begin scenario tick
2026-10-05T20:52:39.903979Z DEBUG turnstone::selfdrive: finished scenario tick
2026-10-05T20:52:39.904314Z DEBUG turnstone::selfdrive: begin accessibility event delivery redraw=true
2026-10-05T20:52:39.904343Z DEBUG turnstone::selfdrive: finished accessibility event delivery
2026-10-05T20:52:39.904354Z DEBUG turnstone::selfdrive: begin render
2026-10-05T20:52:39.965483Z DEBUG turnstone::selfdrive: finished render; begin accessibility update
2026-10-05T20:52:39.965533Z DEBUG turnstone::selfdrive: finished accessibility update; begin scenario tick
2026-10-05T20:52:39.965558Z DEBUG turnstone::selfdrive: finished scenario tick
2026-10-05T20:52:39.965815Z DEBUG turnstone::selfdrive: begin accessibility event delivery redraw=true
2026-10-05T20:52:39.965836Z DEBUG turnstone::selfdrive: finished accessibility event delivery
2026-10-05T20:52:39.965846Z DEBUG turnstone::selfdrive: begin render
2026-10-05T20:52:40.019953Z DEBUG turnstone::selfdrive: finished render; begin accessibility update
2026-10-05T20:52:40.019997Z DEBUG turnstone::selfdrive: finished accessibility update; begin scenario tick
2026-10-05T20:52:40.020023Z DEBUG turnstone::selfdrive: finished scenario tick
2026-10-05T20:52:40.020266Z DEBUG turnstone::selfdrive: begin accessibility event delivery redraw=true
2026-10-05T20:52:40.020289Z DEBUG turnstone::selfdrive: finished accessibility event delivery
2026-10-05T20:52:40.020298Z DEBUG turnstone::selfdrive: begin render
2026-10-05T20:52:40.074513Z DEBUG turnstone::selfdrive: finished render; begin accessibility update
2026-10-05T20:52:40.074555Z DEBUG turnstone::selfdrive: finished accessibility update; begin scenario tick
2026-10-05T20:52:40.074578Z DEBUG turnstone::selfdrive: finished scenario tick
2026-10-05T20:52:40.074815Z DEBUG turnstone::selfdrive: begin accessibility event delivery redraw=true
2026-10-05T20:52:40.074836Z DEBUG turnstone::selfdrive: finished accessibility event delivery
2026-10-05T20:52:40.074845Z DEBUG turnstone::selfdrive: begin render
2026-10-05T20:52:40.123135Z DEBUG turnstone::selfdrive: finished render; begin accessibility update
2026-10-05T20:52:40.123178Z DEBUG turnstone::selfdrive: finished accessibility update; begin scenario tick
2026-10-05T20:52:40.123200Z DEBUG turnstone::selfdrive: finished scenario tick
2026-10-05T20:52:40.123433Z DEBUG turnstone::selfdrive: begin accessibility event delivery redraw=true
2026-10-05T20:52:40.123452Z DEBUG turnstone::selfdrive: finished accessibility event delivery
2026-10-05T20:52:40.123464Z DEBUG turnstone::selfdrive: begin render
2026-10-05T20:52:40.173178Z DEBUG turnstone::selfdrive: finished render; begin accessibility update
2026-10-05T20:52:40.173227Z DEBUG turnstone::selfdrive: finished accessibility update; begin scenario tick
2026-10-05T20:52:40.173251Z DEBUG turnstone::selfdrive: finished scenario tick
2026-10-05T20:52:40.173499Z DEBUG turnstone::selfdrive: begin accessibility event delivery redraw=true
2026-10-05T20:52:40.173532Z DEBUG turnstone::selfdrive: finished accessibility event delivery
2026-10-05T20:52:40.173542Z DEBUG turnstone::selfdrive: begin render
2026-10-05T20:52:40.224592Z DEBUG turnstone::selfdrive: finished render; begin accessibility update
2026-10-05T20:52:40.224635Z DEBUG turnstone::selfdrive: finished accessibility update; begin scenario tick
2026-10-05T20:52:40.224658Z DEBUG turnstone::selfdrive: finished scenario tick
2026-10-05T20:52:40.224901Z DEBUG turnstone::selfdrive: begin accessibility event delivery redraw=true
2026-10-05T20:52:40.224921Z DEBUG turnstone::selfdrive: finished accessibility event delivery
2026-10-05T20:52:40.224930Z DEBUG turnstone::selfdrive: begin render
2026-10-05T20:52:40.272080Z DEBUG turnstone::selfdrive: finished render; begin accessibility update
2026-10-05T20:52:40.272148Z DEBUG turnstone::selfdrive: finished accessibility update; begin scenario tick
2026-10-05T20:52:40.272190Z DEBUG turnstone::selfdrive: finished scenario tick
2026-10-05T20:52:40.272492Z DEBUG turnstone::selfdrive: begin accessibility event delivery redraw=true
2026-10-05T20:52:40.272521Z DEBUG turnstone::selfdrive: finished accessibility event delivery
2026-10-05T20:52:40.272532Z DEBUG turnstone::selfdrive: begin render
2026-10-05T20:52:40.327791Z DEBUG turnstone::selfdrive: finished render; begin accessibility update
2026-10-05T20:52:40.327849Z DEBUG turnstone::selfdrive: finished accessibility update; begin scenario tick
2026-10-05T20:52:40.327877Z DEBUG turnstone::selfdrive: finished scenario tick
2026-10-05T20:52:40.328158Z DEBUG turnstone::selfdrive: begin accessibility event delivery redraw=true
2026-10-05T20:52:40.328187Z DEBUG turnstone::selfdrive: finished accessibility event delivery
2026-10-05T20:52:40.328198Z DEBUG turnstone::selfdrive: begin render
2026-10-05T20:52:40.376313Z DEBUG turnstone::selfdrive: finished render; begin accessibility update
2026-10-05T20:52:40.376365Z DEBUG turnstone::selfdrive: finished accessibility update; begin scenario tick
2026-10-05T20:52:40.376388Z DEBUG turnstone::selfdrive: finished scenario tick
2026-10-05T20:52:40.376642Z DEBUG turnstone::selfdrive: begin accessibility event delivery redraw=true
2026-10-05T20:52:40.376670Z DEBUG turnstone::selfdrive: finished accessibility event delivery
2026-10-05T20:52:40.376679Z DEBUG turnstone::selfdrive: begin render
2026-10-05T20:52:40.426038Z DEBUG turnstone::selfdrive: finished render; begin accessibility update
2026-10-05T20:52:40.426081Z DEBUG turnstone::selfdrive: finished accessibility update; begin scenario tick
2026-10-05T20:52:40.426100Z DEBUG turnstone::selfdrive: finished scenario tick
2026-10-05T20:52:40.426377Z DEBUG turnstone::selfdrive: begin accessibility event delivery redraw=true
2026-10-05T20:52:40.426401Z DEBUG turnstone::selfdrive: finished accessibility event delivery
2026-10-05T20:52:40.426411Z DEBUG turnstone::selfdrive: begin render
2026-10-05T20:52:40.476986Z DEBUG turnstone::selfdrive: finished render; begin accessibility update
2026-10-05T20:52:40.477031Z DEBUG turnstone::selfdrive: finished accessibility update; begin scenario tick
2026-10-05T20:52:40.477052Z DEBUG turnstone::selfdrive: finished scenario tick
2026-10-05T20:52:40.477317Z DEBUG turnstone::selfdrive: begin accessibility event delivery redraw=true
2026-10-05T20:52:40.477340Z DEBUG turnstone::selfdrive: finished accessibility event delivery
2026-10-05T20:52:40.477349Z DEBUG turnstone::selfdrive: begin render
2026-10-05T20:52:40.528487Z DEBUG turnstone::selfdrive: finished render; begin accessibility update
2026-10-05T20:52:40.528537Z DEBUG turnstone::selfdrive: finished accessibility update; begin scenario tick
2026-10-05T20:52:40.528558Z DEBUG turnstone::selfdrive: finished scenario tick
2026-10-05T20:52:40.528811Z DEBUG turnstone::selfdrive: begin accessibility event delivery redraw=true
2026-10-05T20:52:40.528835Z DEBUG turnstone::selfdrive: finished accessibility event delivery
2026-10-05T20:52:40.528863Z DEBUG turnstone::selfdrive: begin render
2026-10-05T20:52:40.576608Z DEBUG turnstone::selfdrive: finished render; begin accessibility update
2026-10-05T20:52:40.576687Z DEBUG turnstone::selfdrive: finished accessibility update; begin scenario tick
2026-10-05T20:52:40.576718Z DEBUG turnstone::selfdrive: finished scenario tick
2026-10-05T20:52:40.576984Z DEBUG turnstone::selfdrive: begin accessibility event delivery redraw=true
2026-10-05T20:52:40.577005Z DEBUG turnstone::selfdrive: finished accessibility event delivery
2026-10-05T20:52:40.577014Z DEBUG turnstone::selfdrive: begin render
2026-10-05T20:52:40.632082Z DEBUG turnstone::selfdrive: finished render; begin accessibility update
2026-10-05T20:52:40.632124Z DEBUG turnstone::selfdrive: finished accessibility update; begin scenario tick
2026-10-05T20:52:40.632147Z DEBUG turnstone::selfdrive: finished scenario tick
2026-10-05T20:52:40.632421Z DEBUG turnstone::selfdrive: begin accessibility event delivery redraw=true
2026-10-05T20:52:40.632448Z DEBUG turnstone::selfdrive: finished accessibility event delivery
2026-10-05T20:52:40.632459Z DEBUG turnstone::selfdrive: begin render
2026-10-05T20:52:40.685672Z DEBUG turnstone::selfdrive: finished render; begin accessibility update
2026-10-05T20:52:40.686818Z DEBUG turnstone::selfdrive: finished accessibility update; begin scenario tick
2026-10-05T20:52:40.686876Z DEBUG turnstone::selfdrive: finished scenario tick
2026-10-05T20:52:40.687091Z DEBUG turnstone::selfdrive: begin accessibility event delivery redraw=true
2026-10-05T20:52:40.687114Z DEBUG turnstone::selfdrive: finished accessibility event delivery
2026-10-05T20:52:40.687123Z DEBUG turnstone::selfdrive: begin render
2026-10-05T20:52:40.736157Z DEBUG turnstone::selfdrive: finished render; begin accessibility update
2026-10-05T20:52:40.736219Z DEBUG turnstone::selfdrive: finished accessibility update; begin scenario tick
2026-10-05T20:52:40.736243Z DEBUG turnstone::selfdrive: finished scenario tick
2026-10-05T20:52:40.736501Z DEBUG turnstone::selfdrive: begin accessibility event delivery redraw=true
2026-10-05T20:52:40.736526Z DEBUG turnstone::selfdrive: finished accessibility event delivery
2026-10-05T20:52:40.736536Z DEBUG turnstone::selfdrive: begin render
2026-10-05T20:52:40.786731Z DEBUG turnstone::selfdrive: finished render; begin accessibility update
2026-10-05T20:52:40.786778Z DEBUG turnstone::selfdrive: finished accessibility update; begin scenario tick
2026-10-05T20:52:40.786800Z DEBUG turnstone::selfdrive: finished scenario tick
2026-10-05T20:52:40.787086Z DEBUG turnstone::selfdrive: begin accessibility event delivery redraw=true
2026-10-05T20:52:40.787113Z DEBUG turnstone::selfdrive: finished accessibility event delivery
2026-10-05T20:52:40.787126Z DEBUG turnstone::selfdrive: begin render
2026-10-05T20:52:40.836626Z DEBUG turnstone::selfdrive: finished render; begin accessibility update
2026-10-05T20:52:40.836674Z DEBUG turnstone::selfdrive: finished accessibility update; begin scenario tick
2026-10-05T20:52:40.836702Z DEBUG turnstone::selfdrive: finished scenario tick
2026-10-05T20:52:40.836947Z DEBUG turnstone::selfdrive: begin accessibility event delivery redraw=true
2026-10-05T20:52:40.836972Z DEBUG turnstone::selfdrive: finished accessibility event delivery
2026-10-05T20:52:40.836981Z DEBUG turnstone::selfdrive: begin render
2026-10-05T20:52:40.883100Z DEBUG turnstone::selfdrive: finished render; begin accessibility update
2026-10-05T20:52:40.883145Z DEBUG turnstone::selfdrive: finished accessibility update; begin scenario tick
2026-10-05T20:52:40.883166Z DEBUG turnstone::selfdrive: finished scenario tick
2026-10-05T20:52:40.883426Z DEBUG turnstone::selfdrive: begin accessibility event delivery redraw=true
2026-10-05T20:52:40.883446Z DEBUG turnstone::selfdrive: finished accessibility event delivery
2026-10-05T20:52:40.883460Z DEBUG turnstone::selfdrive: begin render
2026-10-05T20:52:40.937398Z DEBUG turnstone::selfdrive: finished render; begin accessibility update
2026-10-05T20:52:40.937448Z DEBUG turnstone::selfdrive: finished accessibility update; begin scenario tick
2026-10-05T20:52:40.937472Z DEBUG turnstone::selfdrive: finished scenario tick
2026-10-05T20:52:40.937715Z DEBUG turnstone::selfdrive: begin accessibility event delivery redraw=true
2026-10-05T20:52:40.937740Z DEBUG turnstone::selfdrive: finished accessibility event delivery
2026-10-05T20:52:40.937751Z DEBUG turnstone::selfdrive: begin render
2026-10-05T20:52:40.991910Z DEBUG turnstone::selfdrive: finished render; begin accessibility update
2026-10-05T20:52:40.991954Z DEBUG turnstone::selfdrive: finished accessibility update; begin scenario tick
2026-10-05T20:52:40.991976Z DEBUG turnstone::selfdrive: finished scenario tick
2026-10-05T20:52:40.992260Z DEBUG turnstone::selfdrive: begin accessibility event delivery redraw=true
2026-10-05T20:52:40.992287Z DEBUG turnstone::selfdrive: finished accessibility event delivery
2026-10-05T20:52:40.992298Z DEBUG turnstone::selfdrive: begin render
2026-10-05T20:52:41.044704Z DEBUG turnstone::selfdrive: finished render; begin accessibility update
2026-10-05T20:52:41.044752Z DEBUG turnstone::selfdrive: finished accessibility update; begin scenario tick
2026-10-05T20:52:41.044774Z DEBUG turnstone::selfdrive: finished scenario tick
2026-10-05T20:52:41.045010Z DEBUG turnstone::selfdrive: begin accessibility event delivery redraw=true
2026-10-05T20:52:41.045029Z DEBUG turnstone::selfdrive: finished accessibility event delivery
2026-10-05T20:52:41.045039Z DEBUG turnstone::selfdrive: begin render
2026-10-05T20:52:41.092267Z DEBUG turnstone::selfdrive: finished render; begin accessibility update
2026-10-05T20:52:41.092332Z DEBUG turnstone::selfdrive: finished accessibility update; begin scenario tick
2026-10-05T20:52:41.092427Z DEBUG turnstone::selfdrive: finished scenario tick
2026-10-05T20:52:41.092741Z DEBUG turnstone::selfdrive: begin accessibility event delivery redraw=true
2026-10-05T20:52:41.092766Z DEBUG turnstone::selfdrive: finished accessibility event delivery
2026-10-05T20:52:41.092775Z DEBUG turnstone::selfdrive: begin render
2026-10-05T20:52:41.141317Z DEBUG turnstone::selfdrive: finished render; begin accessibility update
2026-10-05T20:52:41.141367Z DEBUG turnstone::selfdrive: finished accessibility update; begin scenario tick
2026-10-05T20:52:41.141391Z DEBUG turnstone::selfdrive: finished scenario tick
2026-10-05T20:52:41.141646Z DEBUG turnstone::selfdrive: begin accessibility event delivery redraw=true
2026-10-05T20:52:41.141669Z DEBUG turnstone::selfdrive: finished accessibility event delivery
2026-10-05T20:52:41.141679Z DEBUG turnstone::selfdrive: begin render
2026-10-05T20:52:41.189878Z DEBUG turnstone::selfdrive: finished render; begin accessibility update
2026-10-05T20:52:41.189921Z DEBUG turnstone::selfdrive: finished accessibility update; begin scenario tick
2026-10-05T20:52:41.189943Z DEBUG turnstone::selfdrive: finished scenario tick
2026-10-05T20:52:41.190167Z DEBUG turnstone::selfdrive: begin accessibility event delivery redraw=true
2026-10-05T20:52:41.190189Z DEBUG turnstone::selfdrive: finished accessibility event delivery
2026-10-05T20:52:41.190202Z DEBUG turnstone::selfdrive: begin render
2026-10-05T20:52:41.236918Z DEBUG turnstone::selfdrive: finished render; begin accessibility update
2026-10-05T20:52:41.236959Z DEBUG turnstone::selfdrive: finished accessibility update; begin scenario tick
2026-10-05T20:52:41.236983Z DEBUG turnstone::selfdrive: finished scenario tick
2026-10-05T20:52:41.237600Z DEBUG turnstone::selfdrive: begin accessibility event delivery redraw=true
2026-10-05T20:52:41.237654Z DEBUG turnstone::selfdrive: finished accessibility event delivery
2026-10-05T20:52:41.237667Z DEBUG turnstone::selfdrive: begin render
2026-10-05T20:52:41.287790Z DEBUG turnstone::selfdrive: finished render; begin accessibility update
2026-10-05T20:52:41.287835Z DEBUG turnstone::selfdrive: finished accessibility update; begin scenario tick
2026-10-05T20:52:41.287855Z DEBUG turnstone::selfdrive: finished scenario tick
2026-10-05T20:52:41.288115Z DEBUG turnstone::selfdrive: begin accessibility event delivery redraw=true
2026-10-05T20:52:41.288138Z DEBUG turnstone::selfdrive: finished accessibility event delivery
2026-10-05T20:52:41.288148Z DEBUG turnstone::selfdrive: begin render
2026-10-05T20:52:41.337625Z DEBUG turnstone::selfdrive: finished render; begin accessibility update
2026-10-05T20:52:41.337668Z DEBUG turnstone::selfdrive: finished accessibility update; begin scenario tick
2026-10-05T20:52:41.337689Z DEBUG turnstone::selfdrive: finished scenario tick
2026-10-05T20:52:41.337947Z DEBUG turnstone::selfdrive: begin accessibility event delivery redraw=true
2026-10-05T20:52:41.337971Z DEBUG turnstone::selfdrive: finished accessibility event delivery
2026-10-05T20:52:41.337981Z DEBUG turnstone::selfdrive: begin render
2026-10-05T20:52:41.385349Z DEBUG turnstone::selfdrive: finished render; begin accessibility update
2026-10-05T20:52:41.385392Z DEBUG turnstone::selfdrive: finished accessibility update; begin scenario tick
2026-10-05T20:52:41.385413Z DEBUG turnstone::selfdrive: finished scenario tick
2026-10-05T20:52:41.385673Z DEBUG turnstone::selfdrive: begin accessibility event delivery redraw=true
2026-10-05T20:52:41.385695Z DEBUG turnstone::selfdrive: finished accessibility event delivery
2026-10-05T20:52:41.385706Z DEBUG turnstone::selfdrive: begin render
2026-10-05T20:52:41.438548Z DEBUG turnstone::selfdrive: finished render; begin accessibility update
2026-10-05T20:52:41.438591Z DEBUG turnstone::selfdrive: finished accessibility update; begin scenario tick
2026-10-05T20:52:41.438613Z DEBUG turnstone::selfdrive: finished scenario tick
2026-10-05T20:52:41.438846Z DEBUG turnstone::selfdrive: begin accessibility event delivery redraw=true
2026-10-05T20:52:41.438866Z DEBUG turnstone::selfdrive: finished accessibility event delivery
2026-10-05T20:52:41.438879Z DEBUG turnstone::selfdrive: begin render
2026-10-05T20:52:41.487288Z DEBUG turnstone::selfdrive: finished render; begin accessibility update
2026-10-05T20:52:41.487333Z DEBUG turnstone::selfdrive: finished accessibility update; begin scenario tick
2026-10-05T20:52:41.487356Z DEBUG turnstone::selfdrive: finished scenario tick
2026-10-05T20:52:41.487629Z DEBUG turnstone::selfdrive: begin accessibility event delivery redraw=true
2026-10-05T20:52:41.487658Z DEBUG turnstone::selfdrive: finished accessibility event delivery
2026-10-05T20:52:41.487667Z DEBUG turnstone::selfdrive: begin render
2026-10-05T20:52:41.533511Z DEBUG turnstone::selfdrive: finished render; begin accessibility update
2026-10-05T20:52:41.533551Z DEBUG turnstone::selfdrive: finished accessibility update; begin scenario tick
2026-10-05T20:52:41.533573Z DEBUG turnstone::selfdrive: finished scenario tick
2026-10-05T20:52:41.533832Z DEBUG turnstone::selfdrive: begin accessibility event delivery redraw=true
2026-10-05T20:52:41.533855Z DEBUG turnstone::selfdrive: finished accessibility event delivery
2026-10-05T20:52:41.533865Z DEBUG turnstone::selfdrive: begin render
2026-10-05T20:52:41.579155Z DEBUG turnstone::selfdrive: finished render; begin accessibility update
2026-10-05T20:52:41.579198Z DEBUG turnstone::selfdrive: finished accessibility update; begin scenario tick
2026-10-05T20:52:41.579218Z DEBUG turnstone::selfdrive: finished scenario tick
2026-10-05T20:52:41.579512Z DEBUG turnstone::selfdrive: begin accessibility event delivery redraw=true
2026-10-05T20:52:41.579543Z DEBUG turnstone::selfdrive: finished accessibility event delivery
2026-10-05T20:52:41.579555Z DEBUG turnstone::selfdrive: begin render
2026-10-05T20:52:41.627548Z DEBUG turnstone::selfdrive: finished render; begin accessibility update
2026-10-05T20:52:41.627591Z DEBUG turnstone::selfdrive: finished accessibility update; begin scenario tick
2026-10-05T20:52:41.627614Z DEBUG turnstone::selfdrive: finished scenario tick
2026-10-05T20:52:41.627848Z DEBUG turnstone::selfdrive: begin accessibility event delivery redraw=true
2026-10-05T20:52:41.627867Z DEBUG turnstone::selfdrive: finished accessibility event delivery
2026-10-05T20:52:41.627879Z DEBUG turnstone::selfdrive: begin render
2026-10-05T20:52:41.677605Z DEBUG turnstone::selfdrive: finished render; begin accessibility update
2026-10-05T20:52:41.677653Z DEBUG turnstone::selfdrive: finished accessibility update; begin scenario tick
2026-10-05T20:52:41.677674Z DEBUG turnstone::selfdrive: finished scenario tick
2026-10-05T20:52:41.677920Z DEBUG turnstone::selfdrive: begin accessibility event delivery redraw=true
2026-10-05T20:52:41.677941Z DEBUG turnstone::selfdrive: finished accessibility event delivery
2026-10-05T20:52:41.677949Z DEBUG turnstone::selfdrive: begin render
2026-10-05T20:52:41.728767Z DEBUG turnstone::selfdrive: finished render; begin accessibility update
2026-10-05T20:52:41.728831Z DEBUG turnstone::selfdrive: finished accessibility update; begin scenario tick
2026-10-05T20:52:41.728853Z DEBUG turnstone::selfdrive: finished scenario tick
2026-10-05T20:52:41.729130Z DEBUG turnstone::selfdrive: begin accessibility event delivery redraw=true
2026-10-05T20:52:41.729153Z DEBUG turnstone::selfdrive: finished accessibility event delivery
2026-10-05T20:52:41.729163Z DEBUG turnstone::selfdrive: begin render
2026-10-05T20:52:41.779948Z DEBUG turnstone::selfdrive: finished render; begin accessibility update
2026-10-05T20:52:41.779991Z DEBUG turnstone::selfdrive: finished accessibility update; begin scenario tick
2026-10-05T20:52:41.780013Z DEBUG turnstone::selfdrive: finished scenario tick
2026-10-05T20:52:41.780282Z DEBUG turnstone::selfdrive: begin accessibility event delivery redraw=true
2026-10-05T20:52:41.780308Z DEBUG turnstone::selfdrive: finished accessibility event delivery
2026-10-05T20:52:41.780319Z DEBUG turnstone::selfdrive: begin render
2026-10-05T20:52:41.831271Z DEBUG turnstone::selfdrive: finished render; begin accessibility update
2026-10-05T20:52:41.831315Z DEBUG turnstone::selfdrive: finished accessibility update; begin scenario tick
2026-10-05T20:52:41.831340Z DEBUG turnstone::selfdrive: finished scenario tick
2026-10-05T20:52:41.831585Z DEBUG turnstone::selfdrive: begin accessibility event delivery redraw=true
2026-10-05T20:52:41.831609Z DEBUG turnstone::selfdrive: finished accessibility event delivery
2026-10-05T20:52:41.831619Z DEBUG turnstone::selfdrive: begin render
2026-10-05T20:52:41.889189Z DEBUG turnstone::selfdrive: finished render; begin accessibility update
2026-10-05T20:52:41.889248Z DEBUG turnstone::selfdrive: finished accessibility update; begin scenario tick
2026-10-05T20:52:41.889272Z DEBUG turnstone::selfdrive: finished scenario tick
2026-10-05T20:52:41.889787Z DEBUG turnstone::selfdrive: begin accessibility event delivery redraw=true
2026-10-05T20:52:41.889815Z DEBUG turnstone::selfdrive: finished accessibility event delivery
2026-10-05T20:52:41.889825Z DEBUG turnstone::selfdrive: begin render
2026-10-05T20:52:41.949349Z DEBUG turnstone::selfdrive: finished render; begin accessibility update
2026-10-05T20:52:41.949403Z DEBUG turnstone::selfdrive: finished accessibility update; begin scenario tick
2026-10-05T20:52:41.949428Z DEBUG turnstone::selfdrive: finished scenario tick
2026-10-05T20:52:41.949729Z DEBUG turnstone::selfdrive: begin accessibility event delivery redraw=true
2026-10-05T20:52:41.949763Z DEBUG turnstone::selfdrive: finished accessibility event delivery
2026-10-05T20:52:41.949777Z DEBUG turnstone::selfdrive: begin render
2026-10-05T20:52:42.011552Z DEBUG turnstone::selfdrive: finished render; begin accessibility update
2026-10-05T20:52:42.011606Z DEBUG turnstone::selfdrive: finished accessibility update; begin scenario tick
2026-10-05T20:52:42.011635Z DEBUG turnstone::selfdrive: finished scenario tick
2026-10-05T20:52:42.012037Z DEBUG turnstone::selfdrive: begin accessibility event delivery redraw=true
2026-10-05T20:52:42.012062Z DEBUG turnstone::selfdrive: finished accessibility event delivery
2026-10-05T20:52:42.012072Z DEBUG turnstone::selfdrive: begin render
2026-10-05T20:52:42.071871Z DEBUG turnstone::selfdrive: finished render; begin accessibility update
2026-10-05T20:52:42.071923Z DEBUG turnstone::selfdrive: finished accessibility update; begin scenario tick
2026-10-05T20:52:42.071945Z DEBUG turnstone::selfdrive: finished scenario tick
2026-10-05T20:52:42.072185Z DEBUG turnstone::selfdrive: begin accessibility event delivery redraw=true
2026-10-05T20:52:42.072206Z DEBUG turnstone::selfdrive: finished accessibility event delivery
2026-10-05T20:52:42.072215Z DEBUG turnstone::selfdrive: begin render
2026-10-05T20:52:42.129899Z DEBUG turnstone::selfdrive: finished render; begin accessibility update
2026-10-05T20:52:42.129945Z DEBUG turnstone::selfdrive: finished accessibility update; begin scenario tick
2026-10-05T20:52:42.129962Z DEBUG turnstone::selfdrive: finished scenario tick
2026-10-05T20:52:42.130199Z DEBUG turnstone::selfdrive: begin accessibility event delivery redraw=true
2026-10-05T20:52:42.130221Z DEBUG turnstone::selfdrive: finished accessibility event delivery
2026-10-05T20:52:42.130231Z DEBUG turnstone::selfdrive: begin render
2026-10-05T20:52:42.177567Z DEBUG turnstone::selfdrive: finished render; begin accessibility update
2026-10-05T20:52:42.177608Z DEBUG turnstone::selfdrive: finished accessibility update; begin scenario tick
2026-10-05T20:52:42.177628Z DEBUG turnstone::selfdrive: finished scenario tick
2026-10-05T20:52:42.177869Z DEBUG turnstone::selfdrive: begin accessibility event delivery redraw=true
2026-10-05T20:52:42.177892Z DEBUG turnstone::selfdrive: finished accessibility event delivery
2026-10-05T20:52:42.177902Z DEBUG turnstone::selfdrive: begin render
2026-10-05T20:52:42.223615Z DEBUG turnstone::selfdrive: finished render; begin accessibility update
2026-10-05T20:52:42.224262Z DEBUG turnstone::selfdrive: finished accessibility update; begin scenario tick
2026-10-05T20:52:42.224308Z DEBUG turnstone::selfdrive: finished scenario tick
2026-10-05T20:52:42.224516Z DEBUG turnstone::selfdrive: begin accessibility event delivery redraw=true
2026-10-05T20:52:42.224539Z DEBUG turnstone::selfdrive: finished accessibility event delivery
2026-10-05T20:52:42.224549Z DEBUG turnstone::selfdrive: begin render
2026-10-05T20:52:42.268743Z DEBUG turnstone::selfdrive: finished render; begin accessibility update
2026-10-05T20:52:42.268783Z DEBUG turnstone::selfdrive: finished accessibility update; begin scenario tick
2026-10-05T20:52:42.268800Z DEBUG turnstone::selfdrive: finished scenario tick
2026-10-05T20:52:42.269026Z DEBUG turnstone::selfdrive: begin accessibility event delivery redraw=true
2026-10-05T20:52:42.269046Z DEBUG turnstone::selfdrive: finished accessibility event delivery
2026-10-05T20:52:42.269059Z DEBUG turnstone::selfdrive: begin render
2026-10-05T20:52:42.314845Z DEBUG turnstone::selfdrive: finished render; begin accessibility update
2026-10-05T20:52:42.314885Z DEBUG turnstone::selfdrive: finished accessibility update; begin scenario tick
2026-10-05T20:52:42.314906Z DEBUG turnstone::selfdrive: finished scenario tick
2026-10-05T20:52:42.315240Z DEBUG turnstone::selfdrive: begin accessibility event delivery redraw=true
2026-10-05T20:52:42.315274Z DEBUG turnstone::selfdrive: finished accessibility event delivery
2026-10-05T20:52:42.315284Z DEBUG turnstone::selfdrive: begin render
2026-10-05T20:52:42.360294Z DEBUG turnstone::selfdrive: finished render; begin accessibility update
2026-10-05T20:52:42.360335Z DEBUG turnstone::selfdrive: finished accessibility update; begin scenario tick
2026-10-05T20:52:42.360355Z DEBUG turnstone::selfdrive: finished scenario tick
2026-10-05T20:52:42.360585Z DEBUG turnstone::selfdrive: begin accessibility event delivery redraw=true
2026-10-05T20:52:42.360604Z DEBUG turnstone::selfdrive: finished accessibility event delivery
2026-10-05T20:52:42.360618Z DEBUG turnstone::selfdrive: begin render
2026-10-05T20:52:42.402806Z DEBUG turnstone::selfdrive: finished render; begin accessibility update
2026-10-05T20:52:42.402853Z DEBUG turnstone::selfdrive: finished accessibility update; begin scenario tick
2026-10-05T20:52:42.402879Z DEBUG turnstone::selfdrive: finished scenario tick
2026-10-05T20:52:42.403158Z DEBUG turnstone::selfdrive: begin accessibility event delivery redraw=true
2026-10-05T20:52:42.403189Z DEBUG turnstone::selfdrive: finished accessibility event delivery
2026-10-05T20:52:42.403202Z DEBUG turnstone::selfdrive: begin render
2026-10-05T20:52:42.448790Z DEBUG turnstone::selfdrive: finished render; begin accessibility update
2026-10-05T20:52:42.448834Z DEBUG turnstone::selfdrive: finished accessibility update; begin scenario tick
2026-10-05T20:52:42.448857Z DEBUG turnstone::selfdrive: finished scenario tick
2026-10-05T20:52:42.449125Z DEBUG turnstone::selfdrive: begin accessibility event delivery redraw=true
2026-10-05T20:52:42.449144Z DEBUG turnstone::selfdrive: finished accessibility event delivery
2026-10-05T20:52:42.449154Z DEBUG turnstone::selfdrive: begin render
2026-10-05T20:52:42.496988Z DEBUG turnstone::selfdrive: finished render; begin accessibility update
2026-10-05T20:52:42.497029Z DEBUG turnstone::selfdrive: finished accessibility update; begin scenario tick
2026-10-05T20:52:42.497047Z DEBUG turnstone::selfdrive: finished scenario tick
2026-10-05T20:52:42.497357Z DEBUG turnstone::selfdrive: begin accessibility event delivery redraw=true
2026-10-05T20:52:42.497387Z DEBUG turnstone::selfdrive: finished accessibility event delivery
2026-10-05T20:52:42.497400Z DEBUG turnstone::selfdrive: begin render
2026-10-05T20:52:42.544510Z DEBUG turnstone::selfdrive: finished render; begin accessibility update
2026-10-05T20:52:42.544555Z DEBUG turnstone::selfdrive: finished accessibility update; begin scenario tick
2026-10-05T20:52:42.544574Z DEBUG turnstone::selfdrive: finished scenario tick
2026-10-05T20:52:42.544800Z DEBUG turnstone::selfdrive: begin accessibility event delivery redraw=true
2026-10-05T20:52:42.544819Z DEBUG turnstone::selfdrive: finished accessibility event delivery
2026-10-05T20:52:42.544828Z DEBUG turnstone::selfdrive: begin render
2026-10-05T20:52:42.594098Z DEBUG turnstone::selfdrive: finished render; begin accessibility update
2026-10-05T20:52:42.594137Z DEBUG turnstone::selfdrive: finished accessibility update; begin scenario tick
2026-10-05T20:52:42.594156Z DEBUG turnstone::selfdrive: finished scenario tick
2026-10-05T20:52:42.594359Z DEBUG turnstone::selfdrive: begin accessibility event delivery redraw=true
2026-10-05T20:52:42.594384Z DEBUG turnstone::selfdrive: finished accessibility event delivery
2026-10-05T20:52:42.594392Z DEBUG turnstone::selfdrive: begin render
2026-10-05T20:52:42.641734Z DEBUG turnstone::selfdrive: finished render; begin accessibility update
2026-10-05T20:52:42.641784Z DEBUG turnstone::selfdrive: finished accessibility update; begin scenario tick
2026-10-05T20:52:42.641807Z DEBUG turnstone::selfdrive: finished scenario tick
2026-10-05T20:52:42.642045Z DEBUG turnstone::selfdrive: begin accessibility event delivery redraw=true
2026-10-05T20:52:42.642067Z DEBUG turnstone::selfdrive: finished accessibility event delivery
2026-10-05T20:52:42.642081Z DEBUG turnstone::selfdrive: begin render
2026-10-05T20:52:42.683668Z DEBUG turnstone::selfdrive: finished render; begin accessibility update
2026-10-05T20:52:42.683713Z DEBUG turnstone::selfdrive: finished accessibility update; begin scenario tick
2026-10-05T20:52:42.683736Z DEBUG turnstone::selfdrive: finished scenario tick
2026-10-05T20:52:42.683990Z DEBUG turnstone::selfdrive: begin accessibility event delivery redraw=true
2026-10-05T20:52:42.684012Z DEBUG turnstone::selfdrive: finished accessibility event delivery
2026-10-05T20:52:42.684021Z DEBUG turnstone::selfdrive: begin render
2026-10-05T20:52:42.732366Z DEBUG turnstone::selfdrive: finished render; begin accessibility update
2026-10-05T20:52:42.732414Z DEBUG turnstone::selfdrive: finished accessibility update; begin scenario tick
2026-10-05T20:52:42.732442Z DEBUG turnstone::selfdrive: finished scenario tick
2026-10-05T20:52:42.732716Z DEBUG turnstone::selfdrive: begin accessibility event delivery redraw=true
2026-10-05T20:52:42.732750Z DEBUG turnstone::selfdrive: finished accessibility event delivery
2026-10-05T20:52:42.732787Z DEBUG turnstone::selfdrive: begin render
2026-10-05T20:52:42.785327Z DEBUG turnstone::selfdrive: finished render; begin accessibility update
2026-10-05T20:52:42.785369Z DEBUG turnstone::selfdrive: finished accessibility update; begin scenario tick
2026-10-05T20:52:42.785387Z DEBUG turnstone::selfdrive: finished scenario tick
2026-10-05T20:52:42.785690Z DEBUG turnstone::selfdrive: begin accessibility event delivery redraw=true
2026-10-05T20:52:42.785724Z DEBUG turnstone::selfdrive: finished accessibility event delivery
2026-10-05T20:52:42.785738Z DEBUG turnstone::selfdrive: begin render
2026-10-05T20:52:42.833879Z DEBUG turnstone::selfdrive: finished render; begin accessibility update
2026-10-05T20:52:42.833928Z DEBUG turnstone::selfdrive: finished accessibility update; begin scenario tick
2026-10-05T20:52:42.833948Z DEBUG turnstone::selfdrive: finished scenario tick
2026-10-05T20:52:42.834199Z DEBUG turnstone::selfdrive: begin accessibility event delivery redraw=true
2026-10-05T20:52:42.834228Z DEBUG turnstone::selfdrive: finished accessibility event delivery
2026-10-05T20:52:42.834240Z DEBUG turnstone::selfdrive: begin render
2026-10-05T20:52:42.883621Z DEBUG turnstone::selfdrive: finished render; begin accessibility update
2026-10-05T20:52:42.883667Z DEBUG turnstone::selfdrive: finished accessibility update; begin scenario tick
2026-10-05T20:52:42.883690Z DEBUG turnstone::selfdrive: finished scenario tick
2026-10-05T20:52:42.883936Z DEBUG turnstone::selfdrive: begin accessibility event delivery redraw=true
2026-10-05T20:52:42.883956Z DEBUG turnstone::selfdrive: finished accessibility event delivery
2026-10-05T20:52:42.883968Z DEBUG turnstone::selfdrive: begin render
2026-10-05T20:52:42.936644Z DEBUG turnstone::selfdrive: finished render; begin accessibility update
2026-10-05T20:52:42.936690Z DEBUG turnstone::selfdrive: finished accessibility update; begin scenario tick
2026-10-05T20:52:42.936709Z DEBUG turnstone::selfdrive: finished scenario tick
2026-10-05T20:52:42.936930Z DEBUG turnstone::selfdrive: begin accessibility event delivery redraw=true
2026-10-05T20:52:42.936948Z DEBUG turnstone::selfdrive: finished accessibility event delivery
2026-10-05T20:52:42.936956Z DEBUG turnstone::selfdrive: begin render
2026-10-05T20:52:42.985650Z DEBUG turnstone::selfdrive: finished render; begin accessibility update
2026-10-05T20:52:42.985693Z DEBUG turnstone::selfdrive: finished accessibility update; begin scenario tick
2026-10-05T20:52:42.985714Z DEBUG turnstone::selfdrive: finished scenario tick
2026-10-05T20:52:42.985924Z DEBUG turnstone::selfdrive: begin accessibility event delivery redraw=true
2026-10-05T20:52:42.985941Z DEBUG turnstone::selfdrive: finished accessibility event delivery
2026-10-05T20:52:42.985950Z DEBUG turnstone::selfdrive: begin render
2026-10-05T20:52:43.039828Z DEBUG turnstone::selfdrive: finished render; begin accessibility update
2026-10-05T20:52:43.039867Z DEBUG turnstone::selfdrive: finished accessibility update; begin scenario tick
2026-10-05T20:52:43.039884Z DEBUG turnstone::selfdrive: finished scenario tick
2026-10-05T20:52:43.040147Z DEBUG turnstone::selfdrive: begin accessibility event delivery redraw=true
2026-10-05T20:52:43.040171Z DEBUG turnstone::selfdrive: finished accessibility event delivery
2026-10-05T20:52:43.040185Z DEBUG turnstone::selfdrive: begin render
2026-10-05T20:52:43.092705Z DEBUG turnstone::selfdrive: finished render; begin accessibility update
2026-10-05T20:52:43.092750Z DEBUG turnstone::selfdrive: finished accessibility update; begin scenario tick
2026-10-05T20:52:43.092770Z DEBUG turnstone::selfdrive: finished scenario tick
2026-10-05T20:52:43.093016Z DEBUG turnstone::selfdrive: begin accessibility event delivery redraw=true
2026-10-05T20:52:43.093038Z DEBUG turnstone::selfdrive: finished accessibility event delivery
2026-10-05T20:52:43.093046Z DEBUG turnstone::selfdrive: begin render
2026-10-05T20:52:43.140705Z DEBUG turnstone::selfdrive: finished render; begin accessibility update
2026-10-05T20:52:43.140753Z DEBUG turnstone::selfdrive: finished accessibility update; begin scenario tick
2026-10-05T20:52:43.140775Z DEBUG turnstone::selfdrive: finished scenario tick
2026-10-05T20:52:43.141058Z DEBUG turnstone::selfdrive: begin accessibility event delivery redraw=true
2026-10-05T20:52:43.141092Z DEBUG turnstone::selfdrive: finished accessibility event delivery
2026-10-05T20:52:43.141112Z DEBUG turnstone::selfdrive: begin render
2026-10-05T20:52:43.192331Z DEBUG turnstone::selfdrive: finished render; begin accessibility update
2026-10-05T20:52:43.192371Z DEBUG turnstone::selfdrive: finished accessibility update; begin scenario tick
2026-10-05T20:52:43.192391Z DEBUG turnstone::selfdrive: finished scenario tick
2026-10-05T20:52:43.192619Z DEBUG turnstone::selfdrive: begin accessibility event delivery redraw=true
2026-10-05T20:52:43.192639Z DEBUG turnstone::selfdrive: finished accessibility event delivery
2026-10-05T20:52:43.192650Z DEBUG turnstone::selfdrive: begin render
2026-10-05T20:52:43.249403Z DEBUG turnstone::selfdrive: finished render; begin accessibility update
2026-10-05T20:52:43.249442Z DEBUG turnstone::selfdrive: finished accessibility update; begin scenario tick
2026-10-05T20:52:43.249462Z DEBUG turnstone::selfdrive: finished scenario tick
2026-10-05T20:52:43.249678Z DEBUG turnstone::selfdrive: begin accessibility event delivery redraw=true
2026-10-05T20:52:43.249703Z DEBUG turnstone::selfdrive: finished accessibility event delivery
2026-10-05T20:52:43.249714Z DEBUG turnstone::selfdrive: begin render
2026-10-05T20:52:43.300204Z DEBUG turnstone::selfdrive: finished render; begin accessibility update
2026-10-05T20:52:43.300244Z DEBUG turnstone::selfdrive: finished accessibility update; begin scenario tick
2026-10-05T20:52:43.300266Z DEBUG turnstone::selfdrive: finished scenario tick
2026-10-05T20:52:43.300499Z DEBUG turnstone::selfdrive: begin accessibility event delivery redraw=true
2026-10-05T20:52:43.300521Z DEBUG turnstone::selfdrive: finished accessibility event delivery
2026-10-05T20:52:43.300529Z DEBUG turnstone::selfdrive: begin render
2026-10-05T20:52:43.353536Z DEBUG turnstone::selfdrive: finished render; begin accessibility update
2026-10-05T20:52:43.353574Z DEBUG turnstone::selfdrive: finished accessibility update; begin scenario tick
2026-10-05T20:52:43.353592Z DEBUG turnstone::selfdrive: finished scenario tick
2026-10-05T20:52:43.353921Z DEBUG turnstone::selfdrive: begin accessibility event delivery redraw=true
2026-10-05T20:52:43.353971Z DEBUG turnstone::selfdrive: finished accessibility event delivery
2026-10-05T20:52:43.353993Z DEBUG turnstone::selfdrive: begin render
2026-10-05T20:52:43.400934Z DEBUG turnstone::selfdrive: finished render; begin accessibility update
2026-10-05T20:52:43.400981Z DEBUG turnstone::selfdrive: finished accessibility update; begin scenario tick
2026-10-05T20:52:43.401005Z DEBUG turnstone::selfdrive: finished scenario tick
2026-10-05T20:52:43.401240Z DEBUG turnstone::selfdrive: begin accessibility event delivery redraw=true
2026-10-05T20:52:43.401257Z DEBUG turnstone::selfdrive: finished accessibility event delivery
2026-10-05T20:52:43.401266Z DEBUG turnstone::selfdrive: begin render
2026-10-05T20:52:43.449074Z DEBUG turnstone::selfdrive: finished render; begin accessibility update
2026-10-05T20:52:43.449113Z DEBUG turnstone::selfdrive: finished accessibility update; begin scenario tick
2026-10-05T20:52:43.449133Z DEBUG turnstone::selfdrive: finished scenario tick
2026-10-05T20:52:43.449378Z DEBUG turnstone::selfdrive: begin accessibility event delivery redraw=true
2026-10-05T20:52:43.449431Z DEBUG turnstone::selfdrive: finished accessibility event delivery
2026-10-05T20:52:43.449443Z DEBUG turnstone::selfdrive: begin render
2026-10-05T20:52:43.495340Z DEBUG turnstone::selfdrive: finished render; begin accessibility update
2026-10-05T20:52:43.495386Z DEBUG turnstone::selfdrive: finished accessibility update; begin scenario tick
2026-10-05T20:52:43.495406Z DEBUG turnstone::selfdrive: finished scenario tick
2026-10-05T20:52:43.495635Z DEBUG turnstone::selfdrive: begin accessibility event delivery redraw=true
2026-10-05T20:52:43.495652Z DEBUG turnstone::selfdrive: finished accessibility event delivery
2026-10-05T20:52:43.495660Z DEBUG turnstone::selfdrive: begin render
2026-10-05T20:52:43.538304Z DEBUG turnstone::selfdrive: finished render; begin accessibility update
2026-10-05T20:52:43.538344Z DEBUG turnstone::selfdrive: finished accessibility update; begin scenario tick
2026-10-05T20:52:43.538362Z DEBUG turnstone::selfdrive: finished scenario tick
2026-10-05T20:52:43.538622Z DEBUG turnstone::selfdrive: begin accessibility event delivery redraw=true
2026-10-05T20:52:43.538654Z DEBUG turnstone::selfdrive: finished accessibility event delivery
2026-10-05T20:52:43.538667Z DEBUG turnstone::selfdrive: begin render
2026-10-05T20:52:43.585519Z DEBUG turnstone::selfdrive: finished render; begin accessibility update
2026-10-05T20:52:43.585559Z DEBUG turnstone::selfdrive: finished accessibility update; begin scenario tick
2026-10-05T20:52:43.585578Z DEBUG turnstone::selfdrive: finished scenario tick
2026-10-05T20:52:43.585788Z DEBUG turnstone::selfdrive: begin accessibility event delivery redraw=true
2026-10-05T20:52:43.585804Z DEBUG turnstone::selfdrive: finished accessibility event delivery
2026-10-05T20:52:43.585813Z DEBUG turnstone::selfdrive: begin render
2026-10-05T20:52:43.631583Z DEBUG turnstone::selfdrive: finished render; begin accessibility update
2026-10-05T20:52:43.631628Z DEBUG turnstone::selfdrive: finished accessibility update; begin scenario tick
2026-10-05T20:52:43.631649Z DEBUG turnstone::selfdrive: finished scenario tick
2026-10-05T20:52:43.631889Z DEBUG turnstone::selfdrive: begin accessibility event delivery redraw=true
2026-10-05T20:52:43.631911Z DEBUG turnstone::selfdrive: finished accessibility event delivery
2026-10-05T20:52:43.631920Z DEBUG turnstone::selfdrive: begin render
2026-10-05T20:52:43.674637Z DEBUG turnstone::selfdrive: finished render; begin accessibility update
2026-10-05T20:52:43.675120Z DEBUG turnstone::selfdrive: finished accessibility update; begin scenario tick
2026-10-05T20:52:43.675159Z DEBUG turnstone::selfdrive: finished scenario tick
2026-10-05T20:52:43.675396Z DEBUG turnstone::selfdrive: begin accessibility event delivery redraw=true
2026-10-05T20:52:43.675425Z DEBUG turnstone::selfdrive: finished accessibility event delivery
2026-10-05T20:52:43.675438Z DEBUG turnstone::selfdrive: begin render
2026-10-05T20:52:43.722057Z DEBUG turnstone::selfdrive: finished render; begin accessibility update
2026-10-05T20:52:43.722096Z DEBUG turnstone::selfdrive: finished accessibility update; begin scenario tick
2026-10-05T20:52:43.722113Z DEBUG turnstone::selfdrive: finished scenario tick
2026-10-05T20:52:43.722356Z DEBUG turnstone::selfdrive: begin accessibility event delivery redraw=true
2026-10-05T20:52:43.722383Z DEBUG turnstone::selfdrive: finished accessibility event delivery
2026-10-05T20:52:43.722398Z DEBUG turnstone::selfdrive: begin render
2026-10-05T20:52:43.767615Z DEBUG turnstone::selfdrive: finished render; begin accessibility update
2026-10-05T20:52:43.767655Z DEBUG turnstone::selfdrive: finished accessibility update; begin scenario tick
2026-10-05T20:52:43.767675Z DEBUG turnstone::selfdrive: finished scenario tick
2026-10-05T20:52:43.767941Z DEBUG turnstone::selfdrive: begin accessibility event delivery redraw=true
2026-10-05T20:52:43.767963Z DEBUG turnstone::selfdrive: finished accessibility event delivery
2026-10-05T20:52:43.767972Z DEBUG turnstone::selfdrive: begin render
2026-10-05T20:52:43.816661Z DEBUG turnstone::selfdrive: finished render; begin accessibility update
2026-10-05T20:52:43.816718Z DEBUG turnstone::selfdrive: finished accessibility update; begin scenario tick
2026-10-05T20:52:43.816743Z DEBUG turnstone::selfdrive: finished scenario tick
2026-10-05T20:52:43.817011Z DEBUG turnstone::selfdrive: begin accessibility event delivery redraw=true
2026-10-05T20:52:43.817032Z DEBUG turnstone::selfdrive: finished accessibility event delivery
2026-10-05T20:52:43.817040Z DEBUG turnstone::selfdrive: begin render
2026-10-05T20:52:43.870781Z DEBUG turnstone::selfdrive: finished render; begin accessibility update
2026-10-05T20:52:43.870826Z DEBUG turnstone::selfdrive: finished accessibility update; begin scenario tick
2026-10-05T20:52:43.870846Z DEBUG turnstone::selfdrive: finished scenario tick
2026-10-05T20:52:43.871122Z DEBUG turnstone::selfdrive: begin accessibility event delivery redraw=true
2026-10-05T20:52:43.871157Z DEBUG turnstone::selfdrive: finished accessibility event delivery
2026-10-05T20:52:43.871170Z DEBUG turnstone::selfdrive: begin render
2026-10-05T20:52:43.924929Z DEBUG turnstone::selfdrive: finished render; begin accessibility update
2026-10-05T20:52:43.924970Z DEBUG turnstone::selfdrive: finished accessibility update; begin scenario tick
2026-10-05T20:52:43.924991Z DEBUG turnstone::selfdrive: finished scenario tick
2026-10-05T20:52:43.925253Z DEBUG turnstone::selfdrive: begin accessibility event delivery redraw=true
2026-10-05T20:52:43.925276Z DEBUG turnstone::selfdrive: finished accessibility event delivery
2026-10-05T20:52:43.925288Z DEBUG turnstone::selfdrive: begin render
2026-10-05T20:52:43.989843Z DEBUG turnstone::selfdrive: finished render; begin accessibility update
2026-10-05T20:52:43.989895Z DEBUG turnstone::selfdrive: finished accessibility update; begin scenario tick
2026-10-05T20:52:43.989928Z DEBUG turnstone::selfdrive: finished scenario tick
2026-10-05T20:52:43.990211Z DEBUG turnstone::selfdrive: begin accessibility event delivery redraw=true
2026-10-05T20:52:43.990238Z DEBUG turnstone::selfdrive: finished accessibility event delivery
2026-10-05T20:52:43.990270Z DEBUG turnstone::selfdrive: begin render
2026-10-05T20:52:44.047910Z DEBUG turnstone::selfdrive: finished render; begin accessibility update
2026-10-05T20:52:44.047954Z DEBUG turnstone::selfdrive: finished accessibility update; begin scenario tick
2026-10-05T20:52:44.047975Z DEBUG turnstone::selfdrive: finished scenario tick
2026-10-05T20:52:44.048214Z DEBUG turnstone::selfdrive: begin accessibility event delivery redraw=true
2026-10-05T20:52:44.048234Z DEBUG turnstone::selfdrive: finished accessibility event delivery
2026-10-05T20:52:44.048243Z DEBUG turnstone::selfdrive: begin render
2026-10-05T20:52:44.105637Z DEBUG turnstone::selfdrive: finished render; begin accessibility update
2026-10-05T20:52:44.105698Z DEBUG turnstone::selfdrive: finished accessibility update; begin scenario tick
2026-10-05T20:52:44.105725Z DEBUG turnstone::selfdrive: finished scenario tick
2026-10-05T20:52:44.105943Z DEBUG turnstone::selfdrive: begin accessibility event delivery redraw=true
2026-10-05T20:52:44.105967Z DEBUG turnstone::selfdrive: finished accessibility event delivery
2026-10-05T20:52:44.105977Z DEBUG turnstone::selfdrive: begin render
2026-10-05T20:52:44.158493Z DEBUG turnstone::selfdrive: finished render; begin accessibility update
2026-10-05T20:52:44.158544Z DEBUG turnstone::selfdrive: finished accessibility update; begin scenario tick
2026-10-05T20:52:44.158569Z DEBUG turnstone::selfdrive: finished scenario tick
2026-10-05T20:52:44.158809Z DEBUG turnstone::selfdrive: begin accessibility event delivery redraw=true
2026-10-05T20:52:44.158833Z DEBUG turnstone::selfdrive: finished accessibility event delivery
2026-10-05T20:52:44.158848Z DEBUG turnstone::selfdrive: begin render
2026-10-05T20:52:44.209160Z DEBUG turnstone::selfdrive: finished render; begin accessibility update
2026-10-05T20:52:44.209207Z DEBUG turnstone::selfdrive: finished accessibility update; begin scenario tick
2026-10-05T20:52:44.209246Z DEBUG turnstone::selfdrive: finished scenario tick
2026-10-05T20:52:44.209458Z DEBUG turnstone::selfdrive: begin accessibility event delivery redraw=true
2026-10-05T20:52:44.209479Z DEBUG turnstone::selfdrive: finished accessibility event delivery
2026-10-05T20:52:44.209489Z DEBUG turnstone::selfdrive: begin render
2026-10-05T20:52:44.256979Z DEBUG turnstone::selfdrive: finished render; begin accessibility update
2026-10-05T20:52:44.257027Z DEBUG turnstone::selfdrive: finished accessibility update; begin scenario tick
2026-10-05T20:52:44.257049Z DEBUG turnstone::selfdrive: finished scenario tick
2026-10-05T20:52:44.257297Z DEBUG turnstone::selfdrive: begin accessibility event delivery redraw=true
2026-10-05T20:52:44.257320Z DEBUG turnstone::selfdrive: finished accessibility event delivery
2026-10-05T20:52:44.257331Z DEBUG turnstone::selfdrive: begin render
2026-10-05T20:52:44.307994Z DEBUG turnstone::selfdrive: finished render; begin accessibility update
2026-10-05T20:52:44.308034Z DEBUG turnstone::selfdrive: finished accessibility update; begin scenario tick
2026-10-05T20:52:44.308056Z DEBUG turnstone::selfdrive: finished scenario tick
2026-10-05T20:52:44.308311Z DEBUG turnstone::selfdrive: begin accessibility event delivery redraw=true
2026-10-05T20:52:44.308338Z DEBUG turnstone::selfdrive: finished accessibility event delivery
2026-10-05T20:52:44.308352Z DEBUG turnstone::selfdrive: begin render
2026-10-05T20:52:44.354902Z DEBUG turnstone::selfdrive: finished render; begin accessibility update
2026-10-05T20:52:44.354946Z DEBUG turnstone::selfdrive: finished accessibility update; begin scenario tick
2026-10-05T20:52:44.354966Z DEBUG turnstone::selfdrive: finished scenario tick
2026-10-05T20:52:44.355196Z DEBUG turnstone::selfdrive: begin accessibility event delivery redraw=true
2026-10-05T20:52:44.355219Z DEBUG turnstone::selfdrive: finished accessibility event delivery
2026-10-05T20:52:44.355227Z DEBUG turnstone::selfdrive: begin render
2026-10-05T20:52:44.403085Z DEBUG turnstone::selfdrive: finished render; begin accessibility update
2026-10-05T20:52:44.403127Z DEBUG turnstone::selfdrive: finished accessibility update; begin scenario tick
2026-10-05T20:52:44.403151Z DEBUG turnstone::selfdrive: finished scenario tick
2026-10-05T20:52:44.403392Z DEBUG turnstone::selfdrive: begin accessibility event delivery redraw=true
2026-10-05T20:52:44.403413Z DEBUG turnstone::selfdrive: finished accessibility event delivery
2026-10-05T20:52:44.403423Z DEBUG turnstone::selfdrive: begin render
2026-10-05T20:52:44.452122Z DEBUG turnstone::selfdrive: finished render; begin accessibility update
2026-10-05T20:52:44.452164Z DEBUG turnstone::selfdrive: finished accessibility update; begin scenario tick
2026-10-05T20:52:44.452185Z DEBUG turnstone::selfdrive: finished scenario tick
2026-10-05T20:52:44.452419Z DEBUG turnstone::selfdrive: begin accessibility event delivery redraw=true
2026-10-05T20:52:44.452440Z DEBUG turnstone::selfdrive: finished accessibility event delivery
2026-10-05T20:52:44.452450Z DEBUG turnstone::selfdrive: begin render
2026-10-05T20:52:44.494072Z DEBUG turnstone::selfdrive: finished render; begin accessibility update
2026-10-05T20:52:44.494111Z DEBUG turnstone::selfdrive: finished accessibility update; begin scenario tick
2026-10-05T20:52:44.494130Z DEBUG turnstone::selfdrive: finished scenario tick
2026-10-05T20:52:44.494349Z DEBUG turnstone::selfdrive: begin accessibility event delivery redraw=true
2026-10-05T20:52:44.494369Z DEBUG turnstone::selfdrive: finished accessibility event delivery
2026-10-05T20:52:44.494376Z DEBUG turnstone::selfdrive: begin render
2026-10-05T20:52:44.537377Z DEBUG turnstone::selfdrive: finished render; begin accessibility update
2026-10-05T20:52:44.537416Z DEBUG turnstone::selfdrive: finished accessibility update; begin scenario tick
2026-10-05T20:52:44.537436Z DEBUG turnstone::selfdrive: finished scenario tick
2026-10-05T20:52:44.537682Z DEBUG turnstone::selfdrive: begin accessibility event delivery redraw=true
2026-10-05T20:52:44.537718Z DEBUG turnstone::selfdrive: finished accessibility event delivery
2026-10-05T20:52:44.537732Z DEBUG turnstone::selfdrive: begin render
2026-10-05T20:52:44.584739Z DEBUG turnstone::selfdrive: finished render; begin accessibility update
2026-10-05T20:52:44.584779Z DEBUG turnstone::selfdrive: finished accessibility update; begin scenario tick
2026-10-05T20:52:44.584802Z DEBUG turnstone::selfdrive: finished scenario tick
2026-10-05T20:52:44.585020Z DEBUG turnstone::selfdrive: begin accessibility event delivery redraw=true
2026-10-05T20:52:44.585040Z DEBUG turnstone::selfdrive: finished accessibility event delivery
2026-10-05T20:52:44.585048Z DEBUG turnstone::selfdrive: begin render
2026-10-05T20:52:44.630299Z DEBUG turnstone::selfdrive: finished render; begin accessibility update
2026-10-05T20:52:44.630368Z DEBUG turnstone::selfdrive: finished accessibility update; begin scenario tick
2026-10-05T20:52:44.630403Z DEBUG turnstone::selfdrive: finished scenario tick
2026-10-05T20:52:44.630693Z DEBUG turnstone::selfdrive: begin accessibility event delivery redraw=true
2026-10-05T20:52:44.630722Z DEBUG turnstone::selfdrive: finished accessibility event delivery
2026-10-05T20:52:44.630733Z DEBUG turnstone::selfdrive: begin render
2026-10-05T20:52:44.673118Z DEBUG turnstone::selfdrive: finished render; begin accessibility update
2026-10-05T20:52:44.673159Z DEBUG turnstone::selfdrive: finished accessibility update; begin scenario tick
2026-10-05T20:52:44.673204Z DEBUG turnstone::selfdrive: finished scenario tick
2026-10-05T20:52:44.673398Z DEBUG turnstone::selfdrive: begin accessibility event delivery redraw=true
2026-10-05T20:52:44.673417Z DEBUG turnstone::selfdrive: finished accessibility event delivery
2026-10-05T20:52:44.673427Z DEBUG turnstone::selfdrive: begin render
2026-10-05T20:52:44.722336Z DEBUG turnstone::selfdrive: finished render; begin accessibility update
2026-10-05T20:52:44.722375Z DEBUG turnstone::selfdrive: finished accessibility update; begin scenario tick
2026-10-05T20:52:44.722396Z DEBUG turnstone::selfdrive: finished scenario tick
2026-10-05T20:52:44.722623Z DEBUG turnstone::selfdrive: begin accessibility event delivery redraw=true
2026-10-05T20:52:44.722642Z DEBUG turnstone::selfdrive: finished accessibility event delivery
2026-10-05T20:52:44.722651Z DEBUG turnstone::selfdrive: begin render
2026-10-05T20:52:44.765853Z DEBUG turnstone::selfdrive: finished render; begin accessibility update
2026-10-05T20:52:44.765895Z DEBUG turnstone::selfdrive: finished accessibility update; begin scenario tick
2026-10-05T20:52:44.765915Z DEBUG turnstone::selfdrive: finished scenario tick
2026-10-05T20:52:44.766151Z DEBUG turnstone::selfdrive: begin accessibility event delivery redraw=true
2026-10-05T20:52:44.766176Z DEBUG turnstone::selfdrive: finished accessibility event delivery
2026-10-05T20:52:44.766187Z DEBUG turnstone::selfdrive: begin render
2026-10-05T20:52:44.809690Z DEBUG turnstone::selfdrive: finished render; begin accessibility update
2026-10-05T20:52:44.809733Z DEBUG turnstone::selfdrive: finished accessibility update; begin scenario tick
2026-10-05T20:52:44.809755Z DEBUG turnstone::selfdrive: finished scenario tick
2026-10-05T20:52:44.810022Z DEBUG turnstone::selfdrive: begin accessibility event delivery redraw=true
2026-10-05T20:52:44.810051Z DEBUG turnstone::selfdrive: finished accessibility event delivery
2026-10-05T20:52:44.810064Z DEBUG turnstone::selfdrive: begin render
2026-10-05T20:52:44.853367Z DEBUG turnstone::selfdrive: finished render; begin accessibility update
2026-10-05T20:52:44.853407Z DEBUG turnstone::selfdrive: finished accessibility update; begin scenario tick
2026-10-05T20:52:44.853426Z DEBUG turnstone::selfdrive: finished scenario tick
2026-10-05T20:52:44.853668Z DEBUG turnstone::selfdrive: begin accessibility event delivery redraw=true
2026-10-05T20:52:44.853702Z DEBUG turnstone::selfdrive: finished accessibility event delivery
2026-10-05T20:52:44.853716Z DEBUG turnstone::selfdrive: begin render
2026-10-05T20:52:44.902571Z DEBUG turnstone::selfdrive: finished render; begin accessibility update
2026-10-05T20:52:44.902614Z DEBUG turnstone::selfdrive: finished accessibility update; begin scenario tick
2026-10-05T20:52:44.902633Z DEBUG turnstone::selfdrive: finished scenario tick
2026-10-05T20:52:44.902854Z DEBUG turnstone::selfdrive: begin accessibility event delivery redraw=true
2026-10-05T20:52:44.902879Z DEBUG turnstone::selfdrive: finished accessibility event delivery
2026-10-05T20:52:44.902892Z DEBUG turnstone::selfdrive: begin render
2026-10-05T20:52:44.947680Z DEBUG turnstone::selfdrive: finished render; begin accessibility update
2026-10-05T20:52:44.947728Z DEBUG turnstone::selfdrive: finished accessibility update; begin scenario tick
2026-10-05T20:52:44.947751Z DEBUG turnstone::selfdrive: finished scenario tick
2026-10-05T20:52:44.948012Z DEBUG turnstone::selfdrive: begin accessibility event delivery redraw=true
2026-10-05T20:52:44.948043Z DEBUG turnstone::selfdrive: finished accessibility event delivery
2026-10-05T20:52:44.948061Z DEBUG turnstone::selfdrive: begin render
2026-10-05T20:52:44.990723Z DEBUG turnstone::selfdrive: finished render; begin accessibility update
2026-10-05T20:52:44.990766Z DEBUG turnstone::selfdrive: finished accessibility update; begin scenario tick
2026-10-05T20:52:44.990800Z DEBUG turnstone::selfdrive: finished scenario tick
2026-10-05T20:52:44.990994Z DEBUG turnstone::selfdrive: begin accessibility event delivery redraw=true
2026-10-05T20:52:44.991010Z DEBUG turnstone::selfdrive: finished accessibility event delivery
2026-10-05T20:52:44.991019Z DEBUG turnstone::selfdrive: begin render
2026-10-05T20:52:45.041239Z DEBUG turnstone::selfdrive: finished render; begin accessibility update
2026-10-05T20:52:45.041283Z DEBUG turnstone::selfdrive: finished accessibility update; begin scenario tick
2026-10-05T20:52:45.041303Z DEBUG turnstone::selfdrive: finished scenario tick
2026-10-05T20:52:45.041528Z DEBUG turnstone::selfdrive: begin accessibility event delivery redraw=true
2026-10-05T20:52:45.041547Z DEBUG turnstone::selfdrive: finished accessibility event delivery
2026-10-05T20:52:45.041555Z DEBUG turnstone::selfdrive: begin render
2026-10-05T20:52:45.090954Z DEBUG turnstone::selfdrive: finished render; begin accessibility update
2026-10-05T20:52:45.091002Z DEBUG turnstone::selfdrive: finished accessibility update; begin scenario tick
2026-10-05T20:52:45.091027Z DEBUG turnstone::selfdrive: finished scenario tick
2026-10-05T20:52:45.091293Z DEBUG turnstone::selfdrive: begin accessibility event delivery redraw=true
2026-10-05T20:52:45.091324Z DEBUG turnstone::selfdrive: finished accessibility event delivery
2026-10-05T20:52:45.091356Z DEBUG turnstone::selfdrive: begin render
2026-10-05T20:52:45.140840Z DEBUG turnstone::selfdrive: finished render; begin accessibility update
2026-10-05T20:52:45.141432Z DEBUG turnstone::selfdrive: finished accessibility update; begin scenario tick
2026-10-05T20:52:45.141476Z DEBUG turnstone::selfdrive: finished scenario tick
2026-10-05T20:52:45.141674Z DEBUG turnstone::selfdrive: begin accessibility event delivery redraw=true
2026-10-05T20:52:45.141696Z DEBUG turnstone::selfdrive: finished accessibility event delivery
2026-10-05T20:52:45.141706Z DEBUG turnstone::selfdrive: begin render
2026-10-05T20:52:45.190486Z DEBUG turnstone::selfdrive: finished render; begin accessibility update
2026-10-05T20:52:45.190531Z DEBUG turnstone::selfdrive: finished accessibility update; begin scenario tick
2026-10-05T20:52:45.190551Z DEBUG turnstone::selfdrive: finished scenario tick
2026-10-05T20:52:45.190776Z DEBUG turnstone::selfdrive: begin accessibility event delivery redraw=true
2026-10-05T20:52:45.190799Z DEBUG turnstone::selfdrive: finished accessibility event delivery
2026-10-05T20:52:45.190811Z DEBUG turnstone::selfdrive: begin render
2026-10-05T20:52:45.237122Z DEBUG turnstone::selfdrive: finished render; begin accessibility update
2026-10-05T20:52:45.237162Z DEBUG turnstone::selfdrive: finished accessibility update; begin scenario tick
2026-10-05T20:52:45.237181Z DEBUG turnstone::selfdrive: finished scenario tick
2026-10-05T20:52:45.237431Z DEBUG turnstone::selfdrive: begin accessibility event delivery redraw=true
2026-10-05T20:52:45.237463Z DEBUG turnstone::selfdrive: finished accessibility event delivery
2026-10-05T20:52:45.237487Z DEBUG turnstone::selfdrive: begin render
2026-10-05T20:52:45.283574Z DEBUG turnstone::selfdrive: finished render; begin accessibility update
2026-10-05T20:52:45.283612Z DEBUG turnstone::selfdrive: finished accessibility update; begin scenario tick
2026-10-05T20:52:45.283630Z DEBUG turnstone::selfdrive: finished scenario tick
2026-10-05T20:52:45.283845Z DEBUG turnstone::selfdrive: begin accessibility event delivery redraw=true
2026-10-05T20:52:45.283869Z DEBUG turnstone::selfdrive: finished accessibility event delivery
2026-10-05T20:52:45.283881Z DEBUG turnstone::selfdrive: begin render
2026-10-05T20:52:45.327034Z DEBUG turnstone::selfdrive: finished render; begin accessibility update
2026-10-05T20:52:45.327075Z DEBUG turnstone::selfdrive: finished accessibility update; begin scenario tick
2026-10-05T20:52:45.327094Z DEBUG turnstone::selfdrive: finished scenario tick
2026-10-05T20:52:45.327388Z DEBUG turnstone::selfdrive: begin accessibility event delivery redraw=true
2026-10-05T20:52:45.327412Z DEBUG turnstone::selfdrive: finished accessibility event delivery
2026-10-05T20:52:45.327421Z DEBUG turnstone::selfdrive: begin render
2026-10-05T20:52:45.367929Z DEBUG turnstone::selfdrive: finished render; begin accessibility update
2026-10-05T20:52:45.367968Z DEBUG turnstone::selfdrive: finished accessibility update; begin scenario tick
2026-10-05T20:52:45.367987Z DEBUG turnstone::selfdrive: finished scenario tick
2026-10-05T20:52:45.368217Z DEBUG turnstone::selfdrive: begin accessibility event delivery redraw=true
2026-10-05T20:52:45.368238Z DEBUG turnstone::selfdrive: finished accessibility event delivery
2026-10-05T20:52:45.368245Z DEBUG turnstone::selfdrive: begin render
2026-10-05T20:52:45.410030Z DEBUG turnstone::selfdrive: finished render; begin accessibility update
2026-10-05T20:52:45.410070Z DEBUG turnstone::selfdrive: finished accessibility update; begin scenario tick
2026-10-05T20:52:45.410090Z DEBUG turnstone::selfdrive: finished scenario tick
2026-10-05T20:52:45.410557Z DEBUG turnstone::selfdrive: begin accessibility event delivery redraw=true
2026-10-05T20:52:45.410588Z DEBUG turnstone::selfdrive: finished accessibility event delivery
2026-10-05T20:52:45.410601Z DEBUG turnstone::selfdrive: begin render
2026-10-05T20:52:45.459658Z DEBUG turnstone::selfdrive: finished render; begin accessibility update
2026-10-05T20:52:45.459709Z DEBUG turnstone::selfdrive: finished accessibility update; begin scenario tick
2026-10-05T20:52:45.459731Z DEBUG turnstone::selfdrive: finished scenario tick
2026-10-05T20:52:45.460013Z DEBUG turnstone::selfdrive: begin accessibility event delivery redraw=true
2026-10-05T20:52:45.460040Z DEBUG turnstone::selfdrive: finished accessibility event delivery
2026-10-05T20:52:45.460052Z DEBUG turnstone::selfdrive: begin render
2026-10-05T20:52:45.513068Z DEBUG turnstone::selfdrive: finished render; begin accessibility update
2026-10-05T20:52:45.513107Z DEBUG turnstone::selfdrive: finished accessibility update; begin scenario tick
2026-10-05T20:52:45.513129Z DEBUG turnstone::selfdrive: finished scenario tick
2026-10-05T20:52:45.513377Z DEBUG turnstone::selfdrive: begin accessibility event delivery redraw=true
2026-10-05T20:52:45.513401Z DEBUG turnstone::selfdrive: finished accessibility event delivery
2026-10-05T20:52:45.513411Z DEBUG turnstone::selfdrive: begin render
2026-10-05T20:52:45.563110Z DEBUG turnstone::selfdrive: finished render; begin accessibility update
2026-10-05T20:52:45.563156Z DEBUG turnstone::selfdrive: finished accessibility update; begin scenario tick
2026-10-05T20:52:45.563182Z DEBUG turnstone::selfdrive: finished scenario tick
2026-10-05T20:52:45.563437Z DEBUG turnstone::selfdrive: begin accessibility event delivery redraw=true
2026-10-05T20:52:45.563465Z DEBUG turnstone::selfdrive: finished accessibility event delivery
2026-10-05T20:52:45.563475Z DEBUG turnstone::selfdrive: begin render
2026-10-05T20:52:45.619034Z DEBUG turnstone::selfdrive: finished render; begin accessibility update
2026-10-05T20:52:45.619078Z DEBUG turnstone::selfdrive: finished accessibility update; begin scenario tick
2026-10-05T20:52:45.619101Z DEBUG turnstone::selfdrive: finished scenario tick
2026-10-05T20:52:45.619333Z DEBUG turnstone::selfdrive: begin accessibility event delivery redraw=true
2026-10-05T20:52:45.619363Z DEBUG turnstone::selfdrive: finished accessibility event delivery
2026-10-05T20:52:45.619373Z DEBUG turnstone::selfdrive: begin render
2026-10-05T20:52:45.672488Z DEBUG turnstone::selfdrive: finished render; begin accessibility update
2026-10-05T20:52:45.672540Z DEBUG turnstone::selfdrive: finished accessibility update; begin scenario tick
2026-10-05T20:52:45.672564Z DEBUG turnstone::selfdrive: finished scenario tick
2026-10-05T20:52:45.672877Z DEBUG turnstone::selfdrive: begin accessibility event delivery redraw=true
2026-10-05T20:52:45.672907Z DEBUG turnstone::selfdrive: finished accessibility event delivery
2026-10-05T20:52:45.672918Z DEBUG turnstone::selfdrive: begin render
2026-10-05T20:52:45.731429Z DEBUG turnstone::selfdrive: finished render; begin accessibility update
2026-10-05T20:52:45.731479Z DEBUG turnstone::selfdrive: finished accessibility update; begin scenario tick
2026-10-05T20:52:45.731501Z DEBUG turnstone::selfdrive: finished scenario tick
2026-10-05T20:52:45.731743Z DEBUG turnstone::selfdrive: begin accessibility event delivery redraw=true
2026-10-05T20:52:45.731767Z DEBUG turnstone::selfdrive: finished accessibility event delivery
2026-10-05T20:52:45.731776Z DEBUG turnstone::selfdrive: begin render
2026-10-05T20:52:45.787417Z DEBUG turnstone::selfdrive: finished render; begin accessibility update
2026-10-05T20:52:45.787461Z DEBUG turnstone::selfdrive: finished accessibility update; begin scenario tick
2026-10-05T20:52:45.787488Z DEBUG turnstone::selfdrive: finished scenario tick
2026-10-05T20:52:45.788057Z DEBUG turnstone::selfdrive: begin accessibility event delivery redraw=true
2026-10-05T20:52:45.788092Z DEBUG turnstone::selfdrive: finished accessibility event delivery
2026-10-05T20:52:45.788103Z DEBUG turnstone::selfdrive: begin render
2026-10-05T20:52:45.833313Z DEBUG turnstone::selfdrive: finished render; begin accessibility update
2026-10-05T20:52:45.833363Z DEBUG turnstone::selfdrive: finished accessibility update; begin scenario tick
2026-10-05T20:52:45.833384Z DEBUG turnstone::selfdrive: finished scenario tick
2026-10-05T20:52:45.833661Z DEBUG turnstone::selfdrive: begin accessibility event delivery redraw=true
2026-10-05T20:52:45.833683Z DEBUG turnstone::selfdrive: finished accessibility event delivery
2026-10-05T20:52:45.833691Z DEBUG turnstone::selfdrive: begin render
2026-10-05T20:52:45.879233Z DEBUG turnstone::selfdrive: finished render; begin accessibility update
2026-10-05T20:52:45.879273Z DEBUG turnstone::selfdrive: finished accessibility update; begin scenario tick
2026-10-05T20:52:45.879296Z DEBUG turnstone::selfdrive: finished scenario tick
2026-10-05T20:52:45.879519Z DEBUG turnstone::selfdrive: begin accessibility event delivery redraw=true
2026-10-05T20:52:45.879536Z DEBUG turnstone::selfdrive: finished accessibility event delivery
2026-10-05T20:52:45.879545Z DEBUG turnstone::selfdrive: begin render
2026-10-05T20:52:45.929936Z DEBUG turnstone::selfdrive: finished render; begin accessibility update
2026-10-05T20:52:45.929980Z DEBUG turnstone::selfdrive: finished accessibility update; begin scenario tick
2026-10-05T20:52:45.930002Z DEBUG turnstone::selfdrive: finished scenario tick
2026-10-05T20:52:45.930415Z DEBUG turnstone::selfdrive: begin accessibility event delivery redraw=true
2026-10-05T20:52:45.930446Z DEBUG turnstone::selfdrive: finished accessibility event delivery
2026-10-05T20:52:45.930458Z DEBUG turnstone::selfdrive: begin render
2026-10-05T20:52:45.988926Z DEBUG turnstone::selfdrive: finished render; begin accessibility update
2026-10-05T20:52:45.988974Z DEBUG turnstone::selfdrive: finished accessibility update; begin scenario tick
2026-10-05T20:52:45.988998Z DEBUG turnstone::selfdrive: finished scenario tick
2026-10-05T20:52:45.989231Z DEBUG turnstone::selfdrive: begin accessibility event delivery redraw=true
2026-10-05T20:52:45.989251Z DEBUG turnstone::selfdrive: finished accessibility event delivery
2026-10-05T20:52:45.989260Z DEBUG turnstone::selfdrive: begin render
2026-10-05T20:52:46.035709Z DEBUG turnstone::selfdrive: finished render; begin accessibility update
2026-10-05T20:52:46.035767Z DEBUG turnstone::selfdrive: finished accessibility update; begin scenario tick
2026-10-05T20:52:46.035793Z DEBUG turnstone::selfdrive: finished scenario tick
2026-10-05T20:52:46.036085Z DEBUG turnstone::selfdrive: begin accessibility event delivery redraw=true
2026-10-05T20:52:46.036117Z DEBUG turnstone::selfdrive: finished accessibility event delivery
2026-10-05T20:52:46.036129Z DEBUG turnstone::selfdrive: begin render
2026-10-05T20:52:46.089301Z DEBUG turnstone::selfdrive: finished render; begin accessibility update
2026-10-05T20:52:46.089383Z DEBUG turnstone::selfdrive: finished accessibility update; begin scenario tick
2026-10-05T20:52:46.089538Z DEBUG turnstone::selfdrive: finished scenario tick
2026-10-05T20:52:46.089848Z DEBUG turnstone::selfdrive: begin accessibility event delivery redraw=true
2026-10-05T20:52:46.089882Z DEBUG turnstone::selfdrive: finished accessibility event delivery
2026-10-05T20:52:46.089894Z DEBUG turnstone::selfdrive: begin render
2026-10-05T20:52:46.145015Z DEBUG turnstone::selfdrive: finished render; begin accessibility update
2026-10-05T20:52:46.145056Z DEBUG turnstone::selfdrive: finished accessibility update; begin scenario tick
2026-10-05T20:52:46.145074Z DEBUG turnstone::selfdrive: finished scenario tick
2026-10-05T20:52:46.145301Z DEBUG turnstone::selfdrive: begin accessibility event delivery redraw=true
2026-10-05T20:52:46.145321Z DEBUG turnstone::selfdrive: finished accessibility event delivery
2026-10-05T20:52:46.145327Z DEBUG turnstone::selfdrive: begin render
2026-10-05T20:52:46.191001Z DEBUG turnstone::selfdrive: finished render; begin accessibility update
2026-10-05T20:52:46.191048Z DEBUG turnstone::selfdrive: finished accessibility update; begin scenario tick
2026-10-05T20:52:46.191078Z DEBUG turnstone::selfdrive: finished scenario tick
2026-10-05T20:52:46.191310Z DEBUG turnstone::selfdrive: begin accessibility event delivery redraw=true
2026-10-05T20:52:46.191330Z DEBUG turnstone::selfdrive: finished accessibility event delivery
2026-10-05T20:52:46.191339Z DEBUG turnstone::selfdrive: begin render
2026-10-05T20:52:46.239026Z DEBUG turnstone::selfdrive: finished render; begin accessibility update
2026-10-05T20:52:46.239067Z DEBUG turnstone::selfdrive: finished accessibility update; begin scenario tick
2026-10-05T20:52:46.239087Z DEBUG turnstone::selfdrive: finished scenario tick
2026-10-05T20:52:46.239346Z DEBUG turnstone::selfdrive: begin accessibility event delivery redraw=true
2026-10-05T20:52:46.239383Z DEBUG turnstone::selfdrive: finished accessibility event delivery
2026-10-05T20:52:46.239393Z DEBUG turnstone::selfdrive: begin render
2026-10-05T20:52:46.284773Z DEBUG turnstone::selfdrive: finished render; begin accessibility update
2026-10-05T20:52:46.284837Z DEBUG turnstone::selfdrive: finished accessibility update; begin scenario tick
2026-10-05T20:52:46.284891Z DEBUG turnstone::selfdrive: finished scenario tick
2026-10-05T20:52:46.285149Z DEBUG turnstone::selfdrive: begin accessibility event delivery redraw=true
2026-10-05T20:52:46.285178Z DEBUG turnstone::selfdrive: finished accessibility event delivery
2026-10-05T20:52:46.285189Z DEBUG turnstone::selfdrive: begin render
2026-10-05T20:52:46.331833Z DEBUG turnstone::selfdrive: finished render; begin accessibility update
2026-10-05T20:52:46.331872Z DEBUG turnstone::selfdrive: finished accessibility update; begin scenario tick
2026-10-05T20:52:46.331892Z DEBUG turnstone::selfdrive: finished scenario tick
2026-10-05T20:52:46.332165Z DEBUG turnstone::selfdrive: begin accessibility event delivery redraw=true
2026-10-05T20:52:46.332193Z DEBUG turnstone::selfdrive: finished accessibility event delivery
2026-10-05T20:52:46.332211Z DEBUG turnstone::selfdrive: begin render
2026-10-05T20:52:46.376508Z DEBUG turnstone::selfdrive: finished render; begin accessibility update
2026-10-05T20:52:46.376549Z DEBUG turnstone::selfdrive: finished accessibility update; begin scenario tick
2026-10-05T20:52:46.376569Z DEBUG turnstone::selfdrive: finished scenario tick
2026-10-05T20:52:46.376812Z DEBUG turnstone::selfdrive: begin accessibility event delivery redraw=true
2026-10-05T20:52:46.376837Z DEBUG turnstone::selfdrive: finished accessibility event delivery
2026-10-05T20:52:46.376847Z DEBUG turnstone::selfdrive: begin render
2026-10-05T20:52:46.421623Z DEBUG turnstone::selfdrive: finished render; begin accessibility update
2026-10-05T20:52:46.421671Z DEBUG turnstone::selfdrive: finished accessibility update; begin scenario tick
2026-10-05T20:52:46.421691Z DEBUG turnstone::selfdrive: finished scenario tick
2026-10-05T20:52:46.421920Z DEBUG turnstone::selfdrive: begin accessibility event delivery redraw=true
2026-10-05T20:52:46.421940Z DEBUG turnstone::selfdrive: finished accessibility event delivery
2026-10-05T20:52:46.421949Z DEBUG turnstone::selfdrive: begin render
2026-10-05T20:52:46.468951Z DEBUG turnstone::selfdrive: finished render; begin accessibility update
2026-10-05T20:52:46.468993Z DEBUG turnstone::selfdrive: finished accessibility update; begin scenario tick
2026-10-05T20:52:46.469011Z DEBUG turnstone::selfdrive: finished scenario tick
2026-10-05T20:52:46.469284Z DEBUG turnstone::selfdrive: begin accessibility event delivery redraw=true
2026-10-05T20:52:46.469308Z DEBUG turnstone::selfdrive: finished accessibility event delivery
2026-10-05T20:52:46.469317Z DEBUG turnstone::selfdrive: begin render
2026-10-05T20:52:46.515669Z DEBUG turnstone::selfdrive: finished render; begin accessibility update
2026-10-05T20:52:46.515714Z DEBUG turnstone::selfdrive: finished accessibility update; begin scenario tick
2026-10-05T20:52:46.515734Z DEBUG turnstone::selfdrive: finished scenario tick
2026-10-05T20:52:46.515984Z DEBUG turnstone::selfdrive: begin accessibility event delivery redraw=true
2026-10-05T20:52:46.516020Z DEBUG turnstone::selfdrive: finished accessibility event delivery
2026-10-05T20:52:46.516039Z DEBUG turnstone::selfdrive: begin render
2026-10-05T20:52:46.558804Z DEBUG turnstone::selfdrive: finished render; begin accessibility update
2026-10-05T20:52:46.558846Z DEBUG turnstone::selfdrive: finished accessibility update; begin scenario tick
2026-10-05T20:52:46.558866Z DEBUG turnstone::selfdrive: finished scenario tick
2026-10-05T20:52:46.559079Z DEBUG turnstone::selfdrive: begin accessibility event delivery redraw=true
2026-10-05T20:52:46.559100Z DEBUG turnstone::selfdrive: finished accessibility event delivery
2026-10-05T20:52:46.559107Z DEBUG turnstone::selfdrive: begin render
2026-10-05T20:52:46.606662Z DEBUG turnstone::selfdrive: finished render; begin accessibility update
2026-10-05T20:52:46.607157Z DEBUG turnstone::selfdrive: finished accessibility update; begin scenario tick
2026-10-05T20:52:46.607194Z DEBUG turnstone::selfdrive: finished scenario tick
2026-10-05T20:52:46.607363Z DEBUG turnstone::selfdrive: begin accessibility event delivery redraw=true
2026-10-05T20:52:46.607380Z DEBUG turnstone::selfdrive: finished accessibility event delivery
2026-10-05T20:52:46.607389Z DEBUG turnstone::selfdrive: begin render
2026-10-05T20:52:46.652499Z DEBUG turnstone::selfdrive: finished render; begin accessibility update
2026-10-05T20:52:46.652540Z DEBUG turnstone::selfdrive: finished accessibility update; begin scenario tick
2026-10-05T20:52:46.652560Z DEBUG turnstone::selfdrive: finished scenario tick
2026-10-05T20:52:46.652785Z DEBUG turnstone::selfdrive: begin accessibility event delivery redraw=true
2026-10-05T20:52:46.652805Z DEBUG turnstone::selfdrive: finished accessibility event delivery
2026-10-05T20:52:46.652812Z DEBUG turnstone::selfdrive: begin render
2026-10-05T20:52:46.698882Z DEBUG turnstone::selfdrive: finished render; begin accessibility update
2026-10-05T20:52:46.698926Z DEBUG turnstone::selfdrive: finished accessibility update; begin scenario tick
2026-10-05T20:52:46.698947Z DEBUG turnstone::selfdrive: finished scenario tick
2026-10-05T20:52:46.699207Z DEBUG turnstone::selfdrive: begin accessibility event delivery redraw=true
2026-10-05T20:52:46.699233Z DEBUG turnstone::selfdrive: finished accessibility event delivery
2026-10-05T20:52:46.699243Z DEBUG turnstone::selfdrive: begin render
2026-10-05T20:52:46.746241Z DEBUG turnstone::selfdrive: finished render; begin accessibility update
2026-10-05T20:52:46.746280Z DEBUG turnstone::selfdrive: finished accessibility update; begin scenario tick
2026-10-05T20:52:46.746296Z DEBUG turnstone::selfdrive: finished scenario tick
2026-10-05T20:52:46.746514Z DEBUG turnstone::selfdrive: begin accessibility event delivery redraw=true
2026-10-05T20:52:46.746532Z DEBUG turnstone::selfdrive: finished accessibility event delivery
2026-10-05T20:52:46.746540Z DEBUG turnstone::selfdrive: begin render
2026-10-05T20:52:46.792801Z DEBUG turnstone::selfdrive: finished render; begin accessibility update
2026-10-05T20:52:46.792840Z DEBUG turnstone::selfdrive: finished accessibility update; begin scenario tick
2026-10-05T20:52:46.792858Z DEBUG turnstone::selfdrive: finished scenario tick
2026-10-05T20:52:46.793072Z DEBUG turnstone::selfdrive: begin accessibility event delivery redraw=true
2026-10-05T20:52:46.793090Z DEBUG turnstone::selfdrive: finished accessibility event delivery
2026-10-05T20:52:46.793098Z DEBUG turnstone::selfdrive: begin render
2026-10-05T20:52:46.838860Z DEBUG turnstone::selfdrive: finished render; begin accessibility update
2026-10-05T20:52:46.838903Z DEBUG turnstone::selfdrive: finished accessibility update; begin scenario tick
2026-10-05T20:52:46.838923Z DEBUG turnstone::selfdrive: finished scenario tick
2026-10-05T20:52:46.839127Z DEBUG turnstone::selfdrive: begin accessibility event delivery redraw=true
2026-10-05T20:52:46.839143Z DEBUG turnstone::selfdrive: finished accessibility event delivery
2026-10-05T20:52:46.839149Z DEBUG turnstone::selfdrive: begin render
2026-10-05T20:52:46.887027Z DEBUG turnstone::selfdrive: finished render; begin accessibility update
2026-10-05T20:52:46.887067Z DEBUG turnstone::selfdrive: finished accessibility update; begin scenario tick
2026-10-05T20:52:46.887089Z DEBUG turnstone::selfdrive: finished scenario tick
2026-10-05T20:52:46.887319Z DEBUG turnstone::selfdrive: begin accessibility event delivery redraw=true
2026-10-05T20:52:46.887337Z DEBUG turnstone::selfdrive: finished accessibility event delivery
2026-10-05T20:52:46.887345Z DEBUG turnstone::selfdrive: begin render
2026-10-05T20:52:46.929348Z DEBUG turnstone::selfdrive: finished render; begin accessibility update
2026-10-05T20:52:46.929394Z DEBUG turnstone::selfdrive: finished accessibility update; begin scenario tick
2026-10-05T20:52:46.929419Z DEBUG turnstone::selfdrive: finished scenario tick
2026-10-05T20:52:46.929684Z DEBUG turnstone::selfdrive: begin accessibility event delivery redraw=true
2026-10-05T20:52:46.929706Z DEBUG turnstone::selfdrive: finished accessibility event delivery
2026-10-05T20:52:46.929715Z DEBUG turnstone::selfdrive: begin render
2026-10-05T20:52:46.973614Z DEBUG turnstone::selfdrive: finished render; begin accessibility update
2026-10-05T20:52:46.973664Z DEBUG turnstone::selfdrive: finished accessibility update; begin scenario tick
2026-10-05T20:52:46.973685Z DEBUG turnstone::selfdrive: finished scenario tick
2026-10-05T20:52:46.973950Z DEBUG turnstone::selfdrive: begin accessibility event delivery redraw=true
2026-10-05T20:52:46.973975Z DEBUG turnstone::selfdrive: finished accessibility event delivery
2026-10-05T20:52:46.973983Z DEBUG turnstone::selfdrive: begin render
2026-10-05T20:52:47.016552Z DEBUG turnstone::selfdrive: finished render; begin accessibility update
2026-10-05T20:52:47.016598Z DEBUG turnstone::selfdrive: finished accessibility update; begin scenario tick
2026-10-05T20:52:47.016617Z DEBUG turnstone::selfdrive: finished scenario tick
2026-10-05T20:52:47.016839Z DEBUG turnstone::selfdrive: begin accessibility event delivery redraw=true
2026-10-05T20:52:47.016862Z DEBUG turnstone::selfdrive: finished accessibility event delivery
2026-10-05T20:52:47.016876Z DEBUG turnstone::selfdrive: begin render
2026-10-05T20:52:47.059489Z DEBUG turnstone::selfdrive: finished render; begin accessibility update
2026-10-05T20:52:47.059532Z DEBUG turnstone::selfdrive: finished accessibility update; begin scenario tick
2026-10-05T20:52:47.059554Z DEBUG turnstone::selfdrive: finished scenario tick
2026-10-05T20:52:47.059819Z DEBUG turnstone::selfdrive: begin accessibility event delivery redraw=true
2026-10-05T20:52:47.059848Z DEBUG turnstone::selfdrive: finished accessibility event delivery
2026-10-05T20:52:47.059861Z DEBUG turnstone::selfdrive: begin render
2026-10-05T20:52:47.106567Z DEBUG turnstone::selfdrive: finished render; begin accessibility update
2026-10-05T20:52:47.106607Z DEBUG turnstone::selfdrive: finished accessibility update; begin scenario tick
2026-10-05T20:52:47.106628Z DEBUG turnstone::selfdrive: finished scenario tick
2026-10-05T20:52:47.106841Z DEBUG turnstone::selfdrive: begin accessibility event delivery redraw=true
2026-10-05T20:52:47.106858Z DEBUG turnstone::selfdrive: finished accessibility event delivery
2026-10-05T20:52:47.106866Z DEBUG turnstone::selfdrive: begin render
2026-10-05T20:52:47.146983Z DEBUG turnstone::selfdrive: finished render; begin accessibility update
2026-10-05T20:52:47.147032Z DEBUG turnstone::selfdrive: finished accessibility update; begin scenario tick
2026-10-05T20:52:47.147055Z DEBUG turnstone::selfdrive: finished scenario tick
2026-10-05T20:52:47.147273Z DEBUG turnstone::selfdrive: begin accessibility event delivery redraw=true
2026-10-05T20:52:47.147295Z DEBUG turnstone::selfdrive: finished accessibility event delivery
2026-10-05T20:52:47.147304Z DEBUG turnstone::selfdrive: begin render
2026-10-05T20:52:47.189686Z DEBUG turnstone::selfdrive: finished render; begin accessibility update
2026-10-05T20:52:47.189727Z DEBUG turnstone::selfdrive: finished accessibility update; begin scenario tick
2026-10-05T20:52:47.189748Z DEBUG turnstone::selfdrive: finished scenario tick
2026-10-05T20:52:47.189989Z DEBUG turnstone::selfdrive: begin accessibility event delivery redraw=true
2026-10-05T20:52:47.190019Z DEBUG turnstone::selfdrive: finished accessibility event delivery
2026-10-05T20:52:47.190040Z DEBUG turnstone::selfdrive: begin render
2026-10-05T20:52:47.233718Z DEBUG turnstone::selfdrive: finished render; begin accessibility update
2026-10-05T20:52:47.233767Z DEBUG turnstone::selfdrive: finished accessibility update; begin scenario tick
2026-10-05T20:52:47.233799Z DEBUG turnstone::selfdrive: begin app step verb="assert"
2026-10-05T20:52:47.235046Z DEBUG turnstone::selfdrive: finished app step ok=true
2026-10-05T20:52:47.235077Z DEBUG turnstone::selfdrive: finished scenario tick
2026-10-05T20:52:47.235283Z DEBUG turnstone::selfdrive: begin accessibility event delivery redraw=true
2026-10-05T20:52:47.235303Z DEBUG turnstone::selfdrive: finished accessibility event delivery
2026-10-05T20:52:47.235312Z DEBUG turnstone::selfdrive: begin render
2026-10-05T20:52:47.286047Z DEBUG turnstone::selfdrive: finished render; begin accessibility update
2026-10-05T20:52:47.286091Z DEBUG turnstone::selfdrive: finished accessibility update; begin scenario tick
2026-10-05T20:52:47.286113Z DEBUG turnstone::selfdrive: begin app step verb="assert"
2026-10-05T20:52:47.287881Z DEBUG turnstone::selfdrive: finished app step ok=true
2026-10-05T20:52:47.287930Z DEBUG turnstone::selfdrive: finished scenario tick
2026-10-05T20:52:47.288186Z DEBUG turnstone::selfdrive: begin accessibility event delivery redraw=true
2026-10-05T20:52:47.288217Z DEBUG turnstone::selfdrive: finished accessibility event delivery
2026-10-05T20:52:47.288231Z DEBUG turnstone::selfdrive: begin render
2026-10-05T20:52:47.344854Z DEBUG turnstone::selfdrive: finished render; begin accessibility update
2026-10-05T20:52:47.344904Z DEBUG turnstone::selfdrive: finished accessibility update; begin scenario tick
2026-10-05T20:52:47.346627Z DEBUG turnstone::selfdrive: finished scenario tick
2026-10-05T20:52:47.346895Z DEBUG turnstone::selfdrive: begin accessibility event delivery redraw=true
2026-10-05T20:52:47.346918Z DEBUG turnstone::selfdrive: finished accessibility event delivery
2026-10-05T20:52:47.346926Z DEBUG turnstone::selfdrive: begin render
2026-10-05T20:52:47.396745Z DEBUG turnstone::selfdrive: finished render; begin accessibility update
2026-10-05T20:52:47.396799Z DEBUG turnstone::selfdrive: finished accessibility update; begin scenario tick
2026-10-05T20:52:47.415246Z DEBUG turnstone::selfdrive: finished scenario tick
2026-10-05T20:52:47.415523Z DEBUG turnstone::selfdrive: begin accessibility event delivery redraw=true
2026-10-05T20:52:47.415542Z DEBUG turnstone::selfdrive: finished accessibility event delivery
2026-10-05T20:52:47.415551Z DEBUG turnstone::selfdrive: begin render
[producer] resize: 252x570 -> 509x570
[producer] start_capture: 509x570 ready in 33ms
2026-10-05T20:52:47.491988Z DEBUG turnstone::selfdrive: finished render; begin accessibility update
2026-10-05T20:52:47.492030Z DEBUG turnstone::selfdrive: finished accessibility update; begin scenario tick
2026-10-05T20:52:47.492052Z DEBUG turnstone::selfdrive: finished scenario tick
2026-10-05T20:52:47.492501Z DEBUG turnstone::selfdrive: begin accessibility event delivery redraw=true
2026-10-05T20:52:47.492517Z DEBUG turnstone::selfdrive: finished accessibility event delivery
2026-10-05T20:52:47.492525Z DEBUG turnstone::selfdrive: begin render
2026-10-05T20:52:47.620165Z DEBUG turnstone::selfdrive: finished render; begin accessibility update
2026-10-05T20:52:47.620213Z DEBUG turnstone::selfdrive: finished accessibility update; begin scenario tick
2026-10-05T20:52:47.620234Z DEBUG turnstone::selfdrive: finished scenario tick
2026-10-05T20:52:47.620499Z DEBUG turnstone::selfdrive: begin accessibility event delivery redraw=true
2026-10-05T20:52:47.620518Z DEBUG turnstone::selfdrive: finished accessibility event delivery
2026-10-05T20:52:47.620526Z DEBUG turnstone::selfdrive: begin render
2026-10-05T20:52:47.652411Z DEBUG turnstone::selfdrive: finished render; begin accessibility update
2026-10-05T20:52:47.652462Z DEBUG turnstone::selfdrive: finished accessibility update; begin scenario tick
2026-10-05T20:52:47.652482Z DEBUG turnstone::selfdrive: finished scenario tick
2026-10-05T20:52:47.652775Z DEBUG turnstone::selfdrive: begin accessibility event delivery redraw=true
2026-10-05T20:52:47.652794Z DEBUG turnstone::selfdrive: finished accessibility event delivery
2026-10-05T20:52:47.652803Z DEBUG turnstone::selfdrive: begin render
2026-10-05T20:52:47.683240Z DEBUG turnstone::selfdrive: finished render; begin accessibility update
2026-10-05T20:52:47.683277Z DEBUG turnstone::selfdrive: finished accessibility update; begin scenario tick
2026-10-05T20:52:47.683291Z DEBUG turnstone::selfdrive: finished scenario tick
2026-10-05T20:52:47.683574Z DEBUG turnstone::selfdrive: begin accessibility event delivery redraw=true
2026-10-05T20:52:47.683609Z DEBUG turnstone::selfdrive: finished accessibility event delivery
2026-10-05T20:52:47.683623Z DEBUG turnstone::selfdrive: begin render
2026-10-05T20:52:47.726957Z DEBUG turnstone::selfdrive: finished render; begin accessibility update
2026-10-05T20:52:47.727000Z DEBUG turnstone::selfdrive: finished accessibility update; begin scenario tick
2026-10-05T20:52:47.727018Z DEBUG turnstone::selfdrive: finished scenario tick
2026-10-05T20:52:47.727257Z DEBUG turnstone::selfdrive: begin accessibility event delivery redraw=true
2026-10-05T20:52:47.727280Z DEBUG turnstone::selfdrive: finished accessibility event delivery
2026-10-05T20:52:47.727288Z DEBUG turnstone::selfdrive: begin render
2026-10-05T20:52:47.764240Z DEBUG turnstone::selfdrive: finished render; begin accessibility update
2026-10-05T20:52:47.764296Z DEBUG turnstone::selfdrive: finished accessibility update; begin scenario tick
2026-10-05T20:52:47.764320Z DEBUG turnstone::selfdrive: finished scenario tick
2026-10-05T20:52:47.764627Z DEBUG turnstone::selfdrive: begin accessibility event delivery redraw=true
2026-10-05T20:52:47.764680Z DEBUG turnstone::selfdrive: finished accessibility event delivery
2026-10-05T20:52:47.764704Z DEBUG turnstone::selfdrive: begin render
2026-10-05T20:52:47.803907Z DEBUG turnstone::selfdrive: finished render; begin accessibility update
2026-10-05T20:52:47.803958Z DEBUG turnstone::selfdrive: finished accessibility update; begin scenario tick
2026-10-05T20:52:47.803978Z DEBUG turnstone::selfdrive: finished scenario tick
2026-10-05T20:52:47.804232Z DEBUG turnstone::selfdrive: begin accessibility event delivery redraw=true
2026-10-05T20:52:47.804257Z DEBUG turnstone::selfdrive: finished accessibility event delivery
2026-10-05T20:52:47.804267Z DEBUG turnstone::selfdrive: begin render
2026-10-05T20:52:47.852475Z DEBUG turnstone::selfdrive: finished render; begin accessibility update
2026-10-05T20:52:47.852527Z DEBUG turnstone::selfdrive: finished accessibility update; begin scenario tick
2026-10-05T20:52:47.852548Z DEBUG turnstone::selfdrive: finished scenario tick
2026-10-05T20:52:47.852824Z DEBUG turnstone::selfdrive: begin accessibility event delivery redraw=true
2026-10-05T20:52:47.852851Z DEBUG turnstone::selfdrive: finished accessibility event delivery
2026-10-05T20:52:47.852862Z DEBUG turnstone::selfdrive: begin render
2026-10-05T20:52:47.894774Z DEBUG turnstone::selfdrive: finished render; begin accessibility update
2026-10-05T20:52:47.894826Z DEBUG turnstone::selfdrive: finished accessibility update; begin scenario tick
2026-10-05T20:52:47.894846Z DEBUG turnstone::selfdrive: finished scenario tick
2026-10-05T20:52:47.895080Z DEBUG turnstone::selfdrive: begin accessibility event delivery redraw=true
2026-10-05T20:52:47.895099Z DEBUG turnstone::selfdrive: finished accessibility event delivery
2026-10-05T20:52:47.895108Z DEBUG turnstone::selfdrive: begin render
2026-10-05T20:52:47.936253Z DEBUG turnstone::selfdrive: finished render; begin accessibility update
2026-10-05T20:52:47.936304Z DEBUG turnstone::selfdrive: finished accessibility update; begin scenario tick
2026-10-05T20:52:47.936324Z DEBUG turnstone::selfdrive: finished scenario tick
2026-10-05T20:52:47.936567Z DEBUG turnstone::selfdrive: begin accessibility event delivery redraw=true
2026-10-05T20:52:47.936586Z DEBUG turnstone::selfdrive: finished accessibility event delivery
2026-10-05T20:52:47.936595Z DEBUG turnstone::selfdrive: begin render
2026-10-05T20:52:47.980134Z DEBUG turnstone::selfdrive: finished render; begin accessibility update
2026-10-05T20:52:47.980180Z DEBUG turnstone::selfdrive: finished accessibility update; begin scenario tick
2026-10-05T20:52:47.980200Z DEBUG turnstone::selfdrive: finished scenario tick
2026-10-05T20:52:47.980453Z DEBUG turnstone::selfdrive: begin accessibility event delivery redraw=true
2026-10-05T20:52:47.980474Z DEBUG turnstone::selfdrive: finished accessibility event delivery
2026-10-05T20:52:47.980488Z DEBUG turnstone::selfdrive: begin render
2026-10-05T20:52:48.022552Z DEBUG turnstone::selfdrive: finished render; begin accessibility update
2026-10-05T20:52:48.022602Z DEBUG turnstone::selfdrive: finished accessibility update; begin scenario tick
2026-10-05T20:52:48.043002Z DEBUG turnstone::selfdrive: finished scenario tick
2026-10-05T20:52:48.043362Z DEBUG turnstone::selfdrive: begin accessibility event delivery redraw=true
2026-10-05T20:52:48.043388Z DEBUG turnstone::selfdrive: finished accessibility event delivery
2026-10-05T20:52:48.043398Z DEBUG turnstone::selfdrive: begin render
2026-10-05T20:52:48.077182Z DEBUG turnstone::selfdrive: finished render; begin accessibility update
2026-10-05T20:52:48.077961Z DEBUG turnstone::selfdrive: finished accessibility update; begin scenario tick
2026-10-05T20:52:48.078010Z DEBUG turnstone::selfdrive: finished scenario tick
2026-10-05T20:52:48.078220Z DEBUG turnstone::selfdrive: begin accessibility event delivery redraw=true
2026-10-05T20:52:48.078247Z DEBUG turnstone::selfdrive: finished accessibility event delivery
2026-10-05T20:52:48.078259Z DEBUG turnstone::selfdrive: begin render
2026-10-05T20:52:48.118210Z DEBUG turnstone::selfdrive: finished render; begin accessibility update
2026-10-05T20:52:48.118256Z DEBUG turnstone::selfdrive: finished accessibility update; begin scenario tick
2026-10-05T20:52:48.118277Z DEBUG turnstone::selfdrive: finished scenario tick
2026-10-05T20:52:48.118529Z DEBUG turnstone::selfdrive: begin accessibility event delivery redraw=true
2026-10-05T20:52:48.118547Z DEBUG turnstone::selfdrive: finished accessibility event delivery
2026-10-05T20:52:48.118556Z DEBUG turnstone::selfdrive: begin render
2026-10-05T20:52:48.163989Z DEBUG turnstone::selfdrive: finished render; begin accessibility update
2026-10-05T20:52:48.164044Z DEBUG turnstone::selfdrive: finished accessibility update; begin scenario tick
2026-10-05T20:52:48.164088Z DEBUG turnstone::selfdrive: finished scenario tick
2026-10-05T20:52:48.164365Z DEBUG turnstone::selfdrive: begin accessibility event delivery redraw=true
2026-10-05T20:52:48.164389Z DEBUG turnstone::selfdrive: finished accessibility event delivery
2026-10-05T20:52:48.164398Z DEBUG turnstone::selfdrive: begin render
2026-10-05T20:52:48.209961Z DEBUG turnstone::selfdrive: finished render; begin accessibility update
2026-10-05T20:52:48.210018Z DEBUG turnstone::selfdrive: finished accessibility update; begin scenario tick
2026-10-05T20:52:48.210048Z DEBUG turnstone::selfdrive: finished scenario tick
2026-10-05T20:52:48.210358Z DEBUG turnstone::selfdrive: begin accessibility event delivery redraw=true
2026-10-05T20:52:48.210384Z DEBUG turnstone::selfdrive: finished accessibility event delivery
2026-10-05T20:52:48.210395Z DEBUG turnstone::selfdrive: begin render
2026-10-05T20:52:48.264804Z DEBUG turnstone::selfdrive: finished render; begin accessibility update
2026-10-05T20:52:48.264857Z DEBUG turnstone::selfdrive: finished accessibility update; begin scenario tick
2026-10-05T20:52:48.264883Z DEBUG turnstone::selfdrive: finished scenario tick
2026-10-05T20:52:48.265164Z DEBUG turnstone::selfdrive: begin accessibility event delivery redraw=true
2026-10-05T20:52:48.265205Z DEBUG turnstone::selfdrive: finished accessibility event delivery
2026-10-05T20:52:48.265219Z DEBUG turnstone::selfdrive: begin render
2026-10-05T20:52:48.317944Z DEBUG turnstone::selfdrive: finished render; begin accessibility update
2026-10-05T20:52:48.317998Z DEBUG turnstone::selfdrive: finished accessibility update; begin scenario tick
2026-10-05T20:52:48.318028Z DEBUG turnstone::selfdrive: finished scenario tick
2026-10-05T20:52:48.318413Z DEBUG turnstone::selfdrive: begin accessibility event delivery redraw=true
2026-10-05T20:52:48.318446Z DEBUG turnstone::selfdrive: finished accessibility event delivery
2026-10-05T20:52:48.318457Z DEBUG turnstone::selfdrive: begin render
2026-10-05T20:52:48.378030Z DEBUG turnstone::selfdrive: finished render; begin accessibility update
2026-10-05T20:52:48.378085Z DEBUG turnstone::selfdrive: finished accessibility update; begin scenario tick
2026-10-05T20:52:48.378115Z DEBUG turnstone::selfdrive: finished scenario tick
2026-10-05T20:52:48.378426Z DEBUG turnstone::selfdrive: begin accessibility event delivery redraw=true
2026-10-05T20:52:48.378494Z DEBUG turnstone::selfdrive: finished accessibility event delivery
2026-10-05T20:52:48.378535Z DEBUG turnstone::selfdrive: begin render
2026-10-05T20:52:48.431645Z DEBUG turnstone::selfdrive: finished render; begin accessibility update
2026-10-05T20:52:48.431701Z DEBUG turnstone::selfdrive: finished accessibility update; begin scenario tick
2026-10-05T20:52:48.431734Z DEBUG turnstone::selfdrive: finished scenario tick
2026-10-05T20:52:48.431978Z DEBUG turnstone::selfdrive: begin accessibility event delivery redraw=true
2026-10-05T20:52:48.432009Z DEBUG turnstone::selfdrive: finished accessibility event delivery
2026-10-05T20:52:48.432022Z DEBUG turnstone::selfdrive: begin render
2026-10-05T20:52:48.476464Z DEBUG turnstone::selfdrive: finished render; begin accessibility update
2026-10-05T20:52:48.476513Z DEBUG turnstone::selfdrive: finished accessibility update; begin scenario tick
2026-10-05T20:52:48.476534Z DEBUG turnstone::selfdrive: finished scenario tick
2026-10-05T20:52:48.476778Z DEBUG turnstone::selfdrive: begin accessibility event delivery redraw=true
2026-10-05T20:52:48.476798Z DEBUG turnstone::selfdrive: finished accessibility event delivery
2026-10-05T20:52:48.476807Z DEBUG turnstone::selfdrive: begin render
2026-10-05T20:52:48.523631Z DEBUG turnstone::selfdrive: finished render; begin accessibility update
2026-10-05T20:52:48.523687Z DEBUG turnstone::selfdrive: finished accessibility update; begin scenario tick
2026-10-05T20:52:48.523715Z DEBUG turnstone::selfdrive: finished scenario tick
2026-10-05T20:52:48.523989Z DEBUG turnstone::selfdrive: begin accessibility event delivery redraw=true
2026-10-05T20:52:48.524016Z DEBUG turnstone::selfdrive: finished accessibility event delivery
2026-10-05T20:52:48.524026Z DEBUG turnstone::selfdrive: begin render
2026-10-05T20:52:48.566318Z DEBUG turnstone::selfdrive: finished render; begin accessibility update
2026-10-05T20:52:48.566375Z DEBUG turnstone::selfdrive: finished accessibility update; begin scenario tick
2026-10-05T20:52:48.566400Z DEBUG turnstone::selfdrive: finished scenario tick
2026-10-05T20:52:48.566649Z DEBUG turnstone::selfdrive: begin accessibility event delivery redraw=true
2026-10-05T20:52:48.566670Z DEBUG turnstone::selfdrive: finished accessibility event delivery
2026-10-05T20:52:48.566679Z DEBUG turnstone::selfdrive: begin render
2026-10-05T20:52:48.610411Z DEBUG turnstone::selfdrive: finished render; begin accessibility update
2026-10-05T20:52:48.610469Z DEBUG turnstone::selfdrive: finished accessibility update; begin scenario tick
2026-10-05T20:52:48.610496Z DEBUG turnstone::selfdrive: begin app step verb="assert"
2026-10-05T20:52:48.612023Z DEBUG turnstone::selfdrive: finished app step ok=true
2026-10-05T20:52:48.612062Z DEBUG turnstone::selfdrive: finished scenario tick
2026-10-05T20:52:48.612276Z DEBUG turnstone::selfdrive: begin accessibility event delivery redraw=true
2026-10-05T20:52:48.612337Z DEBUG turnstone::selfdrive: finished accessibility event delivery
2026-10-05T20:52:48.612354Z DEBUG turnstone::selfdrive: begin render
2026-10-05T20:52:48.655287Z DEBUG turnstone::selfdrive: finished render; begin accessibility update
2026-10-05T20:52:48.655367Z DEBUG turnstone::selfdrive: finished accessibility update; begin scenario tick
2026-10-05T20:52:48.655404Z DEBUG turnstone::selfdrive: begin app step verb="assert"
2026-10-05T20:52:48.657112Z DEBUG turnstone::selfdrive: finished app step ok=true
2026-10-05T20:52:48.657154Z DEBUG turnstone::selfdrive: finished scenario tick
2026-10-05T20:52:48.657373Z DEBUG turnstone::selfdrive: begin accessibility event delivery redraw=true
2026-10-05T20:52:48.657394Z DEBUG turnstone::selfdrive: finished accessibility event delivery
2026-10-05T20:52:48.657404Z DEBUG turnstone::selfdrive: begin render
2026-10-05T20:52:48.702067Z DEBUG turnstone::selfdrive: finished render; begin accessibility update
2026-10-05T20:52:48.702118Z DEBUG turnstone::selfdrive: finished accessibility update; begin scenario tick
2026-10-05T20:52:48.702140Z DEBUG turnstone::selfdrive: begin app step verb="assert"
2026-10-05T20:52:48.704115Z DEBUG turnstone::selfdrive: finished app step ok=true
2026-10-05T20:52:48.704187Z DEBUG turnstone::selfdrive: finished scenario tick
2026-10-05T20:52:48.704455Z DEBUG turnstone::selfdrive: begin accessibility event delivery redraw=true
2026-10-05T20:52:48.704485Z DEBUG turnstone::selfdrive: finished accessibility event delivery
2026-10-05T20:52:48.704496Z DEBUG turnstone::selfdrive: begin render
2026-10-05T20:52:48.751702Z DEBUG turnstone::selfdrive: finished render; begin accessibility update
2026-10-05T20:52:48.751754Z DEBUG turnstone::selfdrive: finished accessibility update; begin scenario tick
2026-10-05T20:52:48.753306Z DEBUG turnstone::selfdrive: finished scenario tick
2026-10-05T20:52:48.753565Z DEBUG turnstone::selfdrive: begin accessibility event delivery redraw=true
2026-10-05T20:52:48.753592Z DEBUG turnstone::selfdrive: finished accessibility event delivery
2026-10-05T20:52:48.753603Z DEBUG turnstone::selfdrive: begin render
2026-10-05T20:52:48.797481Z DEBUG turnstone::selfdrive: finished render; begin accessibility update
2026-10-05T20:52:48.797539Z DEBUG turnstone::selfdrive: finished accessibility update; begin scenario tick
2026-10-05T20:52:48.799041Z DEBUG turnstone::selfdrive: finished scenario tick
2026-10-05T20:52:48.799308Z DEBUG turnstone::selfdrive: begin accessibility event delivery redraw=true
2026-10-05T20:52:48.799328Z DEBUG turnstone::selfdrive: finished accessibility event delivery
2026-10-05T20:52:48.799338Z DEBUG turnstone::selfdrive: begin render
2026-10-05T20:52:48.842181Z DEBUG turnstone::selfdrive: finished render; begin accessibility update
2026-10-05T20:52:48.842231Z DEBUG turnstone::selfdrive: finished accessibility update; begin scenario tick
2026-10-05T20:52:48.843877Z DEBUG turnstone::selfdrive: finished scenario tick
2026-10-05T20:52:48.844153Z DEBUG turnstone::selfdrive: begin accessibility event delivery redraw=true
2026-10-05T20:52:48.844175Z DEBUG turnstone::selfdrive: finished accessibility event delivery
2026-10-05T20:52:48.844183Z DEBUG turnstone::selfdrive: begin render
2026-10-05T20:52:48.881932Z DEBUG turnstone::selfdrive: finished render; begin accessibility update
2026-10-05T20:52:48.881990Z DEBUG turnstone::selfdrive: finished accessibility update; begin scenario tick
2026-10-05T20:52:48.882018Z DEBUG turnstone::selfdrive: begin app step verb="open"
2026-10-05T20:52:48.887006Z  WARN turnstone::gemini_identity: failed to project Gemini client identity error=client identities are only valid for gemini:// or titan:// capsules
2026-10-05T20:52:48.887189Z DEBUG turnstone::selfdrive: finished app step ok=true
2026-10-05T20:52:48.887216Z DEBUG turnstone::selfdrive: finished scenario tick
2026-10-05T20:52:48.887451Z DEBUG turnstone::selfdrive: begin accessibility event delivery redraw=true
2026-10-05T20:52:48.887474Z DEBUG turnstone::selfdrive: finished accessibility event delivery
2026-10-05T20:52:48.887484Z DEBUG turnstone::selfdrive: begin render
2026-10-05T20:52:48.995316Z DEBUG turnstone::selfdrive: finished render; begin accessibility update
2026-10-05T20:52:48.995359Z DEBUG turnstone::selfdrive: finished accessibility update; begin scenario tick
2026-10-05T20:52:48.995382Z DEBUG turnstone::selfdrive: finished scenario tick
2026-10-05T20:52:48.995662Z  INFO turnstone::browse: page fetched url=http://127.0.0.1:43123/page-b.html content_type=Some("text/html") bytes=2098
2026-10-05T20:52:49.002497Z  INFO turnstone::browse: node title enriched from the page url=http://127.0.0.1:43123/page-b.html title=Scry B
2026-10-05T20:52:49.022753Z DEBUG turnstone::selfdrive: begin accessibility event delivery redraw=true
2026-10-05T20:52:49.022815Z DEBUG turnstone::selfdrive: finished accessibility event delivery
2026-10-05T20:52:49.022828Z DEBUG turnstone::selfdrive: begin render
2026-10-05T20:52:49.149409Z DEBUG turnstone::selfdrive: finished render; begin accessibility update
2026-10-05T20:52:49.149457Z DEBUG turnstone::selfdrive: finished accessibility update; begin scenario tick
2026-10-05T20:52:49.149479Z DEBUG turnstone::selfdrive: finished scenario tick
2026-10-05T20:52:49.149844Z DEBUG turnstone::selfdrive: begin accessibility event delivery redraw=true
2026-10-05T20:52:49.149874Z DEBUG turnstone::selfdrive: finished accessibility event delivery
2026-10-05T20:52:49.149884Z DEBUG turnstone::selfdrive: begin render
2026-10-05T20:52:49.203110Z DEBUG turnstone::selfdrive: finished render; begin accessibility update
2026-10-05T20:52:49.203161Z DEBUG turnstone::selfdrive: finished accessibility update; begin scenario tick
2026-10-05T20:52:49.203247Z DEBUG turnstone::selfdrive: finished scenario tick
2026-10-05T20:52:49.203544Z DEBUG turnstone::selfdrive: begin accessibility event delivery redraw=true
2026-10-05T20:52:49.203569Z DEBUG turnstone::selfdrive: finished accessibility event delivery
2026-10-05T20:52:49.203579Z DEBUG turnstone::selfdrive: begin render
2026-10-05T20:52:49.255794Z DEBUG turnstone::selfdrive: finished render; begin accessibility update
2026-10-05T20:52:49.255845Z DEBUG turnstone::selfdrive: finished accessibility update; begin scenario tick
2026-10-05T20:52:49.255868Z DEBUG turnstone::selfdrive: finished scenario tick
2026-10-05T20:52:49.256188Z DEBUG turnstone::selfdrive: begin accessibility event delivery redraw=true
2026-10-05T20:52:49.256211Z DEBUG turnstone::selfdrive: finished accessibility event delivery
2026-10-05T20:52:49.256219Z DEBUG turnstone::selfdrive: begin render
2026-10-05T20:52:49.306583Z DEBUG turnstone::selfdrive: finished render; begin accessibility update
2026-10-05T20:52:49.306636Z DEBUG turnstone::selfdrive: finished accessibility update; begin scenario tick
2026-10-05T20:52:49.306658Z DEBUG turnstone::selfdrive: finished scenario tick
2026-10-05T20:52:49.306958Z DEBUG turnstone::selfdrive: begin accessibility event delivery redraw=true
2026-10-05T20:52:49.306979Z DEBUG turnstone::selfdrive: finished accessibility event delivery
2026-10-05T20:52:49.306988Z DEBUG turnstone::selfdrive: begin render
2026-10-05T20:52:49.352738Z DEBUG turnstone::selfdrive: finished render; begin accessibility update
2026-10-05T20:52:49.352779Z DEBUG turnstone::selfdrive: finished accessibility update; begin scenario tick
2026-10-05T20:52:49.352799Z DEBUG turnstone::selfdrive: finished scenario tick
2026-10-05T20:52:49.353060Z DEBUG turnstone::selfdrive: begin accessibility event delivery redraw=true
2026-10-05T20:52:49.353081Z DEBUG turnstone::selfdrive: finished accessibility event delivery
2026-10-05T20:52:49.353089Z DEBUG turnstone::selfdrive: begin render
2026-10-05T20:52:49.401018Z DEBUG turnstone::selfdrive: finished render; begin accessibility update
2026-10-05T20:52:49.401061Z DEBUG turnstone::selfdrive: finished accessibility update; begin scenario tick
2026-10-05T20:52:49.401079Z DEBUG turnstone::selfdrive: finished scenario tick
2026-10-05T20:52:49.401374Z DEBUG turnstone::selfdrive: begin accessibility event delivery redraw=true
2026-10-05T20:52:49.401403Z DEBUG turnstone::selfdrive: finished accessibility event delivery
2026-10-05T20:52:49.401414Z DEBUG turnstone::selfdrive: begin render
2026-10-05T20:52:49.452699Z DEBUG turnstone::selfdrive: finished render; begin accessibility update
2026-10-05T20:52:49.452748Z DEBUG turnstone::selfdrive: finished accessibility update; begin scenario tick
2026-10-05T20:52:49.452776Z DEBUG turnstone::selfdrive: finished scenario tick
2026-10-05T20:52:49.453246Z DEBUG turnstone::selfdrive: begin accessibility event delivery redraw=true
2026-10-05T20:52:49.453275Z DEBUG turnstone::selfdrive: finished accessibility event delivery
2026-10-05T20:52:49.453286Z DEBUG turnstone::selfdrive: begin render
2026-10-05T20:52:49.502193Z DEBUG turnstone::selfdrive: finished render; begin accessibility update
2026-10-05T20:52:49.502234Z DEBUG turnstone::selfdrive: finished accessibility update; begin scenario tick
2026-10-05T20:52:49.502255Z DEBUG turnstone::selfdrive: finished scenario tick
2026-10-05T20:52:49.502552Z DEBUG turnstone::selfdrive: begin accessibility event delivery redraw=true
2026-10-05T20:52:49.502581Z DEBUG turnstone::selfdrive: finished accessibility event delivery
2026-10-05T20:52:49.502591Z DEBUG turnstone::selfdrive: begin render
2026-10-05T20:52:49.581026Z DEBUG turnstone::selfdrive: finished render; begin accessibility update
2026-10-05T20:52:49.581119Z DEBUG turnstone::selfdrive: finished accessibility update; begin scenario tick
2026-10-05T20:52:49.581153Z DEBUG turnstone::selfdrive: finished scenario tick
2026-10-05T20:52:49.581642Z DEBUG turnstone::selfdrive: begin accessibility event delivery redraw=true
2026-10-05T20:52:49.581664Z DEBUG turnstone::selfdrive: finished accessibility event delivery
2026-10-05T20:52:49.581676Z DEBUG turnstone::selfdrive: begin render
2026-10-05T20:52:49.644725Z DEBUG turnstone::selfdrive: finished render; begin accessibility update
2026-10-05T20:52:49.644776Z DEBUG turnstone::selfdrive: finished accessibility update; begin scenario tick
2026-10-05T20:52:49.644797Z DEBUG turnstone::selfdrive: finished scenario tick
2026-10-05T20:52:49.645096Z DEBUG turnstone::selfdrive: begin accessibility event delivery redraw=true
2026-10-05T20:52:49.645118Z DEBUG turnstone::selfdrive: finished accessibility event delivery
2026-10-05T20:52:49.645131Z DEBUG turnstone::selfdrive: begin render
2026-10-05T20:52:49.695688Z DEBUG turnstone::selfdrive: finished render; begin accessibility update
2026-10-05T20:52:49.695746Z DEBUG turnstone::selfdrive: finished accessibility update; begin scenario tick
2026-10-05T20:52:49.695777Z DEBUG turnstone::selfdrive: finished scenario tick
2026-10-05T20:52:49.696469Z DEBUG turnstone::selfdrive: begin accessibility event delivery redraw=true
2026-10-05T20:52:49.696504Z DEBUG turnstone::selfdrive: finished accessibility event delivery
2026-10-05T20:52:49.696516Z DEBUG turnstone::selfdrive: begin render
2026-10-05T20:52:49.746520Z DEBUG turnstone::selfdrive: finished render; begin accessibility update
2026-10-05T20:52:49.747304Z DEBUG turnstone::selfdrive: finished accessibility update; begin scenario tick
2026-10-05T20:52:49.747353Z DEBUG turnstone::selfdrive: finished scenario tick
2026-10-05T20:52:49.747633Z DEBUG turnstone::selfdrive: begin accessibility event delivery redraw=true
2026-10-05T20:52:49.747658Z DEBUG turnstone::selfdrive: finished accessibility event delivery
2026-10-05T20:52:49.747667Z DEBUG turnstone::selfdrive: begin render
2026-10-05T20:52:49.802558Z DEBUG turnstone::selfdrive: finished render; begin accessibility update
2026-10-05T20:52:49.802611Z DEBUG turnstone::selfdrive: finished accessibility update; begin scenario tick
2026-10-05T20:52:49.802637Z DEBUG turnstone::selfdrive: finished scenario tick
2026-10-05T20:52:49.802959Z DEBUG turnstone::selfdrive: begin accessibility event delivery redraw=true
2026-10-05T20:52:49.802989Z DEBUG turnstone::selfdrive: finished accessibility event delivery
2026-10-05T20:52:49.803000Z DEBUG turnstone::selfdrive: begin render
2026-10-05T20:52:49.868678Z DEBUG turnstone::selfdrive: finished render; begin accessibility update
2026-10-05T20:52:49.868728Z DEBUG turnstone::selfdrive: finished accessibility update; begin scenario tick
2026-10-05T20:52:49.868755Z DEBUG turnstone::selfdrive: finished scenario tick
2026-10-05T20:52:49.870133Z DEBUG turnstone::selfdrive: begin accessibility event delivery redraw=true
2026-10-05T20:52:49.870173Z DEBUG turnstone::selfdrive: finished accessibility event delivery
2026-10-05T20:52:49.870185Z DEBUG turnstone::selfdrive: begin render
2026-10-05T20:52:49.923263Z DEBUG turnstone::selfdrive: finished render; begin accessibility update
2026-10-05T20:52:49.923307Z DEBUG turnstone::selfdrive: finished accessibility update; begin scenario tick
2026-10-05T20:52:49.923328Z DEBUG turnstone::selfdrive: finished scenario tick
2026-10-05T20:52:49.923599Z DEBUG turnstone::selfdrive: begin accessibility event delivery redraw=true
2026-10-05T20:52:49.923617Z DEBUG turnstone::selfdrive: finished accessibility event delivery
2026-10-05T20:52:49.923624Z DEBUG turnstone::selfdrive: begin render
2026-10-05T20:52:49.972874Z DEBUG turnstone::selfdrive: finished render; begin accessibility update
2026-10-05T20:52:49.972930Z DEBUG turnstone::selfdrive: finished accessibility update; begin scenario tick
2026-10-05T20:52:49.972953Z DEBUG turnstone::selfdrive: finished scenario tick
2026-10-05T20:52:49.973276Z DEBUG turnstone::selfdrive: begin accessibility event delivery redraw=true
2026-10-05T20:52:49.973301Z DEBUG turnstone::selfdrive: finished accessibility event delivery
2026-10-05T20:52:49.973311Z DEBUG turnstone::selfdrive: begin render
2026-10-05T20:52:50.020719Z DEBUG turnstone::selfdrive: finished render; begin accessibility update
2026-10-05T20:52:50.020768Z DEBUG turnstone::selfdrive: finished accessibility update; begin scenario tick
2026-10-05T20:52:50.020789Z DEBUG turnstone::selfdrive: finished scenario tick
2026-10-05T20:52:50.021095Z DEBUG turnstone::selfdrive: begin accessibility event delivery redraw=true
2026-10-05T20:52:50.021121Z DEBUG turnstone::selfdrive: finished accessibility event delivery
2026-10-05T20:52:50.021134Z DEBUG turnstone::selfdrive: begin render
2026-10-05T20:52:50.064056Z DEBUG turnstone::selfdrive: finished render; begin accessibility update
2026-10-05T20:52:50.064098Z DEBUG turnstone::selfdrive: finished accessibility update; begin scenario tick
2026-10-05T20:52:50.064116Z DEBUG turnstone::selfdrive: finished scenario tick
2026-10-05T20:52:50.064386Z DEBUG turnstone::selfdrive: begin accessibility event delivery redraw=true
2026-10-05T20:52:50.064408Z DEBUG turnstone::selfdrive: finished accessibility event delivery
2026-10-05T20:52:50.064417Z DEBUG turnstone::selfdrive: begin render
2026-10-05T20:52:50.105302Z DEBUG turnstone::selfdrive: finished render; begin accessibility update
2026-10-05T20:52:50.105341Z DEBUG turnstone::selfdrive: finished accessibility update; begin scenario tick
2026-10-05T20:52:50.105360Z DEBUG turnstone::selfdrive: finished scenario tick
2026-10-05T20:52:50.105978Z DEBUG turnstone::selfdrive: begin accessibility event delivery redraw=true
2026-10-05T20:52:50.106005Z DEBUG turnstone::selfdrive: finished accessibility event delivery
2026-10-05T20:52:50.106014Z DEBUG turnstone::selfdrive: begin render
2026-10-05T20:52:50.145740Z DEBUG turnstone::selfdrive: finished render; begin accessibility update
2026-10-05T20:52:50.145786Z DEBUG turnstone::selfdrive: finished accessibility update; begin scenario tick
2026-10-05T20:52:50.145804Z DEBUG turnstone::selfdrive: finished scenario tick
2026-10-05T20:52:50.146097Z DEBUG turnstone::selfdrive: begin accessibility event delivery redraw=true
2026-10-05T20:52:50.146131Z DEBUG turnstone::selfdrive: finished accessibility event delivery
2026-10-05T20:52:50.146148Z DEBUG turnstone::selfdrive: begin render
2026-10-05T20:52:50.196035Z DEBUG turnstone::selfdrive: finished render; begin accessibility update
2026-10-05T20:52:50.196076Z DEBUG turnstone::selfdrive: finished accessibility update; begin scenario tick
2026-10-05T20:52:50.196093Z DEBUG turnstone::selfdrive: finished scenario tick
2026-10-05T20:52:50.196344Z DEBUG turnstone::selfdrive: begin accessibility event delivery redraw=true
2026-10-05T20:52:50.196360Z DEBUG turnstone::selfdrive: finished accessibility event delivery
2026-10-05T20:52:50.196369Z DEBUG turnstone::selfdrive: begin render
2026-10-05T20:52:50.245210Z DEBUG turnstone::selfdrive: finished render; begin accessibility update
2026-10-05T20:52:50.245253Z DEBUG turnstone::selfdrive: finished accessibility update; begin scenario tick
2026-10-05T20:52:50.245277Z DEBUG turnstone::selfdrive: finished scenario tick
2026-10-05T20:52:50.245566Z DEBUG turnstone::selfdrive: begin accessibility event delivery redraw=true
2026-10-05T20:52:50.245587Z DEBUG turnstone::selfdrive: finished accessibility event delivery
2026-10-05T20:52:50.245597Z DEBUG turnstone::selfdrive: begin render
2026-10-05T20:52:50.292371Z DEBUG turnstone::selfdrive: finished render; begin accessibility update
2026-10-05T20:52:50.292427Z DEBUG turnstone::selfdrive: finished accessibility update; begin scenario tick
2026-10-05T20:52:50.292451Z DEBUG turnstone::selfdrive: finished scenario tick
2026-10-05T20:52:50.292748Z DEBUG turnstone::selfdrive: begin accessibility event delivery redraw=true
2026-10-05T20:52:50.292775Z DEBUG turnstone::selfdrive: finished accessibility event delivery
2026-10-05T20:52:50.292786Z DEBUG turnstone::selfdrive: begin render
2026-10-05T20:52:50.342131Z DEBUG turnstone::selfdrive: finished render; begin accessibility update
2026-10-05T20:52:50.342182Z DEBUG turnstone::selfdrive: finished accessibility update; begin scenario tick
2026-10-05T20:52:50.342203Z DEBUG turnstone::selfdrive: finished scenario tick
2026-10-05T20:52:50.342507Z DEBUG turnstone::selfdrive: begin accessibility event delivery redraw=true
2026-10-05T20:52:50.342528Z DEBUG turnstone::selfdrive: finished accessibility event delivery
2026-10-05T20:52:50.342538Z DEBUG turnstone::selfdrive: begin render
2026-10-05T20:52:50.395552Z DEBUG turnstone::selfdrive: finished render; begin accessibility update
2026-10-05T20:52:50.395607Z DEBUG turnstone::selfdrive: finished accessibility update; begin scenario tick
2026-10-05T20:52:50.395632Z DEBUG turnstone::selfdrive: finished scenario tick
2026-10-05T20:52:50.395941Z DEBUG turnstone::selfdrive: begin accessibility event delivery redraw=true
2026-10-05T20:52:50.395967Z DEBUG turnstone::selfdrive: finished accessibility event delivery
2026-10-05T20:52:50.395977Z DEBUG turnstone::selfdrive: begin render
2026-10-05T20:52:50.443471Z DEBUG turnstone::selfdrive: finished render; begin accessibility update
2026-10-05T20:52:50.443518Z DEBUG turnstone::selfdrive: finished accessibility update; begin scenario tick
2026-10-05T20:52:50.443544Z DEBUG turnstone::selfdrive: finished scenario tick
2026-10-05T20:52:50.443825Z DEBUG turnstone::selfdrive: begin accessibility event delivery redraw=true
2026-10-05T20:52:50.443854Z DEBUG turnstone::selfdrive: finished accessibility event delivery
2026-10-05T20:52:50.443865Z DEBUG turnstone::selfdrive: begin render
2026-10-05T20:52:50.501344Z DEBUG turnstone::selfdrive: finished render; begin accessibility update
2026-10-05T20:52:50.501393Z DEBUG turnstone::selfdrive: finished accessibility update; begin scenario tick
2026-10-05T20:52:50.501419Z DEBUG turnstone::selfdrive: finished scenario tick
2026-10-05T20:52:50.501709Z DEBUG turnstone::selfdrive: begin accessibility event delivery redraw=true
2026-10-05T20:52:50.501736Z DEBUG turnstone::selfdrive: finished accessibility event delivery
2026-10-05T20:52:50.501746Z DEBUG turnstone::selfdrive: begin render
2026-10-05T20:52:50.555053Z DEBUG turnstone::selfdrive: finished render; begin accessibility update
2026-10-05T20:52:50.555106Z DEBUG turnstone::selfdrive: finished accessibility update; begin scenario tick
2026-10-05T20:52:50.555135Z DEBUG turnstone::selfdrive: finished scenario tick
2026-10-05T20:52:50.555448Z DEBUG turnstone::selfdrive: begin accessibility event delivery redraw=true
2026-10-05T20:52:50.555484Z DEBUG turnstone::selfdrive: finished accessibility event delivery
2026-10-05T20:52:50.555496Z DEBUG turnstone::selfdrive: begin render
2026-10-05T20:52:50.612119Z DEBUG turnstone::selfdrive: finished render; begin accessibility update
2026-10-05T20:52:50.612169Z DEBUG turnstone::selfdrive: finished accessibility update; begin scenario tick
2026-10-05T20:52:50.612193Z DEBUG turnstone::selfdrive: finished scenario tick
2026-10-05T20:52:50.612749Z DEBUG turnstone::selfdrive: begin accessibility event delivery redraw=true
2026-10-05T20:52:50.612787Z DEBUG turnstone::selfdrive: finished accessibility event delivery
2026-10-05T20:52:50.612800Z DEBUG turnstone::selfdrive: begin render
2026-10-05T20:52:50.670709Z DEBUG turnstone::selfdrive: finished render; begin accessibility update
2026-10-05T20:52:50.670761Z DEBUG turnstone::selfdrive: finished accessibility update; begin scenario tick
2026-10-05T20:52:50.670786Z DEBUG turnstone::selfdrive: finished scenario tick
2026-10-05T20:52:50.671099Z DEBUG turnstone::selfdrive: begin accessibility event delivery redraw=true
2026-10-05T20:52:50.671124Z DEBUG turnstone::selfdrive: finished accessibility event delivery
2026-10-05T20:52:50.671135Z DEBUG turnstone::selfdrive: begin render
2026-10-05T20:52:50.738936Z DEBUG turnstone::selfdrive: finished render; begin accessibility update
2026-10-05T20:52:50.738988Z DEBUG turnstone::selfdrive: finished accessibility update; begin scenario tick
2026-10-05T20:52:50.739016Z DEBUG turnstone::selfdrive: finished scenario tick
2026-10-05T20:52:50.739366Z DEBUG turnstone::selfdrive: begin accessibility event delivery redraw=true
2026-10-05T20:52:50.739394Z DEBUG turnstone::selfdrive: finished accessibility event delivery
2026-10-05T20:52:50.739411Z DEBUG turnstone::selfdrive: begin render
2026-10-05T20:52:50.801588Z DEBUG turnstone::selfdrive: finished render; begin accessibility update
2026-10-05T20:52:50.801647Z DEBUG turnstone::selfdrive: finished accessibility update; begin scenario tick
2026-10-05T20:52:50.801680Z DEBUG turnstone::selfdrive: finished scenario tick
2026-10-05T20:52:50.802423Z DEBUG turnstone::selfdrive: begin accessibility event delivery redraw=true
2026-10-05T20:52:50.802459Z DEBUG turnstone::selfdrive: finished accessibility event delivery
2026-10-05T20:52:50.802472Z DEBUG turnstone::selfdrive: begin render
2026-10-05T20:52:50.860388Z DEBUG turnstone::selfdrive: finished render; begin accessibility update
2026-10-05T20:52:50.860442Z DEBUG turnstone::selfdrive: finished accessibility update; begin scenario tick
2026-10-05T20:52:50.860472Z DEBUG turnstone::selfdrive: finished scenario tick
2026-10-05T20:52:50.861207Z DEBUG turnstone::selfdrive: begin accessibility event delivery redraw=true
2026-10-05T20:52:50.861251Z DEBUG turnstone::selfdrive: finished accessibility event delivery
2026-10-05T20:52:50.861264Z DEBUG turnstone::selfdrive: begin render
2026-10-05T20:52:50.913871Z DEBUG turnstone::selfdrive: finished render; begin accessibility update
2026-10-05T20:52:50.913919Z DEBUG turnstone::selfdrive: finished accessibility update; begin scenario tick
2026-10-05T20:52:50.913946Z DEBUG turnstone::selfdrive: finished scenario tick
2026-10-05T20:52:50.914336Z DEBUG turnstone::selfdrive: begin accessibility event delivery redraw=true
2026-10-05T20:52:50.914376Z DEBUG turnstone::selfdrive: finished accessibility event delivery
2026-10-05T20:52:50.914389Z DEBUG turnstone::selfdrive: begin render
2026-10-05T20:52:50.967944Z DEBUG turnstone::selfdrive: finished render; begin accessibility update
2026-10-05T20:52:50.967994Z DEBUG turnstone::selfdrive: finished accessibility update; begin scenario tick
2026-10-05T20:52:50.968013Z DEBUG turnstone::selfdrive: finished scenario tick
2026-10-05T20:52:50.968307Z DEBUG turnstone::selfdrive: begin accessibility event delivery redraw=true
2026-10-05T20:52:50.968327Z DEBUG turnstone::selfdrive: finished accessibility event delivery
2026-10-05T20:52:50.968336Z DEBUG turnstone::selfdrive: begin render
2026-10-05T20:52:51.022068Z DEBUG turnstone::selfdrive: finished render; begin accessibility update
2026-10-05T20:52:51.022122Z DEBUG turnstone::selfdrive: finished accessibility update; begin scenario tick
2026-10-05T20:52:51.022149Z DEBUG turnstone::selfdrive: finished scenario tick
2026-10-05T20:52:51.022465Z DEBUG turnstone::selfdrive: begin accessibility event delivery redraw=true
2026-10-05T20:52:51.022493Z DEBUG turnstone::selfdrive: finished accessibility event delivery
2026-10-05T20:52:51.022506Z DEBUG turnstone::selfdrive: begin render
2026-10-05T20:52:51.072604Z DEBUG turnstone::selfdrive: finished render; begin accessibility update
2026-10-05T20:52:51.072652Z DEBUG turnstone::selfdrive: finished accessibility update; begin scenario tick
2026-10-05T20:52:51.072679Z DEBUG turnstone::selfdrive: finished scenario tick
2026-10-05T20:52:51.073109Z DEBUG turnstone::selfdrive: begin accessibility event delivery redraw=true
2026-10-05T20:52:51.073147Z DEBUG turnstone::selfdrive: finished accessibility event delivery
2026-10-05T20:52:51.073168Z DEBUG turnstone::selfdrive: begin render
2026-10-05T20:52:51.125028Z DEBUG turnstone::selfdrive: finished render; begin accessibility update
2026-10-05T20:52:51.125076Z DEBUG turnstone::selfdrive: finished accessibility update; begin scenario tick
2026-10-05T20:52:51.125104Z DEBUG turnstone::selfdrive: finished scenario tick
2026-10-05T20:52:51.125459Z DEBUG turnstone::selfdrive: begin accessibility event delivery redraw=true
2026-10-05T20:52:51.125494Z DEBUG turnstone::selfdrive: finished accessibility event delivery
2026-10-05T20:52:51.125507Z DEBUG turnstone::selfdrive: begin render
2026-10-05T20:52:51.182254Z DEBUG turnstone::selfdrive: finished render; begin accessibility update
2026-10-05T20:52:51.182310Z DEBUG turnstone::selfdrive: finished accessibility update; begin scenario tick
2026-10-05T20:52:51.182339Z DEBUG turnstone::selfdrive: finished scenario tick
2026-10-05T20:52:51.182669Z DEBUG turnstone::selfdrive: begin accessibility event delivery redraw=true
2026-10-05T20:52:51.182698Z DEBUG turnstone::selfdrive: finished accessibility event delivery
2026-10-05T20:52:51.182709Z DEBUG turnstone::selfdrive: begin render
2026-10-05T20:52:51.233244Z DEBUG turnstone::selfdrive: finished render; begin accessibility update
2026-10-05T20:52:51.233293Z DEBUG turnstone::selfdrive: finished accessibility update; begin scenario tick
2026-10-05T20:52:51.233317Z DEBUG turnstone::selfdrive: finished scenario tick
2026-10-05T20:52:51.233596Z DEBUG turnstone::selfdrive: begin accessibility event delivery redraw=true
2026-10-05T20:52:51.233620Z DEBUG turnstone::selfdrive: finished accessibility event delivery
2026-10-05T20:52:51.233629Z DEBUG turnstone::selfdrive: begin render
2026-10-05T20:52:51.289829Z DEBUG turnstone::selfdrive: finished render; begin accessibility update
2026-10-05T20:52:51.289879Z DEBUG turnstone::selfdrive: finished accessibility update; begin scenario tick
2026-10-05T20:52:51.289900Z DEBUG turnstone::selfdrive: finished scenario tick
2026-10-05T20:52:51.290209Z DEBUG turnstone::selfdrive: begin accessibility event delivery redraw=true
2026-10-05T20:52:51.290236Z DEBUG turnstone::selfdrive: finished accessibility event delivery
2026-10-05T20:52:51.290246Z DEBUG turnstone::selfdrive: begin render
2026-10-05T20:52:51.344101Z DEBUG turnstone::selfdrive: finished render; begin accessibility update
2026-10-05T20:52:51.344689Z DEBUG turnstone::selfdrive: finished accessibility update; begin scenario tick
2026-10-05T20:52:51.344738Z DEBUG turnstone::selfdrive: finished scenario tick
2026-10-05T20:52:51.345011Z DEBUG turnstone::selfdrive: begin accessibility event delivery redraw=true
2026-10-05T20:52:51.345036Z DEBUG turnstone::selfdrive: finished accessibility event delivery
2026-10-05T20:52:51.345046Z DEBUG turnstone::selfdrive: begin render
2026-10-05T20:52:51.395470Z DEBUG turnstone::selfdrive: finished render; begin accessibility update
2026-10-05T20:52:51.395555Z DEBUG turnstone::selfdrive: finished accessibility update; begin scenario tick
2026-10-05T20:52:51.395586Z DEBUG turnstone::selfdrive: finished scenario tick
2026-10-05T20:52:51.395901Z DEBUG turnstone::selfdrive: begin accessibility event delivery redraw=true
2026-10-05T20:52:51.395934Z DEBUG turnstone::selfdrive: finished accessibility event delivery
2026-10-05T20:52:51.395944Z DEBUG turnstone::selfdrive: begin render
2026-10-05T20:52:51.442843Z DEBUG turnstone::selfdrive: finished render; begin accessibility update
2026-10-05T20:52:51.442897Z DEBUG turnstone::selfdrive: finished accessibility update; begin scenario tick
2026-10-05T20:52:51.442928Z DEBUG turnstone::selfdrive: finished scenario tick
2026-10-05T20:52:51.443336Z DEBUG turnstone::selfdrive: begin accessibility event delivery redraw=true
2026-10-05T20:52:51.443367Z DEBUG turnstone::selfdrive: finished accessibility event delivery
2026-10-05T20:52:51.443377Z DEBUG turnstone::selfdrive: begin render
2026-10-05T20:52:51.489839Z DEBUG turnstone::selfdrive: finished render; begin accessibility update
2026-10-05T20:52:51.489890Z DEBUG turnstone::selfdrive: finished accessibility update; begin scenario tick
2026-10-05T20:52:51.489913Z DEBUG turnstone::selfdrive: finished scenario tick
2026-10-05T20:52:51.490251Z DEBUG turnstone::selfdrive: begin accessibility event delivery redraw=true
2026-10-05T20:52:51.490276Z DEBUG turnstone::selfdrive: finished accessibility event delivery
2026-10-05T20:52:51.490287Z DEBUG turnstone::selfdrive: begin render
2026-10-05T20:52:51.543157Z DEBUG turnstone::selfdrive: finished render; begin accessibility update
2026-10-05T20:52:51.543205Z DEBUG turnstone::selfdrive: finished accessibility update; begin scenario tick
2026-10-05T20:52:51.543228Z DEBUG turnstone::selfdrive: finished scenario tick
2026-10-05T20:52:51.543518Z DEBUG turnstone::selfdrive: begin accessibility event delivery redraw=true
2026-10-05T20:52:51.543540Z DEBUG turnstone::selfdrive: finished accessibility event delivery
2026-10-05T20:52:51.543550Z DEBUG turnstone::selfdrive: begin render
2026-10-05T20:52:51.600251Z DEBUG turnstone::selfdrive: finished render; begin accessibility update
2026-10-05T20:52:51.600319Z DEBUG turnstone::selfdrive: finished accessibility update; begin scenario tick
2026-10-05T20:52:51.600345Z DEBUG turnstone::selfdrive: finished scenario tick
2026-10-05T20:52:51.600633Z DEBUG turnstone::selfdrive: begin accessibility event delivery redraw=true
2026-10-05T20:52:51.600655Z DEBUG turnstone::selfdrive: finished accessibility event delivery
2026-10-05T20:52:51.600664Z DEBUG turnstone::selfdrive: begin render
2026-10-05T20:52:51.647701Z DEBUG turnstone::selfdrive: finished render; begin accessibility update
2026-10-05T20:52:51.647749Z DEBUG turnstone::selfdrive: finished accessibility update; begin scenario tick
2026-10-05T20:52:51.647768Z DEBUG turnstone::selfdrive: finished scenario tick
2026-10-05T20:52:51.648087Z DEBUG turnstone::selfdrive: begin accessibility event delivery redraw=true
2026-10-05T20:52:51.648114Z DEBUG turnstone::selfdrive: finished accessibility event delivery
2026-10-05T20:52:51.648127Z DEBUG turnstone::selfdrive: begin render
2026-10-05T20:52:51.703009Z DEBUG turnstone::selfdrive: finished render; begin accessibility update
2026-10-05T20:52:51.703060Z DEBUG turnstone::selfdrive: finished accessibility update; begin scenario tick
2026-10-05T20:52:51.703083Z DEBUG turnstone::selfdrive: finished scenario tick
2026-10-05T20:52:51.703489Z DEBUG turnstone::selfdrive: begin accessibility event delivery redraw=true
2026-10-05T20:52:51.703550Z DEBUG turnstone::selfdrive: finished accessibility event delivery
2026-10-05T20:52:51.703599Z DEBUG turnstone::selfdrive: begin render
2026-10-05T20:52:51.758736Z DEBUG turnstone::selfdrive: finished render; begin accessibility update
2026-10-05T20:52:51.758801Z DEBUG turnstone::selfdrive: finished accessibility update; begin scenario tick
2026-10-05T20:52:51.758823Z DEBUG turnstone::selfdrive: finished scenario tick
2026-10-05T20:52:51.759117Z DEBUG turnstone::selfdrive: begin accessibility event delivery redraw=true
2026-10-05T20:52:51.759141Z DEBUG turnstone::selfdrive: finished accessibility event delivery
2026-10-05T20:52:51.759148Z DEBUG turnstone::selfdrive: begin render
2026-10-05T20:52:51.808028Z DEBUG turnstone::selfdrive: finished render; begin accessibility update
2026-10-05T20:52:51.808074Z DEBUG turnstone::selfdrive: finished accessibility update; begin scenario tick
2026-10-05T20:52:51.808092Z DEBUG turnstone::selfdrive: finished scenario tick
2026-10-05T20:52:51.808368Z DEBUG turnstone::selfdrive: begin accessibility event delivery redraw=true
2026-10-05T20:52:51.808393Z DEBUG turnstone::selfdrive: finished accessibility event delivery
2026-10-05T20:52:51.808403Z DEBUG turnstone::selfdrive: begin render
2026-10-05T20:52:51.864801Z DEBUG turnstone::selfdrive: finished render; begin accessibility update
2026-10-05T20:52:51.864856Z DEBUG turnstone::selfdrive: finished accessibility update; begin scenario tick
2026-10-05T20:52:51.864884Z DEBUG turnstone::selfdrive: finished scenario tick
2026-10-05T20:52:51.865189Z DEBUG turnstone::selfdrive: begin accessibility event delivery redraw=true
2026-10-05T20:52:51.865220Z DEBUG turnstone::selfdrive: finished accessibility event delivery
2026-10-05T20:52:51.865235Z DEBUG turnstone::selfdrive: begin render
2026-10-05T20:52:51.930538Z DEBUG turnstone::selfdrive: finished render; begin accessibility update
2026-10-05T20:52:51.930592Z DEBUG turnstone::selfdrive: finished accessibility update; begin scenario tick
2026-10-05T20:52:51.930617Z DEBUG turnstone::selfdrive: finished scenario tick
2026-10-05T20:52:51.930993Z DEBUG turnstone::selfdrive: begin accessibility event delivery redraw=true
2026-10-05T20:52:51.931025Z DEBUG turnstone::selfdrive: finished accessibility event delivery
2026-10-05T20:52:51.931040Z DEBUG turnstone::selfdrive: begin render
2026-10-05T20:52:52.000339Z DEBUG turnstone::selfdrive: finished render; begin accessibility update
2026-10-05T20:52:52.000441Z DEBUG turnstone::selfdrive: finished accessibility update; begin scenario tick
2026-10-05T20:52:52.000580Z DEBUG turnstone::selfdrive: finished scenario tick
2026-10-05T20:52:52.001069Z DEBUG turnstone::selfdrive: begin accessibility event delivery redraw=true
2026-10-05T20:52:52.001096Z DEBUG turnstone::selfdrive: finished accessibility event delivery
2026-10-05T20:52:52.001107Z DEBUG turnstone::selfdrive: begin render
2026-10-05T20:52:52.075595Z DEBUG turnstone::selfdrive: finished render; begin accessibility update
2026-10-05T20:52:52.075706Z DEBUG turnstone::selfdrive: finished accessibility update; begin scenario tick
2026-10-05T20:52:52.075752Z DEBUG turnstone::selfdrive: finished scenario tick
2026-10-05T20:52:52.076102Z DEBUG turnstone::selfdrive: begin accessibility event delivery redraw=true
2026-10-05T20:52:52.076152Z DEBUG turnstone::selfdrive: finished accessibility event delivery
2026-10-05T20:52:52.076174Z DEBUG turnstone::selfdrive: begin render
2026-10-05T20:52:52.158712Z DEBUG turnstone::selfdrive: finished render; begin accessibility update
2026-10-05T20:52:52.158762Z DEBUG turnstone::selfdrive: finished accessibility update; begin scenario tick
2026-10-05T20:52:52.158820Z DEBUG turnstone::selfdrive: finished scenario tick
2026-10-05T20:52:52.159572Z DEBUG turnstone::selfdrive: begin accessibility event delivery redraw=true
2026-10-05T20:52:52.159609Z DEBUG turnstone::selfdrive: finished accessibility event delivery
2026-10-05T20:52:52.159622Z DEBUG turnstone::selfdrive: begin render
2026-10-05T20:52:52.239705Z DEBUG turnstone::selfdrive: finished render; begin accessibility update
2026-10-05T20:52:52.239772Z DEBUG turnstone::selfdrive: finished accessibility update; begin scenario tick
2026-10-05T20:52:52.239821Z DEBUG turnstone::selfdrive: finished scenario tick
2026-10-05T20:52:52.240147Z DEBUG turnstone::selfdrive: begin accessibility event delivery redraw=true
2026-10-05T20:52:52.240190Z DEBUG turnstone::selfdrive: finished accessibility event delivery
2026-10-05T20:52:52.240251Z DEBUG turnstone::selfdrive: begin render
2026-10-05T20:52:52.347291Z DEBUG turnstone::selfdrive: finished render; begin accessibility update
2026-10-05T20:52:52.347406Z DEBUG turnstone::selfdrive: finished accessibility update; begin scenario tick
2026-10-05T20:52:52.347460Z DEBUG turnstone::selfdrive: finished scenario tick
2026-10-05T20:52:52.348238Z DEBUG turnstone::selfdrive: begin accessibility event delivery redraw=true
2026-10-05T20:52:52.348276Z DEBUG turnstone::selfdrive: finished accessibility event delivery
2026-10-05T20:52:52.348288Z DEBUG turnstone::selfdrive: begin render
2026-10-05T20:52:52.411362Z DEBUG turnstone::selfdrive: finished render; begin accessibility update
2026-10-05T20:52:52.411411Z DEBUG turnstone::selfdrive: finished accessibility update; begin scenario tick
2026-10-05T20:52:52.411441Z DEBUG turnstone::selfdrive: finished scenario tick
2026-10-05T20:52:52.411939Z DEBUG turnstone::selfdrive: begin accessibility event delivery redraw=true
2026-10-05T20:52:52.411982Z DEBUG turnstone::selfdrive: finished accessibility event delivery
2026-10-05T20:52:52.412000Z DEBUG turnstone::selfdrive: begin render
2026-10-05T20:52:52.467756Z DEBUG turnstone::selfdrive: finished render; begin accessibility update
2026-10-05T20:52:52.467812Z DEBUG turnstone::selfdrive: finished accessibility update; begin scenario tick
2026-10-05T20:52:52.467839Z DEBUG turnstone::selfdrive: finished scenario tick
2026-10-05T20:52:52.468177Z DEBUG turnstone::selfdrive: begin accessibility event delivery redraw=true
2026-10-05T20:52:52.468207Z DEBUG turnstone::selfdrive: finished accessibility event delivery
2026-10-05T20:52:52.468217Z DEBUG turnstone::selfdrive: begin render
2026-10-05T20:52:52.528904Z DEBUG turnstone::selfdrive: finished render; begin accessibility update
2026-10-05T20:52:52.528954Z DEBUG turnstone::selfdrive: finished accessibility update; begin scenario tick
2026-10-05T20:52:52.528979Z DEBUG turnstone::selfdrive: finished scenario tick
2026-10-05T20:52:52.529307Z DEBUG turnstone::selfdrive: begin accessibility event delivery redraw=true
2026-10-05T20:52:52.529333Z DEBUG turnstone::selfdrive: finished accessibility event delivery
2026-10-05T20:52:52.529343Z DEBUG turnstone::selfdrive: begin render
2026-10-05T20:52:52.613045Z DEBUG turnstone::selfdrive: finished render; begin accessibility update
2026-10-05T20:52:52.613102Z DEBUG turnstone::selfdrive: finished accessibility update; begin scenario tick
2026-10-05T20:52:52.613138Z DEBUG turnstone::selfdrive: finished scenario tick
2026-10-05T20:52:52.613641Z DEBUG turnstone::selfdrive: begin accessibility event delivery redraw=true
2026-10-05T20:52:52.613678Z DEBUG turnstone::selfdrive: finished accessibility event delivery
2026-10-05T20:52:52.613691Z DEBUG turnstone::selfdrive: begin render
2026-10-05T20:52:52.686794Z DEBUG turnstone::selfdrive: finished render; begin accessibility update
2026-10-05T20:52:52.686855Z DEBUG turnstone::selfdrive: finished accessibility update; begin scenario tick
2026-10-05T20:52:52.686888Z DEBUG turnstone::selfdrive: finished scenario tick
2026-10-05T20:52:52.687329Z DEBUG turnstone::selfdrive: begin accessibility event delivery redraw=true
2026-10-05T20:52:52.687360Z DEBUG turnstone::selfdrive: finished accessibility event delivery
2026-10-05T20:52:52.687371Z DEBUG turnstone::selfdrive: begin render
2026-10-05T20:52:52.750238Z DEBUG turnstone::selfdrive: finished render; begin accessibility update
2026-10-05T20:52:52.750285Z DEBUG turnstone::selfdrive: finished accessibility update; begin scenario tick
2026-10-05T20:52:52.750311Z DEBUG turnstone::selfdrive: finished scenario tick
2026-10-05T20:52:52.750684Z DEBUG turnstone::selfdrive: begin accessibility event delivery redraw=true
2026-10-05T20:52:52.750718Z DEBUG turnstone::selfdrive: finished accessibility event delivery
2026-10-05T20:52:52.750731Z DEBUG turnstone::selfdrive: begin render
2026-10-05T20:52:52.802306Z DEBUG turnstone::selfdrive: finished render; begin accessibility update
2026-10-05T20:52:52.802352Z DEBUG turnstone::selfdrive: finished accessibility update; begin scenario tick
2026-10-05T20:52:52.802373Z DEBUG turnstone::selfdrive: finished scenario tick
2026-10-05T20:52:52.802684Z DEBUG turnstone::selfdrive: begin accessibility event delivery redraw=true
2026-10-05T20:52:52.802707Z DEBUG turnstone::selfdrive: finished accessibility event delivery
2026-10-05T20:52:52.802717Z DEBUG turnstone::selfdrive: begin render
2026-10-05T20:52:52.855974Z DEBUG turnstone::selfdrive: finished render; begin accessibility update
2026-10-05T20:52:52.856022Z DEBUG turnstone::selfdrive: finished accessibility update; begin scenario tick
2026-10-05T20:52:52.856046Z DEBUG turnstone::selfdrive: finished scenario tick
2026-10-05T20:52:52.856392Z DEBUG turnstone::selfdrive: begin accessibility event delivery redraw=true
2026-10-05T20:52:52.856431Z DEBUG turnstone::selfdrive: finished accessibility event delivery
2026-10-05T20:52:52.856456Z DEBUG turnstone::selfdrive: begin render
2026-10-05T20:52:52.904744Z DEBUG turnstone::selfdrive: finished render; begin accessibility update
2026-10-05T20:52:52.904794Z DEBUG turnstone::selfdrive: finished accessibility update; begin scenario tick
2026-10-05T20:52:52.904816Z DEBUG turnstone::selfdrive: finished scenario tick
2026-10-05T20:52:52.905674Z DEBUG turnstone::selfdrive: begin accessibility event delivery redraw=true
2026-10-05T20:52:52.905701Z DEBUG turnstone::selfdrive: finished accessibility event delivery
2026-10-05T20:52:52.905711Z DEBUG turnstone::selfdrive: begin render
2026-10-05T20:52:52.958028Z DEBUG turnstone::selfdrive: finished render; begin accessibility update
2026-10-05T20:52:52.958084Z DEBUG turnstone::selfdrive: finished accessibility update; begin scenario tick
2026-10-05T20:52:52.958110Z DEBUG turnstone::selfdrive: finished scenario tick
2026-10-05T20:52:52.958471Z DEBUG turnstone::selfdrive: begin accessibility event delivery redraw=true
2026-10-05T20:52:52.958501Z DEBUG turnstone::selfdrive: finished accessibility event delivery
2026-10-05T20:52:52.958518Z DEBUG turnstone::selfdrive: begin render
2026-10-05T20:52:53.011039Z DEBUG turnstone::selfdrive: finished render; begin accessibility update
2026-10-05T20:52:53.011089Z DEBUG turnstone::selfdrive: finished accessibility update; begin scenario tick
2026-10-05T20:52:53.011111Z DEBUG turnstone::selfdrive: finished scenario tick
2026-10-05T20:52:53.011406Z DEBUG turnstone::selfdrive: begin accessibility event delivery redraw=true
2026-10-05T20:52:53.011426Z DEBUG turnstone::selfdrive: finished accessibility event delivery
2026-10-05T20:52:53.011435Z DEBUG turnstone::selfdrive: begin render
2026-10-05T20:52:53.061418Z DEBUG turnstone::selfdrive: finished render; begin accessibility update
2026-10-05T20:52:53.061474Z DEBUG turnstone::selfdrive: finished accessibility update; begin scenario tick
2026-10-05T20:52:53.061504Z DEBUG turnstone::selfdrive: finished scenario tick
2026-10-05T20:52:53.061865Z DEBUG turnstone::selfdrive: begin accessibility event delivery redraw=true
2026-10-05T20:52:53.061899Z DEBUG turnstone::selfdrive: finished accessibility event delivery
2026-10-05T20:52:53.061913Z DEBUG turnstone::selfdrive: begin render
2026-10-05T20:52:53.113226Z DEBUG turnstone::selfdrive: finished render; begin accessibility update
2026-10-05T20:52:53.113272Z DEBUG turnstone::selfdrive: finished accessibility update; begin scenario tick
2026-10-05T20:52:53.113294Z DEBUG turnstone::selfdrive: finished scenario tick
2026-10-05T20:52:53.113597Z DEBUG turnstone::selfdrive: begin accessibility event delivery redraw=true
2026-10-05T20:52:53.113628Z DEBUG turnstone::selfdrive: finished accessibility event delivery
2026-10-05T20:52:53.113638Z DEBUG turnstone::selfdrive: begin render
2026-10-05T20:52:53.164679Z DEBUG turnstone::selfdrive: finished render; begin accessibility update
2026-10-05T20:52:53.165274Z DEBUG turnstone::selfdrive: finished accessibility update; begin scenario tick
2026-10-05T20:52:53.165320Z DEBUG turnstone::selfdrive: finished scenario tick
2026-10-05T20:52:53.165573Z DEBUG turnstone::selfdrive: begin accessibility event delivery redraw=true
2026-10-05T20:52:53.165594Z DEBUG turnstone::selfdrive: finished accessibility event delivery
2026-10-05T20:52:53.165601Z DEBUG turnstone::selfdrive: begin render
2026-10-05T20:52:53.217354Z DEBUG turnstone::selfdrive: finished render; begin accessibility update
2026-10-05T20:52:53.217406Z DEBUG turnstone::selfdrive: finished accessibility update; begin scenario tick
2026-10-05T20:52:53.217429Z DEBUG turnstone::selfdrive: finished scenario tick
2026-10-05T20:52:53.217762Z DEBUG turnstone::selfdrive: begin accessibility event delivery redraw=true
2026-10-05T20:52:53.217799Z DEBUG turnstone::selfdrive: finished accessibility event delivery
2026-10-05T20:52:53.217813Z DEBUG turnstone::selfdrive: begin render
2026-10-05T20:52:53.273967Z DEBUG turnstone::selfdrive: finished render; begin accessibility update
2026-10-05T20:52:53.274018Z DEBUG turnstone::selfdrive: finished accessibility update; begin scenario tick
2026-10-05T20:52:53.274045Z DEBUG turnstone::selfdrive: finished scenario tick
2026-10-05T20:52:53.274389Z DEBUG turnstone::selfdrive: begin accessibility event delivery redraw=true
2026-10-05T20:52:53.274426Z DEBUG turnstone::selfdrive: finished accessibility event delivery
2026-10-05T20:52:53.274440Z DEBUG turnstone::selfdrive: begin render
2026-10-05T20:52:53.329146Z DEBUG turnstone::selfdrive: finished render; begin accessibility update
2026-10-05T20:52:53.329202Z DEBUG turnstone::selfdrive: finished accessibility update; begin scenario tick
2026-10-05T20:52:53.329230Z DEBUG turnstone::selfdrive: finished scenario tick
2026-10-05T20:52:53.329521Z DEBUG turnstone::selfdrive: begin accessibility event delivery redraw=true
2026-10-05T20:52:53.329553Z DEBUG turnstone::selfdrive: finished accessibility event delivery
2026-10-05T20:52:53.329564Z DEBUG turnstone::selfdrive: begin render
2026-10-05T20:52:53.382589Z DEBUG turnstone::selfdrive: finished render; begin accessibility update
2026-10-05T20:52:53.382647Z DEBUG turnstone::selfdrive: finished accessibility update; begin scenario tick
2026-10-05T20:52:53.382677Z DEBUG turnstone::selfdrive: finished scenario tick
2026-10-05T20:52:53.383032Z DEBUG turnstone::selfdrive: begin accessibility event delivery redraw=true
2026-10-05T20:52:53.383064Z DEBUG turnstone::selfdrive: finished accessibility event delivery
2026-10-05T20:52:53.383076Z DEBUG turnstone::selfdrive: begin render
2026-10-05T20:52:53.434325Z DEBUG turnstone::selfdrive: finished render; begin accessibility update
2026-10-05T20:52:53.434374Z DEBUG turnstone::selfdrive: finished accessibility update; begin scenario tick
2026-10-05T20:52:53.434394Z DEBUG turnstone::selfdrive: finished scenario tick
2026-10-05T20:52:53.434724Z DEBUG turnstone::selfdrive: begin accessibility event delivery redraw=true
2026-10-05T20:52:53.434753Z DEBUG turnstone::selfdrive: finished accessibility event delivery
2026-10-05T20:52:53.434765Z DEBUG turnstone::selfdrive: begin render
2026-10-05T20:52:53.492467Z DEBUG turnstone::selfdrive: finished render; begin accessibility update
2026-10-05T20:52:53.492515Z DEBUG turnstone::selfdrive: finished accessibility update; begin scenario tick
2026-10-05T20:52:53.492536Z DEBUG turnstone::selfdrive: finished scenario tick
2026-10-05T20:52:53.492846Z DEBUG turnstone::selfdrive: begin accessibility event delivery redraw=true
2026-10-05T20:52:53.492867Z DEBUG turnstone::selfdrive: finished accessibility event delivery
2026-10-05T20:52:53.492875Z DEBUG turnstone::selfdrive: begin render
2026-10-05T20:52:53.545554Z DEBUG turnstone::selfdrive: finished render; begin accessibility update
2026-10-05T20:52:53.545606Z DEBUG turnstone::selfdrive: finished accessibility update; begin scenario tick
2026-10-05T20:52:53.545681Z DEBUG turnstone::selfdrive: finished scenario tick
2026-10-05T20:52:53.546047Z DEBUG turnstone::selfdrive: begin accessibility event delivery redraw=true
2026-10-05T20:52:53.546081Z DEBUG turnstone::selfdrive: finished accessibility event delivery
2026-10-05T20:52:53.546095Z DEBUG turnstone::selfdrive: begin render
2026-10-05T20:52:53.598135Z DEBUG turnstone::selfdrive: finished render; begin accessibility update
2026-10-05T20:52:53.598184Z DEBUG turnstone::selfdrive: finished accessibility update; begin scenario tick
2026-10-05T20:52:53.598205Z DEBUG turnstone::selfdrive: finished scenario tick
2026-10-05T20:52:53.598490Z DEBUG turnstone::selfdrive: begin accessibility event delivery redraw=true
2026-10-05T20:52:53.598511Z DEBUG turnstone::selfdrive: finished accessibility event delivery
2026-10-05T20:52:53.598520Z DEBUG turnstone::selfdrive: begin render
2026-10-05T20:52:53.649942Z DEBUG turnstone::selfdrive: finished render; begin accessibility update
2026-10-05T20:52:53.649990Z DEBUG turnstone::selfdrive: finished accessibility update; begin scenario tick
2026-10-05T20:52:53.650014Z DEBUG turnstone::selfdrive: begin app step verb="assert"
2026-10-05T20:52:53.651492Z DEBUG turnstone::selfdrive: finished app step ok=true
2026-10-05T20:52:53.651532Z DEBUG turnstone::selfdrive: finished scenario tick
2026-10-05T20:52:53.651819Z DEBUG turnstone::selfdrive: begin accessibility event delivery redraw=true
2026-10-05T20:52:53.651846Z DEBUG turnstone::selfdrive: finished accessibility event delivery
2026-10-05T20:52:53.651863Z DEBUG turnstone::selfdrive: begin render
2026-10-05T20:52:53.702143Z DEBUG turnstone::selfdrive: finished render; begin accessibility update
2026-10-05T20:52:53.702194Z DEBUG turnstone::selfdrive: finished accessibility update; begin scenario tick
2026-10-05T20:52:53.710765Z  INFO turnstone::shell::effects: content session live node=9c95184b-3442-4271-9d35-75ba06178c3e url=http://127.0.0.1:43123/page-b.html engine=genet.livery
2026-10-05T20:52:53.732762Z DEBUG turnstone::selfdrive: finished scenario tick
2026-10-05T20:52:53.733155Z DEBUG turnstone::selfdrive: begin accessibility event delivery redraw=true
2026-10-05T20:52:53.733184Z DEBUG turnstone::selfdrive: finished accessibility event delivery
2026-10-05T20:52:53.733195Z DEBUG turnstone::selfdrive: begin render
[producer] resize: 509x570 -> 252x570
[producer] start_capture: 252x570 ready in 37ms
2026-10-05T20:52:53.912793Z DEBUG turnstone::selfdrive: finished render; begin accessibility update
2026-10-05T20:52:53.912852Z DEBUG turnstone::selfdrive: finished accessibility update; begin scenario tick
2026-10-05T20:52:53.912886Z DEBUG turnstone::selfdrive: finished scenario tick
2026-10-05T20:52:53.913751Z DEBUG turnstone::selfdrive: begin accessibility event delivery redraw=true
2026-10-05T20:52:53.913785Z DEBUG turnstone::selfdrive: finished accessibility event delivery
2026-10-05T20:52:53.913796Z DEBUG turnstone::selfdrive: begin render
2026-10-05T20:52:54.063142Z DEBUG turnstone::selfdrive: finished render; begin accessibility update
2026-10-05T20:52:54.063195Z DEBUG turnstone::selfdrive: finished accessibility update; begin scenario tick
2026-10-05T20:52:54.063223Z DEBUG turnstone::selfdrive: finished scenario tick
2026-10-05T20:52:54.063687Z DEBUG turnstone::selfdrive: begin accessibility event delivery redraw=true
2026-10-05T20:52:54.063721Z DEBUG turnstone::selfdrive: finished accessibility event delivery
2026-10-05T20:52:54.063734Z DEBUG turnstone::selfdrive: begin render
2026-10-05T20:52:54.126246Z DEBUG turnstone::selfdrive: finished render; begin accessibility update
2026-10-05T20:52:54.126294Z DEBUG turnstone::selfdrive: finished accessibility update; begin scenario tick
2026-10-05T20:52:54.126323Z DEBUG turnstone::selfdrive: finished scenario tick
2026-10-05T20:52:54.126709Z DEBUG turnstone::selfdrive: begin accessibility event delivery redraw=true
2026-10-05T20:52:54.126742Z DEBUG turnstone::selfdrive: finished accessibility event delivery
2026-10-05T20:52:54.126751Z DEBUG turnstone::selfdrive: begin render
2026-10-05T20:52:54.200105Z DEBUG turnstone::selfdrive: finished render; begin accessibility update
2026-10-05T20:52:54.200164Z DEBUG turnstone::selfdrive: finished accessibility update; begin scenario tick
2026-10-05T20:52:54.200286Z DEBUG turnstone::selfdrive: finished scenario tick
2026-10-05T20:52:54.200639Z DEBUG turnstone::selfdrive: begin accessibility event delivery redraw=true
2026-10-05T20:52:54.200667Z DEBUG turnstone::selfdrive: finished accessibility event delivery
2026-10-05T20:52:54.200677Z DEBUG turnstone::selfdrive: begin render
2026-10-05T20:52:54.272744Z DEBUG turnstone::selfdrive: finished render; begin accessibility update
2026-10-05T20:52:54.272801Z DEBUG turnstone::selfdrive: finished accessibility update; begin scenario tick
2026-10-05T20:52:54.272833Z DEBUG turnstone::selfdrive: finished scenario tick
2026-10-05T20:52:54.274064Z DEBUG turnstone::selfdrive: begin accessibility event delivery redraw=true
2026-10-05T20:52:54.274112Z DEBUG turnstone::selfdrive: finished accessibility event delivery
2026-10-05T20:52:54.274124Z DEBUG turnstone::selfdrive: begin render
2026-10-05T20:52:54.348248Z DEBUG turnstone::selfdrive: finished render; begin accessibility update
2026-10-05T20:52:54.348305Z DEBUG turnstone::selfdrive: finished accessibility update; begin scenario tick
2026-10-05T20:52:54.348340Z DEBUG turnstone::selfdrive: finished scenario tick
2026-10-05T20:52:54.348769Z DEBUG turnstone::selfdrive: begin accessibility event delivery redraw=true
2026-10-05T20:52:54.348816Z DEBUG turnstone::selfdrive: finished accessibility event delivery
2026-10-05T20:52:54.348840Z DEBUG turnstone::selfdrive: begin render
2026-10-05T20:52:54.424873Z DEBUG turnstone::selfdrive: finished render; begin accessibility update
2026-10-05T20:52:54.424931Z DEBUG turnstone::selfdrive: finished accessibility update; begin scenario tick
2026-10-05T20:52:54.424964Z DEBUG turnstone::selfdrive: finished scenario tick
2026-10-05T20:52:54.425335Z DEBUG turnstone::selfdrive: begin accessibility event delivery redraw=true
2026-10-05T20:52:54.425366Z DEBUG turnstone::selfdrive: finished accessibility event delivery
2026-10-05T20:52:54.425378Z DEBUG turnstone::selfdrive: begin render
2026-10-05T20:52:54.490994Z DEBUG turnstone::selfdrive: finished render; begin accessibility update
2026-10-05T20:52:54.491048Z DEBUG turnstone::selfdrive: finished accessibility update; begin scenario tick
2026-10-05T20:52:54.491076Z DEBUG turnstone::selfdrive: finished scenario tick
2026-10-05T20:52:54.491604Z DEBUG turnstone::selfdrive: begin accessibility event delivery redraw=true
2026-10-05T20:52:54.491634Z DEBUG turnstone::selfdrive: finished accessibility event delivery
2026-10-05T20:52:54.491645Z DEBUG turnstone::selfdrive: begin render
2026-10-05T20:52:54.551954Z DEBUG turnstone::selfdrive: finished render; begin accessibility update
2026-10-05T20:52:54.552007Z DEBUG turnstone::selfdrive: finished accessibility update; begin scenario tick
2026-10-05T20:52:54.552038Z DEBUG turnstone::selfdrive: finished scenario tick
2026-10-05T20:52:54.552311Z DEBUG turnstone::selfdrive: begin accessibility event delivery redraw=true
2026-10-05T20:52:54.552336Z DEBUG turnstone::selfdrive: finished accessibility event delivery
2026-10-05T20:52:54.552346Z DEBUG turnstone::selfdrive: begin render
2026-10-05T20:52:54.617637Z DEBUG turnstone::selfdrive: finished render; begin accessibility update
2026-10-05T20:52:54.617687Z DEBUG turnstone::selfdrive: finished accessibility update; begin scenario tick
2026-10-05T20:52:54.617712Z DEBUG turnstone::selfdrive: finished scenario tick
2026-10-05T20:52:54.618045Z DEBUG turnstone::selfdrive: begin accessibility event delivery redraw=true
2026-10-05T20:52:54.618077Z DEBUG turnstone::selfdrive: finished accessibility event delivery
2026-10-05T20:52:54.618088Z DEBUG turnstone::selfdrive: begin render
2026-10-05T20:52:54.683850Z DEBUG turnstone::selfdrive: finished render; begin accessibility update
2026-10-05T20:52:54.683905Z DEBUG turnstone::selfdrive: finished accessibility update; begin scenario tick
2026-10-05T20:52:54.683932Z DEBUG turnstone::selfdrive: finished scenario tick
2026-10-05T20:52:54.684253Z DEBUG turnstone::selfdrive: begin accessibility event delivery redraw=true
2026-10-05T20:52:54.684281Z DEBUG turnstone::selfdrive: finished accessibility event delivery
2026-10-05T20:52:54.684291Z DEBUG turnstone::selfdrive: begin render
2026-10-05T20:52:54.750938Z DEBUG turnstone::selfdrive: finished render; begin accessibility update
2026-10-05T20:52:54.750989Z DEBUG turnstone::selfdrive: finished accessibility update; begin scenario tick
2026-10-05T20:52:54.751018Z DEBUG turnstone::selfdrive: finished scenario tick
2026-10-05T20:52:54.751354Z DEBUG turnstone::selfdrive: begin accessibility event delivery redraw=true
2026-10-05T20:52:54.751385Z DEBUG turnstone::selfdrive: finished accessibility event delivery
2026-10-05T20:52:54.751397Z DEBUG turnstone::selfdrive: begin render
2026-10-05T20:52:54.809811Z DEBUG turnstone::selfdrive: finished render; begin accessibility update
2026-10-05T20:52:54.809854Z DEBUG turnstone::selfdrive: finished accessibility update; begin scenario tick
2026-10-05T20:52:54.809873Z DEBUG turnstone::selfdrive: finished scenario tick
2026-10-05T20:52:54.810165Z DEBUG turnstone::selfdrive: begin accessibility event delivery redraw=true
2026-10-05T20:52:54.810196Z DEBUG turnstone::selfdrive: finished accessibility event delivery
2026-10-05T20:52:54.810208Z DEBUG turnstone::selfdrive: begin render
2026-10-05T20:52:54.868754Z DEBUG turnstone::selfdrive: finished render; begin accessibility update
2026-10-05T20:52:54.868801Z DEBUG turnstone::selfdrive: finished accessibility update; begin scenario tick
2026-10-05T20:52:54.868822Z DEBUG turnstone::selfdrive: finished scenario tick
2026-10-05T20:52:54.869183Z DEBUG turnstone::selfdrive: begin accessibility event delivery redraw=true
2026-10-05T20:52:54.869239Z DEBUG turnstone::selfdrive: finished accessibility event delivery
2026-10-05T20:52:54.869249Z DEBUG turnstone::selfdrive: begin render
2026-10-05T20:52:54.923493Z DEBUG turnstone::selfdrive: finished render; begin accessibility update
2026-10-05T20:52:54.923533Z DEBUG turnstone::selfdrive: finished accessibility update; begin scenario tick
2026-10-05T20:52:54.923554Z DEBUG turnstone::selfdrive: finished scenario tick
2026-10-05T20:52:54.923941Z DEBUG turnstone::selfdrive: begin accessibility event delivery redraw=true
2026-10-05T20:52:54.923974Z DEBUG turnstone::selfdrive: finished accessibility event delivery
2026-10-05T20:52:54.923986Z DEBUG turnstone::selfdrive: begin render
2026-10-05T20:52:54.981921Z DEBUG turnstone::selfdrive: finished render; begin accessibility update
2026-10-05T20:52:54.981976Z DEBUG turnstone::selfdrive: finished accessibility update; begin scenario tick
2026-10-05T20:52:54.982055Z DEBUG turnstone::selfdrive: finished scenario tick
2026-10-05T20:52:54.982432Z DEBUG turnstone::selfdrive: begin accessibility event delivery redraw=true
2026-10-05T20:52:54.982466Z DEBUG turnstone::selfdrive: finished accessibility event delivery
2026-10-05T20:52:54.982479Z DEBUG turnstone::selfdrive: begin render
2026-10-05T20:52:55.046204Z DEBUG turnstone::selfdrive: finished render; begin accessibility update
2026-10-05T20:52:55.046256Z DEBUG turnstone::selfdrive: finished accessibility update; begin scenario tick
2026-10-05T20:52:55.046281Z DEBUG turnstone::selfdrive: finished scenario tick
2026-10-05T20:52:55.046636Z DEBUG turnstone::selfdrive: begin accessibility event delivery redraw=true
2026-10-05T20:52:55.046660Z DEBUG turnstone::selfdrive: finished accessibility event delivery
2026-10-05T20:52:55.046670Z DEBUG turnstone::selfdrive: begin render
2026-10-05T20:52:55.102415Z DEBUG turnstone::selfdrive: finished render; begin accessibility update
2026-10-05T20:52:55.102473Z DEBUG turnstone::selfdrive: finished accessibility update; begin scenario tick
2026-10-05T20:52:55.102504Z DEBUG turnstone::selfdrive: finished scenario tick
2026-10-05T20:52:55.102808Z DEBUG turnstone::selfdrive: begin accessibility event delivery redraw=true
2026-10-05T20:52:55.102837Z DEBUG turnstone::selfdrive: finished accessibility event delivery
2026-10-05T20:52:55.102849Z DEBUG turnstone::selfdrive: begin render
2026-10-05T20:52:55.162168Z DEBUG turnstone::selfdrive: finished render; begin accessibility update
2026-10-05T20:52:55.162215Z DEBUG turnstone::selfdrive: finished accessibility update; begin scenario tick
2026-10-05T20:52:55.162238Z DEBUG turnstone::selfdrive: finished scenario tick
2026-10-05T20:52:55.162509Z DEBUG turnstone::selfdrive: begin accessibility event delivery redraw=true
2026-10-05T20:52:55.162544Z DEBUG turnstone::selfdrive: finished accessibility event delivery
2026-10-05T20:52:55.162559Z DEBUG turnstone::selfdrive: begin render
2026-10-05T20:52:55.210124Z DEBUG turnstone::selfdrive: finished render; begin accessibility update
2026-10-05T20:52:55.211517Z DEBUG turnstone::selfdrive: finished accessibility update; begin scenario tick
2026-10-05T20:52:55.211574Z DEBUG turnstone::selfdrive: finished scenario tick
2026-10-05T20:52:55.211796Z DEBUG turnstone::selfdrive: begin accessibility event delivery redraw=true
2026-10-05T20:52:55.211824Z DEBUG turnstone::selfdrive: finished accessibility event delivery
2026-10-05T20:52:55.211834Z DEBUG turnstone::selfdrive: begin render
2026-10-05T20:52:55.257361Z DEBUG turnstone::selfdrive: finished render; begin accessibility update
2026-10-05T20:52:55.257411Z DEBUG turnstone::selfdrive: finished accessibility update; begin scenario tick
2026-10-05T20:52:55.257434Z DEBUG turnstone::selfdrive: finished scenario tick
2026-10-05T20:52:55.257703Z DEBUG turnstone::selfdrive: begin accessibility event delivery redraw=true
2026-10-05T20:52:55.257730Z DEBUG turnstone::selfdrive: finished accessibility event delivery
2026-10-05T20:52:55.257740Z DEBUG turnstone::selfdrive: begin render
2026-10-05T20:52:55.305909Z DEBUG turnstone::selfdrive: finished render; begin accessibility update
2026-10-05T20:52:55.305959Z DEBUG turnstone::selfdrive: finished accessibility update; begin scenario tick
2026-10-05T20:52:55.305982Z DEBUG turnstone::selfdrive: finished scenario tick
2026-10-05T20:52:55.306255Z DEBUG turnstone::selfdrive: begin accessibility event delivery redraw=true
2026-10-05T20:52:55.306276Z DEBUG turnstone::selfdrive: finished accessibility event delivery
2026-10-05T20:52:55.306285Z DEBUG turnstone::selfdrive: begin render
2026-10-05T20:52:55.353120Z DEBUG turnstone::selfdrive: finished render; begin accessibility update
2026-10-05T20:52:55.353163Z DEBUG turnstone::selfdrive: finished accessibility update; begin scenario tick
2026-10-05T20:52:55.353188Z DEBUG turnstone::selfdrive: finished scenario tick
2026-10-05T20:52:55.353425Z DEBUG turnstone::selfdrive: begin accessibility event delivery redraw=true
2026-10-05T20:52:55.353447Z DEBUG turnstone::selfdrive: finished accessibility event delivery
2026-10-05T20:52:55.353459Z DEBUG turnstone::selfdrive: begin render
2026-10-05T20:52:55.394183Z DEBUG turnstone::selfdrive: finished render; begin accessibility update
2026-10-05T20:52:55.394238Z DEBUG turnstone::selfdrive: finished accessibility update; begin scenario tick
2026-10-05T20:52:55.394264Z DEBUG turnstone::selfdrive: finished scenario tick
2026-10-05T20:52:55.394570Z DEBUG turnstone::selfdrive: begin accessibility event delivery redraw=true
2026-10-05T20:52:55.394600Z DEBUG turnstone::selfdrive: finished accessibility event delivery
2026-10-05T20:52:55.394612Z DEBUG turnstone::selfdrive: begin render
2026-10-05T20:52:55.436395Z DEBUG turnstone::selfdrive: finished render; begin accessibility update
2026-10-05T20:52:55.436445Z DEBUG turnstone::selfdrive: finished accessibility update; begin scenario tick
2026-10-05T20:52:55.436467Z DEBUG turnstone::selfdrive: finished scenario tick
2026-10-05T20:52:55.436717Z DEBUG turnstone::selfdrive: begin accessibility event delivery redraw=true
2026-10-05T20:52:55.436738Z DEBUG turnstone::selfdrive: finished accessibility event delivery
2026-10-05T20:52:55.436747Z DEBUG turnstone::selfdrive: begin render
2026-10-05T20:52:55.476919Z DEBUG turnstone::selfdrive: finished render; begin accessibility update
2026-10-05T20:52:55.476965Z DEBUG turnstone::selfdrive: finished accessibility update; begin scenario tick
2026-10-05T20:52:55.476989Z DEBUG turnstone::selfdrive: finished scenario tick
2026-10-05T20:52:55.477267Z DEBUG turnstone::selfdrive: begin accessibility event delivery redraw=true
2026-10-05T20:52:55.477304Z DEBUG turnstone::selfdrive: finished accessibility event delivery
2026-10-05T20:52:55.477319Z DEBUG turnstone::selfdrive: begin render
2026-10-05T20:52:55.522585Z DEBUG turnstone::selfdrive: finished render; begin accessibility update
2026-10-05T20:52:55.522736Z DEBUG turnstone::selfdrive: finished accessibility update; begin scenario tick
2026-10-05T20:52:55.522769Z DEBUG turnstone::selfdrive: finished scenario tick
2026-10-05T20:52:55.522985Z DEBUG turnstone::selfdrive: begin accessibility event delivery redraw=true
2026-10-05T20:52:55.523003Z DEBUG turnstone::selfdrive: finished accessibility event delivery
2026-10-05T20:52:55.523013Z DEBUG turnstone::selfdrive: begin render
2026-10-05T20:52:55.565604Z DEBUG turnstone::selfdrive: finished render; begin accessibility update
2026-10-05T20:52:55.565647Z DEBUG turnstone::selfdrive: finished accessibility update; begin scenario tick
2026-10-05T20:52:55.565669Z DEBUG turnstone::selfdrive: finished scenario tick
2026-10-05T20:52:55.565911Z DEBUG turnstone::selfdrive: begin accessibility event delivery redraw=true
2026-10-05T20:52:55.565931Z DEBUG turnstone::selfdrive: finished accessibility event delivery
2026-10-05T20:52:55.565938Z DEBUG turnstone::selfdrive: begin render
2026-10-05T20:52:55.605729Z DEBUG turnstone::selfdrive: finished render; begin accessibility update
2026-10-05T20:52:55.605777Z DEBUG turnstone::selfdrive: finished accessibility update; begin scenario tick
2026-10-05T20:52:55.605801Z DEBUG turnstone::selfdrive: finished scenario tick
2026-10-05T20:52:55.606066Z DEBUG turnstone::selfdrive: begin accessibility event delivery redraw=true
2026-10-05T20:52:55.606103Z DEBUG turnstone::selfdrive: finished accessibility event delivery
2026-10-05T20:52:55.606115Z DEBUG turnstone::selfdrive: begin render
2026-10-05T20:52:55.652401Z DEBUG turnstone::selfdrive: finished render; begin accessibility update
2026-10-05T20:52:55.652447Z DEBUG turnstone::selfdrive: finished accessibility update; begin scenario tick
2026-10-05T20:52:55.652469Z DEBUG turnstone::selfdrive: finished scenario tick
2026-10-05T20:52:55.652705Z DEBUG turnstone::selfdrive: begin accessibility event delivery redraw=true
2026-10-05T20:52:55.652727Z DEBUG turnstone::selfdrive: finished accessibility event delivery
2026-10-05T20:52:55.652736Z DEBUG turnstone::selfdrive: begin render
2026-10-05T20:52:55.701811Z DEBUG turnstone::selfdrive: finished render; begin accessibility update
2026-10-05T20:52:55.701857Z DEBUG turnstone::selfdrive: finished accessibility update; begin scenario tick
2026-10-05T20:52:55.701876Z DEBUG turnstone::selfdrive: finished scenario tick
2026-10-05T20:52:55.702100Z DEBUG turnstone::selfdrive: begin accessibility event delivery redraw=true
2026-10-05T20:52:55.702117Z DEBUG turnstone::selfdrive: finished accessibility event delivery
2026-10-05T20:52:55.702125Z DEBUG turnstone::selfdrive: begin render
2026-10-05T20:52:55.746314Z DEBUG turnstone::selfdrive: finished render; begin accessibility update
2026-10-05T20:52:55.746357Z DEBUG turnstone::selfdrive: finished accessibility update; begin scenario tick
2026-10-05T20:52:55.746374Z DEBUG turnstone::selfdrive: finished scenario tick
2026-10-05T20:52:55.746588Z DEBUG turnstone::selfdrive: begin accessibility event delivery redraw=true
2026-10-05T20:52:55.746604Z DEBUG turnstone::selfdrive: finished accessibility event delivery
2026-10-05T20:52:55.746612Z DEBUG turnstone::selfdrive: begin render
2026-10-05T20:52:55.787564Z DEBUG turnstone::selfdrive: finished render; begin accessibility update
2026-10-05T20:52:55.787608Z DEBUG turnstone::selfdrive: finished accessibility update; begin scenario tick
2026-10-05T20:52:55.787629Z DEBUG turnstone::selfdrive: finished scenario tick
2026-10-05T20:52:55.787887Z DEBUG turnstone::selfdrive: begin accessibility event delivery redraw=true
2026-10-05T20:52:55.787920Z DEBUG turnstone::selfdrive: finished accessibility event delivery
2026-10-05T20:52:55.787931Z DEBUG turnstone::selfdrive: begin render
2026-10-05T20:52:55.832892Z DEBUG turnstone::selfdrive: finished render; begin accessibility update
2026-10-05T20:52:55.832943Z DEBUG turnstone::selfdrive: finished accessibility update; begin scenario tick
2026-10-05T20:52:55.832968Z DEBUG turnstone::selfdrive: finished scenario tick
2026-10-05T20:52:55.833237Z DEBUG turnstone::selfdrive: begin accessibility event delivery redraw=true
2026-10-05T20:52:55.833263Z DEBUG turnstone::selfdrive: finished accessibility event delivery
2026-10-05T20:52:55.833273Z DEBUG turnstone::selfdrive: begin render
2026-10-05T20:52:55.876146Z DEBUG turnstone::selfdrive: finished render; begin accessibility update
2026-10-05T20:52:55.876196Z DEBUG turnstone::selfdrive: finished accessibility update; begin scenario tick
2026-10-05T20:52:55.876217Z DEBUG turnstone::selfdrive: finished scenario tick
2026-10-05T20:52:55.876490Z DEBUG turnstone::selfdrive: begin accessibility event delivery redraw=true
2026-10-05T20:52:55.876523Z DEBUG turnstone::selfdrive: finished accessibility event delivery
2026-10-05T20:52:55.876535Z DEBUG turnstone::selfdrive: begin render
2026-10-05T20:52:55.918832Z DEBUG turnstone::selfdrive: finished render; begin accessibility update
2026-10-05T20:52:55.918893Z DEBUG turnstone::selfdrive: finished accessibility update; begin scenario tick
2026-10-05T20:52:55.918916Z DEBUG turnstone::selfdrive: finished scenario tick
2026-10-05T20:52:55.919169Z DEBUG turnstone::selfdrive: begin accessibility event delivery redraw=true
2026-10-05T20:52:55.919188Z DEBUG turnstone::selfdrive: finished accessibility event delivery
2026-10-05T20:52:55.919197Z DEBUG turnstone::selfdrive: begin render
2026-10-05T20:52:55.961045Z DEBUG turnstone::selfdrive: finished render; begin accessibility update
2026-10-05T20:52:55.961084Z DEBUG turnstone::selfdrive: finished accessibility update; begin scenario tick
2026-10-05T20:52:55.961107Z DEBUG turnstone::selfdrive: finished scenario tick
2026-10-05T20:52:55.961333Z DEBUG turnstone::selfdrive: begin accessibility event delivery redraw=true
2026-10-05T20:52:55.961352Z DEBUG turnstone::selfdrive: finished accessibility event delivery
2026-10-05T20:52:55.961361Z DEBUG turnstone::selfdrive: begin render
2026-10-05T20:52:56.003790Z DEBUG turnstone::selfdrive: finished render; begin accessibility update
2026-10-05T20:52:56.003838Z DEBUG turnstone::selfdrive: finished accessibility update; begin scenario tick
2026-10-05T20:52:56.003861Z DEBUG turnstone::selfdrive: finished scenario tick
2026-10-05T20:52:56.004109Z DEBUG turnstone::selfdrive: begin accessibility event delivery redraw=true
2026-10-05T20:52:56.004135Z DEBUG turnstone::selfdrive: finished accessibility event delivery
2026-10-05T20:52:56.004145Z DEBUG turnstone::selfdrive: begin render
2026-10-05T20:52:56.050972Z DEBUG turnstone::selfdrive: finished render; begin accessibility update
2026-10-05T20:52:56.051029Z DEBUG turnstone::selfdrive: finished accessibility update; begin scenario tick
2026-10-05T20:52:56.051057Z DEBUG turnstone::selfdrive: finished scenario tick
2026-10-05T20:52:56.051368Z DEBUG turnstone::selfdrive: begin accessibility event delivery redraw=true
2026-10-05T20:52:56.051401Z DEBUG turnstone::selfdrive: finished accessibility event delivery
2026-10-05T20:52:56.051416Z DEBUG turnstone::selfdrive: begin render
2026-10-05T20:52:56.091222Z DEBUG turnstone::selfdrive: finished render; begin accessibility update
2026-10-05T20:52:56.091274Z DEBUG turnstone::selfdrive: finished accessibility update; begin scenario tick
2026-10-05T20:52:56.091301Z DEBUG turnstone::selfdrive: finished scenario tick
2026-10-05T20:52:56.091558Z DEBUG turnstone::selfdrive: begin accessibility event delivery redraw=true
2026-10-05T20:52:56.091584Z DEBUG turnstone::selfdrive: finished accessibility event delivery
2026-10-05T20:52:56.091594Z DEBUG turnstone::selfdrive: begin render
2026-10-05T20:52:56.133000Z DEBUG turnstone::selfdrive: finished render; begin accessibility update
2026-10-05T20:52:56.133067Z DEBUG turnstone::selfdrive: finished accessibility update; begin scenario tick
2026-10-05T20:52:56.133096Z DEBUG turnstone::selfdrive: finished scenario tick
2026-10-05T20:52:56.133443Z DEBUG turnstone::selfdrive: begin accessibility event delivery redraw=true
2026-10-05T20:52:56.133487Z DEBUG turnstone::selfdrive: finished accessibility event delivery
2026-10-05T20:52:56.133502Z DEBUG turnstone::selfdrive: begin render
2026-10-05T20:52:56.182159Z DEBUG turnstone::selfdrive: finished render; begin accessibility update
2026-10-05T20:52:56.182203Z DEBUG turnstone::selfdrive: finished accessibility update; begin scenario tick
2026-10-05T20:52:56.182223Z DEBUG turnstone::selfdrive: finished scenario tick
2026-10-05T20:52:56.182455Z DEBUG turnstone::selfdrive: begin accessibility event delivery redraw=true
2026-10-05T20:52:56.182479Z DEBUG turnstone::selfdrive: finished accessibility event delivery
2026-10-05T20:52:56.182491Z DEBUG turnstone::selfdrive: begin render
2026-10-05T20:52:56.226828Z DEBUG turnstone::selfdrive: finished render; begin accessibility update
2026-10-05T20:52:56.226872Z DEBUG turnstone::selfdrive: finished accessibility update; begin scenario tick
2026-10-05T20:52:56.226894Z DEBUG turnstone::selfdrive: finished scenario tick
2026-10-05T20:52:56.227134Z DEBUG turnstone::selfdrive: begin accessibility event delivery redraw=true
2026-10-05T20:52:56.227160Z DEBUG turnstone::selfdrive: finished accessibility event delivery
2026-10-05T20:52:56.227171Z DEBUG turnstone::selfdrive: begin render
2026-10-05T20:52:56.270767Z DEBUG turnstone::selfdrive: finished render; begin accessibility update
2026-10-05T20:52:56.270815Z DEBUG turnstone::selfdrive: finished accessibility update; begin scenario tick
2026-10-05T20:52:56.270835Z DEBUG turnstone::selfdrive: finished scenario tick
2026-10-05T20:52:56.271058Z DEBUG turnstone::selfdrive: begin accessibility event delivery redraw=true
2026-10-05T20:52:56.271084Z DEBUG turnstone::selfdrive: finished accessibility event delivery
2026-10-05T20:52:56.271093Z DEBUG turnstone::selfdrive: begin render
2026-10-05T20:52:56.315268Z DEBUG turnstone::selfdrive: finished render; begin accessibility update
2026-10-05T20:52:56.315323Z DEBUG turnstone::selfdrive: finished accessibility update; begin scenario tick
2026-10-05T20:52:56.315351Z DEBUG turnstone::selfdrive: finished scenario tick
2026-10-05T20:52:56.315720Z DEBUG turnstone::selfdrive: begin accessibility event delivery redraw=true
2026-10-05T20:52:56.315761Z DEBUG turnstone::selfdrive: finished accessibility event delivery
2026-10-05T20:52:56.315774Z DEBUG turnstone::selfdrive: begin render
2026-10-05T20:52:56.357308Z DEBUG turnstone::selfdrive: finished render; begin accessibility update
2026-10-05T20:52:56.357353Z DEBUG turnstone::selfdrive: finished accessibility update; begin scenario tick
2026-10-05T20:52:56.357375Z DEBUG turnstone::selfdrive: finished scenario tick
2026-10-05T20:52:56.357635Z DEBUG turnstone::selfdrive: begin accessibility event delivery redraw=true
2026-10-05T20:52:56.357666Z DEBUG turnstone::selfdrive: finished accessibility event delivery
2026-10-05T20:52:56.357678Z DEBUG turnstone::selfdrive: begin render
2026-10-05T20:52:56.396482Z DEBUG turnstone::selfdrive: finished render; begin accessibility update
2026-10-05T20:52:56.396529Z DEBUG turnstone::selfdrive: finished accessibility update; begin scenario tick
2026-10-05T20:52:56.396548Z DEBUG turnstone::selfdrive: finished scenario tick
2026-10-05T20:52:56.396791Z DEBUG turnstone::selfdrive: begin accessibility event delivery redraw=true
2026-10-05T20:52:56.396810Z DEBUG turnstone::selfdrive: finished accessibility event delivery
2026-10-05T20:52:56.396818Z DEBUG turnstone::selfdrive: begin render
2026-10-05T20:52:56.441986Z DEBUG turnstone::selfdrive: finished render; begin accessibility update
2026-10-05T20:52:56.442029Z DEBUG turnstone::selfdrive: finished accessibility update; begin scenario tick
2026-10-05T20:52:56.442052Z DEBUG turnstone::selfdrive: finished scenario tick
2026-10-05T20:52:56.442308Z DEBUG turnstone::selfdrive: begin accessibility event delivery redraw=true
2026-10-05T20:52:56.442344Z DEBUG turnstone::selfdrive: finished accessibility event delivery
2026-10-05T20:52:56.442356Z DEBUG turnstone::selfdrive: begin render
2026-10-05T20:52:56.489044Z DEBUG turnstone::selfdrive: finished render; begin accessibility update
2026-10-05T20:52:56.489099Z DEBUG turnstone::selfdrive: finished accessibility update; begin scenario tick
2026-10-05T20:52:56.489132Z DEBUG turnstone::selfdrive: finished scenario tick
2026-10-05T20:52:56.489428Z DEBUG turnstone::selfdrive: begin accessibility event delivery redraw=true
2026-10-05T20:52:56.489459Z DEBUG turnstone::selfdrive: finished accessibility event delivery
2026-10-05T20:52:56.489471Z DEBUG turnstone::selfdrive: begin render
2026-10-05T20:52:56.539426Z DEBUG turnstone::selfdrive: finished render; begin accessibility update
2026-10-05T20:52:56.540258Z DEBUG turnstone::selfdrive: finished accessibility update; begin scenario tick
2026-10-05T20:52:56.540324Z DEBUG turnstone::selfdrive: finished scenario tick
2026-10-05T20:52:56.540580Z DEBUG turnstone::selfdrive: begin accessibility event delivery redraw=true
2026-10-05T20:52:56.540610Z DEBUG turnstone::selfdrive: finished accessibility event delivery
2026-10-05T20:52:56.540620Z DEBUG turnstone::selfdrive: begin render
2026-10-05T20:52:56.580327Z DEBUG turnstone::selfdrive: finished render; begin accessibility update
2026-10-05T20:52:56.580373Z DEBUG turnstone::selfdrive: finished accessibility update; begin scenario tick
2026-10-05T20:52:56.580391Z DEBUG turnstone::selfdrive: finished scenario tick
2026-10-05T20:52:56.580634Z DEBUG turnstone::selfdrive: begin accessibility event delivery redraw=true
2026-10-05T20:52:56.580654Z DEBUG turnstone::selfdrive: finished accessibility event delivery
2026-10-05T20:52:56.580664Z DEBUG turnstone::selfdrive: begin render
2026-10-05T20:52:56.622889Z DEBUG turnstone::selfdrive: finished render; begin accessibility update
2026-10-05T20:52:56.622941Z DEBUG turnstone::selfdrive: finished accessibility update; begin scenario tick
2026-10-05T20:52:56.622964Z DEBUG turnstone::selfdrive: finished scenario tick
2026-10-05T20:52:56.623219Z DEBUG turnstone::selfdrive: begin accessibility event delivery redraw=true
2026-10-05T20:52:56.623243Z DEBUG turnstone::selfdrive: finished accessibility event delivery
2026-10-05T20:52:56.623252Z DEBUG turnstone::selfdrive: begin render
2026-10-05T20:52:56.669960Z DEBUG turnstone::selfdrive: finished render; begin accessibility update
2026-10-05T20:52:56.670008Z DEBUG turnstone::selfdrive: finished accessibility update; begin scenario tick
2026-10-05T20:52:56.670028Z DEBUG turnstone::selfdrive: finished scenario tick
2026-10-05T20:52:56.670265Z DEBUG turnstone::selfdrive: begin accessibility event delivery redraw=true
2026-10-05T20:52:56.670284Z DEBUG turnstone::selfdrive: finished accessibility event delivery
2026-10-05T20:52:56.670292Z DEBUG turnstone::selfdrive: begin render
2026-10-05T20:52:56.711917Z DEBUG turnstone::selfdrive: finished render; begin accessibility update
2026-10-05T20:52:56.711964Z DEBUG turnstone::selfdrive: finished accessibility update; begin scenario tick
2026-10-05T20:52:56.711989Z DEBUG turnstone::selfdrive: finished scenario tick
2026-10-05T20:52:56.712251Z DEBUG turnstone::selfdrive: begin accessibility event delivery redraw=true
2026-10-05T20:52:56.712270Z DEBUG turnstone::selfdrive: finished accessibility event delivery
2026-10-05T20:52:56.712282Z DEBUG turnstone::selfdrive: begin render
2026-10-05T20:52:56.752920Z DEBUG turnstone::selfdrive: finished render; begin accessibility update
2026-10-05T20:52:56.752967Z DEBUG turnstone::selfdrive: finished accessibility update; begin scenario tick
2026-10-05T20:52:56.752990Z DEBUG turnstone::selfdrive: finished scenario tick
2026-10-05T20:52:56.753236Z DEBUG turnstone::selfdrive: begin accessibility event delivery redraw=true
2026-10-05T20:52:56.753256Z DEBUG turnstone::selfdrive: finished accessibility event delivery
2026-10-05T20:52:56.753263Z DEBUG turnstone::selfdrive: begin render
2026-10-05T20:52:56.792838Z DEBUG turnstone::selfdrive: finished render; begin accessibility update
2026-10-05T20:52:56.792888Z DEBUG turnstone::selfdrive: finished accessibility update; begin scenario tick
2026-10-05T20:52:56.792909Z DEBUG turnstone::selfdrive: finished scenario tick
2026-10-05T20:52:56.793153Z DEBUG turnstone::selfdrive: begin accessibility event delivery redraw=true
2026-10-05T20:52:56.793197Z DEBUG turnstone::selfdrive: finished accessibility event delivery
2026-10-05T20:52:56.793206Z DEBUG turnstone::selfdrive: begin render
2026-10-05T20:52:56.835006Z DEBUG turnstone::selfdrive: finished render; begin accessibility update
2026-10-05T20:52:56.835051Z DEBUG turnstone::selfdrive: finished accessibility update; begin scenario tick
2026-10-05T20:52:56.835073Z DEBUG turnstone::selfdrive: finished scenario tick
2026-10-05T20:52:56.835385Z DEBUG turnstone::selfdrive: begin accessibility event delivery redraw=true
2026-10-05T20:52:56.835409Z DEBUG turnstone::selfdrive: finished accessibility event delivery
2026-10-05T20:52:56.835420Z DEBUG turnstone::selfdrive: begin render
2026-10-05T20:52:56.875818Z DEBUG turnstone::selfdrive: finished render; begin accessibility update
2026-10-05T20:52:56.875861Z DEBUG turnstone::selfdrive: finished accessibility update; begin scenario tick
2026-10-05T20:52:56.875879Z DEBUG turnstone::selfdrive: finished scenario tick
2026-10-05T20:52:56.876145Z DEBUG turnstone::selfdrive: begin accessibility event delivery redraw=true
2026-10-05T20:52:56.876176Z DEBUG turnstone::selfdrive: finished accessibility event delivery
2026-10-05T20:52:56.876194Z DEBUG turnstone::selfdrive: begin render
2026-10-05T20:52:56.919772Z DEBUG turnstone::selfdrive: finished render; begin accessibility update
2026-10-05T20:52:56.919824Z DEBUG turnstone::selfdrive: finished accessibility update; begin scenario tick
2026-10-05T20:52:56.919849Z DEBUG turnstone::selfdrive: finished scenario tick
2026-10-05T20:52:56.920077Z DEBUG turnstone::selfdrive: begin accessibility event delivery redraw=true
2026-10-05T20:52:56.920107Z DEBUG turnstone::selfdrive: finished accessibility event delivery
2026-10-05T20:52:56.920119Z DEBUG turnstone::selfdrive: begin render
2026-10-05T20:52:56.959893Z DEBUG turnstone::selfdrive: finished render; begin accessibility update
2026-10-05T20:52:56.959947Z DEBUG turnstone::selfdrive: finished accessibility update; begin scenario tick
2026-10-05T20:52:56.959972Z DEBUG turnstone::selfdrive: finished scenario tick
2026-10-05T20:52:56.960282Z DEBUG turnstone::selfdrive: begin accessibility event delivery redraw=true
2026-10-05T20:52:56.960306Z DEBUG turnstone::selfdrive: finished accessibility event delivery
2026-10-05T20:52:56.960317Z DEBUG turnstone::selfdrive: begin render
2026-10-05T20:52:56.996873Z DEBUG turnstone::selfdrive: finished render; begin accessibility update
2026-10-05T20:52:56.996920Z DEBUG turnstone::selfdrive: finished accessibility update; begin scenario tick
2026-10-05T20:52:56.996937Z DEBUG turnstone::selfdrive: finished scenario tick
2026-10-05T20:52:56.997188Z DEBUG turnstone::selfdrive: begin accessibility event delivery redraw=true
2026-10-05T20:52:56.997217Z DEBUG turnstone::selfdrive: finished accessibility event delivery
2026-10-05T20:52:56.997230Z DEBUG turnstone::selfdrive: begin render
2026-10-05T20:52:57.042405Z DEBUG turnstone::selfdrive: finished render; begin accessibility update
2026-10-05T20:52:57.042459Z DEBUG turnstone::selfdrive: finished accessibility update; begin scenario tick
2026-10-05T20:52:57.042486Z DEBUG turnstone::selfdrive: finished scenario tick
2026-10-05T20:52:57.042863Z DEBUG turnstone::selfdrive: begin accessibility event delivery redraw=true
2026-10-05T20:52:57.042894Z DEBUG turnstone::selfdrive: finished accessibility event delivery
2026-10-05T20:52:57.042906Z DEBUG turnstone::selfdrive: begin render
2026-10-05T20:52:57.087068Z DEBUG turnstone::selfdrive: finished render; begin accessibility update
2026-10-05T20:52:57.087123Z DEBUG turnstone::selfdrive: finished accessibility update; begin scenario tick
2026-10-05T20:52:57.087148Z DEBUG turnstone::selfdrive: finished scenario tick
2026-10-05T20:52:57.087416Z DEBUG turnstone::selfdrive: begin accessibility event delivery redraw=true
2026-10-05T20:52:57.087442Z DEBUG turnstone::selfdrive: finished accessibility event delivery
2026-10-05T20:52:57.087453Z DEBUG turnstone::selfdrive: begin render
2026-10-05T20:52:57.132029Z DEBUG turnstone::selfdrive: finished render; begin accessibility update
2026-10-05T20:52:57.132075Z DEBUG turnstone::selfdrive: finished accessibility update; begin scenario tick
2026-10-05T20:52:57.132101Z DEBUG turnstone::selfdrive: finished scenario tick
2026-10-05T20:52:57.132352Z DEBUG turnstone::selfdrive: begin accessibility event delivery redraw=true
2026-10-05T20:52:57.132379Z DEBUG turnstone::selfdrive: finished accessibility event delivery
2026-10-05T20:52:57.132388Z DEBUG turnstone::selfdrive: begin render
2026-10-05T20:52:57.181947Z DEBUG turnstone::selfdrive: finished render; begin accessibility update
2026-10-05T20:52:57.182005Z DEBUG turnstone::selfdrive: finished accessibility update; begin scenario tick
2026-10-05T20:52:57.182038Z DEBUG turnstone::selfdrive: finished scenario tick
2026-10-05T20:52:57.182487Z DEBUG turnstone::selfdrive: begin accessibility event delivery redraw=true
2026-10-05T20:52:57.182522Z DEBUG turnstone::selfdrive: finished accessibility event delivery
2026-10-05T20:52:57.182577Z DEBUG turnstone::selfdrive: begin render
2026-10-05T20:52:57.231790Z DEBUG turnstone::selfdrive: finished render; begin accessibility update
2026-10-05T20:52:57.231840Z DEBUG turnstone::selfdrive: finished accessibility update; begin scenario tick
2026-10-05T20:52:57.231866Z DEBUG turnstone::selfdrive: finished scenario tick
2026-10-05T20:52:57.232173Z DEBUG turnstone::selfdrive: begin accessibility event delivery redraw=true
2026-10-05T20:52:57.232211Z DEBUG turnstone::selfdrive: finished accessibility event delivery
2026-10-05T20:52:57.232224Z DEBUG turnstone::selfdrive: begin render
2026-10-05T20:52:57.282397Z DEBUG turnstone::selfdrive: finished render; begin accessibility update
2026-10-05T20:52:57.282448Z DEBUG turnstone::selfdrive: finished accessibility update; begin scenario tick
2026-10-05T20:52:57.282470Z DEBUG turnstone::selfdrive: finished scenario tick
2026-10-05T20:52:57.282761Z DEBUG turnstone::selfdrive: begin accessibility event delivery redraw=true
2026-10-05T20:52:57.282789Z DEBUG turnstone::selfdrive: finished accessibility event delivery
2026-10-05T20:52:57.282800Z DEBUG turnstone::selfdrive: begin render
2026-10-05T20:52:57.333843Z DEBUG turnstone::selfdrive: finished render; begin accessibility update
2026-10-05T20:52:57.333901Z DEBUG turnstone::selfdrive: finished accessibility update; begin scenario tick
2026-10-05T20:52:57.333930Z DEBUG turnstone::selfdrive: finished scenario tick
2026-10-05T20:52:57.334195Z DEBUG turnstone::selfdrive: begin accessibility event delivery redraw=true
2026-10-05T20:52:57.334221Z DEBUG turnstone::selfdrive: finished accessibility event delivery
2026-10-05T20:52:57.334231Z DEBUG turnstone::selfdrive: begin render
2026-10-05T20:52:57.389364Z DEBUG turnstone::selfdrive: finished render; begin accessibility update
2026-10-05T20:52:57.389419Z DEBUG turnstone::selfdrive: finished accessibility update; begin scenario tick
2026-10-05T20:52:57.389446Z DEBUG turnstone::selfdrive: finished scenario tick
2026-10-05T20:52:57.389801Z DEBUG turnstone::selfdrive: begin accessibility event delivery redraw=true
2026-10-05T20:52:57.389833Z DEBUG turnstone::selfdrive: finished accessibility event delivery
2026-10-05T20:52:57.389843Z DEBUG turnstone::selfdrive: begin render
2026-10-05T20:52:57.444607Z DEBUG turnstone::selfdrive: finished render; begin accessibility update
2026-10-05T20:52:57.444659Z DEBUG turnstone::selfdrive: finished accessibility update; begin scenario tick
2026-10-05T20:52:57.444686Z DEBUG turnstone::selfdrive: finished scenario tick
2026-10-05T20:52:57.444943Z DEBUG turnstone::selfdrive: begin accessibility event delivery redraw=true
2026-10-05T20:52:57.444963Z DEBUG turnstone::selfdrive: finished accessibility event delivery
2026-10-05T20:52:57.444973Z DEBUG turnstone::selfdrive: begin render
2026-10-05T20:52:57.496035Z DEBUG turnstone::selfdrive: finished render; begin accessibility update
2026-10-05T20:52:57.496085Z DEBUG turnstone::selfdrive: finished accessibility update; begin scenario tick
2026-10-05T20:52:57.496104Z DEBUG turnstone::selfdrive: finished scenario tick
2026-10-05T20:52:57.496354Z DEBUG turnstone::selfdrive: begin accessibility event delivery redraw=true
2026-10-05T20:52:57.496374Z DEBUG turnstone::selfdrive: finished accessibility event delivery
2026-10-05T20:52:57.496384Z DEBUG turnstone::selfdrive: begin render
2026-10-05T20:52:57.539856Z DEBUG turnstone::selfdrive: finished render; begin accessibility update
2026-10-05T20:52:57.539905Z DEBUG turnstone::selfdrive: finished accessibility update; begin scenario tick
2026-10-05T20:52:57.539927Z DEBUG turnstone::selfdrive: finished scenario tick
2026-10-05T20:52:57.540196Z DEBUG turnstone::selfdrive: begin accessibility event delivery redraw=true
2026-10-05T20:52:57.540227Z DEBUG turnstone::selfdrive: finished accessibility event delivery
2026-10-05T20:52:57.540238Z DEBUG turnstone::selfdrive: begin render
2026-10-05T20:52:57.585037Z DEBUG turnstone::selfdrive: finished render; begin accessibility update
2026-10-05T20:52:57.585092Z DEBUG turnstone::selfdrive: finished accessibility update; begin scenario tick
2026-10-05T20:52:57.585118Z DEBUG turnstone::selfdrive: finished scenario tick
2026-10-05T20:52:57.585427Z DEBUG turnstone::selfdrive: begin accessibility event delivery redraw=true
2026-10-05T20:52:57.585463Z DEBUG turnstone::selfdrive: finished accessibility event delivery
2026-10-05T20:52:57.585476Z DEBUG turnstone::selfdrive: begin render
2026-10-05T20:52:57.638978Z DEBUG turnstone::selfdrive: finished render; begin accessibility update
2026-10-05T20:52:57.639026Z DEBUG turnstone::selfdrive: finished accessibility update; begin scenario tick
2026-10-05T20:52:57.639056Z DEBUG turnstone::selfdrive: finished scenario tick
2026-10-05T20:52:57.639337Z DEBUG turnstone::selfdrive: begin accessibility event delivery redraw=true
2026-10-05T20:52:57.639365Z DEBUG turnstone::selfdrive: finished accessibility event delivery
2026-10-05T20:52:57.639377Z DEBUG turnstone::selfdrive: begin render
2026-10-05T20:52:57.686931Z DEBUG turnstone::selfdrive: finished render; begin accessibility update
2026-10-05T20:52:57.686977Z DEBUG turnstone::selfdrive: finished accessibility update; begin scenario tick
2026-10-05T20:52:57.686999Z DEBUG turnstone::selfdrive: finished scenario tick
2026-10-05T20:52:57.687227Z DEBUG turnstone::selfdrive: begin accessibility event delivery redraw=true
2026-10-05T20:52:57.687253Z DEBUG turnstone::selfdrive: finished accessibility event delivery
2026-10-05T20:52:57.687263Z DEBUG turnstone::selfdrive: begin render
2026-10-05T20:52:57.729451Z DEBUG turnstone::selfdrive: finished render; begin accessibility update
2026-10-05T20:52:57.729507Z DEBUG turnstone::selfdrive: finished accessibility update; begin scenario tick
2026-10-05T20:52:57.729537Z DEBUG turnstone::selfdrive: finished scenario tick
2026-10-05T20:52:57.729864Z DEBUG turnstone::selfdrive: begin accessibility event delivery redraw=true
2026-10-05T20:52:57.729900Z DEBUG turnstone::selfdrive: finished accessibility event delivery
2026-10-05T20:52:57.729914Z DEBUG turnstone::selfdrive: begin render
2026-10-05T20:52:57.774058Z DEBUG turnstone::selfdrive: finished render; begin accessibility update
2026-10-05T20:52:57.774103Z DEBUG turnstone::selfdrive: finished accessibility update; begin scenario tick
2026-10-05T20:52:57.774126Z DEBUG turnstone::selfdrive: finished scenario tick
2026-10-05T20:52:57.774424Z DEBUG turnstone::selfdrive: begin accessibility event delivery redraw=true
2026-10-05T20:52:57.774446Z DEBUG turnstone::selfdrive: finished accessibility event delivery
2026-10-05T20:52:57.774455Z DEBUG turnstone::selfdrive: begin render
2026-10-05T20:52:57.818365Z DEBUG turnstone::selfdrive: finished render; begin accessibility update
2026-10-05T20:52:57.818417Z DEBUG turnstone::selfdrive: finished accessibility update; begin scenario tick
2026-10-05T20:52:57.818441Z DEBUG turnstone::selfdrive: finished scenario tick
2026-10-05T20:52:57.818828Z DEBUG turnstone::selfdrive: begin accessibility event delivery redraw=true
2026-10-05T20:52:57.818855Z DEBUG turnstone::selfdrive: finished accessibility event delivery
2026-10-05T20:52:57.818862Z DEBUG turnstone::selfdrive: begin render
2026-10-05T20:52:57.865632Z DEBUG turnstone::selfdrive: finished render; begin accessibility update
2026-10-05T20:52:57.865677Z DEBUG turnstone::selfdrive: finished accessibility update; begin scenario tick
2026-10-05T20:52:57.865703Z DEBUG turnstone::selfdrive: finished scenario tick
2026-10-05T20:52:57.865959Z DEBUG turnstone::selfdrive: begin accessibility event delivery redraw=true
2026-10-05T20:52:57.865992Z DEBUG turnstone::selfdrive: finished accessibility event delivery
2026-10-05T20:52:57.866002Z DEBUG turnstone::selfdrive: begin render
2026-10-05T20:52:57.911664Z DEBUG turnstone::selfdrive: finished render; begin accessibility update
2026-10-05T20:52:57.912420Z DEBUG turnstone::selfdrive: finished accessibility update; begin scenario tick
2026-10-05T20:52:57.912474Z DEBUG turnstone::selfdrive: finished scenario tick
2026-10-05T20:52:57.912691Z DEBUG turnstone::selfdrive: begin accessibility event delivery redraw=true
2026-10-05T20:52:57.912715Z DEBUG turnstone::selfdrive: finished accessibility event delivery
2026-10-05T20:52:57.912724Z DEBUG turnstone::selfdrive: begin render
2026-10-05T20:52:57.960201Z DEBUG turnstone::selfdrive: finished render; begin accessibility update
2026-10-05T20:52:57.960247Z DEBUG turnstone::selfdrive: finished accessibility update; begin scenario tick
2026-10-05T20:52:57.960266Z DEBUG turnstone::selfdrive: finished scenario tick
2026-10-05T20:52:57.960500Z DEBUG turnstone::selfdrive: begin accessibility event delivery redraw=true
2026-10-05T20:52:57.960517Z DEBUG turnstone::selfdrive: finished accessibility event delivery
2026-10-05T20:52:57.960525Z DEBUG turnstone::selfdrive: begin render
2026-10-05T20:52:58.008768Z DEBUG turnstone::selfdrive: finished render; begin accessibility update
2026-10-05T20:52:58.008826Z DEBUG turnstone::selfdrive: finished accessibility update; begin scenario tick
2026-10-05T20:52:58.008851Z DEBUG turnstone::selfdrive: begin app step verb="assert"
2026-10-05T20:52:58.010768Z DEBUG turnstone::selfdrive: finished app step ok=true
2026-10-05T20:52:58.010829Z DEBUG turnstone::selfdrive: finished scenario tick
2026-10-05T20:52:58.011098Z DEBUG turnstone::selfdrive: begin accessibility event delivery redraw=true
2026-10-05T20:52:58.011129Z DEBUG turnstone::selfdrive: finished accessibility event delivery
2026-10-05T20:52:58.011140Z DEBUG turnstone::selfdrive: begin render
2026-10-05T20:52:58.065373Z DEBUG turnstone::selfdrive: finished render; begin accessibility update
2026-10-05T20:52:58.065432Z DEBUG turnstone::selfdrive: finished accessibility update; begin scenario tick
2026-10-05T20:52:58.088158Z DEBUG turnstone::selfdrive: finished scenario tick
2026-10-05T20:52:58.088455Z DEBUG turnstone::selfdrive: begin accessibility event delivery redraw=true
2026-10-05T20:52:58.088482Z DEBUG turnstone::selfdrive: finished accessibility event delivery
2026-10-05T20:52:58.088493Z DEBUG turnstone::selfdrive: begin render
[producer] resize: 252x570 -> 123x570
[producer] start_capture: 123x570 ready in 38ms
2026-10-05T20:52:58.377508Z DEBUG turnstone::selfdrive: finished render; begin accessibility update
2026-10-05T20:52:58.377560Z DEBUG turnstone::selfdrive: finished accessibility update; begin scenario tick
2026-10-05T20:52:58.377592Z DEBUG turnstone::selfdrive: finished scenario tick
2026-10-05T20:52:58.378177Z DEBUG turnstone::selfdrive: begin accessibility event delivery redraw=true
2026-10-05T20:52:58.378204Z DEBUG turnstone::selfdrive: finished accessibility event delivery
2026-10-05T20:52:58.378214Z DEBUG turnstone::selfdrive: begin render
2026-10-05T20:52:58.671810Z DEBUG turnstone::selfdrive: finished render; begin accessibility update
2026-10-05T20:52:58.671863Z DEBUG turnstone::selfdrive: finished accessibility update; begin scenario tick
2026-10-05T20:52:58.671927Z DEBUG turnstone::selfdrive: finished scenario tick
2026-10-05T20:52:58.672285Z DEBUG turnstone::selfdrive: begin accessibility event delivery redraw=true
2026-10-05T20:52:58.672311Z DEBUG turnstone::selfdrive: finished accessibility event delivery
2026-10-05T20:52:58.672321Z DEBUG turnstone::selfdrive: begin render
2026-10-05T20:52:58.757342Z DEBUG turnstone::selfdrive: finished render; begin accessibility update
2026-10-05T20:52:58.757391Z DEBUG turnstone::selfdrive: finished accessibility update; begin scenario tick
2026-10-05T20:52:58.757416Z DEBUG turnstone::selfdrive: finished scenario tick
2026-10-05T20:52:58.757725Z DEBUG turnstone::selfdrive: begin accessibility event delivery redraw=true
2026-10-05T20:52:58.757753Z DEBUG turnstone::selfdrive: finished accessibility event delivery
2026-10-05T20:52:58.757765Z DEBUG turnstone::selfdrive: begin render
2026-10-05T20:52:58.826610Z DEBUG turnstone::selfdrive: finished render; begin accessibility update
2026-10-05T20:52:58.826659Z DEBUG turnstone::selfdrive: finished accessibility update; begin scenario tick
2026-10-05T20:52:58.826684Z DEBUG turnstone::selfdrive: finished scenario tick
2026-10-05T20:52:58.826981Z DEBUG turnstone::selfdrive: begin accessibility event delivery redraw=true
2026-10-05T20:52:58.827007Z DEBUG turnstone::selfdrive: finished accessibility event delivery
2026-10-05T20:52:58.827017Z DEBUG turnstone::selfdrive: begin render
2026-10-05T20:52:58.895585Z DEBUG turnstone::selfdrive: finished render; begin accessibility update
2026-10-05T20:52:58.895634Z DEBUG turnstone::selfdrive: finished accessibility update; begin scenario tick
2026-10-05T20:52:58.895662Z DEBUG turnstone::selfdrive: finished scenario tick
2026-10-05T20:52:58.895923Z DEBUG turnstone::selfdrive: begin accessibility event delivery redraw=true
2026-10-05T20:52:58.895950Z DEBUG turnstone::selfdrive: finished accessibility event delivery
2026-10-05T20:52:58.895958Z DEBUG turnstone::selfdrive: begin render
2026-10-05T20:52:58.961759Z DEBUG turnstone::selfdrive: finished render; begin accessibility update
2026-10-05T20:52:58.961812Z DEBUG turnstone::selfdrive: finished accessibility update; begin scenario tick
2026-10-05T20:52:58.961840Z DEBUG turnstone::selfdrive: finished scenario tick
2026-10-05T20:52:58.962150Z DEBUG turnstone::selfdrive: begin accessibility event delivery redraw=true
2026-10-05T20:52:58.962183Z DEBUG turnstone::selfdrive: finished accessibility event delivery
2026-10-05T20:52:58.962197Z DEBUG turnstone::selfdrive: begin render
2026-10-05T20:52:59.022219Z DEBUG turnstone::selfdrive: finished render; begin accessibility update
2026-10-05T20:52:59.022269Z DEBUG turnstone::selfdrive: finished accessibility update; begin scenario tick
2026-10-05T20:52:59.022299Z DEBUG turnstone::selfdrive: finished scenario tick
2026-10-05T20:52:59.022577Z DEBUG turnstone::selfdrive: begin accessibility event delivery redraw=true
2026-10-05T20:52:59.022608Z DEBUG turnstone::selfdrive: finished accessibility event delivery
2026-10-05T20:52:59.022619Z DEBUG turnstone::selfdrive: begin render
2026-10-05T20:52:59.090540Z DEBUG turnstone::selfdrive: finished render; begin accessibility update
2026-10-05T20:52:59.090598Z DEBUG turnstone::selfdrive: finished accessibility update; begin scenario tick
2026-10-05T20:52:59.090633Z DEBUG turnstone::selfdrive: finished scenario tick
2026-10-05T20:52:59.090884Z DEBUG turnstone::selfdrive: begin accessibility event delivery redraw=true
2026-10-05T20:52:59.090915Z DEBUG turnstone::selfdrive: finished accessibility event delivery
2026-10-05T20:52:59.090930Z DEBUG turnstone::selfdrive: begin render
2026-10-05T20:52:59.151701Z DEBUG turnstone::selfdrive: finished render; begin accessibility update
2026-10-05T20:52:59.151752Z DEBUG turnstone::selfdrive: finished accessibility update; begin scenario tick
2026-10-05T20:52:59.151792Z DEBUG turnstone::selfdrive: finished scenario tick
2026-10-05T20:52:59.152433Z DEBUG turnstone::selfdrive: begin accessibility event delivery redraw=true
2026-10-05T20:52:59.152456Z DEBUG turnstone::selfdrive: finished accessibility event delivery
2026-10-05T20:52:59.152464Z DEBUG turnstone::selfdrive: begin render
2026-10-05T20:52:59.223047Z DEBUG turnstone::selfdrive: finished render; begin accessibility update
2026-10-05T20:52:59.223103Z DEBUG turnstone::selfdrive: finished accessibility update; begin scenario tick
2026-10-05T20:52:59.223132Z DEBUG turnstone::selfdrive: finished scenario tick
2026-10-05T20:52:59.223446Z DEBUG turnstone::selfdrive: begin accessibility event delivery redraw=true
2026-10-05T20:52:59.223486Z DEBUG turnstone::selfdrive: finished accessibility event delivery
2026-10-05T20:52:59.223500Z DEBUG turnstone::selfdrive: begin render
2026-10-05T20:52:59.287646Z DEBUG turnstone::selfdrive: finished render; begin accessibility update
2026-10-05T20:52:59.287698Z DEBUG turnstone::selfdrive: finished accessibility update; begin scenario tick
2026-10-05T20:52:59.287721Z DEBUG turnstone::selfdrive: finished scenario tick
2026-10-05T20:52:59.288003Z DEBUG turnstone::selfdrive: begin accessibility event delivery redraw=true
2026-10-05T20:52:59.288031Z DEBUG turnstone::selfdrive: finished accessibility event delivery
2026-10-05T20:52:59.288042Z DEBUG turnstone::selfdrive: begin render
2026-10-05T20:52:59.379837Z DEBUG turnstone::selfdrive: finished render; begin accessibility update
2026-10-05T20:52:59.379924Z DEBUG turnstone::selfdrive: finished accessibility update; begin scenario tick
2026-10-05T20:52:59.379957Z DEBUG turnstone::selfdrive: begin app step verb="assert"
2026-10-05T20:52:59.385570Z DEBUG turnstone::selfdrive: finished app step ok=true
2026-10-05T20:52:59.385710Z DEBUG turnstone::selfdrive: finished scenario tick
2026-10-05T20:52:59.386076Z DEBUG turnstone::selfdrive: begin accessibility event delivery redraw=true
2026-10-05T20:52:59.386135Z DEBUG turnstone::selfdrive: finished accessibility event delivery
2026-10-05T20:52:59.386152Z DEBUG turnstone::selfdrive: begin render
2026-10-05T20:52:59.453006Z DEBUG turnstone::selfdrive: finished render; begin accessibility update
2026-10-05T20:52:59.453054Z DEBUG turnstone::selfdrive: finished accessibility update; begin scenario tick
2026-10-05T20:52:59.453422Z DEBUG turnstone::selfdrive: finished scenario tick
2026-10-05T20:52:59.453723Z DEBUG turnstone::selfdrive: begin accessibility event delivery redraw=true
2026-10-05T20:52:59.453756Z DEBUG turnstone::selfdrive: finished accessibility event delivery
2026-10-05T20:52:59.453768Z DEBUG turnstone::selfdrive: begin render
2026-10-05T20:52:59.519068Z DEBUG turnstone::selfdrive: finished render; begin accessibility update
2026-10-05T20:52:59.519121Z DEBUG turnstone::selfdrive: finished accessibility update; begin scenario tick
2026-10-05T20:52:59.519164Z DEBUG turnstone::selfdrive: finished scenario tick
2026-10-05T20:52:59.519411Z DEBUG turnstone::selfdrive: begin accessibility event delivery redraw=true
2026-10-05T20:52:59.519433Z DEBUG turnstone::selfdrive: finished accessibility event delivery
2026-10-05T20:52:59.519442Z DEBUG turnstone::selfdrive: begin render
2026-10-05T20:52:59.583258Z  INFO turnstone::shell::render: capture state open=false text= suggestions=0 surfaces=8 chrome=true nodes=14
2026-10-05T20:52:59.959127Z DEBUG turnstone::selfdrive: finished render; begin accessibility update
2026-10-05T20:52:59.959177Z DEBUG turnstone::selfdrive: finished accessibility update; begin scenario tick
2026-10-05T20:52:59.979187Z  INFO turnstone::shell::effects: content session closed node=9c95184b-3442-4271-9d35-75ba06178c3e
2026-10-05T20:53:00.419860Z  INFO turnstone::shell::effects: surface content live node=9c95184b-3442-4271-9d35-75ba06178c3e url=http://127.0.0.1:43123/page-b.html engine=scrying.web
2026-10-05T20:53:00.440239Z DEBUG turnstone::selfdrive: finished scenario tick
2026-10-05T20:53:00.441197Z DEBUG turnstone::selfdrive: begin accessibility event delivery redraw=true
2026-10-05T20:53:00.441239Z DEBUG turnstone::selfdrive: finished accessibility event delivery
2026-10-05T20:53:00.441252Z DEBUG turnstone::selfdrive: begin render
[producer] resize: 1024x600 -> 123x570
[producer] start_capture: 123x570 ready in 34ms
2026-10-05T20:53:00.651543Z DEBUG turnstone::selfdrive: finished render; begin accessibility update
2026-10-05T20:53:00.651594Z DEBUG turnstone::selfdrive: finished accessibility update; begin scenario tick
2026-10-05T20:53:00.651618Z DEBUG turnstone::selfdrive: finished scenario tick
2026-10-05T20:53:00.652389Z DEBUG turnstone::selfdrive: begin accessibility event delivery redraw=true
2026-10-05T20:53:00.652422Z DEBUG turnstone::selfdrive: finished accessibility event delivery
2026-10-05T20:53:00.652432Z DEBUG turnstone::selfdrive: begin render
2026-10-05T20:53:00.717593Z DEBUG turnstone::selfdrive: finished render; begin accessibility update
2026-10-05T20:53:00.717642Z DEBUG turnstone::selfdrive: finished accessibility update; begin scenario tick
2026-10-05T20:53:00.717667Z DEBUG turnstone::selfdrive: finished scenario tick
2026-10-05T20:53:00.718476Z DEBUG turnstone::selfdrive: begin accessibility event delivery redraw=true
2026-10-05T20:53:00.718507Z DEBUG turnstone::selfdrive: finished accessibility event delivery
2026-10-05T20:53:00.718518Z DEBUG turnstone::selfdrive: begin render
2026-10-05T20:53:01.008782Z DEBUG turnstone::selfdrive: finished render; begin accessibility update
2026-10-05T20:53:01.008833Z DEBUG turnstone::selfdrive: finished accessibility update; begin scenario tick
2026-10-05T20:53:01.008862Z DEBUG turnstone::selfdrive: finished scenario tick
2026-10-05T20:53:01.009228Z DEBUG turnstone::selfdrive: begin accessibility event delivery redraw=true
2026-10-05T20:53:01.009256Z DEBUG turnstone::selfdrive: finished accessibility event delivery
2026-10-05T20:53:01.009265Z DEBUG turnstone::selfdrive: begin render
2026-10-05T20:53:01.067394Z DEBUG turnstone::selfdrive: finished render; begin accessibility update
2026-10-05T20:53:01.067437Z DEBUG turnstone::selfdrive: finished accessibility update; begin scenario tick
2026-10-05T20:53:01.067461Z DEBUG turnstone::selfdrive: finished scenario tick
2026-10-05T20:53:01.067735Z DEBUG turnstone::selfdrive: begin accessibility event delivery redraw=true
2026-10-05T20:53:01.067752Z DEBUG turnstone::selfdrive: finished accessibility event delivery
2026-10-05T20:53:01.067761Z DEBUG turnstone::selfdrive: begin render
2026-10-05T20:53:01.123431Z DEBUG turnstone::selfdrive: finished render; begin accessibility update
2026-10-05T20:53:01.123482Z DEBUG turnstone::selfdrive: finished accessibility update; begin scenario tick
2026-10-05T20:53:01.123509Z DEBUG turnstone::selfdrive: finished scenario tick
2026-10-05T20:53:01.123797Z DEBUG turnstone::selfdrive: begin accessibility event delivery redraw=true
2026-10-05T20:53:01.123826Z DEBUG turnstone::selfdrive: finished accessibility event delivery
2026-10-05T20:53:01.123842Z DEBUG turnstone::selfdrive: begin render
2026-10-05T20:53:01.180456Z DEBUG turnstone::selfdrive: finished render; begin accessibility update
2026-10-05T20:53:01.180515Z DEBUG turnstone::selfdrive: finished accessibility update; begin scenario tick
2026-10-05T20:53:01.180540Z DEBUG turnstone::selfdrive: finished scenario tick
2026-10-05T20:53:01.180812Z DEBUG turnstone::selfdrive: begin accessibility event delivery redraw=true
2026-10-05T20:53:01.180832Z DEBUG turnstone::selfdrive: finished accessibility event delivery
2026-10-05T20:53:01.180842Z DEBUG turnstone::selfdrive: begin render
2026-10-05T20:53:01.239704Z DEBUG turnstone::selfdrive: finished render; begin accessibility update
2026-10-05T20:53:01.239763Z DEBUG turnstone::selfdrive: finished accessibility update; begin scenario tick
2026-10-05T20:53:01.239787Z DEBUG turnstone::selfdrive: finished scenario tick
2026-10-05T20:53:01.240068Z DEBUG turnstone::selfdrive: begin accessibility event delivery redraw=true
2026-10-05T20:53:01.240097Z DEBUG turnstone::selfdrive: finished accessibility event delivery
2026-10-05T20:53:01.240107Z DEBUG turnstone::selfdrive: begin render
2026-10-05T20:53:01.299982Z DEBUG turnstone::selfdrive: finished render; begin accessibility update
2026-10-05T20:53:01.300027Z DEBUG turnstone::selfdrive: finished accessibility update; begin scenario tick
2026-10-05T20:53:01.300047Z DEBUG turnstone::selfdrive: finished scenario tick
2026-10-05T20:53:01.300338Z DEBUG turnstone::selfdrive: begin accessibility event delivery redraw=true
2026-10-05T20:53:01.300367Z DEBUG turnstone::selfdrive: finished accessibility event delivery
2026-10-05T20:53:01.300377Z DEBUG turnstone::selfdrive: begin render
2026-10-05T20:53:01.358300Z DEBUG turnstone::selfdrive: finished render; begin accessibility update
2026-10-05T20:53:01.358349Z DEBUG turnstone::selfdrive: finished accessibility update; begin scenario tick
2026-10-05T20:53:01.358372Z DEBUG turnstone::selfdrive: finished scenario tick
2026-10-05T20:53:01.358655Z DEBUG turnstone::selfdrive: begin accessibility event delivery redraw=true
2026-10-05T20:53:01.358683Z DEBUG turnstone::selfdrive: finished accessibility event delivery
2026-10-05T20:53:01.358694Z DEBUG turnstone::selfdrive: begin render
2026-10-05T20:53:01.419199Z DEBUG turnstone::selfdrive: finished render; begin accessibility update
2026-10-05T20:53:01.419247Z DEBUG turnstone::selfdrive: finished accessibility update; begin scenario tick
2026-10-05T20:53:01.419271Z DEBUG turnstone::selfdrive: finished scenario tick
2026-10-05T20:53:01.419528Z DEBUG turnstone::selfdrive: begin accessibility event delivery redraw=true
2026-10-05T20:53:01.419554Z DEBUG turnstone::selfdrive: finished accessibility event delivery
2026-10-05T20:53:01.419564Z DEBUG turnstone::selfdrive: begin render
2026-10-05T20:53:01.486229Z DEBUG turnstone::selfdrive: finished render; begin accessibility update
2026-10-05T20:53:01.486271Z DEBUG turnstone::selfdrive: finished accessibility update; begin scenario tick
2026-10-05T20:53:01.486290Z DEBUG turnstone::selfdrive: finished scenario tick
2026-10-05T20:53:01.486575Z DEBUG turnstone::selfdrive: begin accessibility event delivery redraw=true
2026-10-05T20:53:01.486604Z DEBUG turnstone::selfdrive: finished accessibility event delivery
2026-10-05T20:53:01.486611Z DEBUG turnstone::selfdrive: begin render
2026-10-05T20:53:01.552045Z DEBUG turnstone::selfdrive: finished render; begin accessibility update
2026-10-05T20:53:01.553744Z DEBUG turnstone::selfdrive: finished accessibility update; begin scenario tick
2026-10-05T20:53:01.553800Z DEBUG turnstone::selfdrive: finished scenario tick
2026-10-05T20:53:01.554011Z DEBUG turnstone::selfdrive: begin accessibility event delivery redraw=true
2026-10-05T20:53:01.554026Z DEBUG turnstone::selfdrive: finished accessibility event delivery
2026-10-05T20:53:01.554035Z DEBUG turnstone::selfdrive: begin render
2026-10-05T20:53:01.615666Z DEBUG turnstone::selfdrive: finished render; begin accessibility update
2026-10-05T20:53:01.615723Z DEBUG turnstone::selfdrive: finished accessibility update; begin scenario tick
2026-10-05T20:53:01.615753Z DEBUG turnstone::selfdrive: finished scenario tick
2026-10-05T20:53:01.616058Z DEBUG turnstone::selfdrive: begin accessibility event delivery redraw=true
2026-10-05T20:53:01.616086Z DEBUG turnstone::selfdrive: finished accessibility event delivery
2026-10-05T20:53:01.616097Z DEBUG turnstone::selfdrive: begin render
2026-10-05T20:53:01.681136Z DEBUG turnstone::selfdrive: finished render; begin accessibility update
2026-10-05T20:53:01.681191Z DEBUG turnstone::selfdrive: finished accessibility update; begin scenario tick
2026-10-05T20:53:01.681216Z DEBUG turnstone::selfdrive: finished scenario tick
2026-10-05T20:53:01.681474Z DEBUG turnstone::selfdrive: begin accessibility event delivery redraw=true
2026-10-05T20:53:01.681496Z DEBUG turnstone::selfdrive: finished accessibility event delivery
2026-10-05T20:53:01.681504Z DEBUG turnstone::selfdrive: begin render
2026-10-05T20:53:01.747683Z DEBUG turnstone::selfdrive: finished render; begin accessibility update
2026-10-05T20:53:01.747740Z DEBUG turnstone::selfdrive: finished accessibility update; begin scenario tick
2026-10-05T20:53:01.747771Z DEBUG turnstone::selfdrive: finished scenario tick
2026-10-05T20:53:01.748013Z DEBUG turnstone::selfdrive: begin accessibility event delivery redraw=true
2026-10-05T20:53:01.748046Z DEBUG turnstone::selfdrive: finished accessibility event delivery
2026-10-05T20:53:01.748057Z DEBUG turnstone::selfdrive: begin render
2026-10-05T20:53:01.815832Z DEBUG turnstone::selfdrive: finished render; begin accessibility update
2026-10-05T20:53:01.815887Z DEBUG turnstone::selfdrive: finished accessibility update; begin scenario tick
2026-10-05T20:53:01.815912Z DEBUG turnstone::selfdrive: finished scenario tick
2026-10-05T20:53:01.816226Z DEBUG turnstone::selfdrive: begin accessibility event delivery redraw=true
2026-10-05T20:53:01.816253Z DEBUG turnstone::selfdrive: finished accessibility event delivery
2026-10-05T20:53:01.816264Z DEBUG turnstone::selfdrive: begin render
2026-10-05T20:53:01.883855Z DEBUG turnstone::selfdrive: finished render; begin accessibility update
2026-10-05T20:53:01.883912Z DEBUG turnstone::selfdrive: finished accessibility update; begin scenario tick
2026-10-05T20:53:01.883942Z DEBUG turnstone::selfdrive: finished scenario tick
2026-10-05T20:53:01.884175Z DEBUG turnstone::selfdrive: begin accessibility event delivery redraw=true
2026-10-05T20:53:01.884206Z DEBUG turnstone::selfdrive: finished accessibility event delivery
2026-10-05T20:53:01.884218Z DEBUG turnstone::selfdrive: begin render
2026-10-05T20:53:01.949648Z DEBUG turnstone::selfdrive: finished render; begin accessibility update
2026-10-05T20:53:01.949699Z DEBUG turnstone::selfdrive: finished accessibility update; begin scenario tick
2026-10-05T20:53:01.949728Z DEBUG turnstone::selfdrive: finished scenario tick
2026-10-05T20:53:01.949975Z DEBUG turnstone::selfdrive: begin accessibility event delivery redraw=true
2026-10-05T20:53:01.950000Z DEBUG turnstone::selfdrive: finished accessibility event delivery
2026-10-05T20:53:01.950009Z DEBUG turnstone::selfdrive: begin render
2026-10-05T20:53:02.017547Z DEBUG turnstone::selfdrive: finished render; begin accessibility update
2026-10-05T20:53:02.017605Z DEBUG turnstone::selfdrive: finished accessibility update; begin scenario tick
2026-10-05T20:53:02.017634Z DEBUG turnstone::selfdrive: finished scenario tick
2026-10-05T20:53:02.017930Z DEBUG turnstone::selfdrive: begin accessibility event delivery redraw=true
2026-10-05T20:53:02.017959Z DEBUG turnstone::selfdrive: finished accessibility event delivery
2026-10-05T20:53:02.017970Z DEBUG turnstone::selfdrive: begin render
2026-10-05T20:53:02.083329Z DEBUG turnstone::selfdrive: finished render; begin accessibility update
2026-10-05T20:53:02.083399Z DEBUG turnstone::selfdrive: finished accessibility update; begin scenario tick
2026-10-05T20:53:02.083433Z DEBUG turnstone::selfdrive: finished scenario tick
2026-10-05T20:53:02.083764Z DEBUG turnstone::selfdrive: begin accessibility event delivery redraw=true
2026-10-05T20:53:02.083799Z DEBUG turnstone::selfdrive: finished accessibility event delivery
2026-10-05T20:53:02.083810Z DEBUG turnstone::selfdrive: begin render
2026-10-05T20:53:02.147928Z DEBUG turnstone::selfdrive: finished render; begin accessibility update
2026-10-05T20:53:02.147981Z DEBUG turnstone::selfdrive: finished accessibility update; begin scenario tick
2026-10-05T20:53:02.148015Z DEBUG turnstone::selfdrive: finished scenario tick
2026-10-05T20:53:02.148286Z DEBUG turnstone::selfdrive: begin accessibility event delivery redraw=true
2026-10-05T20:53:02.148311Z DEBUG turnstone::selfdrive: finished accessibility event delivery
2026-10-05T20:53:02.148321Z DEBUG turnstone::selfdrive: begin render
2026-10-05T20:53:02.211166Z DEBUG turnstone::selfdrive: finished render; begin accessibility update
2026-10-05T20:53:02.211236Z DEBUG turnstone::selfdrive: finished accessibility update; begin scenario tick
2026-10-05T20:53:02.211276Z DEBUG turnstone::selfdrive: finished scenario tick
2026-10-05T20:53:02.211571Z DEBUG turnstone::selfdrive: begin accessibility event delivery redraw=true
2026-10-05T20:53:02.211593Z DEBUG turnstone::selfdrive: finished accessibility event delivery
2026-10-05T20:53:02.211603Z DEBUG turnstone::selfdrive: begin render
2026-10-05T20:53:02.275611Z DEBUG turnstone::selfdrive: finished render; begin accessibility update
2026-10-05T20:53:02.275655Z DEBUG turnstone::selfdrive: finished accessibility update; begin scenario tick
2026-10-05T20:53:02.275679Z DEBUG turnstone::selfdrive: finished scenario tick
2026-10-05T20:53:02.275949Z DEBUG turnstone::selfdrive: begin accessibility event delivery redraw=true
2026-10-05T20:53:02.275975Z DEBUG turnstone::selfdrive: finished accessibility event delivery
2026-10-05T20:53:02.275985Z DEBUG turnstone::selfdrive: begin render
2026-10-05T20:53:02.342329Z DEBUG turnstone::selfdrive: finished render; begin accessibility update
2026-10-05T20:53:02.342377Z DEBUG turnstone::selfdrive: finished accessibility update; begin scenario tick
2026-10-05T20:53:02.342398Z DEBUG turnstone::selfdrive: finished scenario tick
2026-10-05T20:53:02.342656Z DEBUG turnstone::selfdrive: begin accessibility event delivery redraw=true
2026-10-05T20:53:02.342681Z DEBUG turnstone::selfdrive: finished accessibility event delivery
2026-10-05T20:53:02.342691Z DEBUG turnstone::selfdrive: begin render
2026-10-05T20:53:02.409019Z DEBUG turnstone::selfdrive: finished render; begin accessibility update
2026-10-05T20:53:02.409072Z DEBUG turnstone::selfdrive: finished accessibility update; begin scenario tick
2026-10-05T20:53:02.409094Z DEBUG turnstone::selfdrive: finished scenario tick
2026-10-05T20:53:02.409429Z DEBUG turnstone::selfdrive: begin accessibility event delivery redraw=true
2026-10-05T20:53:02.409472Z DEBUG turnstone::selfdrive: finished accessibility event delivery
2026-10-05T20:53:02.409500Z DEBUG turnstone::selfdrive: begin render
2026-10-05T20:53:02.483595Z DEBUG turnstone::selfdrive: finished render; begin accessibility update
2026-10-05T20:53:02.483650Z DEBUG turnstone::selfdrive: finished accessibility update; begin scenario tick
2026-10-05T20:53:02.483682Z DEBUG turnstone::selfdrive: finished scenario tick
2026-10-05T20:53:02.484053Z DEBUG turnstone::selfdrive: begin accessibility event delivery redraw=true
2026-10-05T20:53:02.484078Z DEBUG turnstone::selfdrive: finished accessibility event delivery
2026-10-05T20:53:02.484089Z DEBUG turnstone::selfdrive: begin render
2026-10-05T20:53:02.566676Z DEBUG turnstone::selfdrive: finished render; begin accessibility update
2026-10-05T20:53:02.566732Z DEBUG turnstone::selfdrive: finished accessibility update; begin scenario tick
2026-10-05T20:53:02.566758Z DEBUG turnstone::selfdrive: finished scenario tick
2026-10-05T20:53:02.567027Z DEBUG turnstone::selfdrive: begin accessibility event delivery redraw=true
2026-10-05T20:53:02.567056Z DEBUG turnstone::selfdrive: finished accessibility event delivery
2026-10-05T20:53:02.567066Z DEBUG turnstone::selfdrive: begin render
2026-10-05T20:53:02.636894Z DEBUG turnstone::selfdrive: finished render; begin accessibility update
2026-10-05T20:53:02.636948Z DEBUG turnstone::selfdrive: finished accessibility update; begin scenario tick
2026-10-05T20:53:02.636995Z DEBUG turnstone::selfdrive: finished scenario tick
2026-10-05T20:53:02.637224Z DEBUG turnstone::selfdrive: begin accessibility event delivery redraw=true
2026-10-05T20:53:02.637249Z DEBUG turnstone::selfdrive: finished accessibility event delivery
2026-10-05T20:53:02.637258Z DEBUG turnstone::selfdrive: begin render
2026-10-05T20:53:02.698826Z DEBUG turnstone::selfdrive: finished render; begin accessibility update
2026-10-05T20:53:02.698881Z DEBUG turnstone::selfdrive: finished accessibility update; begin scenario tick
2026-10-05T20:53:02.698905Z DEBUG turnstone::selfdrive: finished scenario tick
2026-10-05T20:53:02.699148Z DEBUG turnstone::selfdrive: begin accessibility event delivery redraw=true
2026-10-05T20:53:02.699176Z DEBUG turnstone::selfdrive: finished accessibility event delivery
2026-10-05T20:53:02.699186Z DEBUG turnstone::selfdrive: begin render
2026-10-05T20:53:02.758974Z DEBUG turnstone::selfdrive: finished render; begin accessibility update
2026-10-05T20:53:02.759019Z DEBUG turnstone::selfdrive: finished accessibility update; begin scenario tick
2026-10-05T20:53:02.759041Z DEBUG turnstone::selfdrive: finished scenario tick
2026-10-05T20:53:02.759373Z DEBUG turnstone::selfdrive: begin accessibility event delivery redraw=true
2026-10-05T20:53:02.759400Z DEBUG turnstone::selfdrive: finished accessibility event delivery
2026-10-05T20:53:02.759410Z DEBUG turnstone::selfdrive: begin render
2026-10-05T20:53:02.816661Z DEBUG turnstone::selfdrive: finished render; begin accessibility update
2026-10-05T20:53:02.816716Z DEBUG turnstone::selfdrive: finished accessibility update; begin scenario tick
2026-10-05T20:53:02.816737Z DEBUG turnstone::selfdrive: finished scenario tick
2026-10-05T20:53:02.816992Z DEBUG turnstone::selfdrive: begin accessibility event delivery redraw=true
2026-10-05T20:53:02.817012Z DEBUG turnstone::selfdrive: finished accessibility event delivery
2026-10-05T20:53:02.817021Z DEBUG turnstone::selfdrive: begin render
2026-10-05T20:53:02.875434Z DEBUG turnstone::selfdrive: finished render; begin accessibility update
2026-10-05T20:53:02.875492Z DEBUG turnstone::selfdrive: finished accessibility update; begin scenario tick
2026-10-05T20:53:02.875518Z DEBUG turnstone::selfdrive: finished scenario tick
2026-10-05T20:53:02.875740Z DEBUG turnstone::selfdrive: begin accessibility event delivery redraw=true
2026-10-05T20:53:02.875767Z DEBUG turnstone::selfdrive: finished accessibility event delivery
2026-10-05T20:53:02.875778Z DEBUG turnstone::selfdrive: begin render
2026-10-05T20:53:02.932324Z DEBUG turnstone::selfdrive: finished render; begin accessibility update
2026-10-05T20:53:02.932376Z DEBUG turnstone::selfdrive: finished accessibility update; begin scenario tick
2026-10-05T20:53:02.932399Z DEBUG turnstone::selfdrive: finished scenario tick
2026-10-05T20:53:02.932657Z DEBUG turnstone::selfdrive: begin accessibility event delivery redraw=true
2026-10-05T20:53:02.932679Z DEBUG turnstone::selfdrive: finished accessibility event delivery
2026-10-05T20:53:02.932688Z DEBUG turnstone::selfdrive: begin render
2026-10-05T20:53:02.993697Z DEBUG turnstone::selfdrive: finished render; begin accessibility update
2026-10-05T20:53:02.993745Z DEBUG turnstone::selfdrive: finished accessibility update; begin scenario tick
2026-10-05T20:53:02.993764Z DEBUG turnstone::selfdrive: finished scenario tick
2026-10-05T20:53:02.994059Z DEBUG turnstone::selfdrive: begin accessibility event delivery redraw=true
2026-10-05T20:53:02.994078Z DEBUG turnstone::selfdrive: finished accessibility event delivery
2026-10-05T20:53:02.994088Z DEBUG turnstone::selfdrive: begin render
2026-10-05T20:53:03.050792Z DEBUG turnstone::selfdrive: finished render; begin accessibility update
2026-10-05T20:53:03.050844Z DEBUG turnstone::selfdrive: finished accessibility update; begin scenario tick
2026-10-05T20:53:03.050866Z DEBUG turnstone::selfdrive: finished scenario tick
2026-10-05T20:53:03.051123Z DEBUG turnstone::selfdrive: begin accessibility event delivery redraw=true
2026-10-05T20:53:03.051145Z DEBUG turnstone::selfdrive: finished accessibility event delivery
2026-10-05T20:53:03.051154Z DEBUG turnstone::selfdrive: begin render
2026-10-05T20:53:03.111983Z DEBUG turnstone::selfdrive: finished render; begin accessibility update
2026-10-05T20:53:03.112039Z DEBUG turnstone::selfdrive: finished accessibility update; begin scenario tick
2026-10-05T20:53:03.112061Z DEBUG turnstone::selfdrive: finished scenario tick
2026-10-05T20:53:03.112300Z DEBUG turnstone::selfdrive: begin accessibility event delivery redraw=true
2026-10-05T20:53:03.112322Z DEBUG turnstone::selfdrive: finished accessibility event delivery
2026-10-05T20:53:03.112331Z DEBUG turnstone::selfdrive: begin render
2026-10-05T20:53:03.167110Z DEBUG turnstone::selfdrive: finished render; begin accessibility update
2026-10-05T20:53:03.167156Z DEBUG turnstone::selfdrive: finished accessibility update; begin scenario tick
2026-10-05T20:53:03.167178Z DEBUG turnstone::selfdrive: finished scenario tick
2026-10-05T20:53:03.167448Z DEBUG turnstone::selfdrive: begin accessibility event delivery redraw=true
2026-10-05T20:53:03.167471Z DEBUG turnstone::selfdrive: finished accessibility event delivery
2026-10-05T20:53:03.167482Z DEBUG turnstone::selfdrive: begin render
2026-10-05T20:53:03.227038Z DEBUG turnstone::selfdrive: finished render; begin accessibility update
2026-10-05T20:53:03.227083Z DEBUG turnstone::selfdrive: finished accessibility update; begin scenario tick
2026-10-05T20:53:03.227105Z DEBUG turnstone::selfdrive: finished scenario tick
2026-10-05T20:53:03.227389Z DEBUG turnstone::selfdrive: begin accessibility event delivery redraw=true
2026-10-05T20:53:03.227419Z DEBUG turnstone::selfdrive: finished accessibility event delivery
2026-10-05T20:53:03.227479Z DEBUG turnstone::selfdrive: begin render
2026-10-05T20:53:03.287677Z DEBUG turnstone::selfdrive: finished render; begin accessibility update
2026-10-05T20:53:03.287722Z DEBUG turnstone::selfdrive: finished accessibility update; begin scenario tick
2026-10-05T20:53:03.287741Z DEBUG turnstone::selfdrive: finished scenario tick
2026-10-05T20:53:03.288020Z DEBUG turnstone::selfdrive: begin accessibility event delivery redraw=true
2026-10-05T20:53:03.288042Z DEBUG turnstone::selfdrive: finished accessibility event delivery
2026-10-05T20:53:03.288051Z DEBUG turnstone::selfdrive: begin render
2026-10-05T20:53:03.348802Z DEBUG turnstone::selfdrive: finished render; begin accessibility update
2026-10-05T20:53:03.348877Z DEBUG turnstone::selfdrive: finished accessibility update; begin scenario tick
2026-10-05T20:53:03.348913Z DEBUG turnstone::selfdrive: finished scenario tick
2026-10-05T20:53:03.349250Z DEBUG turnstone::selfdrive: begin accessibility event delivery redraw=true
2026-10-05T20:53:03.349275Z DEBUG turnstone::selfdrive: finished accessibility event delivery
2026-10-05T20:53:03.349285Z DEBUG turnstone::selfdrive: begin render
2026-10-05T20:53:03.412758Z DEBUG turnstone::selfdrive: finished render; begin accessibility update
2026-10-05T20:53:03.412824Z DEBUG turnstone::selfdrive: finished accessibility update; begin scenario tick
2026-10-05T20:53:03.412859Z DEBUG turnstone::selfdrive: finished scenario tick
2026-10-05T20:53:03.413161Z DEBUG turnstone::selfdrive: begin accessibility event delivery redraw=true
2026-10-05T20:53:03.413191Z DEBUG turnstone::selfdrive: finished accessibility event delivery
2026-10-05T20:53:03.413202Z DEBUG turnstone::selfdrive: begin render
2026-10-05T20:53:03.476359Z DEBUG turnstone::selfdrive: finished render; begin accessibility update
2026-10-05T20:53:03.476950Z DEBUG turnstone::selfdrive: finished accessibility update; begin scenario tick
2026-10-05T20:53:03.476997Z DEBUG turnstone::selfdrive: finished scenario tick
2026-10-05T20:53:03.477245Z DEBUG turnstone::selfdrive: begin accessibility event delivery redraw=true
2026-10-05T20:53:03.477264Z DEBUG turnstone::selfdrive: finished accessibility event delivery
2026-10-05T20:53:03.477271Z DEBUG turnstone::selfdrive: begin render
2026-10-05T20:53:03.535172Z DEBUG turnstone::selfdrive: finished render; begin accessibility update
2026-10-05T20:53:03.535222Z DEBUG turnstone::selfdrive: finished accessibility update; begin scenario tick
2026-10-05T20:53:03.535243Z DEBUG turnstone::selfdrive: finished scenario tick
2026-10-05T20:53:03.535510Z DEBUG turnstone::selfdrive: begin accessibility event delivery redraw=true
2026-10-05T20:53:03.535534Z DEBUG turnstone::selfdrive: finished accessibility event delivery
2026-10-05T20:53:03.535544Z DEBUG turnstone::selfdrive: begin render
2026-10-05T20:53:03.591159Z DEBUG turnstone::selfdrive: finished render; begin accessibility update
2026-10-05T20:53:03.591211Z DEBUG turnstone::selfdrive: finished accessibility update; begin scenario tick
2026-10-05T20:53:03.591232Z DEBUG turnstone::selfdrive: finished scenario tick
2026-10-05T20:53:03.591475Z DEBUG turnstone::selfdrive: begin accessibility event delivery redraw=true
2026-10-05T20:53:03.591496Z DEBUG turnstone::selfdrive: finished accessibility event delivery
2026-10-05T20:53:03.591505Z DEBUG turnstone::selfdrive: begin render
2026-10-05T20:53:03.646670Z DEBUG turnstone::selfdrive: finished render; begin accessibility update
2026-10-05T20:53:03.646711Z DEBUG turnstone::selfdrive: finished accessibility update; begin scenario tick
2026-10-05T20:53:03.646732Z DEBUG turnstone::selfdrive: finished scenario tick
2026-10-05T20:53:03.646954Z DEBUG turnstone::selfdrive: begin accessibility event delivery redraw=true
2026-10-05T20:53:03.646979Z DEBUG turnstone::selfdrive: finished accessibility event delivery
2026-10-05T20:53:03.646991Z DEBUG turnstone::selfdrive: begin render
2026-10-05T20:53:03.705919Z DEBUG turnstone::selfdrive: finished render; begin accessibility update
2026-10-05T20:53:03.705965Z DEBUG turnstone::selfdrive: finished accessibility update; begin scenario tick
2026-10-05T20:53:03.705986Z DEBUG turnstone::selfdrive: finished scenario tick
2026-10-05T20:53:03.706239Z DEBUG turnstone::selfdrive: begin accessibility event delivery redraw=true
2026-10-05T20:53:03.706259Z DEBUG turnstone::selfdrive: finished accessibility event delivery
2026-10-05T20:53:03.706267Z DEBUG turnstone::selfdrive: begin render
2026-10-05T20:53:03.763240Z DEBUG turnstone::selfdrive: finished render; begin accessibility update
2026-10-05T20:53:03.763289Z DEBUG turnstone::selfdrive: finished accessibility update; begin scenario tick
2026-10-05T20:53:03.763312Z DEBUG turnstone::selfdrive: finished scenario tick
2026-10-05T20:53:03.763624Z DEBUG turnstone::selfdrive: begin accessibility event delivery redraw=true
2026-10-05T20:53:03.763653Z DEBUG turnstone::selfdrive: finished accessibility event delivery
2026-10-05T20:53:03.763665Z DEBUG turnstone::selfdrive: begin render
2026-10-05T20:53:03.824792Z DEBUG turnstone::selfdrive: finished render; begin accessibility update
2026-10-05T20:53:03.824844Z DEBUG turnstone::selfdrive: finished accessibility update; begin scenario tick
2026-10-05T20:53:03.824870Z DEBUG turnstone::selfdrive: finished scenario tick
2026-10-05T20:53:03.825142Z DEBUG turnstone::selfdrive: begin accessibility event delivery redraw=true
2026-10-05T20:53:03.825177Z DEBUG turnstone::selfdrive: finished accessibility event delivery
2026-10-05T20:53:03.825191Z DEBUG turnstone::selfdrive: begin render
2026-10-05T20:53:03.888535Z DEBUG turnstone::selfdrive: finished render; begin accessibility update
2026-10-05T20:53:03.888582Z DEBUG turnstone::selfdrive: finished accessibility update; begin scenario tick
2026-10-05T20:53:03.888605Z DEBUG turnstone::selfdrive: finished scenario tick
2026-10-05T20:53:03.888839Z DEBUG turnstone::selfdrive: begin accessibility event delivery redraw=true
2026-10-05T20:53:03.888863Z DEBUG turnstone::selfdrive: finished accessibility event delivery
2026-10-05T20:53:03.888872Z DEBUG turnstone::selfdrive: begin render
2026-10-05T20:53:03.946585Z DEBUG turnstone::selfdrive: finished render; begin accessibility update
2026-10-05T20:53:03.946633Z DEBUG turnstone::selfdrive: finished accessibility update; begin scenario tick
2026-10-05T20:53:03.946683Z DEBUG turnstone::selfdrive: finished scenario tick
2026-10-05T20:53:03.946934Z DEBUG turnstone::selfdrive: begin accessibility event delivery redraw=true
2026-10-05T20:53:03.946954Z DEBUG turnstone::selfdrive: finished accessibility event delivery
2026-10-05T20:53:03.946963Z DEBUG turnstone::selfdrive: begin render
2026-10-05T20:53:04.006126Z DEBUG turnstone::selfdrive: finished render; begin accessibility update
2026-10-05T20:53:04.006172Z DEBUG turnstone::selfdrive: finished accessibility update; begin scenario tick
2026-10-05T20:53:04.006195Z DEBUG turnstone::selfdrive: finished scenario tick
2026-10-05T20:53:04.006557Z DEBUG turnstone::selfdrive: begin accessibility event delivery redraw=true
2026-10-05T20:53:04.006590Z DEBUG turnstone::selfdrive: finished accessibility event delivery
2026-10-05T20:53:04.006600Z DEBUG turnstone::selfdrive: begin render
2026-10-05T20:53:04.064726Z DEBUG turnstone::selfdrive: finished render; begin accessibility update
2026-10-05T20:53:04.064779Z DEBUG turnstone::selfdrive: finished accessibility update; begin scenario tick
2026-10-05T20:53:04.064807Z DEBUG turnstone::selfdrive: finished scenario tick
2026-10-05T20:53:04.065079Z DEBUG turnstone::selfdrive: begin accessibility event delivery redraw=true
2026-10-05T20:53:04.065102Z DEBUG turnstone::selfdrive: finished accessibility event delivery
2026-10-05T20:53:04.065110Z DEBUG turnstone::selfdrive: begin render
2026-10-05T20:53:04.123851Z DEBUG turnstone::selfdrive: finished render; begin accessibility update
2026-10-05T20:53:04.123896Z DEBUG turnstone::selfdrive: finished accessibility update; begin scenario tick
2026-10-05T20:53:04.123917Z DEBUG turnstone::selfdrive: finished scenario tick
2026-10-05T20:53:04.124140Z DEBUG turnstone::selfdrive: begin accessibility event delivery redraw=true
2026-10-05T20:53:04.124159Z DEBUG turnstone::selfdrive: finished accessibility event delivery
2026-10-05T20:53:04.124166Z DEBUG turnstone::selfdrive: begin render
2026-10-05T20:53:04.181347Z DEBUG turnstone::selfdrive: finished render; begin accessibility update
2026-10-05T20:53:04.181388Z DEBUG turnstone::selfdrive: finished accessibility update; begin scenario tick
2026-10-05T20:53:04.181410Z DEBUG turnstone::selfdrive: finished scenario tick
2026-10-05T20:53:04.181669Z DEBUG turnstone::selfdrive: begin accessibility event delivery redraw=true
2026-10-05T20:53:04.181697Z DEBUG turnstone::selfdrive: finished accessibility event delivery
2026-10-05T20:53:04.181711Z DEBUG turnstone::selfdrive: begin render
2026-10-05T20:53:04.243306Z DEBUG turnstone::selfdrive: finished render; begin accessibility update
2026-10-05T20:53:04.243357Z DEBUG turnstone::selfdrive: finished accessibility update; begin scenario tick
2026-10-05T20:53:04.243381Z DEBUG turnstone::selfdrive: finished scenario tick
2026-10-05T20:53:04.243803Z DEBUG turnstone::selfdrive: begin accessibility event delivery redraw=true
2026-10-05T20:53:04.243830Z DEBUG turnstone::selfdrive: finished accessibility event delivery
2026-10-05T20:53:04.243841Z DEBUG turnstone::selfdrive: begin render
2026-10-05T20:53:04.306481Z DEBUG turnstone::selfdrive: finished render; begin accessibility update
2026-10-05T20:53:04.306529Z DEBUG turnstone::selfdrive: finished accessibility update; begin scenario tick
2026-10-05T20:53:04.306550Z DEBUG turnstone::selfdrive: finished scenario tick
2026-10-05T20:53:04.306763Z DEBUG turnstone::selfdrive: begin accessibility event delivery redraw=true
2026-10-05T20:53:04.306784Z DEBUG turnstone::selfdrive: finished accessibility event delivery
2026-10-05T20:53:04.306792Z DEBUG turnstone::selfdrive: begin render
2026-10-05T20:53:04.367941Z DEBUG turnstone::selfdrive: finished render; begin accessibility update
2026-10-05T20:53:04.367980Z DEBUG turnstone::selfdrive: finished accessibility update; begin scenario tick
2026-10-05T20:53:04.368002Z DEBUG turnstone::selfdrive: finished scenario tick
2026-10-05T20:53:04.368226Z DEBUG turnstone::selfdrive: begin accessibility event delivery redraw=true
2026-10-05T20:53:04.368242Z DEBUG turnstone::selfdrive: finished accessibility event delivery
2026-10-05T20:53:04.368251Z DEBUG turnstone::selfdrive: begin render
2026-10-05T20:53:04.422490Z DEBUG turnstone::selfdrive: finished render; begin accessibility update
2026-10-05T20:53:04.422537Z DEBUG turnstone::selfdrive: finished accessibility update; begin scenario tick
2026-10-05T20:53:04.422573Z DEBUG turnstone::selfdrive: finished scenario tick
2026-10-05T20:53:04.422776Z DEBUG turnstone::selfdrive: begin accessibility event delivery redraw=true
2026-10-05T20:53:04.422793Z DEBUG turnstone::selfdrive: finished accessibility event delivery
2026-10-05T20:53:04.422801Z DEBUG turnstone::selfdrive: begin render
2026-10-05T20:53:04.481921Z DEBUG turnstone::selfdrive: finished render; begin accessibility update
2026-10-05T20:53:04.481960Z DEBUG turnstone::selfdrive: finished accessibility update; begin scenario tick
2026-10-05T20:53:04.481976Z DEBUG turnstone::selfdrive: finished scenario tick
2026-10-05T20:53:04.482175Z DEBUG turnstone::selfdrive: begin accessibility event delivery redraw=true
2026-10-05T20:53:04.482194Z DEBUG turnstone::selfdrive: finished accessibility event delivery
2026-10-05T20:53:04.482203Z DEBUG turnstone::selfdrive: begin render
2026-10-05T20:53:04.545018Z DEBUG turnstone::selfdrive: finished render; begin accessibility update
2026-10-05T20:53:04.545067Z DEBUG turnstone::selfdrive: finished accessibility update; begin scenario tick
2026-10-05T20:53:04.545092Z DEBUG turnstone::selfdrive: finished scenario tick
2026-10-05T20:53:04.545314Z DEBUG turnstone::selfdrive: begin accessibility event delivery redraw=true
2026-10-05T20:53:04.545338Z DEBUG turnstone::selfdrive: finished accessibility event delivery
2026-10-05T20:53:04.545348Z DEBUG turnstone::selfdrive: begin render
2026-10-05T20:53:04.602275Z DEBUG turnstone::selfdrive: finished render; begin accessibility update
2026-10-05T20:53:04.602313Z DEBUG turnstone::selfdrive: finished accessibility update; begin scenario tick
2026-10-05T20:53:04.602329Z DEBUG turnstone::selfdrive: finished scenario tick
2026-10-05T20:53:04.602565Z DEBUG turnstone::selfdrive: begin accessibility event delivery redraw=true
2026-10-05T20:53:04.602597Z DEBUG turnstone::selfdrive: finished accessibility event delivery
2026-10-05T20:53:04.602610Z DEBUG turnstone::selfdrive: begin render
2026-10-05T20:53:04.664217Z DEBUG turnstone::selfdrive: finished render; begin accessibility update
2026-10-05T20:53:04.664261Z DEBUG turnstone::selfdrive: finished accessibility update; begin scenario tick
2026-10-05T20:53:04.664280Z DEBUG turnstone::selfdrive: finished scenario tick
2026-10-05T20:53:04.664499Z DEBUG turnstone::selfdrive: begin accessibility event delivery redraw=true
2026-10-05T20:53:04.664519Z DEBUG turnstone::selfdrive: finished accessibility event delivery
2026-10-05T20:53:04.664525Z DEBUG turnstone::selfdrive: begin render
2026-10-05T20:53:04.724244Z DEBUG turnstone::selfdrive: finished render; begin accessibility update
2026-10-05T20:53:04.724294Z DEBUG turnstone::selfdrive: finished accessibility update; begin scenario tick
2026-10-05T20:53:04.724319Z DEBUG turnstone::selfdrive: finished scenario tick
2026-10-05T20:53:04.724560Z DEBUG turnstone::selfdrive: begin accessibility event delivery redraw=true
2026-10-05T20:53:04.724582Z DEBUG turnstone::selfdrive: finished accessibility event delivery
2026-10-05T20:53:04.724591Z DEBUG turnstone::selfdrive: begin render
2026-10-05T20:53:04.779879Z DEBUG turnstone::selfdrive: finished render; begin accessibility update
2026-10-05T20:53:04.779929Z DEBUG turnstone::selfdrive: finished accessibility update; begin scenario tick
2026-10-05T20:53:04.779951Z DEBUG turnstone::selfdrive: finished scenario tick
2026-10-05T20:53:04.780189Z DEBUG turnstone::selfdrive: begin accessibility event delivery redraw=true
2026-10-05T20:53:04.780210Z DEBUG turnstone::selfdrive: finished accessibility event delivery
2026-10-05T20:53:04.780219Z DEBUG turnstone::selfdrive: begin render
2026-10-05T20:53:04.843517Z DEBUG turnstone::selfdrive: finished render; begin accessibility update
2026-10-05T20:53:04.843563Z DEBUG turnstone::selfdrive: finished accessibility update; begin scenario tick
2026-10-05T20:53:04.843584Z DEBUG turnstone::selfdrive: finished scenario tick
2026-10-05T20:53:04.843991Z DEBUG turnstone::selfdrive: begin accessibility event delivery redraw=true
2026-10-05T20:53:04.844017Z DEBUG turnstone::selfdrive: finished accessibility event delivery
2026-10-05T20:53:04.844026Z DEBUG turnstone::selfdrive: begin render
2026-10-05T20:53:04.900679Z DEBUG turnstone::selfdrive: finished render; begin accessibility update
2026-10-05T20:53:04.900729Z DEBUG turnstone::selfdrive: finished accessibility update; begin scenario tick
2026-10-05T20:53:04.900757Z DEBUG turnstone::selfdrive: finished scenario tick
2026-10-05T20:53:04.900988Z DEBUG turnstone::selfdrive: begin accessibility event delivery redraw=true
2026-10-05T20:53:04.901008Z DEBUG turnstone::selfdrive: finished accessibility event delivery
2026-10-05T20:53:04.901018Z DEBUG turnstone::selfdrive: begin render
2026-10-05T20:53:04.960177Z DEBUG turnstone::selfdrive: finished render; begin accessibility update
2026-10-05T20:53:04.960225Z DEBUG turnstone::selfdrive: finished accessibility update; begin scenario tick
2026-10-05T20:53:04.960250Z DEBUG turnstone::selfdrive: finished scenario tick
2026-10-05T20:53:04.960520Z DEBUG turnstone::selfdrive: begin accessibility event delivery redraw=true
2026-10-05T20:53:04.960544Z DEBUG turnstone::selfdrive: finished accessibility event delivery
2026-10-05T20:53:04.960553Z DEBUG turnstone::selfdrive: begin render
2026-10-05T20:53:05.020783Z DEBUG turnstone::selfdrive: finished render; begin accessibility update
2026-10-05T20:53:05.020832Z DEBUG turnstone::selfdrive: finished accessibility update; begin scenario tick
2026-10-05T20:53:05.020856Z DEBUG turnstone::selfdrive: finished scenario tick
2026-10-05T20:53:05.021074Z DEBUG turnstone::selfdrive: begin accessibility event delivery redraw=true
2026-10-05T20:53:05.021114Z DEBUG turnstone::selfdrive: finished accessibility event delivery
2026-10-05T20:53:05.021125Z DEBUG turnstone::selfdrive: begin render
2026-10-05T20:53:05.083419Z DEBUG turnstone::selfdrive: finished render; begin accessibility update
2026-10-05T20:53:05.083459Z DEBUG turnstone::selfdrive: finished accessibility update; begin scenario tick
2026-10-05T20:53:05.083480Z DEBUG turnstone::selfdrive: finished scenario tick
2026-10-05T20:53:05.083714Z DEBUG turnstone::selfdrive: begin accessibility event delivery redraw=true
2026-10-05T20:53:05.083752Z DEBUG turnstone::selfdrive: finished accessibility event delivery
2026-10-05T20:53:05.083767Z DEBUG turnstone::selfdrive: begin render
2026-10-05T20:53:05.143115Z DEBUG turnstone::selfdrive: finished render; begin accessibility update
2026-10-05T20:53:05.143159Z DEBUG turnstone::selfdrive: finished accessibility update; begin scenario tick
2026-10-05T20:53:05.143180Z DEBUG turnstone::selfdrive: finished scenario tick
2026-10-05T20:53:05.143456Z DEBUG turnstone::selfdrive: begin accessibility event delivery redraw=true
2026-10-05T20:53:05.143487Z DEBUG turnstone::selfdrive: finished accessibility event delivery
2026-10-05T20:53:05.143499Z DEBUG turnstone::selfdrive: begin render
2026-10-05T20:53:05.213728Z DEBUG turnstone::selfdrive: finished render; begin accessibility update
2026-10-05T20:53:05.213783Z DEBUG turnstone::selfdrive: finished accessibility update; begin scenario tick
2026-10-05T20:53:05.213808Z DEBUG turnstone::selfdrive: finished scenario tick
2026-10-05T20:53:05.214055Z DEBUG turnstone::selfdrive: begin accessibility event delivery redraw=true
2026-10-05T20:53:05.214078Z DEBUG turnstone::selfdrive: finished accessibility event delivery
2026-10-05T20:53:05.214088Z DEBUG turnstone::selfdrive: begin render
2026-10-05T20:53:05.278632Z DEBUG turnstone::selfdrive: finished render; begin accessibility update
2026-10-05T20:53:05.279281Z DEBUG turnstone::selfdrive: finished accessibility update; begin scenario tick
2026-10-05T20:53:05.279397Z DEBUG turnstone::selfdrive: finished scenario tick
2026-10-05T20:53:05.279668Z DEBUG turnstone::selfdrive: begin accessibility event delivery redraw=true
2026-10-05T20:53:05.279690Z DEBUG turnstone::selfdrive: finished accessibility event delivery
2026-10-05T20:53:05.279700Z DEBUG turnstone::selfdrive: begin render
2026-10-05T20:53:05.371203Z DEBUG turnstone::selfdrive: finished render; begin accessibility update
2026-10-05T20:53:05.371251Z DEBUG turnstone::selfdrive: finished accessibility update; begin scenario tick
2026-10-05T20:53:05.371469Z DEBUG turnstone::selfdrive: finished scenario tick
2026-10-05T20:53:05.372930Z DEBUG turnstone::selfdrive: begin accessibility event delivery redraw=true
2026-10-05T20:53:05.372969Z DEBUG turnstone::selfdrive: finished accessibility event delivery
2026-10-05T20:53:05.372980Z DEBUG turnstone::selfdrive: begin render
2026-10-05T20:53:05.441460Z DEBUG turnstone::selfdrive: finished render; begin accessibility update
2026-10-05T20:53:05.441513Z DEBUG turnstone::selfdrive: finished accessibility update; begin scenario tick
2026-10-05T20:53:05.441538Z DEBUG turnstone::selfdrive: finished scenario tick
2026-10-05T20:53:05.441759Z DEBUG turnstone::selfdrive: begin accessibility event delivery redraw=true
2026-10-05T20:53:05.441784Z DEBUG turnstone::selfdrive: finished accessibility event delivery
2026-10-05T20:53:05.441795Z DEBUG turnstone::selfdrive: begin render
2026-10-05T20:53:05.517654Z DEBUG turnstone::selfdrive: finished render; begin accessibility update
2026-10-05T20:53:05.517705Z DEBUG turnstone::selfdrive: finished accessibility update; begin scenario tick
2026-10-05T20:53:05.517729Z DEBUG turnstone::selfdrive: finished scenario tick
2026-10-05T20:53:05.518035Z DEBUG turnstone::selfdrive: begin accessibility event delivery redraw=true
2026-10-05T20:53:05.518072Z DEBUG turnstone::selfdrive: finished accessibility event delivery
2026-10-05T20:53:05.518085Z DEBUG turnstone::selfdrive: begin render
2026-10-05T20:53:05.590536Z DEBUG turnstone::selfdrive: finished render; begin accessibility update
2026-10-05T20:53:05.590587Z DEBUG turnstone::selfdrive: finished accessibility update; begin scenario tick
2026-10-05T20:53:05.590610Z DEBUG turnstone::selfdrive: finished scenario tick
2026-10-05T20:53:05.590898Z DEBUG turnstone::selfdrive: begin accessibility event delivery redraw=true
2026-10-05T20:53:05.590925Z DEBUG turnstone::selfdrive: finished accessibility event delivery
2026-10-05T20:53:05.590937Z DEBUG turnstone::selfdrive: begin render
2026-10-05T20:53:05.656836Z DEBUG turnstone::selfdrive: finished render; begin accessibility update
2026-10-05T20:53:05.656879Z DEBUG turnstone::selfdrive: finished accessibility update; begin scenario tick
2026-10-05T20:53:05.656902Z DEBUG turnstone::selfdrive: finished scenario tick
2026-10-05T20:53:05.657206Z DEBUG turnstone::selfdrive: begin accessibility event delivery redraw=true
2026-10-05T20:53:05.657237Z DEBUG turnstone::selfdrive: finished accessibility event delivery
2026-10-05T20:53:05.657247Z DEBUG turnstone::selfdrive: begin render
2026-10-05T20:53:05.714195Z DEBUG turnstone::selfdrive: finished render; begin accessibility update
2026-10-05T20:53:05.714249Z DEBUG turnstone::selfdrive: finished accessibility update; begin scenario tick
2026-10-05T20:53:05.714273Z DEBUG turnstone::selfdrive: finished scenario tick
2026-10-05T20:53:05.714548Z DEBUG turnstone::selfdrive: begin accessibility event delivery redraw=true
2026-10-05T20:53:05.714569Z DEBUG turnstone::selfdrive: finished accessibility event delivery
2026-10-05T20:53:05.714577Z DEBUG turnstone::selfdrive: begin render
2026-10-05T20:53:05.786354Z DEBUG turnstone::selfdrive: finished render; begin accessibility update
2026-10-05T20:53:05.786405Z DEBUG turnstone::selfdrive: finished accessibility update; begin scenario tick
2026-10-05T20:53:05.786434Z DEBUG turnstone::selfdrive: finished scenario tick
2026-10-05T20:53:05.786880Z DEBUG turnstone::selfdrive: begin accessibility event delivery redraw=true
2026-10-05T20:53:05.786904Z DEBUG turnstone::selfdrive: finished accessibility event delivery
2026-10-05T20:53:05.786916Z DEBUG turnstone::selfdrive: begin render
2026-10-05T20:53:05.860424Z DEBUG turnstone::selfdrive: finished render; begin accessibility update
2026-10-05T20:53:05.860474Z DEBUG turnstone::selfdrive: finished accessibility update; begin scenario tick
2026-10-05T20:53:05.860499Z DEBUG turnstone::selfdrive: finished scenario tick
2026-10-05T20:53:05.860776Z DEBUG turnstone::selfdrive: begin accessibility event delivery redraw=true
2026-10-05T20:53:05.860798Z DEBUG turnstone::selfdrive: finished accessibility event delivery
2026-10-05T20:53:05.860808Z DEBUG turnstone::selfdrive: begin render
2026-10-05T20:53:05.928037Z DEBUG turnstone::selfdrive: finished render; begin accessibility update
2026-10-05T20:53:05.928089Z DEBUG turnstone::selfdrive: finished accessibility update; begin scenario tick
2026-10-05T20:53:05.928117Z DEBUG turnstone::selfdrive: finished scenario tick
2026-10-05T20:53:05.928355Z DEBUG turnstone::selfdrive: begin accessibility event delivery redraw=true
2026-10-05T20:53:05.928380Z DEBUG turnstone::selfdrive: finished accessibility event delivery
2026-10-05T20:53:05.928390Z DEBUG turnstone::selfdrive: begin render
2026-10-05T20:53:05.995032Z DEBUG turnstone::selfdrive: finished render; begin accessibility update
2026-10-05T20:53:05.995075Z DEBUG turnstone::selfdrive: finished accessibility update; begin scenario tick
2026-10-05T20:53:05.995094Z DEBUG turnstone::selfdrive: finished scenario tick
2026-10-05T20:53:05.995356Z DEBUG turnstone::selfdrive: begin accessibility event delivery redraw=true
2026-10-05T20:53:05.995385Z DEBUG turnstone::selfdrive: finished accessibility event delivery
2026-10-05T20:53:05.995396Z DEBUG turnstone::selfdrive: begin render
2026-10-05T20:53:06.061804Z DEBUG turnstone::selfdrive: finished render; begin accessibility update
2026-10-05T20:53:06.061849Z DEBUG turnstone::selfdrive: finished accessibility update; begin scenario tick
2026-10-05T20:53:06.061871Z DEBUG turnstone::selfdrive: finished scenario tick
2026-10-05T20:53:06.062108Z DEBUG turnstone::selfdrive: begin accessibility event delivery redraw=true
2026-10-05T20:53:06.062129Z DEBUG turnstone::selfdrive: finished accessibility event delivery
2026-10-05T20:53:06.062142Z DEBUG turnstone::selfdrive: begin render
2026-10-05T20:53:06.129295Z DEBUG turnstone::selfdrive: finished render; begin accessibility update
2026-10-05T20:53:06.129337Z DEBUG turnstone::selfdrive: finished accessibility update; begin scenario tick
2026-10-05T20:53:06.129359Z DEBUG turnstone::selfdrive: finished scenario tick
2026-10-05T20:53:06.129588Z DEBUG turnstone::selfdrive: begin accessibility event delivery redraw=true
2026-10-05T20:53:06.129612Z DEBUG turnstone::selfdrive: finished accessibility event delivery
2026-10-05T20:53:06.129621Z DEBUG turnstone::selfdrive: begin render
2026-10-05T20:53:06.194364Z DEBUG turnstone::selfdrive: finished render; begin accessibility update
2026-10-05T20:53:06.194422Z DEBUG turnstone::selfdrive: finished accessibility update; begin scenario tick
2026-10-05T20:53:06.194452Z DEBUG turnstone::selfdrive: finished scenario tick
2026-10-05T20:53:06.194726Z DEBUG turnstone::selfdrive: begin accessibility event delivery redraw=true
2026-10-05T20:53:06.194764Z DEBUG turnstone::selfdrive: finished accessibility event delivery
2026-10-05T20:53:06.194780Z DEBUG turnstone::selfdrive: begin render
2026-10-05T20:53:06.258692Z DEBUG turnstone::selfdrive: finished render; begin accessibility update
2026-10-05T20:53:06.258736Z DEBUG turnstone::selfdrive: finished accessibility update; begin scenario tick
2026-10-05T20:53:06.258757Z DEBUG turnstone::selfdrive: finished scenario tick
2026-10-05T20:53:06.258976Z DEBUG turnstone::selfdrive: begin accessibility event delivery redraw=true
2026-10-05T20:53:06.259000Z DEBUG turnstone::selfdrive: finished accessibility event delivery
2026-10-05T20:53:06.259011Z DEBUG turnstone::selfdrive: begin render
2026-10-05T20:53:06.321527Z DEBUG turnstone::selfdrive: finished render; begin accessibility update
2026-10-05T20:53:06.321577Z DEBUG turnstone::selfdrive: finished accessibility update; begin scenario tick
2026-10-05T20:53:06.321600Z DEBUG turnstone::selfdrive: finished scenario tick
2026-10-05T20:53:06.321960Z DEBUG turnstone::selfdrive: begin accessibility event delivery redraw=true
2026-10-05T20:53:06.321982Z DEBUG turnstone::selfdrive: finished accessibility event delivery
2026-10-05T20:53:06.321990Z DEBUG turnstone::selfdrive: begin render
2026-10-05T20:53:06.387678Z DEBUG turnstone::selfdrive: finished render; begin accessibility update
2026-10-05T20:53:06.387746Z DEBUG turnstone::selfdrive: finished accessibility update; begin scenario tick
2026-10-05T20:53:06.387784Z DEBUG turnstone::selfdrive: finished scenario tick
2026-10-05T20:53:06.388133Z DEBUG turnstone::selfdrive: begin accessibility event delivery redraw=true
2026-10-05T20:53:06.388156Z DEBUG turnstone::selfdrive: finished accessibility event delivery
2026-10-05T20:53:06.388165Z DEBUG turnstone::selfdrive: begin render
2026-10-05T20:53:06.449371Z DEBUG turnstone::selfdrive: finished render; begin accessibility update
2026-10-05T20:53:06.449413Z DEBUG turnstone::selfdrive: finished accessibility update; begin scenario tick
2026-10-05T20:53:06.449437Z DEBUG turnstone::selfdrive: finished scenario tick
2026-10-05T20:53:06.449737Z DEBUG turnstone::selfdrive: begin accessibility event delivery redraw=true
2026-10-05T20:53:06.449763Z DEBUG turnstone::selfdrive: finished accessibility event delivery
2026-10-05T20:53:06.449773Z DEBUG turnstone::selfdrive: begin render
2026-10-05T20:53:06.515142Z DEBUG turnstone::selfdrive: finished render; begin accessibility update
2026-10-05T20:53:06.515190Z DEBUG turnstone::selfdrive: finished accessibility update; begin scenario tick
2026-10-05T20:53:06.515217Z DEBUG turnstone::selfdrive: finished scenario tick
2026-10-05T20:53:06.515442Z DEBUG turnstone::selfdrive: begin accessibility event delivery redraw=true
2026-10-05T20:53:06.515466Z DEBUG turnstone::selfdrive: finished accessibility event delivery
2026-10-05T20:53:06.515478Z DEBUG turnstone::selfdrive: begin render
2026-10-05T20:53:06.588851Z DEBUG turnstone::selfdrive: finished render; begin accessibility update
2026-10-05T20:53:06.588901Z DEBUG turnstone::selfdrive: finished accessibility update; begin scenario tick
2026-10-05T20:53:06.588924Z DEBUG turnstone::selfdrive: finished scenario tick
2026-10-05T20:53:06.589145Z DEBUG turnstone::selfdrive: begin accessibility event delivery redraw=true
2026-10-05T20:53:06.589168Z DEBUG turnstone::selfdrive: finished accessibility event delivery
2026-10-05T20:53:06.589177Z DEBUG turnstone::selfdrive: begin render
2026-10-05T20:53:06.663113Z DEBUG turnstone::selfdrive: finished render; begin accessibility update
2026-10-05T20:53:06.663163Z DEBUG turnstone::selfdrive: finished accessibility update; begin scenario tick
2026-10-05T20:53:06.663188Z DEBUG turnstone::selfdrive: finished scenario tick
2026-10-05T20:53:06.663452Z DEBUG turnstone::selfdrive: begin accessibility event delivery redraw=true
2026-10-05T20:53:06.663485Z DEBUG turnstone::selfdrive: finished accessibility event delivery
2026-10-05T20:53:06.663498Z DEBUG turnstone::selfdrive: begin render
2026-10-05T20:53:06.744079Z DEBUG turnstone::selfdrive: finished render; begin accessibility update
2026-10-05T20:53:06.744137Z DEBUG turnstone::selfdrive: finished accessibility update; begin scenario tick
2026-10-05T20:53:06.744169Z DEBUG turnstone::selfdrive: finished scenario tick
2026-10-05T20:53:06.744453Z DEBUG turnstone::selfdrive: begin accessibility event delivery redraw=true
2026-10-05T20:53:06.744482Z DEBUG turnstone::selfdrive: finished accessibility event delivery
2026-10-05T20:53:06.744493Z DEBUG turnstone::selfdrive: begin render
2026-10-05T20:53:06.831081Z DEBUG turnstone::selfdrive: finished render; begin accessibility update
2026-10-05T20:53:06.831133Z DEBUG turnstone::selfdrive: finished accessibility update; begin scenario tick
2026-10-05T20:53:06.831166Z DEBUG turnstone::selfdrive: finished scenario tick
2026-10-05T20:53:06.831748Z DEBUG turnstone::selfdrive: begin accessibility event delivery redraw=true
2026-10-05T20:53:06.831786Z DEBUG turnstone::selfdrive: finished accessibility event delivery
2026-10-05T20:53:06.831796Z DEBUG turnstone::selfdrive: begin render
2026-10-05T20:53:06.912750Z DEBUG turnstone::selfdrive: finished render; begin accessibility update
2026-10-05T20:53:06.912801Z DEBUG turnstone::selfdrive: finished accessibility update; begin scenario tick
2026-10-05T20:53:06.912828Z DEBUG turnstone::selfdrive: finished scenario tick
2026-10-05T20:53:06.913115Z DEBUG turnstone::selfdrive: begin accessibility event delivery redraw=true
2026-10-05T20:53:06.913178Z DEBUG turnstone::selfdrive: finished accessibility event delivery
2026-10-05T20:53:06.913219Z DEBUG turnstone::selfdrive: begin render
2026-10-05T20:53:07.004596Z DEBUG turnstone::selfdrive: finished render; begin accessibility update
2026-10-05T20:53:07.004655Z DEBUG turnstone::selfdrive: finished accessibility update; begin scenario tick
2026-10-05T20:53:07.004686Z DEBUG turnstone::selfdrive: finished scenario tick
2026-10-05T20:53:07.004984Z DEBUG turnstone::selfdrive: begin accessibility event delivery redraw=true
2026-10-05T20:53:07.005015Z DEBUG turnstone::selfdrive: finished accessibility event delivery
2026-10-05T20:53:07.005026Z DEBUG turnstone::selfdrive: begin render
2026-10-05T20:53:07.097314Z DEBUG turnstone::selfdrive: finished render; begin accessibility update
2026-10-05T20:53:07.097373Z DEBUG turnstone::selfdrive: finished accessibility update; begin scenario tick
2026-10-05T20:53:07.097555Z DEBUG turnstone::selfdrive: finished scenario tick
2026-10-05T20:53:07.098273Z DEBUG turnstone::selfdrive: begin accessibility event delivery redraw=true
2026-10-05T20:53:07.098331Z DEBUG turnstone::selfdrive: finished accessibility event delivery
2026-10-05T20:53:07.098361Z DEBUG turnstone::selfdrive: begin render
2026-10-05T20:53:07.175352Z DEBUG turnstone::selfdrive: finished render; begin accessibility update
2026-10-05T20:53:07.175402Z DEBUG turnstone::selfdrive: finished accessibility update; begin scenario tick
2026-10-05T20:53:07.175425Z DEBUG turnstone::selfdrive: finished scenario tick
2026-10-05T20:53:07.175716Z DEBUG turnstone::selfdrive: begin accessibility event delivery redraw=true
2026-10-05T20:53:07.175746Z DEBUG turnstone::selfdrive: finished accessibility event delivery
2026-10-05T20:53:07.175757Z DEBUG turnstone::selfdrive: begin render
2026-10-05T20:53:07.245033Z DEBUG turnstone::selfdrive: finished render; begin accessibility update
2026-10-05T20:53:07.245089Z DEBUG turnstone::selfdrive: finished accessibility update; begin scenario tick
2026-10-05T20:53:07.245157Z DEBUG turnstone::selfdrive: finished scenario tick
2026-10-05T20:53:07.245574Z DEBUG turnstone::selfdrive: begin accessibility event delivery redraw=true
2026-10-05T20:53:07.245599Z DEBUG turnstone::selfdrive: finished accessibility event delivery
2026-10-05T20:53:07.245653Z DEBUG turnstone::selfdrive: begin render
2026-10-05T20:53:07.344500Z DEBUG turnstone::selfdrive: finished render; begin accessibility update
2026-10-05T20:53:07.344634Z DEBUG turnstone::selfdrive: finished accessibility update; begin scenario tick
2026-10-05T20:53:07.344713Z DEBUG turnstone::selfdrive: finished scenario tick
2026-10-05T20:53:07.345245Z DEBUG turnstone::selfdrive: begin accessibility event delivery redraw=true
2026-10-05T20:53:07.345269Z DEBUG turnstone::selfdrive: finished accessibility event delivery
2026-10-05T20:53:07.345280Z DEBUG turnstone::selfdrive: begin render
2026-10-05T20:53:07.421977Z DEBUG turnstone::selfdrive: finished render; begin accessibility update
2026-10-05T20:53:07.422029Z DEBUG turnstone::selfdrive: finished accessibility update; begin scenario tick
2026-10-05T20:53:07.422056Z DEBUG turnstone::selfdrive: finished scenario tick
2026-10-05T20:53:07.422374Z DEBUG turnstone::selfdrive: begin accessibility event delivery redraw=true
2026-10-05T20:53:07.422403Z DEBUG turnstone::selfdrive: finished accessibility event delivery
2026-10-05T20:53:07.422417Z DEBUG turnstone::selfdrive: begin render
2026-10-05T20:53:07.494080Z DEBUG turnstone::selfdrive: finished render; begin accessibility update
2026-10-05T20:53:07.494749Z DEBUG turnstone::selfdrive: finished accessibility update; begin scenario tick
2026-10-05T20:53:07.494801Z DEBUG turnstone::selfdrive: finished scenario tick
2026-10-05T20:53:07.495009Z DEBUG turnstone::selfdrive: begin accessibility event delivery redraw=true
2026-10-05T20:53:07.495030Z DEBUG turnstone::selfdrive: finished accessibility event delivery
2026-10-05T20:53:07.495038Z DEBUG turnstone::selfdrive: begin render
2026-10-05T20:53:07.560220Z DEBUG turnstone::selfdrive: finished render; begin accessibility update
2026-10-05T20:53:07.560284Z DEBUG turnstone::selfdrive: finished accessibility update; begin scenario tick
2026-10-05T20:53:07.560308Z DEBUG turnstone::selfdrive: finished scenario tick
2026-10-05T20:53:07.560604Z DEBUG turnstone::selfdrive: begin accessibility event delivery redraw=true
2026-10-05T20:53:07.560634Z DEBUG turnstone::selfdrive: finished accessibility event delivery
2026-10-05T20:53:07.560645Z DEBUG turnstone::selfdrive: begin render
2026-10-05T20:53:07.631272Z DEBUG turnstone::selfdrive: finished render; begin accessibility update
2026-10-05T20:53:07.631323Z DEBUG turnstone::selfdrive: finished accessibility update; begin scenario tick
2026-10-05T20:53:07.631352Z DEBUG turnstone::selfdrive: finished scenario tick
2026-10-05T20:53:07.631575Z DEBUG turnstone::selfdrive: begin accessibility event delivery redraw=true
2026-10-05T20:53:07.631596Z DEBUG turnstone::selfdrive: finished accessibility event delivery
2026-10-05T20:53:07.631605Z DEBUG turnstone::selfdrive: begin render
2026-10-05T20:53:07.696277Z DEBUG turnstone::selfdrive: finished render; begin accessibility update
2026-10-05T20:53:07.696328Z DEBUG turnstone::selfdrive: finished accessibility update; begin scenario tick
2026-10-05T20:53:07.696351Z DEBUG turnstone::selfdrive: finished scenario tick
2026-10-05T20:53:07.696603Z DEBUG turnstone::selfdrive: begin accessibility event delivery redraw=true
2026-10-05T20:53:07.696629Z DEBUG turnstone::selfdrive: finished accessibility event delivery
2026-10-05T20:53:07.696639Z DEBUG turnstone::selfdrive: begin render
2026-10-05T20:53:07.753715Z DEBUG turnstone::selfdrive: finished render; begin accessibility update
2026-10-05T20:53:07.753772Z DEBUG turnstone::selfdrive: finished accessibility update; begin scenario tick
2026-10-05T20:53:07.753802Z DEBUG turnstone::selfdrive: finished scenario tick
2026-10-05T20:53:07.754056Z DEBUG turnstone::selfdrive: begin accessibility event delivery redraw=true
2026-10-05T20:53:07.754089Z DEBUG turnstone::selfdrive: finished accessibility event delivery
2026-10-05T20:53:07.754103Z DEBUG turnstone::selfdrive: begin render
2026-10-05T20:53:07.815169Z DEBUG turnstone::selfdrive: finished render; begin accessibility update
2026-10-05T20:53:07.815209Z DEBUG turnstone::selfdrive: finished accessibility update; begin scenario tick
2026-10-05T20:53:07.815224Z DEBUG turnstone::selfdrive: finished scenario tick
2026-10-05T20:53:07.815471Z DEBUG turnstone::selfdrive: begin accessibility event delivery redraw=true
2026-10-05T20:53:07.815509Z DEBUG turnstone::selfdrive: finished accessibility event delivery
2026-10-05T20:53:07.815525Z DEBUG turnstone::selfdrive: begin render
2026-10-05T20:53:07.874879Z DEBUG turnstone::selfdrive: finished render; begin accessibility update
2026-10-05T20:53:07.874957Z DEBUG turnstone::selfdrive: finished accessibility update; begin scenario tick
2026-10-05T20:53:07.874986Z DEBUG turnstone::selfdrive: finished scenario tick
2026-10-05T20:53:07.875265Z DEBUG turnstone::selfdrive: begin accessibility event delivery redraw=true
2026-10-05T20:53:07.875301Z DEBUG turnstone::selfdrive: finished accessibility event delivery
2026-10-05T20:53:07.875314Z DEBUG turnstone::selfdrive: begin render
2026-10-05T20:53:07.940008Z DEBUG turnstone::selfdrive: finished render; begin accessibility update
2026-10-05T20:53:07.940061Z DEBUG turnstone::selfdrive: finished accessibility update; begin scenario tick
2026-10-05T20:53:07.940089Z DEBUG turnstone::selfdrive: finished scenario tick
2026-10-05T20:53:07.940369Z DEBUG turnstone::selfdrive: begin accessibility event delivery redraw=true
2026-10-05T20:53:07.940397Z DEBUG turnstone::selfdrive: finished accessibility event delivery
2026-10-05T20:53:07.940407Z DEBUG turnstone::selfdrive: begin render
2026-10-05T20:53:08.006088Z DEBUG turnstone::selfdrive: finished render; begin accessibility update
2026-10-05T20:53:08.006145Z DEBUG turnstone::selfdrive: finished accessibility update; begin scenario tick
2026-10-05T20:53:08.006178Z DEBUG turnstone::selfdrive: finished scenario tick
2026-10-05T20:53:08.006482Z DEBUG turnstone::selfdrive: begin accessibility event delivery redraw=true
2026-10-05T20:53:08.006590Z DEBUG turnstone::selfdrive: finished accessibility event delivery
2026-10-05T20:53:08.006612Z DEBUG turnstone::selfdrive: begin render
2026-10-05T20:53:08.070409Z DEBUG turnstone::selfdrive: finished render; begin accessibility update
2026-10-05T20:53:08.070450Z DEBUG turnstone::selfdrive: finished accessibility update; begin scenario tick
2026-10-05T20:53:08.070470Z DEBUG turnstone::selfdrive: finished scenario tick
2026-10-05T20:53:08.070751Z DEBUG turnstone::selfdrive: begin accessibility event delivery redraw=true
2026-10-05T20:53:08.070786Z DEBUG turnstone::selfdrive: finished accessibility event delivery
2026-10-05T20:53:08.070806Z DEBUG turnstone::selfdrive: begin render
2026-10-05T20:53:08.134998Z DEBUG turnstone::selfdrive: finished render; begin accessibility update
2026-10-05T20:53:08.135050Z DEBUG turnstone::selfdrive: finished accessibility update; begin scenario tick
2026-10-05T20:53:08.135078Z DEBUG turnstone::selfdrive: finished scenario tick
2026-10-05T20:53:08.135376Z DEBUG turnstone::selfdrive: begin accessibility event delivery redraw=true
2026-10-05T20:53:08.135413Z DEBUG turnstone::selfdrive: finished accessibility event delivery
2026-10-05T20:53:08.135425Z DEBUG turnstone::selfdrive: begin render
2026-10-05T20:53:08.199041Z DEBUG turnstone::selfdrive: finished render; begin accessibility update
2026-10-05T20:53:08.199096Z DEBUG turnstone::selfdrive: finished accessibility update; begin scenario tick
2026-10-05T20:53:08.199124Z DEBUG turnstone::selfdrive: finished scenario tick
2026-10-05T20:53:08.199402Z DEBUG turnstone::selfdrive: begin accessibility event delivery redraw=true
2026-10-05T20:53:08.199428Z DEBUG turnstone::selfdrive: finished accessibility event delivery
2026-10-05T20:53:08.199438Z DEBUG turnstone::selfdrive: begin render
2026-10-05T20:53:08.260273Z DEBUG turnstone::selfdrive: finished render; begin accessibility update
2026-10-05T20:53:08.260324Z DEBUG turnstone::selfdrive: finished accessibility update; begin scenario tick
2026-10-05T20:53:08.260346Z DEBUG turnstone::selfdrive: finished scenario tick
2026-10-05T20:53:08.260629Z DEBUG turnstone::selfdrive: begin accessibility event delivery redraw=true
2026-10-05T20:53:08.260651Z DEBUG turnstone::selfdrive: finished accessibility event delivery
2026-10-05T20:53:08.260660Z DEBUG turnstone::selfdrive: begin render
2026-10-05T20:53:08.320117Z DEBUG turnstone::selfdrive: finished render; begin accessibility update
2026-10-05T20:53:08.320171Z DEBUG turnstone::selfdrive: finished accessibility update; begin scenario tick
2026-10-05T20:53:08.320198Z DEBUG turnstone::selfdrive: finished scenario tick
2026-10-05T20:53:08.320417Z DEBUG turnstone::selfdrive: begin accessibility event delivery redraw=true
2026-10-05T20:53:08.320442Z DEBUG turnstone::selfdrive: finished accessibility event delivery
2026-10-05T20:53:08.320453Z DEBUG turnstone::selfdrive: begin render
2026-10-05T20:53:08.388326Z DEBUG turnstone::selfdrive: finished render; begin accessibility update
2026-10-05T20:53:08.388382Z DEBUG turnstone::selfdrive: finished accessibility update; begin scenario tick
2026-10-05T20:53:08.388427Z DEBUG turnstone::selfdrive: finished scenario tick
2026-10-05T20:53:08.388694Z DEBUG turnstone::selfdrive: begin accessibility event delivery redraw=true
2026-10-05T20:53:08.388710Z DEBUG turnstone::selfdrive: finished accessibility event delivery
2026-10-05T20:53:08.388718Z DEBUG turnstone::selfdrive: begin render
2026-10-05T20:53:08.446127Z DEBUG turnstone::selfdrive: finished render; begin accessibility update
2026-10-05T20:53:08.446176Z DEBUG turnstone::selfdrive: finished accessibility update; begin scenario tick
2026-10-05T20:53:08.446199Z DEBUG turnstone::selfdrive: finished scenario tick
2026-10-05T20:53:08.446457Z DEBUG turnstone::selfdrive: begin accessibility event delivery redraw=true
2026-10-05T20:53:08.446480Z DEBUG turnstone::selfdrive: finished accessibility event delivery
2026-10-05T20:53:08.446490Z DEBUG turnstone::selfdrive: begin render
2026-10-05T20:53:08.518497Z DEBUG turnstone::selfdrive: finished render; begin accessibility update
2026-10-05T20:53:08.518547Z DEBUG turnstone::selfdrive: finished accessibility update; begin scenario tick
2026-10-05T20:53:08.518576Z DEBUG turnstone::selfdrive: finished scenario tick
2026-10-05T20:53:08.518897Z DEBUG turnstone::selfdrive: begin accessibility event delivery redraw=true
2026-10-05T20:53:08.518927Z DEBUG turnstone::selfdrive: finished accessibility event delivery
2026-10-05T20:53:08.518939Z DEBUG turnstone::selfdrive: begin render
2026-10-05T20:53:08.587442Z DEBUG turnstone::selfdrive: finished render; begin accessibility update
2026-10-05T20:53:08.587492Z DEBUG turnstone::selfdrive: finished accessibility update; begin scenario tick
2026-10-05T20:53:08.587515Z DEBUG turnstone::selfdrive: finished scenario tick
2026-10-05T20:53:08.587777Z DEBUG turnstone::selfdrive: begin accessibility event delivery redraw=true
2026-10-05T20:53:08.587804Z DEBUG turnstone::selfdrive: finished accessibility event delivery
2026-10-05T20:53:08.587814Z DEBUG turnstone::selfdrive: begin render
2026-10-05T20:53:08.655003Z DEBUG turnstone::selfdrive: finished render; begin accessibility update
2026-10-05T20:53:08.655049Z DEBUG turnstone::selfdrive: finished accessibility update; begin scenario tick
2026-10-05T20:53:08.655150Z DEBUG turnstone::selfdrive: finished scenario tick
2026-10-05T20:53:08.655451Z DEBUG turnstone::selfdrive: begin accessibility event delivery redraw=true
2026-10-05T20:53:08.655476Z DEBUG turnstone::selfdrive: finished accessibility event delivery
2026-10-05T20:53:08.655486Z DEBUG turnstone::selfdrive: begin render
2026-10-05T20:53:08.727360Z DEBUG turnstone::selfdrive: finished render; begin accessibility update
2026-10-05T20:53:08.727406Z DEBUG turnstone::selfdrive: finished accessibility update; begin scenario tick
2026-10-05T20:53:08.727433Z DEBUG turnstone::selfdrive: finished scenario tick
2026-10-05T20:53:08.727685Z DEBUG turnstone::selfdrive: begin accessibility event delivery redraw=true
2026-10-05T20:53:08.727714Z DEBUG turnstone::selfdrive: finished accessibility event delivery
2026-10-05T20:53:08.727789Z DEBUG turnstone::selfdrive: begin render
2026-10-05T20:53:08.796507Z DEBUG turnstone::selfdrive: finished render; begin accessibility update
2026-10-05T20:53:08.796558Z DEBUG turnstone::selfdrive: finished accessibility update; begin scenario tick
2026-10-05T20:53:08.796581Z DEBUG turnstone::selfdrive: finished scenario tick
2026-10-05T20:53:08.796803Z DEBUG turnstone::selfdrive: begin accessibility event delivery redraw=true
2026-10-05T20:53:08.796822Z DEBUG turnstone::selfdrive: finished accessibility event delivery
2026-10-05T20:53:08.796831Z DEBUG turnstone::selfdrive: begin render
2026-10-05T20:53:08.867326Z DEBUG turnstone::selfdrive: finished render; begin accessibility update
2026-10-05T20:53:08.867375Z DEBUG turnstone::selfdrive: finished accessibility update; begin scenario tick
2026-10-05T20:53:08.867402Z DEBUG turnstone::selfdrive: finished scenario tick
2026-10-05T20:53:08.867652Z DEBUG turnstone::selfdrive: begin accessibility event delivery redraw=true
2026-10-05T20:53:08.867672Z DEBUG turnstone::selfdrive: finished accessibility event delivery
2026-10-05T20:53:08.867679Z DEBUG turnstone::selfdrive: begin render
2026-10-05T20:53:08.938203Z DEBUG turnstone::selfdrive: finished render; begin accessibility update
2026-10-05T20:53:08.938253Z DEBUG turnstone::selfdrive: finished accessibility update; begin scenario tick
2026-10-05T20:53:08.938277Z DEBUG turnstone::selfdrive: finished scenario tick
2026-10-05T20:53:08.938541Z DEBUG turnstone::selfdrive: begin accessibility event delivery redraw=true
2026-10-05T20:53:08.938572Z DEBUG turnstone::selfdrive: finished accessibility event delivery
2026-10-05T20:53:08.938584Z DEBUG turnstone::selfdrive: begin render
2026-10-05T20:53:09.004803Z DEBUG turnstone::selfdrive: finished render; begin accessibility update
2026-10-05T20:53:09.004846Z DEBUG turnstone::selfdrive: finished accessibility update; begin scenario tick
2026-10-05T20:53:09.004867Z DEBUG turnstone::selfdrive: finished scenario tick
2026-10-05T20:53:09.005121Z DEBUG turnstone::selfdrive: begin accessibility event delivery redraw=true
2026-10-05T20:53:09.005147Z DEBUG turnstone::selfdrive: finished accessibility event delivery
2026-10-05T20:53:09.005157Z DEBUG turnstone::selfdrive: begin render
2026-10-05T20:53:09.078061Z DEBUG turnstone::selfdrive: finished render; begin accessibility update
2026-10-05T20:53:09.078111Z DEBUG turnstone::selfdrive: finished accessibility update; begin scenario tick
2026-10-05T20:53:09.078186Z DEBUG turnstone::selfdrive: finished scenario tick
2026-10-05T20:53:09.078519Z DEBUG turnstone::selfdrive: begin accessibility event delivery redraw=true
2026-10-05T20:53:09.078543Z DEBUG turnstone::selfdrive: finished accessibility event delivery
2026-10-05T20:53:09.078554Z DEBUG turnstone::selfdrive: begin render
2026-10-05T20:53:09.154380Z DEBUG turnstone::selfdrive: finished render; begin accessibility update
2026-10-05T20:53:09.154431Z DEBUG turnstone::selfdrive: finished accessibility update; begin scenario tick
2026-10-05T20:53:09.154459Z DEBUG turnstone::selfdrive: finished scenario tick
2026-10-05T20:53:09.154762Z DEBUG turnstone::selfdrive: begin accessibility event delivery redraw=true
2026-10-05T20:53:09.154792Z DEBUG turnstone::selfdrive: finished accessibility event delivery
2026-10-05T20:53:09.154802Z DEBUG turnstone::selfdrive: begin render
2026-10-05T20:53:09.230162Z DEBUG turnstone::selfdrive: finished render; begin accessibility update
2026-10-05T20:53:09.230206Z DEBUG turnstone::selfdrive: finished accessibility update; begin scenario tick
2026-10-05T20:53:09.230234Z DEBUG turnstone::selfdrive: finished scenario tick
2026-10-05T20:53:09.230491Z DEBUG turnstone::selfdrive: begin accessibility event delivery redraw=true
2026-10-05T20:53:09.230518Z DEBUG turnstone::selfdrive: finished accessibility event delivery
2026-10-05T20:53:09.230528Z DEBUG turnstone::selfdrive: begin render
2026-10-05T20:53:09.296516Z DEBUG turnstone::selfdrive: finished render; begin accessibility update
2026-10-05T20:53:09.296557Z DEBUG turnstone::selfdrive: finished accessibility update; begin scenario tick
2026-10-05T20:53:09.296580Z DEBUG turnstone::selfdrive: finished scenario tick
2026-10-05T20:53:09.296843Z DEBUG turnstone::selfdrive: begin accessibility event delivery redraw=true
2026-10-05T20:53:09.296871Z DEBUG turnstone::selfdrive: finished accessibility event delivery
2026-10-05T20:53:09.296884Z DEBUG turnstone::selfdrive: begin render
2026-10-05T20:53:09.352209Z DEBUG turnstone::selfdrive: finished render; begin accessibility update
2026-10-05T20:53:09.352257Z DEBUG turnstone::selfdrive: finished accessibility update; begin scenario tick
2026-10-05T20:53:09.352283Z DEBUG turnstone::selfdrive: finished scenario tick
2026-10-05T20:53:09.352480Z DEBUG turnstone::selfdrive: begin accessibility event delivery redraw=true
2026-10-05T20:53:09.352501Z DEBUG turnstone::selfdrive: finished accessibility event delivery
2026-10-05T20:53:09.352510Z DEBUG turnstone::selfdrive: begin render
2026-10-05T20:53:09.409405Z DEBUG turnstone::selfdrive: finished render; begin accessibility update
2026-10-05T20:53:09.409443Z DEBUG turnstone::selfdrive: finished accessibility update; begin scenario tick
2026-10-05T20:53:09.409465Z DEBUG turnstone::selfdrive: finished scenario tick
2026-10-05T20:53:09.409751Z DEBUG turnstone::selfdrive: begin accessibility event delivery redraw=true
2026-10-05T20:53:09.409785Z DEBUG turnstone::selfdrive: finished accessibility event delivery
2026-10-05T20:53:09.409801Z DEBUG turnstone::selfdrive: begin render
2026-10-05T20:53:09.467732Z DEBUG turnstone::selfdrive: finished render; begin accessibility update
2026-10-05T20:53:09.468291Z DEBUG turnstone::selfdrive: finished accessibility update; begin scenario tick
2026-10-05T20:53:09.468334Z DEBUG turnstone::selfdrive: finished scenario tick
2026-10-05T20:53:09.468525Z DEBUG turnstone::selfdrive: begin accessibility event delivery redraw=true
2026-10-05T20:53:09.468546Z DEBUG turnstone::selfdrive: finished accessibility event delivery
2026-10-05T20:53:09.468555Z DEBUG turnstone::selfdrive: begin render
2026-10-05T20:53:09.527990Z DEBUG turnstone::selfdrive: finished render; begin accessibility update
2026-10-05T20:53:09.528056Z DEBUG turnstone::selfdrive: finished accessibility update; begin scenario tick
2026-10-05T20:53:09.528078Z DEBUG turnstone::selfdrive: finished scenario tick
2026-10-05T20:53:09.528362Z DEBUG turnstone::selfdrive: begin accessibility event delivery redraw=true
2026-10-05T20:53:09.528398Z DEBUG turnstone::selfdrive: finished accessibility event delivery
2026-10-05T20:53:09.528412Z DEBUG turnstone::selfdrive: begin render
2026-10-05T20:53:09.593302Z DEBUG turnstone::selfdrive: finished render; begin accessibility update
2026-10-05T20:53:09.593351Z DEBUG turnstone::selfdrive: finished accessibility update; begin scenario tick
2026-10-05T20:53:09.593375Z DEBUG turnstone::selfdrive: finished scenario tick
2026-10-05T20:53:09.594186Z DEBUG turnstone::selfdrive: begin accessibility event delivery redraw=true
2026-10-05T20:53:09.594223Z DEBUG turnstone::selfdrive: finished accessibility event delivery
2026-10-05T20:53:09.594236Z DEBUG turnstone::selfdrive: begin render
2026-10-05T20:53:09.655022Z DEBUG turnstone::selfdrive: finished render; begin accessibility update
2026-10-05T20:53:09.655076Z DEBUG turnstone::selfdrive: finished accessibility update; begin scenario tick
2026-10-05T20:53:09.655103Z DEBUG turnstone::selfdrive: finished scenario tick
2026-10-05T20:53:09.655363Z DEBUG turnstone::selfdrive: begin accessibility event delivery redraw=true
2026-10-05T20:53:09.655384Z DEBUG turnstone::selfdrive: finished accessibility event delivery
2026-10-05T20:53:09.655394Z DEBUG turnstone::selfdrive: begin render
2026-10-05T20:53:09.716841Z DEBUG turnstone::selfdrive: finished render; begin accessibility update
2026-10-05T20:53:09.716895Z DEBUG turnstone::selfdrive: finished accessibility update; begin scenario tick
2026-10-05T20:53:09.716918Z DEBUG turnstone::selfdrive: finished scenario tick
2026-10-05T20:53:09.717172Z DEBUG turnstone::selfdrive: begin accessibility event delivery redraw=true
2026-10-05T20:53:09.717195Z DEBUG turnstone::selfdrive: finished accessibility event delivery
2026-10-05T20:53:09.717206Z DEBUG turnstone::selfdrive: begin render
2026-10-05T20:53:09.776335Z DEBUG turnstone::selfdrive: finished render; begin accessibility update
2026-10-05T20:53:09.776464Z DEBUG turnstone::selfdrive: finished accessibility update; begin scenario tick
2026-10-05T20:53:09.776494Z DEBUG turnstone::selfdrive: finished scenario tick
2026-10-05T20:53:09.776763Z DEBUG turnstone::selfdrive: begin accessibility event delivery redraw=true
2026-10-05T20:53:09.776798Z DEBUG turnstone::selfdrive: finished accessibility event delivery
2026-10-05T20:53:09.776814Z DEBUG turnstone::selfdrive: begin render
2026-10-05T20:53:09.837227Z DEBUG turnstone::selfdrive: finished render; begin accessibility update
2026-10-05T20:53:09.837271Z DEBUG turnstone::selfdrive: finished accessibility update; begin scenario tick
2026-10-05T20:53:09.837296Z DEBUG turnstone::selfdrive: finished scenario tick
2026-10-05T20:53:09.837501Z DEBUG turnstone::selfdrive: begin accessibility event delivery redraw=true
2026-10-05T20:53:09.837520Z DEBUG turnstone::selfdrive: finished accessibility event delivery
2026-10-05T20:53:09.837530Z DEBUG turnstone::selfdrive: begin render
2026-10-05T20:53:09.899844Z DEBUG turnstone::selfdrive: finished render; begin accessibility update
2026-10-05T20:53:09.899891Z DEBUG turnstone::selfdrive: finished accessibility update; begin scenario tick
2026-10-05T20:53:09.899912Z DEBUG turnstone::selfdrive: finished scenario tick
2026-10-05T20:53:09.900147Z DEBUG turnstone::selfdrive: begin accessibility event delivery redraw=true
2026-10-05T20:53:09.900167Z DEBUG turnstone::selfdrive: finished accessibility event delivery
2026-10-05T20:53:09.900175Z DEBUG turnstone::selfdrive: begin render
2026-10-05T20:53:09.965795Z DEBUG turnstone::selfdrive: finished render; begin accessibility update
2026-10-05T20:53:09.965843Z DEBUG turnstone::selfdrive: finished accessibility update; begin scenario tick
2026-10-05T20:53:09.965865Z DEBUG turnstone::selfdrive: finished scenario tick
2026-10-05T20:53:09.966171Z DEBUG turnstone::selfdrive: begin accessibility event delivery redraw=true
2026-10-05T20:53:09.966204Z DEBUG turnstone::selfdrive: finished accessibility event delivery
2026-10-05T20:53:09.966221Z DEBUG turnstone::selfdrive: begin render
2026-10-05T20:53:10.030074Z DEBUG turnstone::selfdrive: finished render; begin accessibility update
2026-10-05T20:53:10.030126Z DEBUG turnstone::selfdrive: finished accessibility update; begin scenario tick
2026-10-05T20:53:10.030149Z DEBUG turnstone::selfdrive: finished scenario tick
2026-10-05T20:53:10.030448Z DEBUG turnstone::selfdrive: begin accessibility event delivery redraw=true
2026-10-05T20:53:10.030473Z DEBUG turnstone::selfdrive: finished accessibility event delivery
2026-10-05T20:53:10.030483Z DEBUG turnstone::selfdrive: begin render
2026-10-05T20:53:10.090566Z DEBUG turnstone::selfdrive: finished render; begin accessibility update
2026-10-05T20:53:10.090617Z DEBUG turnstone::selfdrive: finished accessibility update; begin scenario tick
2026-10-05T20:53:10.090639Z DEBUG turnstone::selfdrive: finished scenario tick
2026-10-05T20:53:10.090923Z DEBUG turnstone::selfdrive: begin accessibility event delivery redraw=true
2026-10-05T20:53:10.090951Z DEBUG turnstone::selfdrive: finished accessibility event delivery
2026-10-05T20:53:10.090962Z DEBUG turnstone::selfdrive: begin render
2026-10-05T20:53:10.151987Z DEBUG turnstone::selfdrive: finished render; begin accessibility update
2026-10-05T20:53:10.152040Z DEBUG turnstone::selfdrive: finished accessibility update; begin scenario tick
2026-10-05T20:53:10.152064Z DEBUG turnstone::selfdrive: finished scenario tick
2026-10-05T20:53:10.152332Z DEBUG turnstone::selfdrive: begin accessibility event delivery redraw=true
2026-10-05T20:53:10.152355Z DEBUG turnstone::selfdrive: finished accessibility event delivery
2026-10-05T20:53:10.152368Z DEBUG turnstone::selfdrive: begin render
2026-10-05T20:53:10.214768Z DEBUG turnstone::selfdrive: finished render; begin accessibility update
2026-10-05T20:53:10.214822Z DEBUG turnstone::selfdrive: finished accessibility update; begin scenario tick
2026-10-05T20:53:10.214847Z DEBUG turnstone::selfdrive: finished scenario tick
2026-10-05T20:53:10.215102Z DEBUG turnstone::selfdrive: begin accessibility event delivery redraw=true
2026-10-05T20:53:10.215126Z DEBUG turnstone::selfdrive: finished accessibility event delivery
2026-10-05T20:53:10.215136Z DEBUG turnstone::selfdrive: begin render
2026-10-05T20:53:10.290697Z DEBUG turnstone::selfdrive: finished render; begin accessibility update
2026-10-05T20:53:10.290766Z DEBUG turnstone::selfdrive: finished accessibility update; begin scenario tick
2026-10-05T20:53:10.290800Z DEBUG turnstone::selfdrive: finished scenario tick
2026-10-05T20:53:10.291043Z DEBUG turnstone::selfdrive: begin accessibility event delivery redraw=true
2026-10-05T20:53:10.291069Z DEBUG turnstone::selfdrive: finished accessibility event delivery
2026-10-05T20:53:10.291080Z DEBUG turnstone::selfdrive: begin render
2026-10-05T20:53:10.360278Z DEBUG turnstone::selfdrive: finished render; begin accessibility update
2026-10-05T20:53:10.360326Z DEBUG turnstone::selfdrive: finished accessibility update; begin scenario tick
2026-10-05T20:53:10.360345Z DEBUG turnstone::selfdrive: finished scenario tick
2026-10-05T20:53:10.360601Z DEBUG turnstone::selfdrive: begin accessibility event delivery redraw=true
2026-10-05T20:53:10.360628Z DEBUG turnstone::selfdrive: finished accessibility event delivery
2026-10-05T20:53:10.360642Z DEBUG turnstone::selfdrive: begin render
2026-10-05T20:53:10.425430Z DEBUG turnstone::selfdrive: finished render; begin accessibility update
2026-10-05T20:53:10.425515Z DEBUG turnstone::selfdrive: finished accessibility update; begin scenario tick
2026-10-05T20:53:10.425688Z DEBUG turnstone::selfdrive: finished scenario tick
2026-10-05T20:53:10.426163Z DEBUG turnstone::selfdrive: begin accessibility event delivery redraw=true
2026-10-05T20:53:10.426187Z DEBUG turnstone::selfdrive: finished accessibility event delivery
2026-10-05T20:53:10.426196Z DEBUG turnstone::selfdrive: begin render
2026-10-05T20:53:10.491970Z DEBUG turnstone::selfdrive: finished render; begin accessibility update
2026-10-05T20:53:10.492019Z DEBUG turnstone::selfdrive: finished accessibility update; begin scenario tick
2026-10-05T20:53:10.492051Z DEBUG turnstone::selfdrive: finished scenario tick
2026-10-05T20:53:10.492355Z DEBUG turnstone::selfdrive: begin accessibility event delivery redraw=true
2026-10-05T20:53:10.492382Z DEBUG turnstone::selfdrive: finished accessibility event delivery
2026-10-05T20:53:10.492392Z DEBUG turnstone::selfdrive: begin render
2026-10-05T20:53:10.559705Z DEBUG turnstone::selfdrive: finished render; begin accessibility update
2026-10-05T20:53:10.559752Z DEBUG turnstone::selfdrive: finished accessibility update; begin scenario tick
2026-10-05T20:53:10.559775Z DEBUG turnstone::selfdrive: finished scenario tick
2026-10-05T20:53:10.560073Z DEBUG turnstone::selfdrive: begin accessibility event delivery redraw=true
2026-10-05T20:53:10.560095Z DEBUG turnstone::selfdrive: finished accessibility event delivery
2026-10-05T20:53:10.560104Z DEBUG turnstone::selfdrive: begin render
2026-10-05T20:53:10.621210Z DEBUG turnstone::selfdrive: finished render; begin accessibility update
2026-10-05T20:53:10.621261Z DEBUG turnstone::selfdrive: finished accessibility update; begin scenario tick
2026-10-05T20:53:10.621296Z DEBUG turnstone::selfdrive: finished scenario tick
2026-10-05T20:53:10.621637Z DEBUG turnstone::selfdrive: begin accessibility event delivery redraw=true
2026-10-05T20:53:10.621667Z DEBUG turnstone::selfdrive: finished accessibility event delivery
2026-10-05T20:53:10.621679Z DEBUG turnstone::selfdrive: begin render
2026-10-05T20:53:10.691988Z DEBUG turnstone::selfdrive: finished render; begin accessibility update
2026-10-05T20:53:10.692031Z DEBUG turnstone::selfdrive: finished accessibility update; begin scenario tick
2026-10-05T20:53:10.692056Z DEBUG turnstone::selfdrive: finished scenario tick
2026-10-05T20:53:10.692280Z DEBUG turnstone::selfdrive: begin accessibility event delivery redraw=true
2026-10-05T20:53:10.692301Z DEBUG turnstone::selfdrive: finished accessibility event delivery
2026-10-05T20:53:10.692310Z DEBUG turnstone::selfdrive: begin render
2026-10-05T20:53:10.763302Z DEBUG turnstone::selfdrive: finished render; begin accessibility update
2026-10-05T20:53:10.763349Z DEBUG turnstone::selfdrive: finished accessibility update; begin scenario tick
2026-10-05T20:53:10.763374Z DEBUG turnstone::selfdrive: finished scenario tick
2026-10-05T20:53:10.763892Z DEBUG turnstone::selfdrive: begin accessibility event delivery redraw=true
2026-10-05T20:53:10.763921Z DEBUG turnstone::selfdrive: finished accessibility event delivery
2026-10-05T20:53:10.763941Z DEBUG turnstone::selfdrive: begin render
2026-10-05T20:53:10.838578Z DEBUG turnstone::selfdrive: finished render; begin accessibility update
2026-10-05T20:53:10.838622Z DEBUG turnstone::selfdrive: finished accessibility update; begin scenario tick
2026-10-05T20:53:10.838647Z DEBUG turnstone::selfdrive: finished scenario tick
2026-10-05T20:53:10.838894Z DEBUG turnstone::selfdrive: begin accessibility event delivery redraw=true
2026-10-05T20:53:10.838917Z DEBUG turnstone::selfdrive: finished accessibility event delivery
2026-10-05T20:53:10.838926Z DEBUG turnstone::selfdrive: begin render
2026-10-05T20:53:10.907008Z DEBUG turnstone::selfdrive: finished render; begin accessibility update
2026-10-05T20:53:10.907055Z DEBUG turnstone::selfdrive: finished accessibility update; begin scenario tick
2026-10-05T20:53:10.907078Z DEBUG turnstone::selfdrive: finished scenario tick
2026-10-05T20:53:10.907319Z DEBUG turnstone::selfdrive: begin accessibility event delivery redraw=true
2026-10-05T20:53:10.907341Z DEBUG turnstone::selfdrive: finished accessibility event delivery
2026-10-05T20:53:10.907351Z DEBUG turnstone::selfdrive: begin render
2026-10-05T20:53:10.978581Z DEBUG turnstone::selfdrive: finished render; begin accessibility update
2026-10-05T20:53:10.978639Z DEBUG turnstone::selfdrive: finished accessibility update; begin scenario tick
2026-10-05T20:53:10.978671Z DEBUG turnstone::selfdrive: finished scenario tick
2026-10-05T20:53:10.978960Z DEBUG turnstone::selfdrive: begin accessibility event delivery redraw=true
2026-10-05T20:53:10.978986Z DEBUG turnstone::selfdrive: finished accessibility event delivery
2026-10-05T20:53:10.978997Z DEBUG turnstone::selfdrive: begin render
2026-10-05T20:53:11.051200Z DEBUG turnstone::selfdrive: finished render; begin accessibility update
2026-10-05T20:53:11.051255Z DEBUG turnstone::selfdrive: finished accessibility update; begin scenario tick
2026-10-05T20:53:11.051284Z DEBUG turnstone::selfdrive: finished scenario tick
2026-10-05T20:53:11.051658Z DEBUG turnstone::selfdrive: begin accessibility event delivery redraw=true
2026-10-05T20:53:11.051688Z DEBUG turnstone::selfdrive: finished accessibility event delivery
2026-10-05T20:53:11.051699Z DEBUG turnstone::selfdrive: begin render
2026-10-05T20:53:11.120455Z DEBUG turnstone::selfdrive: finished render; begin accessibility update
2026-10-05T20:53:11.120510Z DEBUG turnstone::selfdrive: finished accessibility update; begin scenario tick
2026-10-05T20:53:11.120543Z DEBUG turnstone::selfdrive: finished scenario tick
2026-10-05T20:53:11.120815Z DEBUG turnstone::selfdrive: begin accessibility event delivery redraw=true
2026-10-05T20:53:11.120842Z DEBUG turnstone::selfdrive: finished accessibility event delivery
2026-10-05T20:53:11.120852Z DEBUG turnstone::selfdrive: begin render
2026-10-05T20:53:11.195199Z DEBUG turnstone::selfdrive: finished render; begin accessibility update
2026-10-05T20:53:11.195252Z DEBUG turnstone::selfdrive: finished accessibility update; begin scenario tick
2026-10-05T20:53:11.195278Z DEBUG turnstone::selfdrive: finished scenario tick
2026-10-05T20:53:11.195530Z DEBUG turnstone::selfdrive: begin accessibility event delivery redraw=true
2026-10-05T20:53:11.195578Z DEBUG turnstone::selfdrive: finished accessibility event delivery
2026-10-05T20:53:11.195587Z DEBUG turnstone::selfdrive: begin render
2026-10-05T20:53:11.268619Z DEBUG turnstone::selfdrive: finished render; begin accessibility update
2026-10-05T20:53:11.268699Z DEBUG turnstone::selfdrive: finished accessibility update; begin scenario tick
2026-10-05T20:53:11.268737Z DEBUG turnstone::selfdrive: finished scenario tick
2026-10-05T20:53:11.268985Z DEBUG turnstone::selfdrive: begin accessibility event delivery redraw=true
2026-10-05T20:53:11.269004Z DEBUG turnstone::selfdrive: finished accessibility event delivery
2026-10-05T20:53:11.269014Z DEBUG turnstone::selfdrive: begin render
2026-10-05T20:53:11.338339Z DEBUG turnstone::selfdrive: finished render; begin accessibility update
2026-10-05T20:53:11.338385Z DEBUG turnstone::selfdrive: finished accessibility update; begin scenario tick
2026-10-05T20:53:11.338413Z DEBUG turnstone::selfdrive: finished scenario tick
2026-10-05T20:53:11.338629Z DEBUG turnstone::selfdrive: begin accessibility event delivery redraw=true
2026-10-05T20:53:11.338648Z DEBUG turnstone::selfdrive: finished accessibility event delivery
2026-10-05T20:53:11.338658Z DEBUG turnstone::selfdrive: begin render
2026-10-05T20:53:11.408040Z DEBUG turnstone::selfdrive: finished render; begin accessibility update
2026-10-05T20:53:11.408089Z DEBUG turnstone::selfdrive: finished accessibility update; begin scenario tick
2026-10-05T20:53:11.408148Z DEBUG turnstone::selfdrive: finished scenario tick
2026-10-05T20:53:11.408637Z DEBUG turnstone::selfdrive: begin accessibility event delivery redraw=true
2026-10-05T20:53:11.408664Z DEBUG turnstone::selfdrive: finished accessibility event delivery
2026-10-05T20:53:11.408675Z DEBUG turnstone::selfdrive: begin render
2026-10-05T20:53:11.476796Z DEBUG turnstone::selfdrive: finished render; begin accessibility update
2026-10-05T20:53:11.477500Z DEBUG turnstone::selfdrive: finished accessibility update; begin scenario tick
2026-10-05T20:53:11.477567Z DEBUG turnstone::selfdrive: finished scenario tick
2026-10-05T20:53:11.477768Z DEBUG turnstone::selfdrive: begin accessibility event delivery redraw=true
2026-10-05T20:53:11.477787Z DEBUG turnstone::selfdrive: finished accessibility event delivery
2026-10-05T20:53:11.477797Z DEBUG turnstone::selfdrive: begin render
2026-10-05T20:53:11.544803Z  INFO turnstone::shell::render: capture state open=false text= suggestions=0 surfaces=8 chrome=true nodes=14
2026-10-05T20:53:11.959131Z DEBUG turnstone::selfdrive: finished render; begin accessibility update
2026-10-05T20:53:11.959187Z DEBUG turnstone::selfdrive: finished accessibility update; begin scenario tick
2026-10-05T20:53:11.959211Z DEBUG turnstone::selfdrive: begin app step verb="assert"
2026-10-05T20:53:11.960928Z DEBUG turnstone::selfdrive: finished app step ok=true
2026-10-05T20:53:11.960977Z DEBUG turnstone::selfdrive: finished scenario tick
2026-10-05T20:53:11.961214Z DEBUG turnstone::selfdrive: begin accessibility event delivery redraw=true
2026-10-05T20:53:11.961234Z DEBUG turnstone::selfdrive: finished accessibility event delivery
2026-10-05T20:53:11.961243Z DEBUG turnstone::selfdrive: begin render
2026-10-05T20:53:12.032245Z DEBUG turnstone::selfdrive: finished render; begin accessibility update
2026-10-05T20:53:12.032290Z DEBUG turnstone::selfdrive: finished accessibility update; begin scenario tick
2026-10-05T20:53:12.032313Z DEBUG turnstone::selfdrive: begin app step verb="assert"
2026-10-05T20:53:12.033714Z DEBUG turnstone::selfdrive: finished app step ok=true
2026-10-05T20:53:12.033757Z DEBUG turnstone::selfdrive: finished scenario tick
2026-10-05T20:53:12.033988Z DEBUG turnstone::selfdrive: begin accessibility event delivery redraw=true
2026-10-05T20:53:12.034013Z DEBUG turnstone::selfdrive: finished accessibility event delivery
2026-10-05T20:53:12.034023Z DEBUG turnstone::selfdrive: begin render
2026-10-05T20:53:12.104727Z DEBUG turnstone::selfdrive: finished render; begin accessibility update
2026-10-05T20:53:12.104782Z DEBUG turnstone::selfdrive: finished accessibility update; begin scenario tick
2026-10-05T20:53:12.106823Z DEBUG turnstone::selfdrive: finished scenario tick
2026-10-05T20:53:12.107143Z DEBUG turnstone::selfdrive: begin accessibility event delivery redraw=true
2026-10-05T20:53:12.107173Z DEBUG turnstone::selfdrive: finished accessibility event delivery
2026-10-05T20:53:12.107184Z DEBUG turnstone::selfdrive: begin render
2026-10-05T20:53:12.198720Z DEBUG turnstone::selfdrive: finished render; begin accessibility update
2026-10-05T20:53:12.198775Z DEBUG turnstone::selfdrive: finished accessibility update; begin scenario tick
2026-10-05T20:53:12.235594Z DEBUG turnstone::selfdrive: finished scenario tick
2026-10-05T20:53:12.236053Z DEBUG turnstone::selfdrive: begin accessibility event delivery redraw=true
2026-10-05T20:53:12.236083Z DEBUG turnstone::selfdrive: finished accessibility event delivery
2026-10-05T20:53:12.236095Z DEBUG turnstone::selfdrive: begin render
[producer] resize: 123x570 -> 252x570
[producer] start_capture: 252x570 ready in 42ms
[producer] resize: 123x570 -> 252x570
[producer] start_capture: 252x570 ready in 39ms
2026-10-05T20:53:12.381912Z DEBUG turnstone::selfdrive: finished render; begin accessibility update
2026-10-05T20:53:12.381964Z DEBUG turnstone::selfdrive: finished accessibility update; begin scenario tick
2026-10-05T20:53:12.381997Z DEBUG turnstone::selfdrive: finished scenario tick
2026-10-05T20:53:12.382983Z DEBUG turnstone::selfdrive: begin accessibility event delivery redraw=true
2026-10-05T20:53:12.383025Z DEBUG turnstone::selfdrive: finished accessibility event delivery
2026-10-05T20:53:12.383036Z DEBUG turnstone::selfdrive: begin render
2026-10-05T20:53:12.591703Z DEBUG turnstone::selfdrive: finished render; begin accessibility update
2026-10-05T20:53:12.591754Z DEBUG turnstone::selfdrive: finished accessibility update; begin scenario tick
2026-10-05T20:53:12.591778Z DEBUG turnstone::selfdrive: finished scenario tick
2026-10-05T20:53:12.592161Z DEBUG turnstone::selfdrive: begin accessibility event delivery redraw=true
2026-10-05T20:53:12.592188Z DEBUG turnstone::selfdrive: finished accessibility event delivery
2026-10-05T20:53:12.592199Z DEBUG turnstone::selfdrive: begin render
2026-10-05T20:53:12.634603Z DEBUG turnstone::selfdrive: finished render; begin accessibility update
2026-10-05T20:53:12.634655Z DEBUG turnstone::selfdrive: finished accessibility update; begin scenario tick
2026-10-05T20:53:12.634677Z DEBUG turnstone::selfdrive: finished scenario tick
2026-10-05T20:53:12.634931Z DEBUG turnstone::selfdrive: begin accessibility event delivery redraw=true
2026-10-05T20:53:12.634957Z DEBUG turnstone::selfdrive: finished accessibility event delivery
2026-10-05T20:53:12.634968Z DEBUG turnstone::selfdrive: begin render
2026-10-05T20:53:12.677349Z DEBUG turnstone::selfdrive: finished render; begin accessibility update
2026-10-05T20:53:12.677400Z DEBUG turnstone::selfdrive: finished accessibility update; begin scenario tick
2026-10-05T20:53:12.677426Z DEBUG turnstone::selfdrive: finished scenario tick
2026-10-05T20:53:12.677774Z DEBUG turnstone::selfdrive: begin accessibility event delivery redraw=true
2026-10-05T20:53:12.677798Z DEBUG turnstone::selfdrive: finished accessibility event delivery
2026-10-05T20:53:12.677808Z DEBUG turnstone::selfdrive: begin render
2026-10-05T20:53:12.719565Z DEBUG turnstone::selfdrive: finished render; begin accessibility update
2026-10-05T20:53:12.719617Z DEBUG turnstone::selfdrive: finished accessibility update; begin scenario tick
2026-10-05T20:53:12.719643Z DEBUG turnstone::selfdrive: finished scenario tick
2026-10-05T20:53:12.719918Z DEBUG turnstone::selfdrive: begin accessibility event delivery redraw=true
2026-10-05T20:53:12.719938Z DEBUG turnstone::selfdrive: finished accessibility event delivery
2026-10-05T20:53:12.719946Z DEBUG turnstone::selfdrive: begin render
2026-10-05T20:53:12.765114Z DEBUG turnstone::selfdrive: finished render; begin accessibility update
2026-10-05T20:53:12.765170Z DEBUG turnstone::selfdrive: finished accessibility update; begin scenario tick
2026-10-05T20:53:12.765198Z DEBUG turnstone::selfdrive: finished scenario tick
2026-10-05T20:53:12.765425Z DEBUG turnstone::selfdrive: begin accessibility event delivery redraw=true
2026-10-05T20:53:12.765447Z DEBUG turnstone::selfdrive: finished accessibility event delivery
2026-10-05T20:53:12.765456Z DEBUG turnstone::selfdrive: begin render
2026-10-05T20:53:12.808501Z DEBUG turnstone::selfdrive: finished render; begin accessibility update
2026-10-05T20:53:12.808545Z DEBUG turnstone::selfdrive: finished accessibility update; begin scenario tick
2026-10-05T20:53:12.808567Z DEBUG turnstone::selfdrive: finished scenario tick
2026-10-05T20:53:12.808819Z DEBUG turnstone::selfdrive: begin accessibility event delivery redraw=true
2026-10-05T20:53:12.808842Z DEBUG turnstone::selfdrive: finished accessibility event delivery
2026-10-05T20:53:12.808853Z DEBUG turnstone::selfdrive: begin render
2026-10-05T20:53:12.852700Z DEBUG turnstone::selfdrive: finished render; begin accessibility update
2026-10-05T20:53:12.852748Z DEBUG turnstone::selfdrive: finished accessibility update; begin scenario tick
2026-10-05T20:53:12.852774Z DEBUG turnstone::selfdrive: finished scenario tick
2026-10-05T20:53:12.853040Z DEBUG turnstone::selfdrive: begin accessibility event delivery redraw=true
2026-10-05T20:53:12.853071Z DEBUG turnstone::selfdrive: finished accessibility event delivery
2026-10-05T20:53:12.853083Z DEBUG turnstone::selfdrive: begin render
2026-10-05T20:53:12.897475Z DEBUG turnstone::selfdrive: finished render; begin accessibility update
2026-10-05T20:53:12.897526Z DEBUG turnstone::selfdrive: finished accessibility update; begin scenario tick
2026-10-05T20:53:12.897549Z DEBUG turnstone::selfdrive: finished scenario tick
2026-10-05T20:53:12.897870Z DEBUG turnstone::selfdrive: begin accessibility event delivery redraw=true
2026-10-05T20:53:12.897899Z DEBUG turnstone::selfdrive: finished accessibility event delivery
2026-10-05T20:53:12.897909Z DEBUG turnstone::selfdrive: begin render
2026-10-05T20:53:12.945419Z DEBUG turnstone::selfdrive: finished render; begin accessibility update
2026-10-05T20:53:12.945476Z DEBUG turnstone::selfdrive: finished accessibility update; begin scenario tick
2026-10-05T20:53:12.945503Z DEBUG turnstone::selfdrive: finished scenario tick
2026-10-05T20:53:12.945826Z DEBUG turnstone::selfdrive: begin accessibility event delivery redraw=true
2026-10-05T20:53:12.945856Z DEBUG turnstone::selfdrive: finished accessibility event delivery
2026-10-05T20:53:12.945868Z DEBUG turnstone::selfdrive: begin render
2026-10-05T20:53:12.991372Z DEBUG turnstone::selfdrive: finished render; begin accessibility update
2026-10-05T20:53:12.991422Z DEBUG turnstone::selfdrive: finished accessibility update; begin scenario tick
2026-10-05T20:53:12.991446Z DEBUG turnstone::selfdrive: finished scenario tick
2026-10-05T20:53:12.991701Z DEBUG turnstone::selfdrive: begin accessibility event delivery redraw=true
2026-10-05T20:53:12.991728Z DEBUG turnstone::selfdrive: finished accessibility event delivery
2026-10-05T20:53:12.991739Z DEBUG turnstone::selfdrive: begin render
2026-10-05T20:53:13.036245Z DEBUG turnstone::selfdrive: finished render; begin accessibility update
2026-10-05T20:53:13.036289Z DEBUG turnstone::selfdrive: finished accessibility update; begin scenario tick
2026-10-05T20:53:13.057300Z DEBUG turnstone::selfdrive: finished scenario tick
2026-10-05T20:53:13.057611Z DEBUG turnstone::selfdrive: begin accessibility event delivery redraw=true
2026-10-05T20:53:13.057646Z DEBUG turnstone::selfdrive: finished accessibility event delivery
2026-10-05T20:53:13.057693Z DEBUG turnstone::selfdrive: begin render
2026-10-05T20:53:13.100086Z DEBUG turnstone::selfdrive: finished render; begin accessibility update
2026-10-05T20:53:13.100140Z DEBUG turnstone::selfdrive: finished accessibility update; begin scenario tick
2026-10-05T20:53:13.100173Z DEBUG turnstone::selfdrive: finished scenario tick
2026-10-05T20:53:13.100443Z DEBUG turnstone::selfdrive: begin accessibility event delivery redraw=true
2026-10-05T20:53:13.100474Z DEBUG turnstone::selfdrive: finished accessibility event delivery
2026-10-05T20:53:13.100485Z DEBUG turnstone::selfdrive: begin render
2026-10-05T20:53:13.139704Z DEBUG turnstone::selfdrive: finished render; begin accessibility update
2026-10-05T20:53:13.139755Z DEBUG turnstone::selfdrive: finished accessibility update; begin scenario tick
2026-10-05T20:53:13.139781Z DEBUG turnstone::selfdrive: finished scenario tick
2026-10-05T20:53:13.140113Z DEBUG turnstone::selfdrive: begin accessibility event delivery redraw=true
2026-10-05T20:53:13.140147Z DEBUG turnstone::selfdrive: finished accessibility event delivery
2026-10-05T20:53:13.140160Z DEBUG turnstone::selfdrive: begin render
2026-10-05T20:53:13.179558Z DEBUG turnstone::selfdrive: finished render; begin accessibility update
2026-10-05T20:53:13.179611Z DEBUG turnstone::selfdrive: finished accessibility update; begin scenario tick
2026-10-05T20:53:13.179632Z DEBUG turnstone::selfdrive: finished scenario tick
2026-10-05T20:53:13.179899Z DEBUG turnstone::selfdrive: begin accessibility event delivery redraw=true
2026-10-05T20:53:13.179924Z DEBUG turnstone::selfdrive: finished accessibility event delivery
2026-10-05T20:53:13.179933Z DEBUG turnstone::selfdrive: begin render
2026-10-05T20:53:13.218334Z DEBUG turnstone::selfdrive: finished render; begin accessibility update
2026-10-05T20:53:13.218389Z DEBUG turnstone::selfdrive: finished accessibility update; begin scenario tick
2026-10-05T20:53:13.218416Z DEBUG turnstone::selfdrive: finished scenario tick
2026-10-05T20:53:13.218671Z DEBUG turnstone::selfdrive: begin accessibility event delivery redraw=true
2026-10-05T20:53:13.218705Z DEBUG turnstone::selfdrive: finished accessibility event delivery
2026-10-05T20:53:13.218717Z DEBUG turnstone::selfdrive: begin render
2026-10-05T20:53:13.256686Z DEBUG turnstone::selfdrive: finished render; begin accessibility update
2026-10-05T20:53:13.256737Z DEBUG turnstone::selfdrive: finished accessibility update; begin scenario tick
2026-10-05T20:53:13.256760Z DEBUG turnstone::selfdrive: finished scenario tick
2026-10-05T20:53:13.256998Z DEBUG turnstone::selfdrive: begin accessibility event delivery redraw=true
2026-10-05T20:53:13.257018Z DEBUG turnstone::selfdrive: finished accessibility event delivery
2026-10-05T20:53:13.257026Z DEBUG turnstone::selfdrive: begin render
2026-10-05T20:53:13.296168Z DEBUG turnstone::selfdrive: finished render; begin accessibility update
2026-10-05T20:53:13.296223Z DEBUG turnstone::selfdrive: finished accessibility update; begin scenario tick
2026-10-05T20:53:13.296250Z DEBUG turnstone::selfdrive: finished scenario tick
2026-10-05T20:53:13.296502Z DEBUG turnstone::selfdrive: begin accessibility event delivery redraw=true
2026-10-05T20:53:13.296526Z DEBUG turnstone::selfdrive: finished accessibility event delivery
2026-10-05T20:53:13.296536Z DEBUG turnstone::selfdrive: begin render
2026-10-05T20:53:13.336233Z DEBUG turnstone::selfdrive: finished render; begin accessibility update
2026-10-05T20:53:13.336286Z DEBUG turnstone::selfdrive: finished accessibility update; begin scenario tick
2026-10-05T20:53:13.336314Z DEBUG turnstone::selfdrive: finished scenario tick
2026-10-05T20:53:13.336733Z DEBUG turnstone::selfdrive: begin accessibility event delivery redraw=true
2026-10-05T20:53:13.336765Z DEBUG turnstone::selfdrive: finished accessibility event delivery
2026-10-05T20:53:13.336775Z DEBUG turnstone::selfdrive: begin render
2026-10-05T20:53:13.382706Z DEBUG turnstone::selfdrive: finished render; begin accessibility update
2026-10-05T20:53:13.382755Z DEBUG turnstone::selfdrive: finished accessibility update; begin scenario tick
2026-10-05T20:53:13.382775Z DEBUG turnstone::selfdrive: finished scenario tick
2026-10-05T20:53:13.383024Z DEBUG turnstone::selfdrive: begin accessibility event delivery redraw=true
2026-10-05T20:53:13.383046Z DEBUG turnstone::selfdrive: finished accessibility event delivery
2026-10-05T20:53:13.383055Z DEBUG turnstone::selfdrive: begin render
2026-10-05T20:53:13.425587Z DEBUG turnstone::selfdrive: finished render; begin accessibility update
2026-10-05T20:53:13.425639Z DEBUG turnstone::selfdrive: finished accessibility update; begin scenario tick
2026-10-05T20:53:13.425664Z DEBUG turnstone::selfdrive: finished scenario tick
2026-10-05T20:53:13.425890Z DEBUG turnstone::selfdrive: begin accessibility event delivery redraw=true
2026-10-05T20:53:13.425910Z DEBUG turnstone::selfdrive: finished accessibility event delivery
2026-10-05T20:53:13.425920Z DEBUG turnstone::selfdrive: begin render
2026-10-05T20:53:13.466996Z DEBUG turnstone::selfdrive: finished render; begin accessibility update
2026-10-05T20:53:13.467052Z DEBUG turnstone::selfdrive: finished accessibility update; begin scenario tick
2026-10-05T20:53:13.467078Z DEBUG turnstone::selfdrive: finished scenario tick
2026-10-05T20:53:13.467374Z DEBUG turnstone::selfdrive: begin accessibility event delivery redraw=true
2026-10-05T20:53:13.467410Z DEBUG turnstone::selfdrive: finished accessibility event delivery
2026-10-05T20:53:13.467422Z DEBUG turnstone::selfdrive: begin render
2026-10-05T20:53:13.508072Z DEBUG turnstone::selfdrive: finished render; begin accessibility update
2026-10-05T20:53:13.508127Z DEBUG turnstone::selfdrive: finished accessibility update; begin scenario tick
2026-10-05T20:53:13.508176Z DEBUG turnstone::selfdrive: finished scenario tick
2026-10-05T20:53:13.508411Z DEBUG turnstone::selfdrive: begin accessibility event delivery redraw=true
2026-10-05T20:53:13.508437Z DEBUG turnstone::selfdrive: finished accessibility event delivery
2026-10-05T20:53:13.508448Z DEBUG turnstone::selfdrive: begin render
2026-10-05T20:53:13.552076Z DEBUG turnstone::selfdrive: finished render; begin accessibility update
2026-10-05T20:53:13.552190Z DEBUG turnstone::selfdrive: finished accessibility update; begin scenario tick
2026-10-05T20:53:13.552229Z DEBUG turnstone::selfdrive: begin app step verb="assert"
2026-10-05T20:53:13.553994Z DEBUG turnstone::selfdrive: finished app step ok=true
2026-10-05T20:53:13.554051Z DEBUG turnstone::selfdrive: finished scenario tick
2026-10-05T20:53:13.554365Z DEBUG turnstone::selfdrive: begin accessibility event delivery redraw=true
2026-10-05T20:53:13.554402Z DEBUG turnstone::selfdrive: finished accessibility event delivery
2026-10-05T20:53:13.554415Z DEBUG turnstone::selfdrive: begin render
2026-10-05T20:53:13.598999Z DEBUG turnstone::selfdrive: finished render; begin accessibility update
2026-10-05T20:53:13.599048Z DEBUG turnstone::selfdrive: finished accessibility update; begin scenario tick
2026-10-05T20:53:13.599071Z DEBUG turnstone::selfdrive: begin app step verb="assert"
2026-10-05T20:53:13.600879Z DEBUG turnstone::selfdrive: finished app step ok=true
2026-10-05T20:53:13.600936Z DEBUG turnstone::selfdrive: finished scenario tick
2026-10-05T20:53:13.601197Z DEBUG turnstone::selfdrive: begin accessibility event delivery redraw=true
2026-10-05T20:53:13.601228Z DEBUG turnstone::selfdrive: finished accessibility event delivery
2026-10-05T20:53:13.601238Z DEBUG turnstone::selfdrive: begin render
2026-10-05T20:53:13.643709Z DEBUG turnstone::selfdrive: finished render; begin accessibility update
2026-10-05T20:53:13.644558Z DEBUG turnstone::selfdrive: finished accessibility update; begin scenario tick
2026-10-05T20:53:13.644600Z DEBUG turnstone::selfdrive: begin app step verb="assert"
2026-10-05T20:53:13.646000Z DEBUG turnstone::selfdrive: finished app step ok=true
2026-10-05T20:53:13.646044Z DEBUG turnstone::selfdrive: finished scenario tick
2026-10-05T20:53:13.646284Z DEBUG turnstone::selfdrive: begin accessibility event delivery redraw=true
2026-10-05T20:53:13.646308Z DEBUG turnstone::selfdrive: finished accessibility event delivery
2026-10-05T20:53:13.646318Z DEBUG turnstone::selfdrive: begin render
2026-10-05T20:53:13.688478Z DEBUG turnstone::selfdrive: finished render; begin accessibility update
2026-10-05T20:53:13.688535Z DEBUG turnstone::selfdrive: finished accessibility update; begin scenario tick
2026-10-05T20:53:13.688561Z DEBUG turnstone::selfdrive: begin app step verb="assert"
2026-10-05T20:53:13.690391Z DEBUG turnstone::selfdrive: finished app step ok=true
2026-10-05T20:53:13.690441Z DEBUG turnstone::selfdrive: finished scenario tick
2026-10-05T20:53:13.690679Z DEBUG turnstone::selfdrive: begin accessibility event delivery redraw=true
2026-10-05T20:53:13.690700Z DEBUG turnstone::selfdrive: finished accessibility event delivery
2026-10-05T20:53:13.690756Z DEBUG turnstone::selfdrive: begin render
2026-10-05T20:53:13.735598Z DEBUG turnstone::selfdrive: finished render; begin accessibility update
2026-10-05T20:53:13.735651Z DEBUG turnstone::selfdrive: finished accessibility update; begin scenario tick
2026-10-05T20:53:13.735677Z DEBUG turnstone::selfdrive: begin app step verb="assert"
2026-10-05T20:53:13.737179Z DEBUG turnstone::selfdrive: finished app step ok=true
2026-10-05T20:53:13.737222Z DEBUG turnstone::selfdrive: finished scenario tick
2026-10-05T20:53:13.737464Z DEBUG turnstone::selfdrive: begin accessibility event delivery redraw=true
2026-10-05T20:53:13.737495Z DEBUG turnstone::selfdrive: finished accessibility event delivery
2026-10-05T20:53:13.737507Z DEBUG turnstone::selfdrive: begin render
2026-10-05T20:53:13.775677Z DEBUG turnstone::selfdrive: finished render; begin accessibility update
2026-10-05T20:53:13.775720Z DEBUG turnstone::selfdrive: finished accessibility update; begin scenario tick
2026-10-05T20:53:13.777260Z DEBUG turnstone::selfdrive: finished scenario tick
2026-10-05T20:53:13.777531Z DEBUG turnstone::selfdrive: begin accessibility event delivery redraw=true
2026-10-05T20:53:13.777558Z DEBUG turnstone::selfdrive: finished accessibility event delivery
2026-10-05T20:53:13.777567Z DEBUG turnstone::selfdrive: begin render
2026-10-05T20:53:13.812982Z DEBUG turnstone::selfdrive: finished render; begin accessibility update
2026-10-05T20:53:13.813032Z DEBUG turnstone::selfdrive: finished accessibility update; begin scenario tick
2026-10-05T20:53:13.814635Z DEBUG turnstone::selfdrive: finished scenario tick
2026-10-05T20:53:13.814913Z DEBUG turnstone::selfdrive: begin accessibility event delivery redraw=true
2026-10-05T20:53:13.814938Z DEBUG turnstone::selfdrive: finished accessibility event delivery
2026-10-05T20:53:13.814949Z DEBUG turnstone::selfdrive: begin render
2026-10-05T20:53:13.856037Z DEBUG turnstone::selfdrive: finished render; begin accessibility update
2026-10-05T20:53:13.856095Z DEBUG turnstone::selfdrive: finished accessibility update; begin scenario tick
2026-10-05T20:53:13.857809Z DEBUG turnstone::selfdrive: finished scenario tick
2026-10-05T20:53:13.858084Z DEBUG turnstone::selfdrive: begin accessibility event delivery redraw=true
2026-10-05T20:53:13.858108Z DEBUG turnstone::selfdrive: finished accessibility event delivery
2026-10-05T20:53:13.858118Z DEBUG turnstone::selfdrive: begin render
2026-10-05T20:53:13.897009Z DEBUG turnstone::selfdrive: finished render; begin accessibility update
2026-10-05T20:53:13.897087Z DEBUG turnstone::selfdrive: finished accessibility update; begin scenario tick
2026-10-05T20:53:13.897666Z DEBUG turnstone::selfdrive: finished scenario tick
2026-10-05T20:53:13.898013Z DEBUG turnstone::selfdrive: begin accessibility event delivery redraw=true
2026-10-05T20:53:13.898046Z DEBUG turnstone::selfdrive: finished accessibility event delivery
2026-10-05T20:53:13.898061Z DEBUG turnstone::selfdrive: begin render
[producer] resize: 252x570 -> 509x570
[producer] start_capture: 509x570 ready in 34ms
[producer] resize: 252x570 -> 509x570
[producer] start_capture: 509x570 ready in 35ms
2026-10-05T20:53:14.011620Z DEBUG turnstone::selfdrive: finished render; begin accessibility update
2026-10-05T20:53:14.011666Z DEBUG turnstone::selfdrive: finished accessibility update; begin scenario tick
2026-10-05T20:53:14.011689Z DEBUG turnstone::selfdrive: finished scenario tick
2026-10-05T20:53:14.012379Z DEBUG turnstone::selfdrive: begin accessibility event delivery redraw=true
2026-10-05T20:53:14.012409Z DEBUG turnstone::selfdrive: finished accessibility event delivery
2026-10-05T20:53:14.012422Z DEBUG turnstone::selfdrive: begin render
2026-10-05T20:53:14.138436Z DEBUG turnstone::selfdrive: finished render; begin accessibility update
2026-10-05T20:53:14.138484Z DEBUG turnstone::selfdrive: finished accessibility update; begin scenario tick
2026-10-05T20:53:14.138509Z DEBUG turnstone::selfdrive: finished scenario tick
2026-10-05T20:53:14.138862Z DEBUG turnstone::selfdrive: begin accessibility event delivery redraw=true
2026-10-05T20:53:14.138892Z DEBUG turnstone::selfdrive: finished accessibility event delivery
2026-10-05T20:53:14.138901Z DEBUG turnstone::selfdrive: begin render
2026-10-05T20:53:14.171275Z DEBUG turnstone::selfdrive: finished render; begin accessibility update
2026-10-05T20:53:14.171329Z DEBUG turnstone::selfdrive: finished accessibility update; begin scenario tick
2026-10-05T20:53:14.171355Z DEBUG turnstone::selfdrive: finished scenario tick
2026-10-05T20:53:14.171673Z DEBUG turnstone::selfdrive: begin accessibility event delivery redraw=true
2026-10-05T20:53:14.171704Z DEBUG turnstone::selfdrive: finished accessibility event delivery
2026-10-05T20:53:14.171717Z DEBUG turnstone::selfdrive: begin render
2026-10-05T20:53:14.201354Z DEBUG turnstone::selfdrive: finished render; begin accessibility update
2026-10-05T20:53:14.201411Z DEBUG turnstone::selfdrive: finished accessibility update; begin scenario tick
2026-10-05T20:53:14.201438Z DEBUG turnstone::selfdrive: finished scenario tick
2026-10-05T20:53:14.201688Z DEBUG turnstone::selfdrive: begin accessibility event delivery redraw=true
2026-10-05T20:53:14.201712Z DEBUG turnstone::selfdrive: finished accessibility event delivery
2026-10-05T20:53:14.201722Z DEBUG turnstone::selfdrive: begin render
2026-10-05T20:53:14.232016Z DEBUG turnstone::selfdrive: finished render; begin accessibility update
2026-10-05T20:53:14.232060Z DEBUG turnstone::selfdrive: finished accessibility update; begin scenario tick
2026-10-05T20:53:14.232079Z DEBUG turnstone::selfdrive: finished scenario tick
2026-10-05T20:53:14.232324Z DEBUG turnstone::selfdrive: begin accessibility event delivery redraw=true
2026-10-05T20:53:14.232348Z DEBUG turnstone::selfdrive: finished accessibility event delivery
2026-10-05T20:53:14.232357Z DEBUG turnstone::selfdrive: begin render
2026-10-05T20:53:14.265324Z DEBUG turnstone::selfdrive: finished render; begin accessibility update
2026-10-05T20:53:14.265369Z DEBUG turnstone::selfdrive: finished accessibility update; begin scenario tick
2026-10-05T20:53:14.265390Z DEBUG turnstone::selfdrive: finished scenario tick
2026-10-05T20:53:14.265644Z DEBUG turnstone::selfdrive: begin accessibility event delivery redraw=true
2026-10-05T20:53:14.265665Z DEBUG turnstone::selfdrive: finished accessibility event delivery
2026-10-05T20:53:14.265674Z DEBUG turnstone::selfdrive: begin render
2026-10-05T20:53:14.296842Z DEBUG turnstone::selfdrive: finished render; begin accessibility update
2026-10-05T20:53:14.296889Z DEBUG turnstone::selfdrive: finished accessibility update; begin scenario tick
2026-10-05T20:53:14.296908Z DEBUG turnstone::selfdrive: finished scenario tick
2026-10-05T20:53:14.297142Z DEBUG turnstone::selfdrive: begin accessibility event delivery redraw=true
2026-10-05T20:53:14.297164Z DEBUG turnstone::selfdrive: finished accessibility event delivery
2026-10-05T20:53:14.297189Z DEBUG turnstone::selfdrive: begin render
2026-10-05T20:53:14.326890Z DEBUG turnstone::selfdrive: finished render; begin accessibility update
2026-10-05T20:53:14.326937Z DEBUG turnstone::selfdrive: finished accessibility update; begin scenario tick
2026-10-05T20:53:14.326956Z DEBUG turnstone::selfdrive: finished scenario tick
2026-10-05T20:53:14.327202Z DEBUG turnstone::selfdrive: begin accessibility event delivery redraw=true
2026-10-05T20:53:14.327222Z DEBUG turnstone::selfdrive: finished accessibility event delivery
2026-10-05T20:53:14.327231Z DEBUG turnstone::selfdrive: begin render
2026-10-05T20:53:14.358899Z DEBUG turnstone::selfdrive: finished render; begin accessibility update
2026-10-05T20:53:14.358963Z DEBUG turnstone::selfdrive: finished accessibility update; begin scenario tick
2026-10-05T20:53:14.358998Z DEBUG turnstone::selfdrive: finished scenario tick
2026-10-05T20:53:14.359320Z DEBUG turnstone::selfdrive: begin accessibility event delivery redraw=true
2026-10-05T20:53:14.359349Z DEBUG turnstone::selfdrive: finished accessibility event delivery
2026-10-05T20:53:14.359361Z DEBUG turnstone::selfdrive: begin render
2026-10-05T20:53:14.386683Z DEBUG turnstone::selfdrive: finished render; begin accessibility update
2026-10-05T20:53:14.386733Z DEBUG turnstone::selfdrive: finished accessibility update; begin scenario tick
2026-10-05T20:53:14.386756Z DEBUG turnstone::selfdrive: finished scenario tick
2026-10-05T20:53:14.386982Z DEBUG turnstone::selfdrive: begin accessibility event delivery redraw=true
2026-10-05T20:53:14.387002Z DEBUG turnstone::selfdrive: finished accessibility event delivery
2026-10-05T20:53:14.387011Z DEBUG turnstone::selfdrive: begin render
2026-10-05T20:53:14.415942Z DEBUG turnstone::selfdrive: finished render; begin accessibility update
2026-10-05T20:53:14.415986Z DEBUG turnstone::selfdrive: finished accessibility update; begin scenario tick
2026-10-05T20:53:14.416005Z DEBUG turnstone::selfdrive: finished scenario tick
2026-10-05T20:53:14.416240Z DEBUG turnstone::selfdrive: begin accessibility event delivery redraw=true
2026-10-05T20:53:14.416259Z DEBUG turnstone::selfdrive: finished accessibility event delivery
2026-10-05T20:53:14.416268Z DEBUG turnstone::selfdrive: begin render
2026-10-05T20:53:14.445977Z DEBUG turnstone::selfdrive: finished render; begin accessibility update
2026-10-05T20:53:14.446024Z DEBUG turnstone::selfdrive: finished accessibility update; begin scenario tick
2026-10-05T20:53:14.446045Z DEBUG turnstone::selfdrive: finished scenario tick
2026-10-05T20:53:14.446289Z DEBUG turnstone::selfdrive: begin accessibility event delivery redraw=true
2026-10-05T20:53:14.446312Z DEBUG turnstone::selfdrive: finished accessibility event delivery
2026-10-05T20:53:14.446322Z DEBUG turnstone::selfdrive: begin render
2026-10-05T20:53:14.477614Z DEBUG turnstone::selfdrive: finished render; begin accessibility update
2026-10-05T20:53:14.477663Z DEBUG turnstone::selfdrive: finished accessibility update; begin scenario tick
2026-10-05T20:53:14.477687Z DEBUG turnstone::selfdrive: finished scenario tick
2026-10-05T20:53:14.477909Z DEBUG turnstone::selfdrive: begin accessibility event delivery redraw=true
2026-10-05T20:53:14.477941Z DEBUG turnstone::selfdrive: finished accessibility event delivery
2026-10-05T20:53:14.477952Z DEBUG turnstone::selfdrive: begin render
2026-10-05T20:53:14.507726Z DEBUG turnstone::selfdrive: finished render; begin accessibility update
2026-10-05T20:53:14.507766Z DEBUG turnstone::selfdrive: finished accessibility update; begin scenario tick
2026-10-05T20:53:14.507782Z DEBUG turnstone::selfdrive: finished scenario tick
2026-10-05T20:53:14.508036Z DEBUG turnstone::selfdrive: begin accessibility event delivery redraw=true
2026-10-05T20:53:14.508061Z DEBUG turnstone::selfdrive: finished accessibility event delivery
2026-10-05T20:53:14.508070Z DEBUG turnstone::selfdrive: begin render
2026-10-05T20:53:14.541239Z DEBUG turnstone::selfdrive: finished render; begin accessibility update
2026-10-05T20:53:14.541288Z DEBUG turnstone::selfdrive: finished accessibility update; begin scenario tick
2026-10-05T20:53:14.541313Z DEBUG turnstone::selfdrive: finished scenario tick
2026-10-05T20:53:14.541568Z DEBUG turnstone::selfdrive: begin accessibility event delivery redraw=true
2026-10-05T20:53:14.541595Z DEBUG turnstone::selfdrive: finished accessibility event delivery
2026-10-05T20:53:14.541606Z DEBUG turnstone::selfdrive: begin render
2026-10-05T20:53:14.569497Z DEBUG turnstone::selfdrive: finished render; begin accessibility update
2026-10-05T20:53:14.569538Z DEBUG turnstone::selfdrive: finished accessibility update; begin scenario tick
2026-10-05T20:53:14.569557Z DEBUG turnstone::selfdrive: finished scenario tick
2026-10-05T20:53:14.569773Z DEBUG turnstone::selfdrive: begin accessibility event delivery redraw=true
2026-10-05T20:53:14.569791Z DEBUG turnstone::selfdrive: finished accessibility event delivery
2026-10-05T20:53:14.569800Z DEBUG turnstone::selfdrive: begin render
2026-10-05T20:53:14.598796Z DEBUG turnstone::selfdrive: finished render; begin accessibility update
2026-10-05T20:53:14.598844Z DEBUG turnstone::selfdrive: finished accessibility update; begin scenario tick
2026-10-05T20:53:14.598868Z DEBUG turnstone::selfdrive: finished scenario tick
2026-10-05T20:53:14.599110Z DEBUG turnstone::selfdrive: begin accessibility event delivery redraw=true
2026-10-05T20:53:14.599135Z DEBUG turnstone::selfdrive: finished accessibility event delivery
2026-10-05T20:53:14.599145Z DEBUG turnstone::selfdrive: begin render
2026-10-05T20:53:14.633849Z DEBUG turnstone::selfdrive: finished render; begin accessibility update
2026-10-05T20:53:14.633902Z DEBUG turnstone::selfdrive: finished accessibility update; begin scenario tick
2026-10-05T20:53:14.633925Z DEBUG turnstone::selfdrive: finished scenario tick
2026-10-05T20:53:14.634172Z DEBUG turnstone::selfdrive: begin accessibility event delivery redraw=true
2026-10-05T20:53:14.634199Z DEBUG turnstone::selfdrive: finished accessibility event delivery
2026-10-05T20:53:14.634209Z DEBUG turnstone::selfdrive: begin render
2026-10-05T20:53:14.664280Z DEBUG turnstone::selfdrive: finished render; begin accessibility update
2026-10-05T20:53:14.664319Z DEBUG turnstone::selfdrive: finished accessibility update; begin scenario tick
2026-10-05T20:53:14.664335Z DEBUG turnstone::selfdrive: finished scenario tick
2026-10-05T20:53:14.664563Z DEBUG turnstone::selfdrive: begin accessibility event delivery redraw=true
2026-10-05T20:53:14.664586Z DEBUG turnstone::selfdrive: finished accessibility event delivery
2026-10-05T20:53:14.664595Z DEBUG turnstone::selfdrive: begin render
2026-10-05T20:53:14.694330Z DEBUG turnstone::selfdrive: finished render; begin accessibility update
2026-10-05T20:53:14.694375Z DEBUG turnstone::selfdrive: finished accessibility update; begin scenario tick
2026-10-05T20:53:14.694394Z DEBUG turnstone::selfdrive: finished scenario tick
2026-10-05T20:53:14.694660Z DEBUG turnstone::selfdrive: begin accessibility event delivery redraw=true
2026-10-05T20:53:14.694692Z DEBUG turnstone::selfdrive: finished accessibility event delivery
2026-10-05T20:53:14.694704Z DEBUG turnstone::selfdrive: begin render
2026-10-05T20:53:14.725615Z DEBUG turnstone::selfdrive: finished render; begin accessibility update
2026-10-05T20:53:14.725667Z DEBUG turnstone::selfdrive: finished accessibility update; begin scenario tick
2026-10-05T20:53:14.725691Z DEBUG turnstone::selfdrive: finished scenario tick
2026-10-05T20:53:14.725945Z DEBUG turnstone::selfdrive: begin accessibility event delivery redraw=true
2026-10-05T20:53:14.725966Z DEBUG turnstone::selfdrive: finished accessibility event delivery
2026-10-05T20:53:14.725976Z DEBUG turnstone::selfdrive: begin render
2026-10-05T20:53:14.756886Z DEBUG turnstone::selfdrive: finished render; begin accessibility update
2026-10-05T20:53:14.756936Z DEBUG turnstone::selfdrive: finished accessibility update; begin scenario tick
2026-10-05T20:53:14.756957Z DEBUG turnstone::selfdrive: finished scenario tick
2026-10-05T20:53:14.757198Z DEBUG turnstone::selfdrive: begin accessibility event delivery redraw=true
2026-10-05T20:53:14.757219Z DEBUG turnstone::selfdrive: finished accessibility event delivery
2026-10-05T20:53:14.757227Z DEBUG turnstone::selfdrive: begin render
2026-10-05T20:53:14.807669Z DEBUG turnstone::selfdrive: finished render; begin accessibility update
2026-10-05T20:53:14.807727Z DEBUG turnstone::selfdrive: finished accessibility update; begin scenario tick
2026-10-05T20:53:14.807753Z DEBUG turnstone::selfdrive: finished scenario tick
2026-10-05T20:53:14.808030Z DEBUG turnstone::selfdrive: begin accessibility event delivery redraw=true
2026-10-05T20:53:14.808058Z DEBUG turnstone::selfdrive: finished accessibility event delivery
2026-10-05T20:53:14.808068Z DEBUG turnstone::selfdrive: begin render
2026-10-05T20:53:14.836599Z DEBUG turnstone::selfdrive: finished render; begin accessibility update
2026-10-05T20:53:14.837425Z DEBUG turnstone::selfdrive: finished accessibility update; begin scenario tick
2026-10-05T20:53:14.837490Z DEBUG turnstone::selfdrive: finished scenario tick
2026-10-05T20:53:14.837773Z DEBUG turnstone::selfdrive: begin accessibility event delivery redraw=true
2026-10-05T20:53:14.837807Z DEBUG turnstone::selfdrive: finished accessibility event delivery
2026-10-05T20:53:14.837820Z DEBUG turnstone::selfdrive: begin render
2026-10-05T20:53:14.866867Z DEBUG turnstone::selfdrive: finished render; begin accessibility update
2026-10-05T20:53:14.866913Z DEBUG turnstone::selfdrive: finished accessibility update; begin scenario tick
2026-10-05T20:53:14.866932Z DEBUG turnstone::selfdrive: finished scenario tick
2026-10-05T20:53:14.867183Z DEBUG turnstone::selfdrive: begin accessibility event delivery redraw=true
2026-10-05T20:53:14.867204Z DEBUG turnstone::selfdrive: finished accessibility event delivery
2026-10-05T20:53:14.867221Z DEBUG turnstone::selfdrive: begin render
2026-10-05T20:53:14.896403Z DEBUG turnstone::selfdrive: finished render; begin accessibility update
2026-10-05T20:53:14.896455Z DEBUG turnstone::selfdrive: finished accessibility update; begin scenario tick
2026-10-05T20:53:14.896477Z DEBUG turnstone::selfdrive: finished scenario tick
2026-10-05T20:53:14.896722Z DEBUG turnstone::selfdrive: begin accessibility event delivery redraw=true
2026-10-05T20:53:14.896744Z DEBUG turnstone::selfdrive: finished accessibility event delivery
2026-10-05T20:53:14.896754Z DEBUG turnstone::selfdrive: begin render
2026-10-05T20:53:14.926078Z DEBUG turnstone::selfdrive: finished render; begin accessibility update
2026-10-05T20:53:14.926127Z DEBUG turnstone::selfdrive: finished accessibility update; begin scenario tick
2026-10-05T20:53:14.926150Z DEBUG turnstone::selfdrive: finished scenario tick
2026-10-05T20:53:14.926367Z DEBUG turnstone::selfdrive: begin accessibility event delivery redraw=true
2026-10-05T20:53:14.926391Z DEBUG turnstone::selfdrive: finished accessibility event delivery
2026-10-05T20:53:14.926403Z DEBUG turnstone::selfdrive: begin render
2026-10-05T20:53:14.956358Z DEBUG turnstone::selfdrive: finished render; begin accessibility update
2026-10-05T20:53:14.956401Z DEBUG turnstone::selfdrive: finished accessibility update; begin scenario tick
2026-10-05T20:53:14.956418Z DEBUG turnstone::selfdrive: finished scenario tick
2026-10-05T20:53:14.956651Z DEBUG turnstone::selfdrive: begin accessibility event delivery redraw=true
2026-10-05T20:53:14.956670Z DEBUG turnstone::selfdrive: finished accessibility event delivery
2026-10-05T20:53:14.956679Z DEBUG turnstone::selfdrive: begin render
2026-10-05T20:53:14.989666Z DEBUG turnstone::selfdrive: finished render; begin accessibility update
2026-10-05T20:53:14.989714Z DEBUG turnstone::selfdrive: finished accessibility update; begin scenario tick
2026-10-05T20:53:14.989734Z DEBUG turnstone::selfdrive: finished scenario tick
2026-10-05T20:53:14.989967Z DEBUG turnstone::selfdrive: begin accessibility event delivery redraw=true
2026-10-05T20:53:14.989995Z DEBUG turnstone::selfdrive: finished accessibility event delivery
2026-10-05T20:53:14.990004Z DEBUG turnstone::selfdrive: begin render
2026-10-05T20:53:15.018478Z DEBUG turnstone::selfdrive: finished render; begin accessibility update
2026-10-05T20:53:15.018526Z DEBUG turnstone::selfdrive: finished accessibility update; begin scenario tick
2026-10-05T20:53:15.018547Z DEBUG turnstone::selfdrive: finished scenario tick
2026-10-05T20:53:15.018831Z DEBUG turnstone::selfdrive: begin accessibility event delivery redraw=true
2026-10-05T20:53:15.018858Z DEBUG turnstone::selfdrive: finished accessibility event delivery
2026-10-05T20:53:15.018869Z DEBUG turnstone::selfdrive: begin render
2026-10-05T20:53:15.047946Z DEBUG turnstone::selfdrive: finished render; begin accessibility update
2026-10-05T20:53:15.047994Z DEBUG turnstone::selfdrive: finished accessibility update; begin scenario tick
2026-10-05T20:53:15.048015Z DEBUG turnstone::selfdrive: finished scenario tick
2026-10-05T20:53:15.048257Z DEBUG turnstone::selfdrive: begin accessibility event delivery redraw=true
2026-10-05T20:53:15.048278Z DEBUG turnstone::selfdrive: finished accessibility event delivery
2026-10-05T20:53:15.048289Z DEBUG turnstone::selfdrive: begin render
2026-10-05T20:53:15.075522Z DEBUG turnstone::selfdrive: finished render; begin accessibility update
2026-10-05T20:53:15.075568Z DEBUG turnstone::selfdrive: finished accessibility update; begin scenario tick
2026-10-05T20:53:15.075590Z DEBUG turnstone::selfdrive: finished scenario tick
2026-10-05T20:53:15.075823Z DEBUG turnstone::selfdrive: begin accessibility event delivery redraw=true
2026-10-05T20:53:15.075844Z DEBUG turnstone::selfdrive: finished accessibility event delivery
2026-10-05T20:53:15.075853Z DEBUG turnstone::selfdrive: begin render
2026-10-05T20:53:15.101266Z DEBUG turnstone::selfdrive: finished render; begin accessibility update
2026-10-05T20:53:15.101311Z DEBUG turnstone::selfdrive: finished accessibility update; begin scenario tick
2026-10-05T20:53:15.101339Z DEBUG turnstone::selfdrive: finished scenario tick
2026-10-05T20:53:15.101534Z DEBUG turnstone::selfdrive: begin accessibility event delivery redraw=true
2026-10-05T20:53:15.101553Z DEBUG turnstone::selfdrive: finished accessibility event delivery
2026-10-05T20:53:15.101562Z DEBUG turnstone::selfdrive: begin render
2026-10-05T20:53:15.133420Z DEBUG turnstone::selfdrive: finished render; begin accessibility update
2026-10-05T20:53:15.133460Z DEBUG turnstone::selfdrive: finished accessibility update; begin scenario tick
2026-10-05T20:53:15.133476Z DEBUG turnstone::selfdrive: finished scenario tick
2026-10-05T20:53:15.133721Z DEBUG turnstone::selfdrive: begin accessibility event delivery redraw=true
2026-10-05T20:53:15.133747Z DEBUG turnstone::selfdrive: finished accessibility event delivery
2026-10-05T20:53:15.133759Z DEBUG turnstone::selfdrive: begin render
2026-10-05T20:53:15.161158Z DEBUG turnstone::selfdrive: finished render; begin accessibility update
2026-10-05T20:53:15.161213Z DEBUG turnstone::selfdrive: finished accessibility update; begin scenario tick
2026-10-05T20:53:15.161237Z DEBUG turnstone::selfdrive: finished scenario tick
2026-10-05T20:53:15.161443Z DEBUG turnstone::selfdrive: begin accessibility event delivery redraw=true
2026-10-05T20:53:15.161466Z DEBUG turnstone::selfdrive: finished accessibility event delivery
2026-10-05T20:53:15.161473Z DEBUG turnstone::selfdrive: begin render
2026-10-05T20:53:15.189689Z DEBUG turnstone::selfdrive: finished render; begin accessibility update
2026-10-05T20:53:15.189736Z DEBUG turnstone::selfdrive: finished accessibility update; begin scenario tick
2026-10-05T20:53:15.189758Z DEBUG turnstone::selfdrive: finished scenario tick
2026-10-05T20:53:15.189989Z DEBUG turnstone::selfdrive: begin accessibility event delivery redraw=true
2026-10-05T20:53:15.190011Z DEBUG turnstone::selfdrive: finished accessibility event delivery
2026-10-05T20:53:15.190020Z DEBUG turnstone::selfdrive: begin render
2026-10-05T20:53:15.216511Z DEBUG turnstone::selfdrive: finished render; begin accessibility update
2026-10-05T20:53:15.216559Z DEBUG turnstone::selfdrive: finished accessibility update; begin scenario tick
2026-10-05T20:53:15.216580Z DEBUG turnstone::selfdrive: finished scenario tick
2026-10-05T20:53:15.216809Z DEBUG turnstone::selfdrive: begin accessibility event delivery redraw=true
2026-10-05T20:53:15.216836Z DEBUG turnstone::selfdrive: finished accessibility event delivery
2026-10-05T20:53:15.216845Z DEBUG turnstone::selfdrive: begin render
2026-10-05T20:53:15.246326Z DEBUG turnstone::selfdrive: finished render; begin accessibility update
2026-10-05T20:53:15.246366Z DEBUG turnstone::selfdrive: finished accessibility update; begin scenario tick
2026-10-05T20:53:15.246382Z DEBUG turnstone::selfdrive: finished scenario tick
2026-10-05T20:53:15.246612Z DEBUG turnstone::selfdrive: begin accessibility event delivery redraw=true
2026-10-05T20:53:15.246634Z DEBUG turnstone::selfdrive: finished accessibility event delivery
2026-10-05T20:53:15.246643Z DEBUG turnstone::selfdrive: begin render
2026-10-05T20:53:15.274254Z DEBUG turnstone::selfdrive: finished render; begin accessibility update
2026-10-05T20:53:15.274300Z DEBUG turnstone::selfdrive: finished accessibility update; begin scenario tick
2026-10-05T20:53:15.274318Z DEBUG turnstone::selfdrive: finished scenario tick
2026-10-05T20:53:15.274561Z DEBUG turnstone::selfdrive: begin accessibility event delivery redraw=true
2026-10-05T20:53:15.274584Z DEBUG turnstone::selfdrive: finished accessibility event delivery
2026-10-05T20:53:15.274597Z DEBUG turnstone::selfdrive: begin render
2026-10-05T20:53:15.299920Z DEBUG turnstone::selfdrive: finished render; begin accessibility update
2026-10-05T20:53:15.299993Z DEBUG turnstone::selfdrive: finished accessibility update; begin scenario tick
2026-10-05T20:53:15.300009Z DEBUG turnstone::selfdrive: finished scenario tick
2026-10-05T20:53:15.300246Z DEBUG turnstone::selfdrive: begin accessibility event delivery redraw=true
2026-10-05T20:53:15.300275Z DEBUG turnstone::selfdrive: finished accessibility event delivery
2026-10-05T20:53:15.300287Z DEBUG turnstone::selfdrive: begin render
2026-10-05T20:53:15.327835Z DEBUG turnstone::selfdrive: finished render; begin accessibility update
2026-10-05T20:53:15.327902Z DEBUG turnstone::selfdrive: finished accessibility update; begin scenario tick
2026-10-05T20:53:15.327931Z DEBUG turnstone::selfdrive: finished scenario tick
2026-10-05T20:53:15.328161Z DEBUG turnstone::selfdrive: begin accessibility event delivery redraw=true
2026-10-05T20:53:15.328185Z DEBUG turnstone::selfdrive: finished accessibility event delivery
2026-10-05T20:53:15.328196Z DEBUG turnstone::selfdrive: begin render
2026-10-05T20:53:15.355864Z DEBUG turnstone::selfdrive: finished render; begin accessibility update
2026-10-05T20:53:15.355915Z DEBUG turnstone::selfdrive: finished accessibility update; begin scenario tick
2026-10-05T20:53:15.355939Z DEBUG turnstone::selfdrive: begin app step verb="assert"
2026-10-05T20:53:15.357466Z DEBUG turnstone::selfdrive: finished app step ok=true
2026-10-05T20:53:15.357497Z DEBUG turnstone::selfdrive: finished scenario tick
2026-10-05T20:53:15.357739Z DEBUG turnstone::selfdrive: begin accessibility event delivery redraw=true
2026-10-05T20:53:15.357773Z DEBUG turnstone::selfdrive: finished accessibility event delivery
2026-10-05T20:53:15.357787Z DEBUG turnstone::selfdrive: begin render
2026-10-05T20:53:15.384775Z DEBUG turnstone::selfdrive: finished render; begin accessibility update
2026-10-05T20:53:15.384822Z DEBUG turnstone::selfdrive: finished accessibility update; begin scenario tick
2026-10-05T20:53:15.384855Z DEBUG turnstone::selfdrive: finished scenario tick
2026-10-05T20:53:15.385096Z DEBUG turnstone::selfdrive: begin accessibility event delivery redraw=true
2026-10-05T20:53:15.385127Z DEBUG turnstone::selfdrive: finished accessibility event delivery
2026-10-05T20:53:15.385140Z DEBUG turnstone::selfdrive: begin render
2026-10-05T20:53:15.412962Z  INFO turnstone::shell::render: capture state open=false text= suggestions=0 surfaces=4 chrome=true nodes=14
2026-10-05T20:53:15.680433Z DEBUG turnstone::selfdrive: finished render; begin accessibility update
2026-10-05T20:53:15.680488Z DEBUG turnstone::selfdrive: finished accessibility update; begin scenario tick
2026-10-05T20:53:15.680512Z DEBUG turnstone::selfdrive: begin app step verb="record-idle"
2026-10-05T20:53:15.682084Z DEBUG turnstone::selfdrive: finished app step ok=true
2026-10-05T20:53:15.682124Z DEBUG turnstone::selfdrive: finished scenario tick
2026-10-05T20:53:15.682358Z DEBUG turnstone::selfdrive: begin accessibility event delivery redraw=true
2026-10-05T20:53:15.682379Z DEBUG turnstone::selfdrive: finished accessibility event delivery
2026-10-05T20:53:15.682387Z DEBUG turnstone::selfdrive: begin render
2026-10-05T20:53:15.709142Z DEBUG turnstone::selfdrive: finished render; begin accessibility update
2026-10-05T20:53:15.709180Z DEBUG turnstone::selfdrive: finished accessibility update; begin scenario tick
2026-10-05T20:53:15.709200Z DEBUG turnstone::selfdrive: begin app step verb="record-idle"
2026-10-05T20:53:15.711095Z DEBUG turnstone::selfdrive: finished app step ok=true
2026-10-05T20:53:15.711142Z DEBUG turnstone::selfdrive: finished scenario tick
2026-10-05T20:53:15.711360Z DEBUG turnstone::selfdrive: begin accessibility event delivery redraw=true
2026-10-05T20:53:15.711377Z DEBUG turnstone::selfdrive: finished accessibility event delivery
2026-10-05T20:53:15.711385Z DEBUG turnstone::selfdrive: begin render
2026-10-05T20:53:15.740252Z DEBUG turnstone::selfdrive: finished render; begin accessibility update
2026-10-05T20:53:15.740298Z DEBUG turnstone::selfdrive: finished accessibility update; begin scenario tick
2026-10-05T20:53:15.740323Z DEBUG turnstone::selfdrive: begin app step verb="open"
2026-10-05T20:53:15.740609Z  WARN turnstone::gemini_identity: failed to project Gemini client identity error=client identities are only valid for gemini:// or titan:// capsules
2026-10-05T20:53:15.740956Z DEBUG turnstone::selfdrive: finished app step ok=true
2026-10-05T20:53:15.741033Z DEBUG turnstone::selfdrive: finished scenario tick
2026-10-05T20:53:15.741319Z DEBUG turnstone::selfdrive: begin accessibility event delivery redraw=true
2026-10-05T20:53:15.741339Z DEBUG turnstone::selfdrive: finished accessibility event delivery
2026-10-05T20:53:15.741346Z DEBUG turnstone::selfdrive: begin render
2026-10-05T20:53:15.789512Z DEBUG turnstone::selfdrive: finished render; begin accessibility update
2026-10-05T20:53:15.789547Z DEBUG turnstone::selfdrive: finished accessibility update; begin scenario tick
2026-10-05T20:53:15.789568Z DEBUG turnstone::selfdrive: begin app step verb="record-idle"
2026-10-05T20:53:15.790720Z DEBUG turnstone::selfdrive: finished app step ok=true
2026-10-05T20:53:15.790746Z DEBUG turnstone::selfdrive: finished scenario tick
2026-10-05T20:53:15.790986Z  INFO turnstone::browse: page fetched url=http://127.0.0.1:43123/page-a.html content_type=Some("text/html") bytes=2040
2026-10-05T20:53:15.797954Z  INFO turnstone::browse: node title enriched from the page url=http://127.0.0.1:43123/page-a.html title=Scry A
2026-10-05T20:53:16.076190Z  INFO turnstone::shell::effects: surface content live node=a4f5398c-53b8-4ae1-8704-f86ed4e0990b url=http://127.0.0.1:43123/page-a.html engine=scrying.web
2026-10-05T20:53:16.076528Z DEBUG turnstone::selfdrive: begin accessibility event delivery redraw=true
2026-10-05T20:53:16.076559Z DEBUG turnstone::selfdrive: finished accessibility event delivery
2026-10-05T20:53:16.076572Z DEBUG turnstone::selfdrive: begin render
[producer] resize: 1024x600 -> 509x570
[producer] start_capture: 509x570 ready in 31ms
2026-10-05T20:53:16.162619Z DEBUG turnstone::selfdrive: finished render; begin accessibility update
2026-10-05T20:53:16.162663Z DEBUG turnstone::selfdrive: finished accessibility update; begin scenario tick
2026-10-05T20:53:16.162687Z DEBUG turnstone::selfdrive: finished scenario tick
2026-10-05T20:53:16.163582Z DEBUG turnstone::selfdrive: begin accessibility event delivery redraw=true
2026-10-05T20:53:16.163609Z DEBUG turnstone::selfdrive: finished accessibility event delivery
2026-10-05T20:53:16.163619Z DEBUG turnstone::selfdrive: begin render
2026-10-05T20:53:16.209382Z DEBUG turnstone::selfdrive: finished render; begin accessibility update
2026-10-05T20:53:16.209430Z DEBUG turnstone::selfdrive: finished accessibility update; begin scenario tick
2026-10-05T20:53:16.209451Z DEBUG turnstone::selfdrive: finished scenario tick
2026-10-05T20:53:16.210804Z DEBUG turnstone::selfdrive: begin accessibility event delivery redraw=true
2026-10-05T20:53:16.210835Z DEBUG turnstone::selfdrive: finished accessibility event delivery
2026-10-05T20:53:16.210847Z DEBUG turnstone::selfdrive: begin render
2026-10-05T20:53:16.236419Z DEBUG turnstone::selfdrive: finished render; begin accessibility update
2026-10-05T20:53:16.236473Z DEBUG turnstone::selfdrive: finished accessibility update; begin scenario tick
2026-10-05T20:53:16.236500Z DEBUG turnstone::selfdrive: finished scenario tick
2026-10-05T20:53:16.237417Z DEBUG turnstone::selfdrive: begin accessibility event delivery redraw=true
2026-10-05T20:53:16.237451Z DEBUG turnstone::selfdrive: finished accessibility event delivery
2026-10-05T20:53:16.237460Z DEBUG turnstone::selfdrive: begin render
2026-10-05T20:53:16.329180Z DEBUG turnstone::selfdrive: finished render; begin accessibility update
2026-10-05T20:53:16.329222Z DEBUG turnstone::selfdrive: finished accessibility update; begin scenario tick
2026-10-05T20:53:16.329243Z DEBUG turnstone::selfdrive: finished scenario tick
2026-10-05T20:53:16.329760Z DEBUG turnstone::selfdrive: begin accessibility event delivery redraw=true
2026-10-05T20:53:16.329787Z DEBUG turnstone::selfdrive: finished accessibility event delivery
2026-10-05T20:53:16.329795Z DEBUG turnstone::selfdrive: begin render
2026-10-05T20:53:16.381697Z DEBUG turnstone::selfdrive: finished render; begin accessibility update
2026-10-05T20:53:16.381746Z DEBUG turnstone::selfdrive: finished accessibility update; begin scenario tick
2026-10-05T20:53:16.381767Z DEBUG turnstone::selfdrive: finished scenario tick
2026-10-05T20:53:16.382101Z DEBUG turnstone::selfdrive: begin accessibility event delivery redraw=true
2026-10-05T20:53:16.382126Z DEBUG turnstone::selfdrive: finished accessibility event delivery
2026-10-05T20:53:16.382136Z DEBUG turnstone::selfdrive: begin render
2026-10-05T20:53:16.408555Z DEBUG turnstone::selfdrive: finished render; begin accessibility update
2026-10-05T20:53:16.408600Z DEBUG turnstone::selfdrive: finished accessibility update; begin scenario tick
2026-10-05T20:53:16.408620Z DEBUG turnstone::selfdrive: finished scenario tick
2026-10-05T20:53:16.408862Z DEBUG turnstone::selfdrive: begin accessibility event delivery redraw=true
2026-10-05T20:53:16.408889Z DEBUG turnstone::selfdrive: finished accessibility event delivery
2026-10-05T20:53:16.408899Z DEBUG turnstone::selfdrive: begin render
2026-10-05T20:53:16.433815Z DEBUG turnstone::selfdrive: finished render; begin accessibility update
2026-10-05T20:53:16.434394Z DEBUG turnstone::selfdrive: finished accessibility update; begin scenario tick
2026-10-05T20:53:16.434429Z DEBUG turnstone::selfdrive: finished scenario tick
2026-10-05T20:53:16.434642Z DEBUG turnstone::selfdrive: begin accessibility event delivery redraw=true
2026-10-05T20:53:16.434665Z DEBUG turnstone::selfdrive: finished accessibility event delivery
2026-10-05T20:53:16.434676Z DEBUG turnstone::selfdrive: begin render
2026-10-05T20:53:16.463228Z DEBUG turnstone::selfdrive: finished render; begin accessibility update
2026-10-05T20:53:16.463279Z DEBUG turnstone::selfdrive: finished accessibility update; begin scenario tick
2026-10-05T20:53:16.463301Z DEBUG turnstone::selfdrive: finished scenario tick
2026-10-05T20:53:16.463556Z DEBUG turnstone::selfdrive: begin accessibility event delivery redraw=true
2026-10-05T20:53:16.463579Z DEBUG turnstone::selfdrive: finished accessibility event delivery
2026-10-05T20:53:16.463590Z DEBUG turnstone::selfdrive: begin render
2026-10-05T20:53:16.492690Z DEBUG turnstone::selfdrive: finished render; begin accessibility update
2026-10-05T20:53:16.492743Z DEBUG turnstone::selfdrive: finished accessibility update; begin scenario tick
2026-10-05T20:53:16.492770Z DEBUG turnstone::selfdrive: finished scenario tick
2026-10-05T20:53:16.492993Z DEBUG turnstone::selfdrive: begin accessibility event delivery redraw=true
2026-10-05T20:53:16.493013Z DEBUG turnstone::selfdrive: finished accessibility event delivery
2026-10-05T20:53:16.493023Z DEBUG turnstone::selfdrive: begin render
2026-10-05T20:53:16.522921Z DEBUG turnstone::selfdrive: finished render; begin accessibility update
2026-10-05T20:53:16.522969Z DEBUG turnstone::selfdrive: finished accessibility update; begin scenario tick
2026-10-05T20:53:16.522991Z DEBUG turnstone::selfdrive: finished scenario tick
2026-10-05T20:53:16.523215Z DEBUG turnstone::selfdrive: begin accessibility event delivery redraw=true
2026-10-05T20:53:16.523235Z DEBUG turnstone::selfdrive: finished accessibility event delivery
2026-10-05T20:53:16.523245Z DEBUG turnstone::selfdrive: begin render
2026-10-05T20:53:16.553475Z DEBUG turnstone::selfdrive: finished render; begin accessibility update
2026-10-05T20:53:16.553523Z DEBUG turnstone::selfdrive: finished accessibility update; begin scenario tick
2026-10-05T20:53:16.553543Z DEBUG turnstone::selfdrive: finished scenario tick
2026-10-05T20:53:16.553767Z DEBUG turnstone::selfdrive: begin accessibility event delivery redraw=true
2026-10-05T20:53:16.553787Z DEBUG turnstone::selfdrive: finished accessibility event delivery
2026-10-05T20:53:16.553796Z DEBUG turnstone::selfdrive: begin render
2026-10-05T20:53:16.581563Z DEBUG turnstone::selfdrive: finished render; begin accessibility update
2026-10-05T20:53:16.581612Z DEBUG turnstone::selfdrive: finished accessibility update; begin scenario tick
2026-10-05T20:53:16.581632Z DEBUG turnstone::selfdrive: begin app step verb="record-idle"
2026-10-05T20:53:16.583738Z DEBUG turnstone::selfdrive: finished app step ok=true
2026-10-05T20:53:16.583787Z DEBUG turnstone::selfdrive: finished scenario tick
2026-10-05T20:53:16.584050Z DEBUG turnstone::selfdrive: begin accessibility event delivery redraw=true
2026-10-05T20:53:16.584076Z DEBUG turnstone::selfdrive: finished accessibility event delivery
2026-10-05T20:53:16.584086Z DEBUG turnstone::selfdrive: begin render
2026-10-05T20:53:16.611994Z DEBUG turnstone::selfdrive: finished render; begin accessibility update
2026-10-05T20:53:16.612036Z DEBUG turnstone::selfdrive: finished accessibility update; begin scenario tick
2026-10-05T20:53:16.612059Z DEBUG turnstone::selfdrive: begin app step verb="click-at"
2026-10-05T20:53:16.612697Z DEBUG turnstone::scry_input: begin native focus delivery reason=Mouse
2026-10-05T20:53:16.615281Z DEBUG turnstone::scry_input: finished native focus delivery ok=true
2026-10-05T20:53:16.615322Z DEBUG turnstone::scry_input: begin native mouse delivery input=MouseInput { kind: LeftButtonDown, virtual_keys: MouseVirtualKeys { control: false, shift: false, left_button: true, middle_button: false, right_button: false, x_button1: false, x_button2: false }, mouse_data: 0, point: (240, 170) }
2026-10-05T20:53:16.615423Z DEBUG turnstone::scry_input: finished native mouse delivery ok=true
2026-10-05T20:53:16.615672Z DEBUG turnstone::scry_input: begin native mouse delivery input=MouseInput { kind: LeftButtonUp, virtual_keys: MouseVirtualKeys { control: false, shift: false, left_button: false, middle_button: false, right_button: false, x_button1: false, x_button2: false }, mouse_data: 0, point: (240, 170) }
2026-10-05T20:53:16.615763Z DEBUG turnstone::scry_input: finished native mouse delivery ok=true
2026-10-05T20:53:16.615830Z DEBUG turnstone::selfdrive: finished app step ok=true
2026-10-05T20:53:16.615862Z DEBUG turnstone::selfdrive: finished scenario tick
2026-10-05T20:53:16.620563Z DEBUG turnstone::selfdrive: begin accessibility event delivery redraw=true
2026-10-05T20:53:16.620612Z DEBUG turnstone::selfdrive: finished accessibility event delivery
2026-10-05T20:53:16.620622Z DEBUG turnstone::selfdrive: begin render
2026-10-05T20:53:16.639188Z DEBUG turnstone::selfdrive: finished render; begin accessibility update
2026-10-05T20:53:16.639234Z DEBUG turnstone::selfdrive: finished accessibility update; begin scenario tick
2026-10-05T20:53:16.639255Z DEBUG turnstone::selfdrive: begin app step verb="record-idle"
2026-10-05T20:53:16.641011Z DEBUG turnstone::selfdrive: finished app step ok=true
2026-10-05T20:53:16.641053Z DEBUG turnstone::selfdrive: finished scenario tick
2026-10-05T20:57:48.980280Z DEBUG turnstone::selfdrive: begin accessibility event delivery redraw=true
2026-10-05T20:57:48.980354Z DEBUG turnstone::selfdrive: finished accessibility event delivery
2026-10-05T20:57:48.980376Z DEBUG turnstone::selfdrive: begin render
2026-10-05T20:57:49.025134Z DEBUG turnstone::selfdrive: finished render; begin accessibility update
2026-10-05T20:57:49.025237Z DEBUG turnstone::selfdrive: finished accessibility update; begin scenario tick
2026-10-05T20:57:49.025353Z DEBUG turnstone::selfdrive: begin app step verb="assert"
2026-10-05T20:57:49.027465Z DEBUG turnstone::selfdrive: finished app step ok=true
2026-10-05T20:57:49.027518Z DEBUG turnstone::selfdrive: finished scenario tick
2026-10-05T20:57:49.027832Z DEBUG turnstone::selfdrive: begin accessibility event delivery redraw=true
2026-10-05T20:57:49.027861Z DEBUG turnstone::selfdrive: finished accessibility event delivery
2026-10-05T20:57:49.027873Z DEBUG turnstone::selfdrive: begin render
2026-10-05T20:57:49.048601Z DEBUG turnstone::selfdrive: finished render; begin accessibility update
2026-10-05T20:57:49.048653Z DEBUG turnstone::selfdrive: finished accessibility update; begin scenario tick
2026-10-05T20:57:49.048678Z DEBUG turnstone::selfdrive: begin app step verb="record-idle"
2026-10-05T20:57:49.050520Z DEBUG turnstone::selfdrive: finished app step ok=true
2026-10-05T20:57:49.050562Z DEBUG turnstone::selfdrive: finished scenario tick
2026-10-05T20:57:49.050801Z DEBUG turnstone::selfdrive: begin accessibility event delivery redraw=true
2026-10-05T20:57:49.050827Z DEBUG turnstone::selfdrive: finished accessibility event delivery
2026-10-05T20:57:49.050838Z DEBUG turnstone::selfdrive: begin render
2026-10-05T20:57:49.072405Z DEBUG turnstone::selfdrive: finished render; begin accessibility update
2026-10-05T20:57:49.072455Z DEBUG turnstone::selfdrive: finished accessibility update; begin scenario tick
2026-10-05T20:57:49.072480Z DEBUG turnstone::selfdrive: begin app step verb="type"
2026-10-05T20:57:49.073437Z DEBUG turnstone::scry_input: begin keyboard CDP submission
2026-10-05T20:57:49.073700Z DEBUG turnstone::scry_input: finished keyboard CDP submission ok=true
2026-10-05T20:57:49.074197Z DEBUG turnstone::selfdrive: finished app step ok=true
2026-10-05T20:57:49.074230Z DEBUG turnstone::selfdrive: finished scenario tick
2026-10-05T20:57:49.074523Z DEBUG turnstone::selfdrive: begin accessibility event delivery redraw=true
2026-10-05T20:57:49.074550Z DEBUG turnstone::selfdrive: finished accessibility event delivery
2026-10-05T20:57:49.074561Z DEBUG turnstone::selfdrive: begin render
2026-10-05T20:57:49.094048Z DEBUG turnstone::selfdrive: finished render; begin accessibility update
2026-10-05T20:57:49.094110Z DEBUG turnstone::selfdrive: finished accessibility update; begin scenario tick
2026-10-05T20:57:49.094134Z DEBUG turnstone::selfdrive: begin app step verb="record-idle"
2026-10-05T20:57:49.095778Z DEBUG turnstone::selfdrive: finished app step ok=true
2026-10-05T20:57:49.095829Z DEBUG turnstone::selfdrive: finished scenario tick
2026-10-05T20:57:49.097283Z DEBUG turnstone::selfdrive: begin accessibility event delivery redraw=true
2026-10-05T20:57:49.097336Z DEBUG turnstone::selfdrive: finished accessibility event delivery
2026-10-05T20:57:49.097349Z DEBUG turnstone::selfdrive: begin render
2026-10-05T20:57:49.097420Z DEBUG turnstone::scry_input: begin keyboard CDP submission
2026-10-05T20:57:49.097522Z DEBUG turnstone::scry_input: finished keyboard CDP submission ok=true
2026-10-05T20:57:49.121035Z DEBUG turnstone::selfdrive: finished render; begin accessibility update
2026-10-05T20:57:49.121123Z DEBUG turnstone::selfdrive: finished accessibility update; begin scenario tick
2026-10-05T20:57:49.121164Z DEBUG turnstone::selfdrive: finished scenario tick
2026-10-05T20:57:49.126696Z DEBUG turnstone::selfdrive: begin accessibility event delivery redraw=true
2026-10-05T20:57:49.126758Z DEBUG turnstone::selfdrive: finished accessibility event delivery
2026-10-05T20:57:49.126770Z DEBUG turnstone::selfdrive: begin render
2026-10-05T20:57:49.126834Z DEBUG turnstone::scry_input: begin keyboard CDP submission
2026-10-05T20:57:49.126914Z DEBUG turnstone::scry_input: finished keyboard CDP submission ok=true
2026-10-05T20:57:49.198908Z DEBUG turnstone::selfdrive: finished render; begin accessibility update
2026-10-05T20:57:49.198955Z DEBUG turnstone::selfdrive: finished accessibility update; begin scenario tick
2026-10-05T20:57:49.198974Z DEBUG turnstone::selfdrive: finished scenario tick
2026-10-05T20:57:49.199476Z DEBUG turnstone::selfdrive: begin accessibility event delivery redraw=true
2026-10-05T20:57:49.199500Z DEBUG turnstone::selfdrive: finished accessibility event delivery
2026-10-05T20:57:49.199508Z DEBUG turnstone::selfdrive: begin render
2026-10-05T20:57:49.199545Z DEBUG turnstone::scry_input: begin keyboard CDP submission
2026-10-05T20:57:49.199604Z DEBUG turnstone::scry_input: finished keyboard CDP submission ok=true
2026-10-05T20:57:49.222724Z DEBUG turnstone::selfdrive: finished render; begin accessibility update
2026-10-05T20:57:49.222766Z DEBUG turnstone::selfdrive: finished accessibility update; begin scenario tick
2026-10-05T20:57:49.222784Z DEBUG turnstone::selfdrive: finished scenario tick
2026-10-05T20:57:49.223137Z DEBUG turnstone::selfdrive: begin accessibility event delivery redraw=true
2026-10-05T20:57:49.223168Z DEBUG turnstone::selfdrive: finished accessibility event delivery
2026-10-05T20:57:49.223222Z DEBUG turnstone::selfdrive: begin render
2026-10-05T20:57:49.223285Z DEBUG turnstone::scry_input: begin keyboard CDP submission
2026-10-05T20:57:49.223372Z DEBUG turnstone::scry_input: finished keyboard CDP submission ok=true
2026-10-05T20:57:49.245666Z DEBUG turnstone::selfdrive: finished render; begin accessibility update
2026-10-05T20:57:49.245729Z DEBUG turnstone::selfdrive: finished accessibility update; begin scenario tick
2026-10-05T20:57:49.245749Z DEBUG turnstone::selfdrive: finished scenario tick
2026-10-05T20:57:49.246449Z DEBUG turnstone::selfdrive: begin accessibility event delivery redraw=true
2026-10-05T20:57:49.246483Z DEBUG turnstone::selfdrive: finished accessibility event delivery
2026-10-05T20:57:49.246495Z DEBUG turnstone::selfdrive: begin render
2026-10-05T20:57:49.246557Z DEBUG turnstone::scry_input: begin keyboard CDP submission
2026-10-05T20:57:49.246626Z DEBUG turnstone::scry_input: finished keyboard CDP submission ok=true
2026-10-05T20:57:49.313124Z DEBUG turnstone::selfdrive: finished render; begin accessibility update
2026-10-05T20:57:49.313168Z DEBUG turnstone::selfdrive: finished accessibility update; begin scenario tick
2026-10-05T20:57:49.313189Z DEBUG turnstone::selfdrive: finished scenario tick
2026-10-05T20:57:49.313752Z DEBUG turnstone::selfdrive: begin accessibility event delivery redraw=true
2026-10-05T20:57:49.313784Z DEBUG turnstone::selfdrive: finished accessibility event delivery
2026-10-05T20:57:49.313795Z DEBUG turnstone::selfdrive: begin render
2026-10-05T20:57:49.313872Z DEBUG turnstone::scry_input: begin keyboard CDP submission
2026-10-05T20:57:49.313961Z DEBUG turnstone::scry_input: finished keyboard CDP submission ok=true
2026-10-05T20:57:49.337088Z DEBUG turnstone::selfdrive: finished render; begin accessibility update
2026-10-05T20:57:49.337137Z DEBUG turnstone::selfdrive: finished accessibility update; begin scenario tick
2026-10-05T20:57:49.337156Z DEBUG turnstone::selfdrive: finished scenario tick
2026-10-05T20:57:49.337523Z DEBUG turnstone::selfdrive: begin accessibility event delivery redraw=true
2026-10-05T20:57:49.337547Z DEBUG turnstone::selfdrive: finished accessibility event delivery
2026-10-05T20:57:49.337556Z DEBUG turnstone::selfdrive: begin render
2026-10-05T20:57:49.337594Z DEBUG turnstone::scry_input: begin keyboard CDP submission
2026-10-05T20:57:49.337647Z DEBUG turnstone::scry_input: finished keyboard CDP submission ok=true
2026-10-05T20:57:49.355904Z DEBUG turnstone::selfdrive: finished render; begin accessibility update
2026-10-05T20:57:49.355949Z DEBUG turnstone::selfdrive: finished accessibility update; begin scenario tick
2026-10-05T20:57:49.355966Z DEBUG turnstone::selfdrive: finished scenario tick
2026-10-05T20:57:49.356414Z DEBUG turnstone::selfdrive: begin accessibility event delivery redraw=true
2026-10-05T20:57:49.356437Z DEBUG turnstone::selfdrive: finished accessibility event delivery
2026-10-05T20:57:49.356445Z DEBUG turnstone::selfdrive: begin render
2026-10-05T20:57:49.356479Z DEBUG turnstone::scry_input: begin keyboard CDP submission
2026-10-05T20:57:49.356531Z DEBUG turnstone::scry_input: finished keyboard CDP submission ok=true
2026-10-05T20:57:49.416133Z DEBUG turnstone::selfdrive: finished render; begin accessibility update
2026-10-05T20:57:49.416182Z DEBUG turnstone::selfdrive: finished accessibility update; begin scenario tick
2026-10-05T20:57:49.416203Z DEBUG turnstone::selfdrive: finished scenario tick
2026-10-05T20:57:49.416648Z DEBUG turnstone::selfdrive: begin accessibility event delivery redraw=true
2026-10-05T20:57:49.416674Z DEBUG turnstone::selfdrive: finished accessibility event delivery
2026-10-05T20:57:49.416683Z DEBUG turnstone::selfdrive: begin render
2026-10-05T20:57:49.416721Z DEBUG turnstone::scry_input: begin keyboard CDP submission
2026-10-05T20:57:49.416778Z DEBUG turnstone::scry_input: finished keyboard CDP submission ok=true
2026-10-05T20:57:49.438829Z DEBUG turnstone::selfdrive: finished render; begin accessibility update
2026-10-05T20:57:49.438877Z DEBUG turnstone::selfdrive: finished accessibility update; begin scenario tick
2026-10-05T20:57:49.438896Z DEBUG turnstone::selfdrive: finished scenario tick
2026-10-05T20:57:49.439269Z DEBUG turnstone::selfdrive: begin accessibility event delivery redraw=true
2026-10-05T20:57:49.439300Z DEBUG turnstone::selfdrive: finished accessibility event delivery
2026-10-05T20:57:49.439310Z DEBUG turnstone::selfdrive: begin render
2026-10-05T20:57:49.439352Z DEBUG turnstone::scry_input: begin keyboard CDP submission
2026-10-05T20:57:49.439418Z DEBUG turnstone::scry_input: finished keyboard CDP submission ok=true
2026-10-05T20:57:49.456528Z DEBUG turnstone::selfdrive: finished render; begin accessibility update
2026-10-05T20:57:49.456572Z DEBUG turnstone::selfdrive: finished accessibility update; begin scenario tick
2026-10-05T20:57:49.456588Z DEBUG turnstone::selfdrive: finished scenario tick
2026-10-05T20:57:49.457041Z DEBUG turnstone::selfdrive: begin accessibility event delivery redraw=true
2026-10-05T20:57:49.457064Z DEBUG turnstone::selfdrive: finished accessibility event delivery
2026-10-05T20:57:49.457073Z DEBUG turnstone::selfdrive: begin render
2026-10-05T20:57:49.457109Z DEBUG turnstone::scry_input: begin keyboard CDP submission
2026-10-05T20:57:49.457158Z DEBUG turnstone::scry_input: finished keyboard CDP submission ok=true
2026-10-05T20:57:49.514659Z DEBUG turnstone::selfdrive: finished render; begin accessibility update
2026-10-05T20:57:49.514703Z DEBUG turnstone::selfdrive: finished accessibility update; begin scenario tick
2026-10-05T20:57:49.514721Z DEBUG turnstone::selfdrive: finished scenario tick
2026-10-05T20:57:49.515126Z DEBUG turnstone::selfdrive: begin accessibility event delivery redraw=true
2026-10-05T20:57:49.515154Z DEBUG turnstone::selfdrive: finished accessibility event delivery
2026-10-05T20:57:49.515166Z DEBUG turnstone::selfdrive: begin render
2026-10-05T20:57:49.515212Z DEBUG turnstone::scry_input: begin keyboard CDP submission
2026-10-05T20:57:49.515333Z DEBUG turnstone::scry_input: finished keyboard CDP submission ok=true
2026-10-05T20:57:49.535328Z DEBUG turnstone::selfdrive: finished render; begin accessibility update
2026-10-05T20:57:49.535382Z DEBUG turnstone::selfdrive: finished accessibility update; begin scenario tick
2026-10-05T20:57:49.535410Z DEBUG turnstone::selfdrive: finished scenario tick
2026-10-05T20:57:49.535842Z DEBUG turnstone::selfdrive: begin accessibility event delivery redraw=true
2026-10-05T20:57:49.535870Z DEBUG turnstone::selfdrive: finished accessibility event delivery
2026-10-05T20:57:49.535879Z DEBUG turnstone::selfdrive: begin render
2026-10-05T20:57:49.535925Z DEBUG turnstone::scry_input: begin keyboard CDP submission
2026-10-05T20:57:49.535993Z DEBUG turnstone::scry_input: finished keyboard CDP submission ok=true
2026-10-05T20:57:49.553937Z DEBUG turnstone::selfdrive: finished render; begin accessibility update
2026-10-05T20:57:49.553981Z DEBUG turnstone::selfdrive: finished accessibility update; begin scenario tick
2026-10-05T20:57:49.554003Z DEBUG turnstone::selfdrive: finished scenario tick
2026-10-05T20:57:49.554486Z DEBUG turnstone::selfdrive: begin accessibility event delivery redraw=true
2026-10-05T20:57:49.554514Z DEBUG turnstone::selfdrive: finished accessibility event delivery
2026-10-05T20:57:49.554522Z DEBUG turnstone::selfdrive: begin render
2026-10-05T20:57:49.554560Z DEBUG turnstone::scry_input: begin keyboard CDP submission
2026-10-05T20:57:49.554613Z DEBUG turnstone::scry_input: finished keyboard CDP submission ok=true
2026-10-05T20:57:49.615000Z DEBUG turnstone::selfdrive: finished render; begin accessibility update
2026-10-05T20:57:49.615038Z DEBUG turnstone::selfdrive: finished accessibility update; begin scenario tick
2026-10-05T20:57:49.615058Z DEBUG turnstone::selfdrive: finished scenario tick
2026-10-05T20:57:49.615457Z DEBUG turnstone::selfdrive: begin accessibility event delivery redraw=true
2026-10-05T20:57:49.615483Z DEBUG turnstone::selfdrive: finished accessibility event delivery
2026-10-05T20:57:49.615493Z DEBUG turnstone::selfdrive: begin render
2026-10-05T20:57:49.633430Z DEBUG turnstone::selfdrive: finished render; begin accessibility update
2026-10-05T20:57:49.633478Z DEBUG turnstone::selfdrive: finished accessibility update; begin scenario tick
2026-10-05T20:57:49.633495Z DEBUG turnstone::selfdrive: finished scenario tick
2026-10-05T20:57:49.633763Z DEBUG turnstone::selfdrive: begin accessibility event delivery redraw=true
2026-10-05T20:57:49.633797Z DEBUG turnstone::selfdrive: finished accessibility event delivery
2026-10-05T20:57:49.633811Z DEBUG turnstone::selfdrive: begin render
2026-10-05T20:57:49.652056Z DEBUG turnstone::selfdrive: finished render; begin accessibility update
2026-10-05T20:57:49.652098Z DEBUG turnstone::selfdrive: finished accessibility update; begin scenario tick
2026-10-05T20:57:49.652116Z DEBUG turnstone::selfdrive: finished scenario tick
2026-10-05T20:57:49.652360Z DEBUG turnstone::selfdrive: begin accessibility event delivery redraw=true
2026-10-05T20:57:49.652396Z DEBUG turnstone::selfdrive: finished accessibility event delivery
2026-10-05T20:57:49.652404Z DEBUG turnstone::selfdrive: begin render
2026-10-05T20:57:49.670167Z DEBUG turnstone::selfdrive: finished render; begin accessibility update
2026-10-05T20:57:49.670215Z DEBUG turnstone::selfdrive: finished accessibility update; begin scenario tick
2026-10-05T20:57:49.670234Z DEBUG turnstone::selfdrive: finished scenario tick
2026-10-05T20:57:49.670479Z DEBUG turnstone::selfdrive: begin accessibility event delivery redraw=true
2026-10-05T20:57:49.670504Z DEBUG turnstone::selfdrive: finished accessibility event delivery
2026-10-05T20:57:49.670514Z DEBUG turnstone::selfdrive: begin render
2026-10-05T20:57:49.690978Z DEBUG turnstone::selfdrive: finished render; begin accessibility update
2026-10-05T20:57:49.691031Z DEBUG turnstone::selfdrive: finished accessibility update; begin scenario tick
2026-10-05T20:57:49.691058Z DEBUG turnstone::selfdrive: finished scenario tick
2026-10-05T20:57:49.691385Z DEBUG turnstone::selfdrive: begin accessibility event delivery redraw=true
2026-10-05T20:57:49.691429Z DEBUG turnstone::selfdrive: finished accessibility event delivery
2026-10-05T20:57:49.691461Z DEBUG turnstone::selfdrive: begin render
2026-10-05T20:57:49.708780Z DEBUG turnstone::selfdrive: finished render; begin accessibility update
2026-10-05T20:57:49.709662Z DEBUG turnstone::selfdrive: finished accessibility update; begin scenario tick
2026-10-05T20:57:49.709795Z DEBUG turnstone::selfdrive: finished scenario tick
2026-10-05T20:57:49.710108Z DEBUG turnstone::selfdrive: begin accessibility event delivery redraw=true
2026-10-05T20:57:49.710127Z DEBUG turnstone::selfdrive: finished accessibility event delivery
2026-10-05T20:57:49.710137Z DEBUG turnstone::selfdrive: begin render
2026-10-05T20:57:49.727928Z DEBUG turnstone::selfdrive: finished render; begin accessibility update
2026-10-05T20:57:49.727982Z DEBUG turnstone::selfdrive: finished accessibility update; begin scenario tick
2026-10-05T20:57:49.728003Z DEBUG turnstone::selfdrive: finished scenario tick
2026-10-05T20:57:49.728272Z DEBUG turnstone::selfdrive: begin accessibility event delivery redraw=true
2026-10-05T20:57:49.728302Z DEBUG turnstone::selfdrive: finished accessibility event delivery
2026-10-05T20:57:49.728311Z DEBUG turnstone::selfdrive: begin render
2026-10-05T20:57:49.748130Z DEBUG turnstone::selfdrive: finished render; begin accessibility update
2026-10-05T20:57:49.748180Z DEBUG turnstone::selfdrive: finished accessibility update; begin scenario tick
2026-10-05T20:57:49.748200Z DEBUG turnstone::selfdrive: finished scenario tick
2026-10-05T20:57:49.748455Z DEBUG turnstone::selfdrive: begin accessibility event delivery redraw=true
2026-10-05T20:57:49.748475Z DEBUG turnstone::selfdrive: finished accessibility event delivery
2026-10-05T20:57:49.748482Z DEBUG turnstone::selfdrive: begin render
2026-10-05T20:57:49.766891Z DEBUG turnstone::selfdrive: finished render; begin accessibility update
2026-10-05T20:57:49.766931Z DEBUG turnstone::selfdrive: finished accessibility update; begin scenario tick
2026-10-05T20:57:49.766945Z DEBUG turnstone::selfdrive: finished scenario tick
2026-10-05T20:57:49.767173Z DEBUG turnstone::selfdrive: begin accessibility event delivery redraw=true
2026-10-05T20:57:49.767195Z DEBUG turnstone::selfdrive: finished accessibility event delivery
2026-10-05T20:57:49.767204Z DEBUG turnstone::selfdrive: begin render
2026-10-05T20:57:49.783618Z DEBUG turnstone::selfdrive: finished render; begin accessibility update
2026-10-05T20:57:49.783661Z DEBUG turnstone::selfdrive: finished accessibility update; begin scenario tick
2026-10-05T20:57:49.783678Z DEBUG turnstone::selfdrive: finished scenario tick
2026-10-05T20:57:49.783956Z DEBUG turnstone::selfdrive: begin accessibility event delivery redraw=true
2026-10-05T20:57:49.783985Z DEBUG turnstone::selfdrive: finished accessibility event delivery
2026-10-05T20:57:49.783999Z DEBUG turnstone::selfdrive: begin render
2026-10-05T20:57:49.802094Z DEBUG turnstone::selfdrive: finished render; begin accessibility update
2026-10-05T20:57:49.802135Z DEBUG turnstone::selfdrive: finished accessibility update; begin scenario tick
2026-10-05T20:57:49.802149Z DEBUG turnstone::selfdrive: finished scenario tick
2026-10-05T20:57:49.802376Z DEBUG turnstone::selfdrive: begin accessibility event delivery redraw=true
2026-10-05T20:57:49.802394Z DEBUG turnstone::selfdrive: finished accessibility event delivery
2026-10-05T20:57:49.802402Z DEBUG turnstone::selfdrive: begin render
2026-10-05T20:57:49.818863Z DEBUG turnstone::selfdrive: finished render; begin accessibility update
2026-10-05T20:57:49.818912Z DEBUG turnstone::selfdrive: finished accessibility update; begin scenario tick
2026-10-05T20:57:49.818930Z DEBUG turnstone::selfdrive: finished scenario tick
2026-10-05T20:57:49.819157Z DEBUG turnstone::selfdrive: begin accessibility event delivery redraw=true
2026-10-05T20:57:49.819230Z DEBUG turnstone::selfdrive: finished accessibility event delivery
2026-10-05T20:57:49.819238Z DEBUG turnstone::selfdrive: begin render
2026-10-05T20:57:49.837459Z DEBUG turnstone::selfdrive: finished render; begin accessibility update
2026-10-05T20:57:49.837505Z DEBUG turnstone::selfdrive: finished accessibility update; begin scenario tick
2026-10-05T20:57:49.837529Z DEBUG turnstone::selfdrive: finished scenario tick
2026-10-05T20:57:49.837767Z DEBUG turnstone::selfdrive: begin accessibility event delivery redraw=true
2026-10-05T20:57:49.837796Z DEBUG turnstone::selfdrive: finished accessibility event delivery
2026-10-05T20:57:49.837809Z DEBUG turnstone::selfdrive: begin render
2026-10-05T20:57:49.856396Z DEBUG turnstone::selfdrive: finished render; begin accessibility update
2026-10-05T20:57:49.856435Z DEBUG turnstone::selfdrive: finished accessibility update; begin scenario tick
2026-10-05T20:57:49.856449Z DEBUG turnstone::selfdrive: finished scenario tick
2026-10-05T20:57:49.856684Z DEBUG turnstone::selfdrive: begin accessibility event delivery redraw=true
2026-10-05T20:57:49.856709Z DEBUG turnstone::selfdrive: finished accessibility event delivery
2026-10-05T20:57:49.856721Z DEBUG turnstone::selfdrive: begin render
2026-10-05T20:57:49.873449Z DEBUG turnstone::selfdrive: finished render; begin accessibility update
2026-10-05T20:57:49.873503Z DEBUG turnstone::selfdrive: finished accessibility update; begin scenario tick
2026-10-05T20:57:49.873527Z DEBUG turnstone::selfdrive: finished scenario tick
2026-10-05T20:57:49.873742Z DEBUG turnstone::selfdrive: begin accessibility event delivery redraw=true
2026-10-05T20:57:49.873765Z DEBUG turnstone::selfdrive: finished accessibility event delivery
2026-10-05T20:57:49.873774Z DEBUG turnstone::selfdrive: begin render
2026-10-05T20:57:49.892893Z DEBUG turnstone::selfdrive: finished render; begin accessibility update
2026-10-05T20:57:49.892943Z DEBUG turnstone::selfdrive: finished accessibility update; begin scenario tick
2026-10-05T20:57:49.892963Z DEBUG turnstone::selfdrive: finished scenario tick
2026-10-05T20:57:49.893230Z DEBUG turnstone::selfdrive: begin accessibility event delivery redraw=true
2026-10-05T20:57:49.893255Z DEBUG turnstone::selfdrive: finished accessibility event delivery
2026-10-05T20:57:49.893265Z DEBUG turnstone::selfdrive: begin render
2026-10-05T20:57:49.910759Z DEBUG turnstone::selfdrive: finished render; begin accessibility update
2026-10-05T20:57:49.910806Z DEBUG turnstone::selfdrive: finished accessibility update; begin scenario tick
2026-10-05T20:57:49.910824Z DEBUG turnstone::selfdrive: finished scenario tick
2026-10-05T20:57:49.911060Z DEBUG turnstone::selfdrive: begin accessibility event delivery redraw=true
2026-10-05T20:57:49.911075Z DEBUG turnstone::selfdrive: finished accessibility event delivery
2026-10-05T20:57:49.911083Z DEBUG turnstone::selfdrive: begin render
2026-10-05T20:57:49.927845Z DEBUG turnstone::selfdrive: finished render; begin accessibility update
2026-10-05T20:57:49.927891Z DEBUG turnstone::selfdrive: finished accessibility update; begin scenario tick
2026-10-05T20:57:49.927911Z DEBUG turnstone::selfdrive: finished scenario tick
2026-10-05T20:57:49.928160Z DEBUG turnstone::selfdrive: begin accessibility event delivery redraw=true
2026-10-05T20:57:49.928183Z DEBUG turnstone::selfdrive: finished accessibility event delivery
2026-10-05T20:57:49.928191Z DEBUG turnstone::selfdrive: begin render
2026-10-05T20:57:49.945969Z DEBUG turnstone::selfdrive: finished render; begin accessibility update
2026-10-05T20:57:49.946024Z DEBUG turnstone::selfdrive: finished accessibility update; begin scenario tick
2026-10-05T20:57:49.946046Z DEBUG turnstone::selfdrive: begin app step verb="record-idle"
2026-10-05T20:57:49.947646Z DEBUG turnstone::selfdrive: finished app step ok=true
2026-10-05T20:57:49.947687Z DEBUG turnstone::selfdrive: finished scenario tick
2026-10-05T20:57:49.947920Z DEBUG turnstone::selfdrive: begin accessibility event delivery redraw=true
2026-10-05T20:57:49.947937Z DEBUG turnstone::selfdrive: finished accessibility event delivery
2026-10-05T20:57:49.947945Z DEBUG turnstone::selfdrive: begin render
2026-10-05T20:57:49.965145Z DEBUG turnstone::selfdrive: finished render; begin accessibility update
2026-10-05T20:57:49.965193Z DEBUG turnstone::selfdrive: finished accessibility update; begin scenario tick
2026-10-05T20:57:49.966426Z DEBUG turnstone::selfdrive: finished scenario tick
2026-10-05T20:57:49.966644Z DEBUG turnstone::selfdrive: begin accessibility event delivery redraw=true
2026-10-05T20:57:49.966663Z DEBUG turnstone::selfdrive: finished accessibility event delivery
2026-10-05T20:57:49.966672Z DEBUG turnstone::selfdrive: begin render
2026-10-05T20:57:49.982036Z DEBUG turnstone::selfdrive: finished render; begin accessibility update
2026-10-05T20:57:49.982086Z DEBUG turnstone::selfdrive: finished accessibility update; begin scenario tick
2026-10-05T20:57:49.982122Z DEBUG turnstone::selfdrive: finished scenario tick
2026-10-05T20:57:49.982390Z DEBUG turnstone::selfdrive: begin accessibility event delivery redraw=true
2026-10-05T20:57:49.982421Z DEBUG turnstone::selfdrive: finished accessibility event delivery
2026-10-05T20:57:49.982431Z DEBUG turnstone::selfdrive: begin render
2026-10-05T20:57:50.003080Z  INFO turnstone::shell::render: capture state open=false text= suggestions=0 surfaces=3 chrome=false nodes=14
2026-10-05T20:57:50.275116Z DEBUG turnstone::selfdrive: finished render; begin accessibility update
2026-10-05T20:57:50.275161Z DEBUG turnstone::selfdrive: finished accessibility update; begin scenario tick
2026-10-05T20:57:50.279070Z DEBUG turnstone::selfdrive: finished scenario tick
