warning: patch `p2panda-stream v0.7.1 (https://github.com/mark-ik/p2panda.git?tag=mere-p2panda-net-0.7.4#0a54ab82)` was not used in the crate graph
help: Check that the patched package version and available features are compatible
      with the dependency requirements. If the patch has a different version from
      what is locked in the Cargo.lock file, run `cargo update` to use the new
      version. This may also occur with an optional dependency that is not enabled.
    Blocking waiting for file lock on package cache
    Blocking waiting for file lock on package cache
    Blocking waiting for file lock on package cache
   Compiling turnstone v0.1.0 (C:\Users\mark_\Code\repos\turnstone)
warning: unused imports: `Suggestion` and `normalize_address`
  --> src\app\mod.rs:20:31
   |
20 | use crate::ui::{OmnibarState, Suggestion, normalize_address};
   |                               ^^^^^^^^^^  ^^^^^^^^^^^^^^^^^
   |
   = note: `#[warn(unused_imports)]` (part of `#[warn(unused)]`) on by default

warning: unused import: `browse`
  --> src\app\mod.rs:26:13
   |
26 | use crate::{browse, session};
   |             ^^^^^^

warning: unused import: `crate::panes::PaneContent`
  --> src\app\node_arms.rs:16:5
   |
16 | use crate::panes::PaneContent;
   |     ^^^^^^^^^^^^^^^^^^^^^^^^^

warning: unused import: `CaretMove`
  --> src\app\omnibar_arms.rs:12:29
   |
12 | use crate::action::{Action, CaretMove, Effect};
   |                             ^^^^^^^^^

warning: unused import: `crate::panes::PaneContent`
  --> src\app\palette.rs:16:5
   |
16 | use crate::panes::PaneContent;
   |     ^^^^^^^^^^^^^^^^^^^^^^^^^

warning: unused import: `uuid::Uuid`
  --> src\app\session_lifecycle.rs:17:5
   |
17 | use uuid::Uuid;
   |     ^^^^^^^^^^

warning: unused import: `PaneContent`
  --> src\app\session_lifecycle.rs:22:44
   |
22 | use crate::panes::{FrisketLayout, GraphId, PaneContent, SessionId};
   |                                            ^^^^^^^^^^^

warning: unused imports: `MOOT_ACT_ACTION` and `MOOT_DELEGATION_DOMAIN`
    --> src\place\worker.rs:2663:44
     |
2663 |         CollectionChange, ContributionRef, MOOT_ACT_ACTION, MOOT_DELEGATION_DOMAIN,
     |                                            ^^^^^^^^^^^^^^^  ^^^^^^^^^^^^^^^^^^^^^^

warning: unused imports: `CapabilityScope`, `DelegationCertificate`, `DelegationParent`, and `delegation_signing_salt`
    --> src\place\worker.rs:2677:9
     |
2677 |         CapabilityScope, DelegationCertificate, DelegationParent, DelegationRevocation,
     |         ^^^^^^^^^^^^^^^  ^^^^^^^^^^^^^^^^^^^^^  ^^^^^^^^^^^^^^^^
2678 |         SignedDelegationCertificate, SignedDelegationRevocation, delegation_signing_salt,
     |                                                                  ^^^^^^^^^^^^^^^^^^^^^^^

warning: unused import: `crate::action::CaretMove`
   --> src\shell\drive.rs:685:13
    |
685 |         use crate::action::CaretMove;
    |             ^^^^^^^^^^^^^^^^^^^^^^^^

warning: unused import: `std::sync::mpsc::Receiver`
  --> src\shell\effects.rs:13:5
   |
13 | use std::sync::mpsc::Receiver;
   |     ^^^^^^^^^^^^^^^^^^^^^^^^^

warning: unused imports: `FetchCommand` and `FetchUpdate`
  --> src\shell\effects.rs:15:13
   |
15 | use fetch::{FetchCommand, FetchUpdate};
   |             ^^^^^^^^^^^^  ^^^^^^^^^^^

warning: unused import: `SessionClick`
  --> src\shell\effects.rs:17:46
   |
17 |     DocumentFindQuery, EngineProfileBinding, SessionClick, SessionSpawnRequest, SurfaceSpawnRequest,
   |                                              ^^^^^^^^^^^^

warning: unused import: `crate::panes::PaneContent`
  --> src\shell\effects.rs:22:5
   |
22 | use crate::panes::PaneContent;
   |     ^^^^^^^^^^^^^^^^^^^^^^^^^

warning: unused import: `crate::surface::SurfaceKind`
  --> src\shell\render.rs:25:5
   |
25 | use crate::surface::SurfaceKind;
   |     ^^^^^^^^^^^^^^^^^^^^^^^^^^^

warning: unused import: `PhysicalPosition`
  --> src\shell\lens.rs:19:18
   |
19 | use winit::dpi::{PhysicalPosition, PhysicalSize};
   |                  ^^^^^^^^^^^^^^^^

warning: unused imports: `Key as WinitKey` and `NamedKey as WinitNamedKey`
  --> src\shell\input.rs:16:23
   |
16 | use winit::keyboard::{Key as WinitKey, NamedKey as WinitNamedKey};
   |                       ^^^^^^^^^^^^^^^  ^^^^^^^^^^^^^^^^^^^^^^^^^

warning: unused import: `SessionScrollKey`
  --> src\shell\input.rs:20:27
   |
20 | use inker::{SessionClick, SessionScrollKey};
   |                           ^^^^^^^^^^^^^^^^

warning: unused import: `CaretMove`
  --> src\shell\input.rs:24:29
   |
24 | use crate::action::{Action, CaretMove};
   |                             ^^^^^^^^^

warning: unused import: `decode_sprite`
  --> src\shell\input.rs:27:20
   |
27 | use super::{Shell, decode_sprite};
   |                    ^^^^^^^^^^^^^

warning: unused import: `input::pointer_button`
  --> src\shell\mod.rs:35:5
   |
35 | use input::pointer_button;
   |     ^^^^^^^^^^^^^^^^^^^^^

warning: unused import: `std::path::Path`
  --> src\shell\mod.rs:38:5
   |
38 | use std::path::Path;
   |     ^^^^^^^^^^^^^^^

warning: unused import: `image::ImageEncoder`
  --> src\shell\mod.rs:45:5
   |
45 | use image::ImageEncoder;
   |     ^^^^^^^^^^^^^^^^^^^

warning: unused import: `mere::canvas::WHEEL_PAN_SCALE`
  --> src\shell\mod.rs:47:5
   |
47 | use mere::canvas::WHEEL_PAN_SCALE;
   |     ^^^^^^^^^^^^^^^^^^^^^^^^^^^^^

warning: unused imports: `ColorLoad` and `NetrenderOptions`
  --> src\shell\mod.rs:53:17
   |
53 | use netrender::{ColorLoad, NetrenderOptions};
   |                 ^^^^^^^^^  ^^^^^^^^^^^^^^^^

warning: unused import: `winit::application::ApplicationHandler`
  --> src\shell\mod.rs:54:5
   |
54 | use winit::application::ApplicationHandler;
   |     ^^^^^^^^^^^^^^^^^^^^^^^^^^^^^^^^^^^^^^

warning: unused imports: `PhysicalPosition` and `PhysicalSize`
  --> src\shell\mod.rs:55:18
   |
55 | use winit::dpi::{PhysicalPosition, PhysicalSize};
   |                  ^^^^^^^^^^^^^^^^  ^^^^^^^^^^^^

warning: unused imports: `ElementState`, `Ime`, `MouseButton`, `MouseScrollDelta`, and `WindowEvent`
  --> src\shell\mod.rs:56:20
   |
56 | use winit::event::{ElementState, Ime, MouseButton, MouseScrollDelta, WindowEvent};
   |                    ^^^^^^^^^^^^  ^^^  ^^^^^^^^^^^  ^^^^^^^^^^^^^^^^  ^^^^^^^^^^^

warning: unused imports: `Key as WinitKey` and `NamedKey as WinitNamedKey`
  --> src\shell\mod.rs:58:23
   |
58 | use winit::keyboard::{Key as WinitKey, NamedKey as WinitNamedKey};
   |                       ^^^^^^^^^^^^^^^  ^^^^^^^^^^^^^^^^^^^^^^^^^

warning: unused import: `Effect`
  --> src\shell\mod.rs:67:29
   |
67 | use crate::action::{Action, Effect, Update};
   |                             ^^^^^^

warning: unused import: `session`
  --> src\shell\mod.rs:70:21
   |
70 | use crate::{browse, session};
   |                     ^^^^^^^

warning: unused import: `mere::canvas::palette`
  --> src\swatch_pane\mod.rs:32:5
   |
32 | use mere::canvas::palette;
   |     ^^^^^^^^^^^^^^^^^^^^^

warning: unused import: `ColorF`
  --> src\swatch_pane\mod.rs:33:17
   |
33 | use sprigging::{ColorF, LeafRegistry, RenderedLeaves};
   |                 ^^^^^^

warning: unused import: `crate::content::NodeContent`
  --> src\swatch_pane\mod.rs:37:5
   |
37 | use crate::content::NodeContent;
   |     ^^^^^^^^^^^^^^^^^^^^^^^^^^^

warning: unused import: `crate::overmap`
  --> src\swatch_pane\mod.rs:38:5
   |
38 | use crate::overmap;
   |     ^^^^^^^^^^^^^^

warning: unused import: `genet_clipboard::TextClipboard`
   --> src\shell\effects.rs:699:25
    |
699 |                     use genet_clipboard::TextClipboard as _;
    |                         ^^^^^^^^^^^^^^^^^^^^^^^^^^^^^^

warning: variable does not need to be mutable
    --> src\place\worker.rs:3821:13
     |
3821 |         let mut welcome = |open: &mut OpenPlace, seed: u8| {
     |             ----^^^^^^^
     |             |
     |             help: remove this `mut`
     |
     = note: `#[warn(unused_mut)]` (part of `#[warn(unused)]`) on by default

warning: unused variable: `caption`
   --> src\shell\render.rs:754:13
    |
754 |         let caption = self
    |             ^^^^^^^ help: if this is intentional, prefix it with an underscore: `_caption`
    |
    = note: `#[warn(unused_variables)]` (part of `#[warn(unused)]`) on by default

warning: unused variable: `ok`
    --> src\shell\render.rs:1017:17
     |
1017 |             let ok = capture_composed(host, &layers, w, h, &path);
     |                 ^^ help: if this is intentional, prefix it with an underscore: `_ok`

warning: function `save_certs` is never used
   --> src\denizen.rs:733:8
    |
733 | pub fn save_certs(session_dir: &Path, subject_hex: &str, certs: &[SignedDelegationCertificate]) {
    |        ^^^^^^^^^^
    |
    = note: `#[warn(dead_code)]` (part of `#[warn(unused)]`) on by default

warning: methods `projection_input_binding` and `runtime_projection_source` are never used
    --> src\knot_authoring.rs:2603:12
     |
2393 | impl KnotDocumentSession {
     | ------------------------ methods in this implementation
...
2603 |     pub fn projection_input_binding(&self) -> Option<&ProjectionInputBinding> {
     |            ^^^^^^^^^^^^^^^^^^^^^^^^
...
2613 |     pub fn runtime_projection_source(&self) -> Option<RuntimeSourceBinding<KnotRuntimeWitness>> {
     |            ^^^^^^^^^^^^^^^^^^^^^^^^^

warning: function `granted_ring_names` is never used
   --> src\ring.rs:370:8
    |
370 | pub fn granted_ring_names(authority: &impl AuthorityProvider, subject: Subject) -> Vec<String> {
    |        ^^^^^^^^^^^^^^^^^^

warning: function `roster_grid_rows` is never used
  --> src\roster_view.rs:99:8
   |
99 | pub fn roster_grid_rows(app: &App) -> Vec<RosterGridRow> {
   |        ^^^^^^^^^^^^^^^^

warning: field `0` is never read
   --> src\scenario.rs:245:12
    |
245 |     Settle(u32),
    |     ------ ^^^
    |     |
    |     field in this variant
    |
    = note: `Step` has a derived impl for the trait `Debug`, but this is intentionally ignored during dead code analysis
help: consider changing the field to be of unit type to suppress this warning while preserving the field numbering, or remove the field
    |
245 -     Settle(u32),
245 +     Settle(()),
    |

warning: field `0` is never read
   --> src\scenario.rs:279:17
    |
279 |     AssertEvent(String),
    |     ----------- ^^^^^^
    |     |
    |     field in this variant
    |
    = note: `Step` has a derived impl for the trait `Debug`, but this is intentionally ignored during dead code analysis
help: consider changing the field to be of unit type to suppress this warning while preserving the field numbering, or remove the field
    |
279 -     AssertEvent(String),
279 +     AssertEvent(()),
    |

warning: field `0` is never read
   --> src\scenario.rs:299:9
    |
299 |     Log(String),
    |     --- ^^^^^^
    |     |
    |     field in this variant
    |
    = note: `Step` has a derived impl for the trait `Debug`, but this is intentionally ignored during dead code analysis
help: consider changing the field to be of unit type to suppress this warning while preserving the field numbering, or remove the field
    |
299 -     Log(String),
299 +     Log(()),
    |

warning: method `pane_label` is never used
    --> src\shell\mod.rs:1354:8
     |
 613 | impl Shell {
     | ---------- method in this implementation
...
1354 |     fn pane_label(&self, id: crate::panes::PaneId) -> String {
     |        ^^^^^^^^^^

warning: field `resource_epoch` is never read
  --> src\shell\surface_frames.rs:44:16
   |
43 | pub(super) struct ImportedSurfaceFrame {
   |                   -------------------- field in this struct
44 |     pub(super) resource_epoch: u64,
   |                ^^^^^^^^^^^^^^

warning: function `ime_cursor_area` is never used
    --> src\ui.rs:1128:8
     |
1128 | pub fn ime_cursor_area(state: &OmnibarState, w: u32) -> ((f32, f32), (f32, f32)) {
     |        ^^^^^^^^^^^^^^^

warning: function `chrome_has_content` is never used
    --> src\ui.rs:1146:8
     |
1146 | pub fn chrome_has_content(state: &OmnibarState, caption: Option<&str>) -> bool {
     |        ^^^^^^^^^^^^^^^^^^

warning: function `scene_from_dom_with_leaves` is never used
    --> src\ui.rs:2328:8
     |
2328 | pub fn scene_from_dom_with_leaves(
     |        ^^^^^^^^^^^^^^^^^^^^^^^^^^

warning: `turnstone` (lib test) generated 51 warnings (run `cargo fix --lib -p turnstone --tests` to apply 38 suggestions)
    Finished `test` profile [unoptimized] target(s) in 2m 03s
     Running unittests src\lib.rs (C:/t/cargo-targets/turnstone\debug\deps\turnstone-e99996fb98102bd2.exe)

running 677 tests
test a11y::bridge_integrity::a_contributed_tree_attaches_below_its_registered_pane ... ok
test a11y::bridge_integrity::diagnostic_gloss_rows_attach_without_routes_and_retire_after_removal ... ok
test a11y::bridge_integrity::the_pushed_tree_has_no_dangling_children_and_no_duplicate_ids ... ok
test a11y::route_table::a_routed_selection_changes_the_app_and_a_miss_says_so ... ok
test a11y::route_table::an_omnibar_route_opens_the_omnibar_through_the_spine ... ok
test a11y::route_table::every_graph_member_is_reachable_by_route_when_an_orrery_exists ... ok
test a11y::tests::panes_workbench_and_documents_project_under_one_root ... ok
test a11y::tests::the_omnibar_projects_while_open ... ok
test a11y::tests::the_stitched_tree_is_coherent ... ok
test app::contributed_pane_arms::tests::contributed_summon_preserves_source_and_mints_one_identity ... ok
test app::contributed_pane_arms::tests::contributed_summon_rolls_back_when_blueprint_cannot_place_target ... ok
test app::contributed_pane_arms::tests::contributed_summon_targets_the_active_lens ... ok
test app::contributed_pane_arms::tests::knot_file_choices_are_palette_actions_lowered_to_shell_effects ... ok
test app::document_find_arms::tests::captured_target_and_request_drop_late_find_results ... ok
test app::document_find_arms::tests::current_match_is_observable_and_accessible ... ok
test app::document_find_arms::tests::engine_managed_count_is_observed_without_synthetic_matches ... ok
test app::document_find_arms::tests::unsupported_engine_neither_offers_nor_opens_find ... ok
test app::document_find_arms::tests::workbench_find_and_zoom_follow_the_browser_page_with_an_independent_graph_cursor ... ok
test app::feed_arms::tests::guid_stable_episode_url_change_navigates_the_existing_member ... ok
test app::feed_arms::tests::host_tick_runs_the_persisted_cadence ... ok
test app::feed_arms::tests::subscription_refresh_projects_unread_entries_once ... ok
test app::node_arms::tests::committed_content_navigation_grows_the_same_members_lineage ... ok
test app::node_arms::tests::opening_an_address_keeps_the_new_selection_through_pane_rendering ... ok
test app::node_arms::tests::page_zoom_steps_the_chromium_ladder_and_persists_the_request ... ok
test app::node_arms::tests::the_ladder_ends_report_rather_than_stepping_past_themselves ... ok
test app::node_arms::tests::zoom_rows_appear_only_for_a_live_engine_that_reports_the_control ... ok
test app::omnibar_arms::tests::captured_page_mode_drops_results_after_stale_or_empty_refresh ... ok
test app::omnibar_arms::tests::captured_page_mode_finds_body_text_without_recall_rows ... ok
test app::omnibar_arms::tests::captured_search_respects_a_single_row_setting ... ok
test app::omnibar_arms::tests::committing_a_captured_source_opens_its_source_address ... ok
test app::palette::tests::captured_collection_rows_preserve_worker_versions_and_mark_selection ... ok
test app::palette::tests::committing_a_captured_collection_row_emits_its_exact_version ... ok
test app::palette::tests::duplicate_collection_names_have_stable_distinct_palette_labels ... ok
test app::palette::tests::stale_captured_collection_selection_offers_the_latest_version ... ok
test app::pane_arms::tests::floating_pane_moves_through_live_primary_and_lens_projections ... ok
test app::redshank_arms::tests::a_note_and_progress_project_into_the_graph_and_reopen_after_a_restart ... ok
test app::redshank_arms::tests::opening_an_enclosure_yields_a_redshank_episode_pane ... ok
test app::resident_admission_tests::duplicate_subjects_refuse_manual_routing_without_actions ... ok
test app::resident_admission_tests::pause_skips_manual_runs_and_resume_is_durable ... ok
test app::resident_admission_tests::uninstall_persists_revocation_and_rebuild_rejects_lagging_binding ... ok
test app::resident_run_tests::adopting_foreign_run_records_clears_the_live_table_without_rewriting_them ... ok
test app::resident_run_tests::malformed_run_store_refuses_before_manual_body_mutation ... ok
test app::runtime_pool::tests::forme_runtime_key_keeps_graph_and_forme_separate ... ok
test app::runtime_pool::tests::graph_pool_keeps_two_graph_authorities_independent ... ok
test app::runtime_pool::tests::pane_selections_do_not_alias_on_one_graph ... ok
test app::runtime_pool::tests::pane_viewports_do_not_alias_on_one_graph ... ok
test app::runtime_pool::tests::workbenches_are_owned_by_their_forme_runtime ... ok
test app::tests::a_held_document_is_refused_outside_a_place_and_its_node_stays ... ok
test app::tests::a_left_place_refuses_reconnect_and_rejoins_by_clearing_its_mark ... ok
test app::tests::a_profile_with_no_vault_still_registers_a_knot_engine ... ok
test app::tests::a_refused_invitation_leaves_no_binding_in_app_state ... ok
test app::tests::a_rerooted_profile_refuses_automatic_certificate_reissue ... ok
test app::tests::a_shared_knot_address_needs_no_path_of_its_own ... ok
test app::tests::a_stale_join_answer_cannot_bind_a_session ... ok
test app::tests::actor_fetched_body_is_retained_for_the_requested_content_spawn ... ok
test app::tests::adopt_session_restores_the_saved_canvas_layout_from_facets ... ok
test app::tests::an_expired_invitation_is_reported_with_its_time ... ok
test app::tests::available_actions_lead_with_the_contextual_rows ... ok
test app::tests::back_forward_and_reload_flow_through_the_spine ... ok
test app::tests::binary_page_response_becomes_durable_download_custody ... ok
test app::tests::boot_launch_fetch_precedes_the_restored_content_spawn ... ok
test app::tests::browser_states_refresh_and_round_trip ... ok
test app::tests::capture_action_preserves_explicit_member_for_the_host ... ok
test app::tests::changed_gemini_certificate_requires_an_explicit_trust_commit_before_refetch ... ok
test app::tests::close_session_trashes_and_recover_restores_identity ... ok
test app::tests::committing_a_node_row_selects_without_fetch_effects ... ok
test app::tests::committing_an_action_row_runs_the_action_and_closes ... ok
test app::tests::composing_a_gloss_pane_toggles_sections_on_its_own_leaf ... ok
test app::tests::configured_row_limit_applies_to_the_live_omnibar_projection ... ok
test app::tests::content_flip_lowers_and_fails_honestly ... ok
test app::tests::copying_the_local_rendezvous_carries_the_whole_ticket ... ok
test app::tests::corrupt_admission_state_refuses_install_without_replacing_tombstones ... ok
test app::tests::delete_stages_into_the_bin_and_recover_restores_identity ... ok
test app::tests::deleting_a_denizen_archives_its_world_and_recovery_restores_residency ... ok
test app::tests::denizen_installs_after_visible_review ... ok
test app::tests::empty_recycle_bin_forgets_on_command ... ok
test app::tests::failed_leave_from_joining_cannot_adopt_a_late_join_answer ... ok
test app::tests::fork_carries_denizen_worlds_as_real_copies ... ok
test app::tests::fork_session_snapshots_the_component_with_its_facets ... ok
test app::tests::gemini_identity_is_confirmed_once_and_reused_only_for_its_capsule ... ok
test app::tests::graph_views_workbenches_and_followers_are_pane_scoped ... ok
test app::tests::install_delegates_from_the_profile_identity_and_uninstall_revokes_it ... ok
test app::tests::keep_action_is_target_bound_idempotent_and_observable ... ok
test app::tests::leave_place_is_correlated_and_failure_keeps_a_retryable_degraded_binding ... ok
test app::tests::lens_ops_close_removes_the_summoned_pane ... ok
test app::tests::live_settings_snapshot_reconfigures_the_running_chrome_value_once ... ok
test app::tests::malformed_place_binding_is_visible_without_hiding_cached_graph ... ok
test app::tests::micron_form_editor_is_explicit_redacts_masked_input_and_emits_one_request ... ok
test app::tests::micron_form_fixed_variable_action_selection_and_visible_edit_errors ... ok
test app::tests::micron_form_navigation_reload_and_close_cancel_and_ignore_late_reply ... ok
test app::tests::micron_form_refuses_submission_after_source_address_changes ... ok
test app::tests::micron_form_rejects_refreshed_source_before_send_and_on_reply ... ok
test app::tests::moving_a_composed_section_reorders_that_leaf_and_clamps ... ok
test app::tests::nomadnet_omnibar_stop_and_reload_keep_native_request_identity ... ok
test app::tests::omnibar_transcript_freezes_its_open_context_and_repeats_it ... ok
test app::tests::ordinary_smolweb_input_navigates_and_refetches_with_a_percent_encoded_query ... ok
test app::tests::place_artifacts_are_written_where_the_person_asked ... ok
test app::tests::place_binding_survives_switch_and_restart_as_a_worker_open ... ok
test app::tests::place_collection_completion_is_correlated_and_failure_keeps_the_snapshot ... ok
test app::tests::place_collection_selection_lowers_the_exact_version_and_clear ... ok
test app::tests::place_founding_prompts_commit_escape_and_refuse ... ok
test app::tests::place_invite_lifetime_suffix_is_read_from_the_right ... ok
test app::tests::place_prekey_offer_is_written_beside_its_card ... ok
test app::tests::place_reader_invitation_and_share_rows_act_only_inside_a_place ... ok
test app::tests::place_revoke_rows_are_a_founders_one_per_other_member ... ok
test app::tests::place_status_leaves_the_omnibar_open_over_a_pane_open ... ok
test app::tests::place_status_refresh_is_local_filtered_and_generation_scoped ... ok
test app::tests::publishing_pane_is_a_summonable_window_control ... ok
test app::tests::recall_keeps_a_footing_inside_the_row_budget ... ok
test app::tests::recall_never_outranks_the_typed_address ... ok
test app::tests::reconnect_hint_cleanup_can_fail_at_binding_removal_without_losing_history ... ok
test app::tests::reconnect_metadata_failure_does_not_remove_the_admitted_binding ... ok
test app::tests::reconnect_place_requires_binding_and_ignores_departed_generation ... ok
test app::tests::reload_after_a_failed_native_fetch_replaces_the_error_with_a_content_spawn ... ok
test app::tests::rename_session_through_the_omnibar_mode ... ok
test app::tests::requested_page_scale_round_trips_through_the_store ... ok
test app::tests::resident_petitions_run_through_the_gate ... ok
test app::tests::retired_static_viewer_pins_migrate_to_livery ... ok
test app::tests::sensitive_smolweb_input_is_masked_and_never_enters_graph_or_events ... ok
test app::tests::shared_knot_pane_is_a_summonable_reader_control ... ok
test app::tests::shared_nodes_arrive_without_disturbing_the_local_canvas ... ok
test app::tests::source_capture_carries_current_target_without_requesting_png ... ok
test app::tests::source_capture_completion_attaches_an_ordered_node_reference_series ... ok
test app::tests::source_capture_refuses_a_member_without_a_current_target ... ok
test app::tests::spartan_prompt_target_resolves_against_its_source_member ... ok
test app::tests::stale_or_failed_source_capture_completion_never_attaches_a_reference ... ok
test app::tests::stale_place_update_from_a_departed_session_is_ignored ... ok
test app::tests::stop_cancels_only_the_focused_request_and_rejects_its_late_answer ... ok
test app::tests::streamed_page_spawns_from_a_prefix_then_replaces_and_settles ... ok
test app::tests::summon_enforces_registry_multiplicity_in_one_space ... ok
test app::tests::superseded_recall_answers_drop ... ok
test app::tests::swapped_script_body_is_refused_before_runtime_execution ... ok
test app::tests::tear_out_moves_the_leaf_and_keeps_its_id ... ok
test app::tests::the_actions_lane_and_short_needles_never_recall ... ok
test app::tests::the_cascade_budget_arrives_from_settings_and_changes_live ... ok
test app::tests::the_overmap_composes_sections_too ... ok
test app::tests::the_row_count_follows_the_viewport_under_the_configured_ceiling ... ok
test app::tests::titan_address_opens_an_explicit_composer_without_uploading ... ok
test app::tests::titan_composer_stages_body_mime_hidden_token_and_literal_confirmation ... ok
test app::tests::typing_asks_for_recall_and_the_answer_becomes_rows ... ok
test app::tests::workbench_actions_flow_through_the_spine ... ok
test app::tests::workbench_browser_commands_preserve_the_independent_graph_selection ... ok
test app::tests::workbench_persists_and_restores_pruned ... ok
test app::user_agent_decision_arms::tests::authentication_secrets_are_redacted_and_absent_from_observation ... ok
test app::user_agent_decision_arms::tests::permission_choice_is_retained_and_lowers_the_captured_request ... ok
test app::user_agent_decision_arms::tests::withdrawn_request_cannot_answer_a_later_navigation ... ok
test arrange_pane::tests::intents_lower_to_the_palette_actions_by_id ... ok
test arrange_pane::tests::the_rows_read_the_canvas_back ... ok
test behaviors::tests::a_delta_naming_one_node_yields_that_node ... ok
test behaviors::tests::a_digest_names_the_nodes_that_changed_not_their_containers ... ok
test behaviors::tests::a_field_delta_names_no_node ... ok
test behaviors::tests::a_malformed_id_yields_no_scope_rather_than_a_bogus_one ... ok
test behaviors::tests::a_node_the_graph_does_not_hold_falls_back_to_its_bare_id ... ok
test behaviors::tests::a_relation_delta_yields_both_ends ... ok
test behaviors::tests::an_unwoken_context_is_empty_rather_than_absent ... ok
test behaviors::tests::typed_journal_authors_preserve_no_self_wake_subject_matching ... ok
test browse::tests::certificate_request_prompts_once_then_reports_rejection ... ok
test browse::tests::changed_certificate_preserves_the_fetch_target_and_both_fingerprints ... ok
test browse::tests::enrichment_stamps_the_requesting_node_among_url_twins ... ok
test browse::tests::failed_favicon_completion_clears_its_pending_request ... ok
test browse::tests::favicon_completions_remove_only_their_own_request ... ok
test browse::tests::favicon_write_stores_png_bytes_under_their_digest ... ok
test browse::tests::input_response_keeps_actor_target_separate_from_graph_owner ... ok
test browse::tests::page_progress_keeps_the_request_pending_until_terminal_answer ... ok
test browse::tests::pending_table_correlates_and_refuses_to_guess ... ok
test browse::tests::subresource_waiters_share_one_fetch_and_clear_together ... ok
test browse::tests::superseded_node_drops_the_late_result ... ok
test browse::tests::superseding_and_stopping_cancel_only_the_named_request ... ok
test cambium_pane::tests::a_roster_cell_resolves_by_text ... ok
test cambium_pane::tests::a_row_in_a_long_narrow_roster_navigates_to_its_own_url ... ok
test cambium_pane::tests::clicking_a_tab_switches_the_body ... ok
test cambium_pane::tests::every_tab_is_drawn_in_the_strip ... ok
test cambium_pane::tests::grid_dom_is_hit_testable ... ok
test cambium_pane::tests::tablist_height_matches_the_sheet ... ok
test cambium_pane::tests::two_roster_runners_keep_independent_selection ... ok
test chrome_view::tests::a_changed_chrome_cascades_again ... ok
test chrome_view::tests::a_press_hit_tests_without_cascading_again ... ok
test chrome_view::tests::active_fetch_switches_reload_to_stop_and_projects_link_preview ... ok
test chrome_view::tests::an_unchanged_chrome_paints_without_cascading_again ... ok
test chrome_view::tests::authentication_card_debug_withholds_credential_fields ... ok
test chrome_view::tests::authentication_card_masks_password_and_a11y_withholds_credentials ... ok
test chrome_view::tests::browser_strip_routes_per_node_back_forward_and_reload ... ok
test chrome_view::tests::browser_strip_targets_the_workbench_member_without_moving_graph_selection ... ok
test chrome_view::tests::chrome_windows_are_forest_siblings_with_scoped_layout ... ok
test chrome_view::tests::clicking_a_suggestion_row_bubbles_its_index ... ok
test chrome_view::tests::document_find_projects_controlled_input_status_and_controls ... ok
test chrome_view::tests::hidden_shellbar_is_removed_from_the_chrome_and_a11y_projections ... ok
test chrome_view::tests::install_review_wraps_intact_and_keeps_card_and_click_geometry ... ok
test chrome_view::tests::keep_button_targets_the_member_then_projects_kept_state ... ok
test chrome_view::tests::live_appearance_is_applied_to_the_retained_chrome_surface ... ok
test chrome_view::tests::one_mutation_invalidates_every_window_root ... ok
test chrome_view::tests::permission_decision_projects_origin_choices_and_accessibility ... ok
test chrome_view::tests::the_caret_split_mirrors_omnibar_state ... ok
test content::tests::fetched_documents_are_member_and_address_scoped ... ok
test content::tests::flip_toggles_and_failure_retries ... ok
test content::tests::live_nodes_lists_only_live ... ok
test content::tests::source_candidates_are_html_and_address_scoped ... ok
test content::tests::streamed_documents_accumulate_exact_bytes_before_decoding ... ok
test content_classes::tests::download_record_displaces_the_generic_web_page_class ... ok
test content_classes::tests::reconciliation_is_idempotent ... ok
test content_classes::tests::web_and_note_classes_coexist_and_are_admitted_in_one_graph ... ok
test contributed_a11y::tests::a_new_admission_never_reuses_the_old_platform_action_id ... ok
test contributed_a11y::tests::an_unfocused_dom_does_not_invent_focus_and_its_root_uses_the_pane_rect ... ok
test contributed_a11y::tests::current_runner_focus_is_admitted_repeatedly_without_activation ... ok
test contributed_a11y::tests::equal_dom_ids_in_two_panes_never_collide ... ok
test contributed_a11y::tests::helper_refuses_hidden_disabled_and_unsupported_runner_actions ... ok
test contributed_a11y::tests::namespacing_places_bounds_and_preserves_distinct_actions ... ok
test contributed_a11y::tests::queued_old_admission_cannot_activate_a_current_runner_control ... ok
test contributed_a11y::tests::test_provider_without_host_effects_still_admits_current_actions ... ok
test contributed_surface::tests::admission_generations_never_wrap_or_reuse_removed_identity ... ok
test contributed_surface::tests::admitted_pane_exposes_its_retained_dom_and_complete_probe_stylesheet ... ok
test contributed_surface::tests::erased_sessions_dispatch_and_sync_independently_and_drop_from_map ... ok
test contributed_surface::tests::registration_asserts_the_descriptor_source_kind_matches_the_schema ... ok
test contributed_surface::tests::registry_rejects_duplicate_and_validates_schema ... ok
test contributed_surface::tests::retained_map_reuses_one_source_and_replaces_a_repinned_source ... ok
test contributed_surface::tests::retained_projection_and_actions_share_the_live_dom_session ... ok
test contributed_surface::tests::source_schema_is_only_external_schema ... ok
test contributed_surface::tests::typed_unavailability_becomes_a_generic_retained_surface ... ok
test cookie_custody::tests::a_cookie_set_in_one_run_is_there_in_the_next ... ok
test denizen::tests::a_deadband_is_strictly_parsed_and_named_in_review ... ok
test denizen::tests::a_legacy_binding_rebuilds_and_asks_for_a_heal ... ok
test denizen::tests::nested_logs_round_trip_through_disk ... ok
test denizen::tests::staged_installs_are_content_derived_and_reviewable ... ok
test diagnostic_observations::tests::byte_limit_accounts_the_encoded_category_and_envelope ... ok
test diagnostic_observations::tests::event_copy_omits_urls_paths_titles_prompts_and_errors ... ok
test diagnostic_observations::tests::inspection_age_and_disabled_status_are_actual_store_readings ... ok
test diagnostic_observations::tests::inspection_keeps_loss_redaction_and_receipt_reader_independent ... ok
test diagnostic_observations::tests::inspection_settings_are_independent_of_retention ... ok
test diagnostic_observations::tests::overflow_is_visible_to_independent_readers ... ok
test diagnostic_observations::tests::requested_export_failure_fails_the_scenario_sentinel ... ok
test diagnostic_observations::tests::successful_requested_receipt_exports_records_and_loss ... ok
test diagnostic_observations::tests::zero_configuration_reports_disabled_retention ... ok
test distillery_installed_surface::tests::admitted_surface_renders_the_projected_profile_and_paths ... ok
test distillery_installed_surface::tests::malformed_mesh_ids_and_spinning_cadences_are_refused_before_admission ... ok
test distillery_installed_surface::tests::payload_version_is_checked_before_the_snapshot_is_built ... ok
test distillery_installed_surface::tests::registry_admits_the_published_distillery_surface_from_a_versioned_source ... ok
test distillery_installed_surface::tests::resident_cadences_round_trip_through_the_versioned_source ... ok
test distillery_installed_surface::tests::retained_accessibility_projects_a_generic_status_surface ... ok
test download::tests::attachment_and_unrenderable_media_download_but_text_stays_a_document ... ok
test download::tests::filename_prefers_disposition_and_removes_path_authority ... ok
test download::tests::store_writes_a_collision_free_copy_and_retrievable_blob ... ok
test feed::tests::gemtext_feed_preserves_relative_urls_dates_and_dedupes ... ok
test feed::tests::guid_identity_survives_an_enclosure_or_link_change ... ok
test feed::tests::podcast_facts_resolve_against_the_caller_base_and_guid_wins_deduplication ... ok
test feed::tests::rss_and_json_feed_share_the_entry_shape ... ok
test feed::tests::schedule_survives_restart_and_suppresses_unchanged_entries ... ok
test frame_timing::tests::ms_reports_the_frame_log_unit ... ok
test frame_timing::tests::raster_totals_are_derived_from_the_split ... ok
test frame_timing::tests::reset_clears_between_frame_accumulation ... ok
test frame_timing::tests::suggestion_runs_and_refits_count_separately ... ok
test gemini_identity::tests::approval_is_persona_and_capsule_scoped_and_persists_without_secrets ... ok
test gemini_identity::tests::identity_is_stable_per_persona_and_unlinkable_across_capsules ... ok
test gemini_trust::tests::a_change_requires_the_current_pin_and_persists_the_decision ... ok
test gemini_trust::tests::an_interrupted_replace_recovers_the_previous_pin ... ok
test gemini_trust::tests::first_contact_survives_reopen ... ok
test identity::tests::opening_the_vault_retires_the_unsealed_seed ... ok
test identity::tests::the_root_identity_survives_a_restart ... ok
test identity::tests::the_unsealed_fallback_persists_and_says_so ... ok
test inspector_pane::tests::clip_button_bubbles_a_typed_inspector_intent ... ok
test inspector_pane::tests::engine_inventory_human_label_keeps_engine_id_scenario_target ... ok
test inspector_pane::tests::engine_inventory_mapping_preserves_unknown_saved_pin ... ok
test inspector_pane::tests::engine_inventory_new_registration_reaches_picker_and_observation ... ok
test inspector_pane::tests::engine_inventory_resync_discards_focus_request_when_rows_change ... ok
test inspector_pane::tests::engine_inventory_saved_unknown_is_selected_disabled_and_refuses_click ... ok
test inspector_pane::tests::engine_inventory_survives_session_adoption ... ok
test inspector_pane::tests::engine_inventory_valid_selection_recovers_failed_pin_but_keeps_at_rest_closed ... ok
test inspector_pane::tests::focused_document_capabilities_sit_beside_the_viewer_picker ... ok
test inspector_pane::tests::narrow_inspector_probe_selects_registered_scry_for_followed_b_after_a ... ok
test inspector_pane::tests::picking_a_viewer_reports_the_intent_and_mirrors_back ... ok
test inspector_pane::tests::probe_resolved_clip_button_reaches_the_pane_at_receipt_size ... ok
test inspector_pane::tests::synced_sections_reach_the_dom ... ok
test inspector_pane::tests::the_requested_page_zoom_is_mirrored_beside_the_capability ... ok
test inspector_pane::tests::viewer_controls_write_the_followed_member_instead_of_the_runtime_cursor ... ok
test inspector_view::tests::a_lane_without_introspection_is_reported_not_synthesized ... ok
test inspector_view::tests::closing_content_drops_the_facts ... ok
test inspector_view::tests::focused_node_with_live_content_reports_both_sections ... ok
test inspector_view::tests::livery_and_weld_capability_limits_are_presented_honestly ... ok
test inspector_view::tests::no_focus_reports_none_honestly ... ok
test inspector_view::tests::only_a_person_with_the_ui_id_renders_as_you ... ok
test knot_authoring::tests::a_blank_path_setting_reads_as_unset ... ok
test knot_authoring::tests::a_member_with_no_vault_visits_but_holds_nothing ... ok
test knot_authoring::tests::a_place_held_address_matches_the_holder_own_disclosed_address ... ok
test knot_authoring::tests::a_place_held_address_names_its_holder_and_stays_a_knot_address ... ok
test knot_authoring::tests::a_visit_only_engine_offers_no_clip_target ... ok
test knot_authoring::tests::dom_ranges_only_name_an_observed_representation ... ok
test knot_authoring::tests::inspector_clip_crosses_the_typed_endpoint_action ... ignored, receipt: set KNOT_ENDPOINT_TEST_BIN to a built Mere knot_endpoint
test knot_authoring::tests::inspector_clip_retains_livery_source_evidence_end_to_end ... ignored, receipt: set KNOT_ENDPOINT_TEST_BIN to a built Mere knot_endpoint
test knot_authoring::tests::knot_addresses_are_selected_without_claiming_other_files ... ok
test knot_authoring::tests::only_a_personae_root_is_read_as_a_holder ... ok
test knot_authoring::tests::projected_action_is_probe_drivable_by_instance_identity ... ok
test knot_authoring::tests::real_knot_consumer_saves_rejects_stale_and_reopens ... ignored, receipt: set KNOT_ENDPOINT_TEST_BIN to a built Mere knot_endpoint
test knot_authoring::tests::received_communal_auto_run_waits_for_explicit_confirmation ... ignored, receipt: set KNOT_ENDPOINT_TEST_BIN to a built Mere knot_endpoint
test knot_authoring::tests::resolve_and_run_cross_the_consented_authoring_path ... ignored, receipt: set KNOT_ENDPOINT_TEST_BIN to a built Mere knot_endpoint
test knot_authoring::tests::sealed_cache_age_uses_readable_units ... ok
test knot_authoring::tests::sealed_cache_attribution_is_visible_in_the_derived_preview ... ok
test knot_authoring::tests::sharing_rewrites_a_locally_held_document_to_its_holder ... ok
test knot_authoring::tests::synced_knot_head_becomes_public_scenograph_revision_without_save_token ... ok
test knot_authoring::tests::unversioned_knot_source_requires_a_runtime_witness_without_durable_token ... ok
test knot_document_surface::tests::absent_file_is_a_generic_typed_unavailable_surface ... ok
test knot_document_surface::tests::native_protocol_file_sessions_edit_and_save_exact_source_bytes ... ok
test knot_document_surface::tests::native_protocol_sources_are_admitted_by_extension ... ok
test knot_document_surface::tests::payload_version_is_checked_before_file_authority_is_opened ... ok
test knot_document_surface::tests::read_only_source_opens_a_read_only_document_session ... ok
test knot_document_surface::tests::registry_admits_the_published_knot_surface_from_a_versioned_file_source ... ok
test knot_document_surface::tests::retained_accessibility_distinguishes_editable_and_read_only_documents ... ok
test nomadnet::tests::micron_form_explicit_interface_sends_map_and_bounds_resource_reply ... ok
test nomadnet::tests::micron_session_preserves_source_and_produces_scene ... ok
test nomadnet::tests::native_address_keeps_destination_and_opaque_path ... ok
test nomadnet::tests::native_projection_qualifies_same_node_page_links ... ok
test nomadnet::tests::unresolved_aliases_are_rejected_in_every_retained_container ... ok
test observe::tests::semantic_actions_emit_events ... ok
test observe::tests::snapshot_projects_focused_document_capabilities ... ok
test observe::tests::snapshot_reads_focus_omnibar_and_content_coherently ... ok
test observe::tests::snapshot_reports_a_retained_engine_applied_page_zoom ... ok
test observe::tests::snapshot_reports_the_requested_page_zoom ... ok
test overmap::tests::a_label_less_session_titles_by_id_prefix ... ok
test overmap::tests::duplicate_container_ids_collapse_rather_than_corrupt ... ok
test overmap::tests::session_of_url_rejects_foreign_urls ... ok
test overmap::tests::sessions_project_as_container_nodes_with_lineage ... ok
test pane::tests::a_divider_ratio_moves_the_seam ... ok
test pane::tests::a_horizontal_split_halves_the_width_by_ratio ... ok
test pane::tests::a_single_leaf_takes_the_whole_area ... ok
test pane::tests::a_vertical_split_halves_the_height ... ok
test pane::tests::maximize_gives_one_pane_the_whole_area ... ok
test pane::tests::placement_carries_the_leaf_graph_binding ... ok
test panes::blueprint_tests::a_named_layout_carries_a_non_default_chrome_composition ... ok
test panes::blueprint_tests::context_following_resolves_focus_and_pin_makes_it_fixed ... ok
test panes::blueprint_tests::floating_pane_relocates_through_dock_and_window_without_losing_identity ... ok
test panes::blueprint_tests::floating_relocates_the_same_pane_and_survives_serde ... ok
test panes::blueprint_tests::nary_tabs_mixed_surfaces_drag_resize_save_reload_and_tear_out ... ok
test panes::blueprint_tests::normalization_prunes_unknowns_joins_splits_and_repairs_fractions ... ok
test panes::blueprint_tests::tearout_moves_one_pane_spec_between_spaces_without_changing_identity ... ok
test panes::blueprint_tests::validation_rejects_duplicate_stations_and_forme_graph_mismatch ... ok
test panes::blueprint_tests::validation_rejects_one_pane_id_in_two_spaces ... ok
test panes::legacy_bridge::tests::conversion_preserves_leaf_identity_and_binary_ratios ... ok
test panes::registry::tests::built_in_ids_and_schemas_are_unique_and_namespaced ... ok
test panes::registry::tests::publishing_workflows_are_typed_registrations ... ok
test panes::registry::tests::registration_is_the_legacy_content_factory ... ok
test panes::registry::tests::retired_system_and_placeholder_are_not_registered ... ok
test panes::registry::tests::source_shapes_validate_fixed_and_following_sources ... ok
test panes::store::tests::configured_gloss_section_order_survives_frame_and_lens_save ... ok
test panes::store::tests::load_returns_none_when_no_file ... ok
test panes::store::tests::malformed_json_is_invalid_data ... ok
test panes::store::tests::retired_panes_restore_their_content_and_arrangement_in_frame_and_lenses ... ok
test panes::store::tests::save_then_load_round_trips_layout ... ok
test panes::tests::dedupe_graph_panes_keeps_one_orrery_per_graph ... ok
test panes::tests::each_leaf_emits_a_pane_node_with_content_tag_label ... ok
test panes::tests::frame_layout_round_trips_through_serde ... ok
test panes::tests::graph_bound_panes_are_classified_apart_from_window_chrome ... ok
test panes::tests::ids_are_deterministic_across_runs ... ok
test panes::tests::project_frame_with_attaches_subtree_to_matching_leaf ... ok
test panes::tests::reparent_leaf_moves_leaf_without_losing_pane_id ... ok
test panes::tests::reparent_leaf_refuses_self_move ... ok
test panes::tests::reparent_leaf_refuses_when_target_is_not_a_leaf ... ok
test panes::tests::retag_graph_bound_from_repoints_only_the_outgoing_graph ... ok
test panes::tests::retag_graph_bound_repoints_only_graph_bound_leaves ... ok
test panes::tests::root_carries_frame_label ... ok
test panes::tests::set_split_ratio_clamps_and_finds_path ... ok
test panes::tests::split_nodes_carry_axis_and_ratio_in_description ... ok
test place::captured_collection::tests::local_records_group_search_and_survive_cold_reopen ... ok
test place::captured_collection::tests::missing_and_unavailable_manifest_statuses_never_become_text ... ok
test place::captured_collection::tests::targeted_withdrawal_remints_only_the_selected_contribution_away ... ok
test place::contract::tests::every_place_state_maps_to_a_report_that_holds_its_invariants ... ok
test place::contract::tests::grant_expired_maps_to_expired_with_reading_unknown ... ok
test place::contract::tests::grant_revoked_maps_to_revoked_with_reading_cut ... ok
test place::contract::tests::left_maps_to_the_left_verdict_with_reading_unknown_and_no_membership ... ok
test place::contract::tests::member_standing_maps_to_joined_with_membership_and_a_grant ... ok
test place::contract::tests::membership_revoked_maps_to_revoked_with_reading_cut ... ok
test place::invite::tests::a_projection_grant_is_optional_and_digest_checked_like_the_rest ... ok
test place::invite::tests::a_tampered_artifact_is_refused_by_its_own_digest ... ok
test place::invite::tests::a_well_formed_invitation_round_trips_and_validates ... ok
test place::invite::tests::an_addressed_artifact_never_reads_as_verified_empty ... ok
test place::invite::tests::an_oversized_inline_artifact_is_refused_before_it_is_trusted ... ok
test place::invite::tests::an_unknown_carrier_survives_parsing_but_is_never_dialed ... ok
test place::invite::tests::rendezvous_bounds_refuse_a_flooded_envelope ... ok
test place::invite::tests::version_and_binding_faults_are_named_distinctly ... ok
test place::lanes::tests::a_bounded_writer_grant_expires_while_connected_and_reconnect_still_admits ... ok
test place::lanes::tests::a_closed_live_bind_releases_the_store_lock_for_a_reopen ... ok
test place::lanes::tests::a_founder_binds_listen_only_and_reports_its_own_rendezvous ... ok
test place::lanes::tests::a_founder_reconnects_through_an_empty_descriptor ... ok
test place::lanes::tests::a_joined_member_reads_chat_authored_after_a_later_invite ... ok
test place::lanes::tests::a_joiner_catches_up_on_a_live_place_over_one_ticket ... ok
test place::lanes::tests::a_live_share_withdrawal_empties_the_receiver_selected_collection ... ok
test place::lanes::tests::a_membership_admission_and_a_shared_node_race_to_a_connected_joiner ... ok
test place::lanes::tests::a_partition_heals_and_both_sides_converge ... 2026-10-06T21:51:34.133901Z  WARN p2panda_net::sync::actors::topic_manager: sync session failed: Io(Custom { kind: NotConnected, error: ConnectionLost(ApplicationClosed(ApplicationClose { error_code: 0, reason: b"" })) }) session_id=1 topic="d23822b707"
2026-10-06T21:51:34.133909Z  WARN p2panda_net::sync::actors::topic_manager: sync session failed: Io(Custom { kind: NotConnected, error: ConnectionLost(ApplicationClosed(ApplicationClose { error_code: 0, reason: b"" })) }) session_id=1 topic="d23822b707"
2026-10-06T21:51:34.133900Z  WARN p2panda_net::sync::actors::topic_manager: sync session failed: Io(Custom { kind: NotConnected, error: ConnectionLost(ApplicationClosed(ApplicationClose { error_code: 0, reason: b"" })) }) session_id=1 topic="d23822b707"
2026-10-06T21:51:39.144794Z  WARN p2panda_net::iroh_mdns::actor: found invalid transport info coming from iroh's services endpoint_id=9b662f09bb44edb188b2a022b4eb969d44181252866340d454e017372d38d19b
2026-10-06T21:51:39.155576Z  WARN p2panda_net::iroh_mdns::actor: found invalid transport info coming from iroh's services endpoint_id=9b662f09bb44edb188b2a022b4eb969d44181252866340d454e017372d38d19b
2026-10-06T21:51:40.451747Z  WARN p2panda_sync::protocols::topic_log_sync: sync session closed with error error=DecodeMessage("Io(Custom { kind: NotConnected, error: ConnectionLost(ApplicationClosed(ApplicationClose { error_code: 0, reason: b\"\" })) })")
2026-10-06T21:51:40.451715Z  WARN p2panda_sync::protocols::topic_log_sync: sync session closed with error error=DecodeMessage("Io(Custom { kind: NotConnected, error: ConnectionLost(ApplicationClosed(ApplicationClose { error_code: 0, reason: b\"\" })) })")
2026-10-06T21:51:40.452033Z  WARN p2panda_sync::protocols::topic_log_sync: sync session closed with error error=DecodeMessage("Io(Custom { kind: NotConnected, error: ConnectionLost(ApplicationClosed(ApplicationClose { error_code: 0, reason: b\"\" })) })")
2026-10-06T21:51:40.452099Z  WARN p2panda_net::sync::actors::topic_manager: sync session failed: Io(Custom { kind: NotConnected, error: ConnectionLost(ApplicationClosed(ApplicationClose { error_code: 0, reason: b"" })) }) session_id=0 topic="7e7e7e7e7e"
2026-10-06T21:51:40.452280Z  WARN p2panda_net::sync::actors::topic_manager: sync session failed: Io(Custom { kind: NotConnected, error: ConnectionLost(ApplicationClosed(ApplicationClose { error_code: 0, reason: b"" })) }) session_id=0 topic="7e7e7e7e7e"
2026-10-06T21:51:40.452368Z  WARN p2panda_sync::protocols::topic_log_sync: sync session closed with error error=DecodeMessage("Io(Custom { kind: NotConnected, error: ConnectionLost(ApplicationClosed(ApplicationClose { error_code: 0, reason: b\"\" })) })")
2026-10-06T21:51:40.452511Z  WARN p2panda_net::sync::actors::topic_manager: sync session failed: Io(Custom { kind: NotConnected, error: ConnectionLost(ApplicationClosed(ApplicationClose { error_code: 0, reason: b"" })) }) session_id=0 topic="7e7e7e7e7e"
2026-10-06T21:51:40.452511Z  WARN p2panda_net::sync::actors::topic_manager: sync session failed: error sending on message sink: Io(Custom { kind: NotConnected, error: ConnectionLost(ApplicationClosed(ApplicationClose { error_code: 0, reason: b"" })) }) session_id=0 topic="7f7f7f7f7f"
2026-10-06T21:51:40.452515Z  WARN p2panda_sync::protocols::topic_log_sync: sync session closed with error error=DecodeMessage("Io(Custom { kind: NotConnected, error: ConnectionLost(ApplicationClosed(ApplicationClose { error_code: 0, reason: b\"\" })) })")
2026-10-06T21:51:40.452567Z  WARN p2panda_sync::protocols::topic_log_sync: sync session closed with error error=DecodeMessage("Io(Custom { kind: NotConnected, error: ConnectionLost(ApplicationClosed(ApplicationClose { error_code: 0, reason: b\"\" })) })")
2026-10-06T21:51:40.452672Z  WARN p2panda_net::sync::actors::topic_manager: sync session failed: Io(Custom { kind: NotConnected, error: ConnectionLost(ApplicationClosed(ApplicationClose { error_code: 0, reason: b"" })) }) session_id=0 topic="8080808080"
2026-10-06T21:51:40.452736Z  WARN p2panda_net::sync::actors::topic_manager: sync session failed: Io(Custom { kind: NotConnected, error: ConnectionLost(ApplicationClosed(ApplicationClose { error_code: 0, reason: b"" })) }) session_id=0 topic="7e7e7e7e7e"
2026-10-06T21:51:40.452751Z  WARN p2panda_net::sync::actors::topic_manager: sync session failed: Io(Custom { kind: NotConnected, error: ConnectionLost(ApplicationClosed(ApplicationClose { error_code: 0, reason: b"" })) }) session_id=0 topic="7e7e7e7e7e"
2026-10-06T21:51:40.452795Z  WARN p2panda_net::sync::actors::topic_manager: sync session failed: error sending on message sink: Io(Custom { kind: NotConnected, error: ConnectionLost(ApplicationClosed(ApplicationClose { error_code: 0, reason: b"" })) }) session_id=0 topic="7e7e7e7e7e"
2026-10-06T21:51:40.452940Z ERROR iroh::socket::transports::relay: relay_recv_channel closed
2026-10-06T21:51:40.453730Z ERROR iroh::socket::transports::relay: relay_recv_channel closed
ok
test place::lanes::tests::a_projection_session_nudges_the_founder_the_way_a_lane_arrival_does ... 2026-10-06T21:51:45.536872Z ERROR iroh::socket: Endpoint dropped without calling `Endpoint::close`. Aborting ungracefully.
2026-10-06T21:51:46.316309Z  WARN p2panda_net::iroh_mdns::actor: found invalid transport info coming from iroh's services endpoint_id=9b662f09bb44edb188b2a022b4eb969d44181252866340d454e017372d38d19b
2026-10-06T21:51:48.849622Z  WARN p2panda_net::iroh_mdns::actor: found invalid transport info coming from iroh's services endpoint_id=9b662f09bb44edb188b2a022b4eb969d44181252866340d454e017372d38d19b
2026-10-06T21:51:48.849841Z  WARN p2panda_net::iroh_mdns::actor: found invalid transport info coming from iroh's services endpoint_id=9b662f09bb44edb188b2a022b4eb969d44181252866340d454e017372d38d19b
2026-10-06T21:51:48.860821Z  WARN p2panda_net::iroh_mdns::actor: found invalid transport info coming from iroh's services endpoint_id=9b662f09bb44edb188b2a022b4eb969d44181252866340d454e017372d38d19b
2026-10-06T21:51:48.860929Z  WARN p2panda_net::iroh_mdns::actor: found invalid transport info coming from iroh's services endpoint_id=9b662f09bb44edb188b2a022b4eb969d44181252866340d454e017372d38d19b
2026-10-06T21:51:50.715969Z  WARN p2panda_net::iroh_mdns::actor: found invalid transport info coming from iroh's services endpoint_id=9b662f09bb44edb188b2a022b4eb969d44181252866340d454e017372d38d19b
2026-10-06T21:51:50.716115Z  WARN p2panda_net::iroh_mdns::actor: found invalid transport info coming from iroh's services endpoint_id=9b662f09bb44edb188b2a022b4eb969d44181252866340d454e017372d38d19b
2026-10-06T21:51:50.726959Z  WARN p2panda_net::iroh_mdns::actor: found invalid transport info coming from iroh's services endpoint_id=9b662f09bb44edb188b2a022b4eb969d44181252866340d454e017372d38d19b
2026-10-06T21:51:50.726959Z  WARN p2panda_net::iroh_mdns::actor: found invalid transport info coming from iroh's services endpoint_id=9b662f09bb44edb188b2a022b4eb969d44181252866340d454e017372d38d19b
2026-10-06T21:51:52.384698Z  WARN p2panda_net::iroh_mdns::actor: found invalid transport info coming from iroh's services endpoint_id=9b662f09bb44edb188b2a022b4eb969d44181252866340d454e017372d38d19b
2026-10-06T21:51:52.384877Z  WARN p2panda_net::iroh_mdns::actor: found invalid transport info coming from iroh's services endpoint_id=9b662f09bb44edb188b2a022b4eb969d44181252866340d454e017372d38d19b
2026-10-06T21:51:53.535106Z  WARN p2panda_sync::protocols::topic_log_sync: sync session closed with error error=DecodeMessage("Io(Custom { kind: NotConnected, error: ConnectionLost(ApplicationClosed(ApplicationClose { error_code: 0, reason: b\"\" })) })")
2026-10-06T21:51:53.535792Z  WARN p2panda_sync::protocols::topic_log_sync: sync session closed with error error=DecodeMessage("Io(Custom { kind: NotConnected, error: ConnectionLost(ApplicationClosed(ApplicationClose { error_code: 0, reason: b\"\" })) })")
2026-10-06T21:51:53.536041Z  WARN p2panda_net::sync::actors::topic_manager: sync session failed: Io(Custom { kind: NotConnected, error: ConnectionLost(ApplicationClosed(ApplicationClose { error_code: 0, reason: b"" })) }) session_id=1 topic="91b022796f"
2026-10-06T21:51:53.536087Z  WARN p2panda_net::sync::actors::topic_manager: sync session failed: Io(Custom { kind: NotConnected, error: ConnectionLost(ApplicationClosed(ApplicationClose { error_code: 0, reason: b"" })) }) session_id=1 topic="91b022796f"
2026-10-06T21:51:53.536166Z  WARN p2panda_sync::protocols::topic_log_sync: sync session closed with error error=DecodeMessage("Io(Custom { kind: NotConnected, error: ConnectionLost(ApplicationClosed(ApplicationClose { error_code: 0, reason: b\"\" })) })")
2026-10-06T21:51:53.536297Z  WARN p2panda_net::sync::actors::topic_manager: sync session failed: Io(Custom { kind: NotConnected, error: ConnectionLost(ApplicationClosed(ApplicationClose { error_code: 0, reason: b"" })) }) session_id=1 topic="6fcbbe5bf8"
2026-10-06T21:51:53.536361Z  WARN p2panda_sync::protocols::topic_log_sync: sync session closed with error error=DecodeMessage("Io(Custom { kind: NotConnected, error: ConnectionLost(ApplicationClosed(ApplicationClose { error_code: 0, reason: b\"\" })) })")
2026-10-06T21:51:53.536496Z  WARN p2panda_sync::protocols::topic_log_sync: sync session closed with error error=DecodeMessage("Io(Custom { kind: NotConnected, error: ConnectionLost(ApplicationClosed(ApplicationClose { error_code: 0, reason: b\"\" })) })")
2026-10-06T21:51:53.536442Z  WARN p2panda_net::sync::actors::topic_manager: sync session failed: error sending on message sink: Io(Custom { kind: NotConnected, error: ConnectionLost(ApplicationClosed(ApplicationClose { error_code: 0, reason: b"" })) }) session_id=0 topic="6fcbbe5bf8"
2026-10-06T21:51:53.536544Z  WARN p2panda_net::sync::actors::topic_manager: sync session failed: Io(Custom { kind: NotConnected, error: ConnectionLost(ApplicationClosed(ApplicationClose { error_code: 0, reason: b"" })) }) session_id=1 topic="91b022796f"
2026-10-06T21:51:53.536649Z  WARN p2panda_sync::protocols::topic_log_sync: sync session closed with error error=DecodeMessage("Io(Custom { kind: NotConnected, error: ConnectionLost(ApplicationClosed(ApplicationClose { error_code: 0, reason: b\"\" })) })")
2026-10-06T21:51:53.536868Z  WARN p2panda_sync::protocols::topic_log_sync: sync session closed with error error=DecodeMessage("Io(Custom { kind: NotConnected, error: ConnectionLost(ApplicationClosed(ApplicationClose { error_code: 0, reason: b\"\" })) })")
2026-10-06T21:51:53.537059Z  WARN p2panda_sync::protocols::topic_log_sync: sync session closed with error error=DecodeMessage("Io(Custom { kind: NotConnected, error: ConnectionLost(ApplicationClosed(ApplicationClose { error_code: 0, reason: b\"\" })) })")
2026-10-06T21:51:53.537311Z  WARN p2panda_net::sync::actors::topic_manager: sync session failed: Io(Custom { kind: NotConnected, error: ConnectionLost(ApplicationClosed(ApplicationClose { error_code: 0, reason: b"" })) }) session_id=0 topic="2c2211a841"
2026-10-06T21:51:53.538788Z ERROR iroh::socket::transports::relay: relay_recv_channel closed
2026-10-06T21:51:53.539751Z ERROR iroh::socket::transports::relay: relay_recv_channel closed
2026-10-06T21:51:53.541330Z ERROR iroh::socket::transports::relay: relay_recv_channel closed
2026-10-06T21:51:53.542365Z ERROR iroh::socket::transports::relay: relay_recv_channel closed
ok
test place::lanes::tests::a_reader_is_refused_at_the_projection_door ... 2026-10-06T21:51:58.546224Z  WARN p2panda_net::sync::actors::topic_manager: sync session failed: Io(Custom { kind: NotConnected, error: ConnectionLost(ApplicationClosed(ApplicationClose { error_code: 0, reason: b"" })) }) session_id=0 topic="91b022796f"
2026-10-06T21:51:58.546726Z  WARN p2panda_net::sync::actors::topic_manager: sync session failed: Io(Custom { kind: NotConnected, error: ConnectionLost(ApplicationClosed(ApplicationClose { error_code: 0, reason: b"" })) }) session_id=1 topic="2c2211a841"
2026-10-06T21:51:58.546870Z  WARN p2panda_net::sync::actors::topic_manager: sync session failed: Io(Custom { kind: NotConnected, error: ConnectionLost(ApplicationClosed(ApplicationClose { error_code: 0, reason: b"" })) }) session_id=0 topic="91b022796f"
2026-10-06T21:51:59.469072Z  WARN p2panda_net::iroh_mdns::actor: found invalid transport info coming from iroh's services endpoint_id=9b662f09bb44edb188b2a022b4eb969d44181252866340d454e017372d38d19b
2026-10-06T21:52:01.488328Z  WARN p2panda_sync::protocols::topic_log_sync: sync session closed with error error=DecodeMessage("Io(Custom { kind: NotConnected, error: ConnectionLost(ApplicationClosed(ApplicationClose { error_code: 0, reason: b\"\" })) })")
2026-10-06T21:52:01.488541Z  WARN p2panda_sync::protocols::topic_log_sync: sync session closed with error error=DecodeMessage("Io(Custom { kind: NotConnected, error: ConnectionLost(ApplicationClosed(ApplicationClose { error_code: 0, reason: b\"\" })) })")
2026-10-06T21:52:01.488560Z  WARN p2panda_net::sync::actors::topic_manager: sync session failed: Io(Custom { kind: NotConnected, error: ConnectionLost(ApplicationClosed(ApplicationClose { error_code: 0, reason: b"" })) }) session_id=0 topic="3fa4a1aa7c"
2026-10-06T21:52:01.488719Z  WARN p2panda_net::sync::actors::topic_manager: sync session failed: Io(Custom { kind: NotConnected, error: ConnectionLost(ApplicationClosed(ApplicationClose { error_code: 0, reason: b"" })) }) session_id=1 topic="3fa4a1aa7c"
2026-10-06T21:52:01.488921Z  WARN p2panda_sync::protocols::topic_log_sync: sync session closed with error error=DecodeMessage("Io(Custom { kind: NotConnected, error: ConnectionLost(ApplicationClosed(ApplicationClose { error_code: 0, reason: b\"\" })) })")
2026-10-06T21:52:01.489016Z  WARN p2panda_sync::protocols::topic_log_sync: sync session closed with error error=DecodeMessage("Io(Custom { kind: NotConnected, error: ConnectionLost(ApplicationClosed(ApplicationClose { error_code: 0, reason: b\"\" })) })")
2026-10-06T21:52:01.489178Z  WARN p2panda_net::sync::actors::topic_manager: sync session failed: Io(Custom { kind: NotConnected, error: ConnectionLost(ApplicationClosed(ApplicationClose { error_code: 0, reason: b"" })) }) session_id=1 topic="d8a2d3d78c"
2026-10-06T21:52:01.489296Z  WARN p2panda_net::sync::actors::topic_manager: sync session failed: Io(Custom { kind: NotConnected, error: ConnectionLost(ApplicationClosed(ApplicationClose { error_code: 0, reason: b"" })) }) session_id=1 topic="3fa4a1aa7c"
2026-10-06T21:52:01.489323Z  WARN p2panda_sync::protocols::topic_log_sync: sync session closed with error error=DecodeMessage("Io(Custom { kind: NotConnected, error: ConnectionLost(ApplicationClosed(ApplicationClose { error_code: 0, reason: b\"\" })) })")
2026-10-06T21:52:01.489355Z  WARN p2panda_sync::protocols::topic_log_sync: sync session closed with error error=DecodeMessage("Io(Custom { kind: NotConnected, error: ConnectionLost(ApplicationClosed(ApplicationClose { error_code: 0, reason: b\"\" })) })")
2026-10-06T21:52:01.489524Z  WARN p2panda_net::sync::actors::topic_manager: sync session failed: Io(Custom { kind: NotConnected, error: ConnectionLost(ApplicationClosed(ApplicationClose { error_code: 0, reason: b"" })) }) session_id=0 topic="3fa4a1aa7c"
2026-10-06T21:52:01.489754Z  WARN p2panda_net::sync::actors::topic_manager: sync session failed: error sending on message sink: Io(Custom { kind: NotConnected, error: ConnectionLost(ApplicationClosed(ApplicationClose { error_code: 0, reason: b"" })) }) session_id=1 topic="66cfd0ad89"
2026-10-06T21:52:01.489858Z  WARN p2panda_net::sync::actors::topic_manager: sync session failed: error sending on message sink: Io(Custom { kind: NotConnected, error: ConnectionLost(ApplicationClosed(ApplicationClose { error_code: 0, reason: b"" })) }) session_id=0 topic="66cfd0ad89"
2026-10-06T21:52:01.489963Z  WARN p2panda_sync::protocols::topic_log_sync: sync session closed with error error=DecodeMessage("Io(Custom { kind: NotConnected, error: ConnectionLost(ApplicationClosed(ApplicationClose { error_code: 0, reason: b\"\" })) })")
2026-10-06T21:52:01.490463Z  WARN p2panda_sync::protocols::topic_log_sync: sync session closed with error error=DecodeMessage("Io(Custom { kind: NotConnected, error: ConnectionLost(ApplicationClosed(ApplicationClose { error_code: 0, reason: b\"\" })) })")
2026-10-06T21:52:01.491257Z  WARN p2panda_sync::protocols::topic_log_sync: sync session closed with error error=DecodeMessage("Io(Custom { kind: NotConnected, error: ConnectionLost(ApplicationClosed(ApplicationClose { error_code: 0, reason: b\"\" })) })")
2026-10-06T21:52:01.491453Z ERROR iroh::socket::transports::relay: relay_recv_channel closed
2026-10-06T21:52:01.492433Z ERROR iroh::socket::transports::relay: relay_recv_channel closed
2026-10-06T21:52:01.493814Z ERROR iroh::socket::transports::relay: relay_recv_channel closed
2026-10-06T21:52:01.494727Z ERROR iroh::socket::transports::relay: relay_recv_channel closed
ok
test place::lanes::tests::a_replayed_operation_adds_no_place_state ... 2026-10-06T21:52:05.657070Z  WARN p2panda_net::iroh_mdns::actor: found invalid transport info coming from iroh's services endpoint_id=9b662f09bb44edb188b2a022b4eb969d44181252866340d454e017372d38d19b
2026-10-06T21:52:06.498007Z  WARN p2panda_net::sync::actors::topic_manager: sync session failed: Io(Custom { kind: NotConnected, error: ConnectionLost(ApplicationClosed(ApplicationClose { error_code: 0, reason: b"" })) }) session_id=0 topic="d8a2d3d78c"
2026-10-06T21:52:06.498034Z  WARN p2panda_net::sync::actors::topic_manager: sync session failed: Io(Custom { kind: NotConnected, error: ConnectionLost(ApplicationClosed(ApplicationClose { error_code: 0, reason: b"" })) }) session_id=1 topic="3fa4a1aa7c"
2026-10-06T21:52:06.498070Z  WARN p2panda_net::sync::actors::topic_manager: sync session failed: Io(Custom { kind: NotConnected, error: ConnectionLost(ApplicationClosed(ApplicationClose { error_code: 0, reason: b"" })) }) session_id=0 topic="3fa4a1aa7c"
2026-10-06T21:52:06.498104Z  WARN p2panda_net::sync::actors::topic_manager: sync session failed: Io(Custom { kind: NotConnected, error: ConnectionLost(ApplicationClosed(ApplicationClose { error_code: 0, reason: b"" })) }) session_id=0 topic="3fa4a1aa7c"
2026-10-06T21:52:06.611478Z  WARN p2panda_net::iroh_mdns::actor: found invalid transport info coming from iroh's services endpoint_id=9b662f09bb44edb188b2a022b4eb969d44181252866340d454e017372d38d19b
2026-10-06T21:52:06.624807Z  WARN p2panda_net::iroh_mdns::actor: found invalid transport info coming from iroh's services endpoint_id=9b662f09bb44edb188b2a022b4eb969d44181252866340d454e017372d38d19b
2026-10-06T21:52:08.241128Z  WARN p2panda_net::iroh_mdns::actor: found invalid transport info coming from iroh's services endpoint_id=9b662f09bb44edb188b2a022b4eb969d44181252866340d454e017372d38d19b
2026-10-06T21:52:08.251129Z  WARN p2panda_net::iroh_mdns::actor: found invalid transport info coming from iroh's services endpoint_id=9b662f09bb44edb188b2a022b4eb969d44181252866340d454e017372d38d19b
2026-10-06T21:52:10.679315Z  WARN p2panda_net::iroh_mdns::actor: found invalid transport info coming from iroh's services endpoint_id=9b662f09bb44edb188b2a022b4eb969d44181252866340d454e017372d38d19b
2026-10-06T21:52:10.679364Z  WARN p2panda_net::iroh_mdns::actor: found invalid transport info coming from iroh's services endpoint_id=9b662f09bb44edb188b2a022b4eb969d44181252866340d454e017372d38d19b
2026-10-06T21:52:10.969586Z  WARN p2panda_sync::protocols::topic_log_sync: sync session closed with error error=DecodeMessage("Io(Custom { kind: NotConnected, error: ConnectionLost(ApplicationClosed(ApplicationClose { error_code: 0, reason: b\"\" })) })")
2026-10-06T21:52:10.969803Z  WARN p2panda_sync::protocols::topic_log_sync: sync session closed with error error=DecodeMessage("Io(Custom { kind: NotConnected, error: ConnectionLost(ApplicationClosed(ApplicationClose { error_code: 0, reason: b\"\" })) })")
2026-10-06T21:52:10.969811Z  WARN p2panda_sync::protocols::topic_log_sync: sync session closed with error error=DecodeMessage("Io(Custom { kind: NotConnected, error: ConnectionLost(ApplicationClosed(ApplicationClose { error_code: 0, reason: b\"\" })) })")
2026-10-06T21:52:10.970063Z  WARN p2panda_sync::protocols::topic_log_sync: sync session closed with error error=DecodeMessage("Io(Custom { kind: NotConnected, error: ConnectionLost(ApplicationClosed(ApplicationClose { error_code: 0, reason: b\"\" })) })")
2026-10-06T21:52:10.970110Z  WARN p2panda_net::sync::actors::topic_manager: sync session failed: Io(Custom { kind: NotConnected, error: ConnectionLost(ApplicationClosed(ApplicationClose { error_code: 0, reason: b"" })) }) session_id=1 topic="315225ba72"
2026-10-06T21:52:10.970256Z  WARN p2panda_sync::protocols::topic_log_sync: sync session closed with error error=DecodeMessage("Io(Custom { kind: NotConnected, error: ConnectionLost(ApplicationClosed(ApplicationClose { error_code: 0, reason: b\"\" })) })")
2026-10-06T21:52:10.970337Z  WARN p2panda_net::sync::actors::topic_manager: sync session failed: Io(Custom { kind: NotConnected, error: ConnectionLost(ApplicationClosed(ApplicationClose { error_code: 0, reason: b"" })) }) session_id=0 topic="315225ba72"
2026-10-06T21:52:10.970344Z  WARN p2panda_net::sync::actors::topic_manager: sync session failed: Io(Custom { kind: NotConnected, error: ConnectionLost(ApplicationClosed(ApplicationClose { error_code: 0, reason: b"" })) }) session_id=0 topic="315225ba72"
2026-10-06T21:52:10.970384Z  WARN p2panda_net::sync::actors::topic_manager: sync session failed: Io(Custom { kind: NotConnected, error: ConnectionLost(ApplicationClosed(ApplicationClose { error_code: 0, reason: b"" })) }) session_id=1 topic="315225ba72"
2026-10-06T21:52:10.970520Z  WARN p2panda_sync::protocols::topic_log_sync: sync session closed with error error=DecodeMessage("Io(Custom { kind: NotConnected, error: ConnectionLost(ApplicationClosed(ApplicationClose { error_code: 0, reason: b\"\" })) })")
2026-10-06T21:52:10.970540Z  WARN p2panda_sync::protocols::topic_log_sync: sync session closed with error error=DecodeMessage("Io(Custom { kind: NotConnected, error: ConnectionLost(ApplicationClosed(ApplicationClose { error_code: 0, reason: b\"\" })) })")
2026-10-06T21:52:10.970771Z  WARN p2panda_net::sync::actors::topic_manager: sync session failed: Io(Custom { kind: NotConnected, error: ConnectionLost(ApplicationClosed(ApplicationClose { error_code: 0, reason: b"" })) }) session_id=1 topic="315225ba72"
2026-10-06T21:52:10.970771Z  WARN p2panda_net::sync::actors::topic_manager: sync session failed: Io(Custom { kind: NotConnected, error: ConnectionLost(ApplicationClosed(ApplicationClose { error_code: 0, reason: b"" })) }) session_id=1 topic="122e9d794b"
2026-10-06T21:52:10.971149Z  WARN p2panda_net::sync::actors::topic_manager: sync session failed: Io(Custom { kind: NotConnected, error: ConnectionLost(ApplicationClosed(ApplicationClose { error_code: 0, reason: b"" })) }) session_id=1 topic="4adde87ab1"
2026-10-06T21:52:10.971416Z  WARN p2panda_sync::protocols::topic_log_sync: sync session closed with error error=DecodeMessage("Io(Custom { kind: NotConnected, error: ConnectionLost(ApplicationClosed(ApplicationClose { error_code: 0, reason: b\"\" })) })")
2026-10-06T21:52:10.971585Z  WARN p2panda_sync::protocols::topic_log_sync: sync session closed with error error=DecodeMessage("Io(Custom { kind: NotConnected, error: ConnectionLost(ApplicationClosed(ApplicationClose { error_code: 0, reason: b\"\" })) })")
2026-10-06T21:52:10.972151Z  WARN p2panda_sync::protocols::topic_log_sync: sync session closed with error error=DecodeMessage("Io(Custom { kind: NotConnected, error: ConnectionLost(ApplicationClosed(ApplicationClose { error_code: 0, reason: b\"\" })) })")
2026-10-06T21:52:10.972184Z  WARN p2panda_net::sync::actors::topic_manager: sync session failed: error sending on message sink: Io(Custom { kind: NotConnected, error: ConnectionLost(ApplicationClosed(ApplicationClose { error_code: 0, reason: b"" })) }) session_id=0 topic="315225ba72"
2026-10-06T21:52:10.972301Z  WARN p2panda_sync::protocols::topic_log_sync: sync session closed with error error=DecodeMessage("Io(Custom { kind: NotConnected, error: ConnectionLost(ApplicationClosed(ApplicationClose { error_code: 0, reason: b\"\" })) })")
2026-10-06T21:52:10.973611Z ERROR iroh::socket::transports::relay: relay_recv_channel closed
2026-10-06T21:52:10.974717Z ERROR iroh::socket::transports::relay: relay_recv_channel closed
2026-10-06T21:52:11.687676Z  WARN p2panda_net::iroh_mdns::actor: found invalid transport info coming from iroh's services endpoint_id=9b662f09bb44edb188b2a022b4eb969d44181252866340d454e017372d38d19b
2026-10-06T21:52:11.698826Z  WARN p2panda_net::iroh_mdns::actor: found invalid transport info coming from iroh's services endpoint_id=9b662f09bb44edb188b2a022b4eb969d44181252866340d454e017372d38d19b
2026-10-06T21:52:13.414220Z  WARN p2panda_net::iroh_mdns::actor: found invalid transport info coming from iroh's services endpoint_id=9b662f09bb44edb188b2a022b4eb969d44181252866340d454e017372d38d19b
2026-10-06T21:52:14.282615Z  WARN p2panda_net::iroh_mdns::actor: found invalid transport info coming from iroh's services endpoint_id=9b662f09bb44edb188b2a022b4eb969d44181252866340d454e017372d38d19b
2026-10-06T21:52:14.294655Z  WARN p2panda_net::iroh_mdns::actor: found invalid transport info coming from iroh's services endpoint_id=9b662f09bb44edb188b2a022b4eb969d44181252866340d454e017372d38d19b
2026-10-06T21:52:15.973693Z  WARN p2panda_net::sync::actors::topic_manager: sync session failed: Io(Custom { kind: NotConnected, error: ConnectionLost(ApplicationClosed(ApplicationClose { error_code: 0, reason: b"" })) }) session_id=1 topic="315225ba72"
2026-10-06T21:52:15.974252Z  WARN p2panda_net::sync::actors::topic_manager: sync session failed: Io(Custom { kind: NotConnected, error: ConnectionLost(ApplicationClosed(ApplicationClose { error_code: 0, reason: b"" })) }) session_id=0 topic="4adde87ab1"
2026-10-06T21:52:15.974341Z  WARN p2panda_net::sync::actors::topic_manager: sync session failed: Io(Custom { kind: NotConnected, error: ConnectionLost(ApplicationClosed(ApplicationClose { error_code: 0, reason: b"" })) }) session_id=1 topic="315225ba72"
2026-10-06T21:52:15.974618Z  WARN p2panda_net::sync::actors::topic_manager: sync session failed: Io(Custom { kind: NotConnected, error: ConnectionLost(ApplicationClosed(ApplicationClose { error_code: 0, reason: b"" })) }) session_id=0 topic="315225ba72"
2026-10-06T21:52:16.425333Z  WARN p2panda_net::iroh_mdns::actor: found invalid transport info coming from iroh's services endpoint_id=9b662f09bb44edb188b2a022b4eb969d44181252866340d454e017372d38d19b
2026-10-06T21:52:17.969714Z  WARN p2panda_net::iroh_mdns::actor: found invalid transport info coming from iroh's services endpoint_id=9b662f09bb44edb188b2a022b4eb969d44181252866340d454e017372d38d19b
2026-10-06T21:52:19.707800Z  WARN p2panda_net::iroh_mdns::actor: found invalid transport info coming from iroh's services endpoint_id=9b662f09bb44edb188b2a022b4eb969d44181252866340d454e017372d38d19b
2026-10-06T21:52:19.714396Z  WARN p2panda_net::iroh_mdns::actor: found invalid transport info coming from iroh's services endpoint_id=9b662f09bb44edb188b2a022b4eb969d44181252866340d454e017372d38d19b
2026-10-06T21:52:19.719826Z  WARN p2panda_net::iroh_mdns::actor: found invalid transport info coming from iroh's services endpoint_id=9b662f09bb44edb188b2a022b4eb969d44181252866340d454e017372d38d19b
2026-10-06T21:52:19.725721Z  WARN p2panda_net::iroh_mdns::actor: found invalid transport info coming from iroh's services endpoint_id=9b662f09bb44edb188b2a022b4eb969d44181252866340d454e017372d38d19b
2026-10-06T21:52:20.883713Z  WARN p2panda_sync::protocols::topic_log_sync: sync session closed with error error=DecodeMessage("Io(Custom { kind: NotConnected, error: ConnectionLost(ApplicationClosed(ApplicationClose { error_code: 0, reason: b\"\" })) })")
2026-10-06T21:52:20.883856Z  WARN p2panda_sync::protocols::topic_log_sync: sync session closed with error error=DecodeMessage("Io(Custom { kind: NotConnected, error: ConnectionLost(ApplicationClosed(ApplicationClose { error_code: 0, reason: b\"\" })) })")
2026-10-06T21:52:20.884061Z  WARN p2panda_net::sync::actors::topic_manager: sync session failed: Io(Custom { kind: NotConnected, error: ConnectionLost(ApplicationClosed(ApplicationClose { error_code: 0, reason: b"" })) }) session_id=0 topic="667e9edf9c"
2026-10-06T21:52:20.884282Z  WARN p2panda_net::sync::actors::topic_manager: sync session failed: Io(Custom { kind: NotConnected, error: ConnectionLost(ApplicationClosed(ApplicationClose { error_code: 0, reason: b"" })) }) session_id=1 topic="315225ba72"
2026-10-06T21:52:20.884451Z  WARN p2panda_sync::protocols::topic_log_sync: sync session closed with error error=DecodeMessage("Io(Custom { kind: NotConnected, error: ConnectionLost(ApplicationClosed(ApplicationClose { error_code: 0, reason: b\"\" })) })")
2026-10-06T21:52:20.884564Z  WARN p2panda_sync::protocols::topic_log_sync: sync session closed with error error=DecodeMessage("Io(Custom { kind: NotConnected, error: ConnectionLost(ApplicationClosed(ApplicationClose { error_code: 0, reason: b\"\" })) })")
2026-10-06T21:52:20.884594Z  WARN p2panda_sync::protocols::topic_log_sync: sync session closed with error error=DecodeMessage("Io(Custom { kind: NotConnected, error: ConnectionLost(ApplicationClosed(ApplicationClose { error_code: 0, reason: b\"\" })) })")
2026-10-06T21:52:20.884861Z  WARN p2panda_sync::protocols::topic_log_sync: sync session closed with error error=DecodeMessage("Io(Custom { kind: NotConnected, error: ConnectionLost(ApplicationClosed(ApplicationClose { error_code: 0, reason: b\"\" })) })")
2026-10-06T21:52:20.884951Z  WARN p2panda_net::sync::actors::topic_manager: sync session failed: Io(Custom { kind: NotConnected, error: ConnectionLost(ApplicationClosed(ApplicationClose { error_code: 0, reason: b"" })) }) session_id=0 topic="122e9d794b"
2026-10-06T21:52:20.885167Z  WARN p2panda_net::sync::actors::topic_manager: sync session failed: Io(Custom { kind: NotConnected, error: ConnectionLost(ApplicationClosed(ApplicationClose { error_code: 0, reason: b"" })) }) session_id=0 topic="315225ba72"
2026-10-06T21:52:20.885672Z  WARN p2panda_sync::protocols::topic_log_sync: sync session closed with error error=DecodeMessage("Io(Custom { kind: NotConnected, error: ConnectionLost(ApplicationClosed(ApplicationClose { error_code: 0, reason: b\"\" })) })")
2026-10-06T21:52:20.885878Z  WARN p2panda_sync::protocols::topic_log_sync: sync session closed with error error=DecodeMessage("Io(Custom { kind: NotConnected, error: ConnectionLost(ApplicationClosed(ApplicationClose { error_code: 0, reason: b\"\" })) })")
2026-10-06T21:52:20.885903Z  WARN p2panda_sync::protocols::topic_log_sync: sync session closed with error error=DecodeMessage("Io(Custom { kind: NotConnected, error: ConnectionLost(ApplicationClosed(ApplicationClose { error_code: 0, reason: b\"\" })) })")
2026-10-06T21:52:20.886002Z  WARN p2panda_net::sync::actors::topic_manager: sync session failed: Io(Custom { kind: NotConnected, error: ConnectionLost(ApplicationClosed(ApplicationClose { error_code: 0, reason: b"" })) }) session_id=1 topic="315225ba72"
2026-10-06T21:52:20.886106Z  WARN p2panda_sync::protocols::topic_log_sync: sync session closed with error error=DecodeMessage("Io(Custom { kind: NotConnected, error: ConnectionLost(ApplicationClosed(ApplicationClose { error_code: 0, reason: b\"\" })) })")
2026-10-06T21:52:20.886285Z  WARN p2panda_sync::protocols::topic_log_sync: sync session closed with error error=DecodeMessage("Io(Custom { kind: NotConnected, error: ConnectionLost(ApplicationClosed(ApplicationClose { error_code: 0, reason: b\"\" })) })")
2026-10-06T21:52:20.886411Z  WARN p2panda_net::sync::actors::topic_manager: sync session failed: Io(Custom { kind: NotConnected, error: ConnectionLost(ApplicationClosed(ApplicationClose { error_code: 0, reason: b"" })) }) session_id=1 topic="315225ba72"
2026-10-06T21:52:20.886893Z  WARN p2panda_net::sync::actors::topic_manager: sync session failed: log sync error receiving from message stream: MessageStream("Io(Custom { kind: NotConnected, error: ConnectionLost(ApplicationClosed(ApplicationClose { error_code: 0, reason: b\"\" })) })") session_id=0 topic="4adde87ab1"
2026-10-06T21:52:20.887144Z  WARN p2panda_sync::protocols::topic_log_sync: sync session closed with error error=DecodeMessage("Io(Custom { kind: NotConnected, error: ConnectionLost(ApplicationClosed(ApplicationClose { error_code: 0, reason: b\"\" })) })")
2026-10-06T21:52:20.887187Z  WARN p2panda_net::sync::actors::topic_manager: sync session failed: log sync error receiving from message stream: MessageStream("Io(Custom { kind: NotConnected, error: ConnectionLost(ApplicationClosed(ApplicationClose { error_code: 0, reason: b\"\" })) })") session_id=0 topic="315225ba72"
2026-10-06T21:52:20.887206Z ERROR iroh::socket::transports::relay: relay_recv_channel closed
2026-10-06T21:52:20.887179Z  WARN p2panda_net::sync::actors::topic_manager: sync session failed: log sync error receiving from message stream: MessageStream("Io(Custom { kind: NotConnected, error: ConnectionLost(ApplicationClosed(ApplicationClose { error_code: 0, reason: b\"\" })) })") session_id=0 topic="315225ba72"
2026-10-06T21:52:20.887400Z  WARN p2panda_net::sync::actors::topic_manager: sync session failed: log sync error receiving from message stream: MessageStream("Io(Custom { kind: NotConnected, error: ConnectionLost(ApplicationClosed(ApplicationClose { error_code: 0, reason: b\"\" })) })") session_id=0 topic="315225ba72"
2026-10-06T21:52:20.888113Z ERROR iroh::socket::transports::relay: relay_recv_channel closed
2026-10-06T21:52:20.980624Z  WARN p2panda_net::iroh_endpoint::actors::connection: connection establishment failed: Endpoint is closed
2026-10-06T21:52:20.980882Z  WARN p2panda_net::iroh_endpoint::actors::connection: connection establishment failed: Endpoint is closed
2026-10-06T21:52:20.981144Z  WARN p2panda_net::iroh_endpoint::actors::connection: connection establishment failed: Endpoint is closed
2026-10-06T21:52:20.981423Z  WARN p2panda_net::iroh_endpoint::actors::connection: connection establishment failed: Endpoint is closed
2026-10-06T21:52:21.287546Z ERROR iroh::socket::transports::relay: relay_recv_channel closed
2026-10-06T21:52:21.288498Z ERROR iroh::socket::transports::relay: relay_recv_channel closed
ok
test place::lanes::tests::a_restarted_place_keeps_what_it_converged_on ... 2026-10-06T21:52:25.893066Z  WARN p2panda_net::sync::actors::topic_manager: sync session failed: Io(Custom { kind: NotConnected, error: ConnectionLost(ApplicationClosed(ApplicationClose { error_code: 0, reason: b"" })) }) session_id=1 topic="667e9edf9c"
2026-10-06T21:52:25.893066Z  WARN p2panda_net::sync::actors::topic_manager: sync session failed: Io(Custom { kind: NotConnected, error: ConnectionLost(ApplicationClosed(ApplicationClose { error_code: 0, reason: b"" })) }) session_id=0 topic="315225ba72"
2026-10-06T21:52:25.893257Z  WARN p2panda_net::sync::actors::topic_manager: sync session failed: Io(Custom { kind: NotConnected, error: ConnectionLost(ApplicationClosed(ApplicationClose { error_code: 0, reason: b"" })) }) session_id=1 topic="315225ba72"
2026-10-06T21:52:25.893326Z  WARN p2panda_net::sync::actors::topic_manager: sync session failed: Io(Custom { kind: NotConnected, error: ConnectionLost(ApplicationClosed(ApplicationClose { error_code: 0, reason: b"" })) }) session_id=1 topic="122e9d794b"
2026-10-06T21:52:25.893449Z  WARN p2panda_net::sync::actors::topic_manager: sync session failed: Io(Custom { kind: NotConnected, error: ConnectionLost(ApplicationClosed(ApplicationClose { error_code: 0, reason: b"" })) }) session_id=0 topic="315225ba72"
2026-10-06T21:52:25.893518Z  WARN p2panda_net::sync::actors::topic_manager: sync session failed: Io(Custom { kind: NotConnected, error: ConnectionLost(ApplicationClosed(ApplicationClose { error_code: 0, reason: b"" })) }) session_id=0 topic="315225ba72"
2026-10-06T21:52:30.485558Z  WARN p2panda_net::iroh_mdns::actor: found invalid transport info coming from iroh's services endpoint_id=9b662f09bb44edb188b2a022b4eb969d44181252866340d454e017372d38d19b
2026-10-06T21:52:30.496715Z  WARN p2panda_net::iroh_mdns::actor: found invalid transport info coming from iroh's services endpoint_id=9b662f09bb44edb188b2a022b4eb969d44181252866340d454e017372d38d19b
2026-10-06T21:52:31.376236Z  WARN p2panda_net::iroh_mdns::actor: found invalid transport info coming from iroh's services endpoint_id=9b662f09bb44edb188b2a022b4eb969d44181252866340d454e017372d38d19b
2026-10-06T21:52:31.387053Z  WARN p2panda_net::iroh_mdns::actor: found invalid transport info coming from iroh's services endpoint_id=9b662f09bb44edb188b2a022b4eb969d44181252866340d454e017372d38d19b
2026-10-06T21:52:31.494704Z  WARN p2panda_sync::protocols::topic_log_sync: sync session closed with error error=DecodeMessage("Io(Custom { kind: NotConnected, error: ConnectionLost(ApplicationClosed(ApplicationClose { error_code: 0, reason: b\"\" })) })")
2026-10-06T21:52:31.495111Z  WARN p2panda_net::sync::actors::topic_manager: sync session failed: Io(Custom { kind: NotConnected, error: ConnectionLost(ApplicationClosed(ApplicationClose { error_code: 0, reason: b"" })) }) session_id=1 topic="8c8c8c8c8c"
2026-10-06T21:52:31.495169Z  WARN p2panda_sync::protocols::topic_log_sync: sync session closed with error error=DecodeMessage("Io(Custom { kind: NotConnected, error: ConnectionLost(ApplicationClosed(ApplicationClose { error_code: 0, reason: b\"\" })) })")
2026-10-06T21:52:31.495273Z  WARN p2panda_sync::protocols::topic_log_sync: sync session closed with error error=DecodeMessage("Io(Custom { kind: NotConnected, error: ConnectionLost(ApplicationClosed(ApplicationClose { error_code: 0, reason: b\"\" })) })")
2026-10-06T21:52:31.495632Z  WARN p2panda_net::sync::actors::topic_manager: sync session failed: Io(Custom { kind: NotConnected, error: ConnectionLost(ApplicationClosed(ApplicationClose { error_code: 0, reason: b"" })) }) session_id=0 topic="8a8a8a8a8a"
2026-10-06T21:52:31.495660Z  WARN p2panda_net::sync::actors::topic_manager: sync session failed: Io(Custom { kind: NotConnected, error: ConnectionLost(ApplicationClosed(ApplicationClose { error_code: 0, reason: b"" })) }) session_id=1 topic="8b8b8b8b8b"
2026-10-06T21:52:31.495795Z  WARN p2panda_sync::protocols::topic_log_sync: sync session closed with error error=DecodeMessage("Io(Custom { kind: NotConnected, error: ConnectionLost(ApplicationClosed(ApplicationClose { error_code: 0, reason: b\"\" })) })")
2026-10-06T21:52:31.495879Z  WARN p2panda_sync::protocols::topic_log_sync: sync session closed with error error=DecodeMessage("Io(Custom { kind: NotConnected, error: ConnectionLost(ApplicationClosed(ApplicationClose { error_code: 0, reason: b\"\" })) })")
2026-10-06T21:52:31.496084Z  WARN p2panda_sync::protocols::topic_log_sync: sync session closed with error error=DecodeMessage("Io(Custom { kind: NotConnected, error: ConnectionLost(ApplicationClosed(ApplicationClose { error_code: 0, reason: b\"\" })) })")
2026-10-06T21:52:31.496179Z  WARN p2panda_net::sync::actors::topic_manager: sync session failed: Io(Custom { kind: NotConnected, error: ConnectionLost(ApplicationClosed(ApplicationClose { error_code: 0, reason: b"" })) }) session_id=1 topic="8a8a8a8a8a"
2026-10-06T21:52:31.496194Z  WARN p2panda_sync::protocols::topic_log_sync: sync session closed with error error=DecodeMessage("Io(Custom { kind: NotConnected, error: ConnectionLost(ApplicationClosed(ApplicationClose { error_code: 0, reason: b\"\" })) })")
2026-10-06T21:52:31.496273Z  WARN p2panda_net::sync::actors::topic_manager: sync session failed: Io(Custom { kind: NotConnected, error: ConnectionLost(ApplicationClosed(ApplicationClose { error_code: 0, reason: b"" })) }) session_id=0 topic="8a8a8a8a8a"
2026-10-06T21:52:31.496388Z  WARN p2panda_net::sync::actors::topic_manager: sync session failed: Io(Custom { kind: NotConnected, error: ConnectionLost(ApplicationClosed(ApplicationClose { error_code: 0, reason: b"" })) }) session_id=0 topic="8a8a8a8a8a"
2026-10-06T21:52:31.496571Z  WARN p2panda_sync::protocols::topic_log_sync: sync session closed with error error=DecodeMessage("Io(Custom { kind: NotConnected, error: ConnectionLost(ApplicationClosed(ApplicationClose { error_code: 0, reason: b\"\" })) })")
2026-10-06T21:52:31.496588Z  WARN p2panda_net::sync::actors::topic_manager: sync session failed: error sending on message sink: Io(Custom { kind: NotConnected, error: ConnectionLost(ApplicationClosed(ApplicationClose { error_code: 0, reason: b"" })) }) session_id=1 topic="8a8a8a8a8a"
2026-10-06T21:52:31.496661Z  WARN p2panda_net::sync::actors::topic_manager: sync session failed: error sending on message sink: Io(Custom { kind: NotConnected, error: ConnectionLost(ApplicationClosed(ApplicationClose { error_code: 0, reason: b"" })) }) session_id=1 topic="8a8a8a8a8a"
2026-10-06T21:52:31.496764Z  WARN p2panda_sync::protocols::topic_log_sync: sync session closed with error error=DecodeMessage("Io(Custom { kind: NotConnected, error: ConnectionLost(ApplicationClosed(ApplicationClose { error_code: 0, reason: b\"\" })) })")
2026-10-06T21:52:31.497182Z  WARN p2panda_sync::protocols::topic_log_sync: sync session closed with error error=DecodeMessage("Io(Custom { kind: NotConnected, error: ConnectionLost(ApplicationClosed(ApplicationClose { error_code: 0, reason: b\"\" })) })")
2026-10-06T21:52:31.498029Z ERROR iroh::socket::transports::relay: relay_recv_channel closed
2026-10-06T21:52:31.498944Z ERROR iroh::socket::transports::relay: relay_recv_channel closed
2026-10-06T21:52:36.497342Z  WARN p2panda_net::sync::actors::topic_manager: sync session failed: Io(Custom { kind: NotConnected, error: ConnectionLost(ApplicationClosed(ApplicationClose { error_code: 0, reason: b"" })) }) session_id=0 topic="8c8c8c8c8c"
2026-10-06T21:52:36.497342Z  WARN p2panda_net::sync::actors::topic_manager: sync session failed: Io(Custom { kind: NotConnected, error: ConnectionLost(ApplicationClosed(ApplicationClose { error_code: 0, reason: b"" })) }) session_id=1 topic="8a8a8a8a8a"
2026-10-06T21:52:36.497342Z  WARN p2panda_net::sync::actors::topic_manager: sync session failed: Io(Custom { kind: NotConnected, error: ConnectionLost(ApplicationClosed(ApplicationClose { error_code: 0, reason: b"" })) }) session_id=0 topic="8a8a8a8a8a"
2026-10-06T21:52:36.497342Z  WARN p2panda_net::sync::actors::topic_manager: sync session failed: Io(Custom { kind: NotConnected, error: ConnectionLost(ApplicationClosed(ApplicationClose { error_code: 0, reason: b"" })) }) session_id=0 topic="8b8b8b8b8b"
2026-10-06T21:52:40.784380Z  WARN p2panda_net::iroh_mdns::actor: found invalid transport info coming from iroh's services endpoint_id=9b662f09bb44edb188b2a022b4eb969d44181252866340d454e017372d38d19b
2026-10-06T21:52:40.794216Z  WARN p2panda_net::iroh_mdns::actor: found invalid transport info coming from iroh's services endpoint_id=9b662f09bb44edb188b2a022b4eb969d44181252866340d454e017372d38d19b
2026-10-06T21:52:42.337620Z  WARN p2panda_sync::protocols::topic_log_sync: sync session closed with error error=DecodeMessage("Io(Custom { kind: NotConnected, error: ConnectionLost(LocallyClosed) })")
2026-10-06T21:52:42.338104Z  WARN p2panda_sync::protocols::topic_log_sync: sync session closed with error error=DecodeMessage("Io(Custom { kind: NotConnected, error: ConnectionLost(ApplicationClosed(ApplicationClose { error_code: 0, reason: b\"\" })) })")
2026-10-06T21:52:42.338241Z  WARN p2panda_sync::protocols::topic_log_sync: sync session closed with error error=DecodeMessage("Io(Custom { kind: NotConnected, error: ConnectionLost(ApplicationClosed(ApplicationClose { error_code: 0, reason: b\"\" })) })")
2026-10-06T21:52:42.338562Z  WARN p2panda_sync::protocols::topic_log_sync: sync session closed with error error=DecodeMessage("Io(Custom { kind: NotConnected, error: ConnectionLost(ApplicationClosed(ApplicationClose { error_code: 0, reason: b\"\" })) })")
2026-10-06T21:52:42.338683Z  WARN p2panda_net::sync::actors::topic_manager: sync session failed: Io(Custom { kind: NotConnected, error: ConnectionLost(ApplicationClosed(ApplicationClose { error_code: 0, reason: b"" })) }) session_id=3 topic="8c8c8c8c8c"
2026-10-06T21:52:42.339296Z  WARN p2panda_sync::protocols::topic_log_sync: sync session closed with error error=DecodeMessage("Io(Custom { kind: NotConnected, error: ConnectionLost(ApplicationClosed(ApplicationClose { error_code: 0, reason: b\"\" })) })")
2026-10-06T21:52:42.339776Z  WARN p2panda_sync::protocols::topic_log_sync: sync session closed with error error=DecodeMessage("Io(Custom { kind: NotConnected, error: ConnectionLost(ApplicationClosed(ApplicationClose { error_code: 0, reason: b\"\" })) })")
2026-10-06T21:52:42.339808Z  WARN p2panda_sync::protocols::topic_log_sync: sync session closed with error error=DecodeMessage("Io(Custom { kind: NotConnected, error: ConnectionLost(ApplicationClosed(ApplicationClose { error_code: 0, reason: b\"\" })) })")
2026-10-06T21:52:42.339961Z  WARN p2panda_net::sync::actors::topic_manager: sync session failed: Io(Custom { kind: NotConnected, error: ConnectionLost(ApplicationClosed(ApplicationClose { error_code: 0, reason: b"" })) }) session_id=2 topic="8a8a8a8a8a"
2026-10-06T21:52:42.340029Z  WARN p2panda_net::sync::actors::topic_manager: sync session failed: Io(Custom { kind: NotConnected, error: ConnectionLost(ApplicationClosed(ApplicationClose { error_code: 0, reason: b"" })) }) session_id=3 topic="8b8b8b8b8b"
2026-10-06T21:52:42.340138Z  WARN p2panda_sync::protocols::topic_log_sync: sync session closed with error error=DecodeMessage("Io(Custom { kind: NotConnected, error: ConnectionLost(ApplicationClosed(ApplicationClose { error_code: 0, reason: b\"\" })) })")
2026-10-06T21:52:42.340168Z  WARN p2panda_net::sync::actors::topic_manager: sync session failed: Io(Custom { kind: NotConnected, error: ConnectionLost(ApplicationClosed(ApplicationClose { error_code: 0, reason: b"" })) }) session_id=2 topic="8a8a8a8a8a"
2026-10-06T21:52:42.340280Z  WARN p2panda_sync::protocols::topic_log_sync: sync session closed with error error=DecodeMessage("Io(Custom { kind: NotConnected, error: ConnectionLost(ApplicationClosed(ApplicationClose { error_code: 0, reason: b\"\" })) })")
2026-10-06T21:52:42.340217Z  WARN p2panda_net::sync::actors::topic_manager: sync session failed: Io(Custom { kind: NotConnected, error: ConnectionLost(ApplicationClosed(ApplicationClose { error_code: 0, reason: b"" })) }) session_id=2 topic="8a8a8a8a8a"
2026-10-06T21:52:42.340487Z  WARN p2panda_sync::protocols::topic_log_sync: sync session closed with error error=DecodeMessage("Io(Custom { kind: NotConnected, error: ConnectionLost(ApplicationClosed(ApplicationClose { error_code: 0, reason: b\"\" })) })")
2026-10-06T21:52:42.340507Z  WARN p2panda_sync::protocols::topic_log_sync: sync session closed with error error=DecodeMessage("Io(Custom { kind: NotConnected, error: ConnectionLost(ApplicationClosed(ApplicationClose { error_code: 0, reason: b\"\" })) })")
2026-10-06T21:52:42.340489Z  WARN p2panda_sync::protocols::topic_log_sync: sync session closed with error error=DecodeMessage("Io(Custom { kind: NotConnected, error: ConnectionLost(ApplicationClosed(ApplicationClose { error_code: 0, reason: b\"\" })) })")
2026-10-06T21:52:42.340870Z  WARN p2panda_sync::protocols::topic_log_sync: sync session closed with error error=DecodeMessage("Io(Custom { kind: NotConnected, error: ConnectionLost(ApplicationClosed(ApplicationClose { error_code: 0, reason: b\"\" })) })")
2026-10-06T21:52:42.340898Z  WARN p2panda_sync::protocols::topic_log_sync: sync session closed with error error=DecodeMessage("Io(Custom { kind: NotConnected, error: ConnectionLost(ApplicationClosed(ApplicationClose { error_code: 0, reason: b\"\" })) })")
2026-10-06T21:52:42.340912Z  WARN p2panda_net::sync::actors::topic_manager: sync session failed: Io(Custom { kind: NotConnected, error: ConnectionLost(ApplicationClosed(ApplicationClose { error_code: 0, reason: b"" })) }) session_id=2 topic="8a8a8a8a8a"
2026-10-06T21:52:42.341289Z  WARN p2panda_sync::protocols::topic_log_sync: sync session closed with error error=DecodeMessage("Io(Custom { kind: NotConnected, error: ConnectionLost(ApplicationClosed(ApplicationClose { error_code: 0, reason: b\"\" })) })")
2026-10-06T21:52:42.341327Z  WARN p2panda_sync::protocols::topic_log_sync: sync session closed with error error=DecodeMessage("Io(Custom { kind: NotConnected, error: ConnectionLost(ApplicationClosed(ApplicationClose { error_code: 0, reason: b\"\" })) })")
2026-10-06T21:52:42.341340Z ERROR iroh::socket::transports::relay: relay_recv_channel closed
2026-10-06T21:52:42.341304Z  WARN p2panda_net::sync::actors::topic_manager: sync session failed: Io(Custom { kind: NotConnected, error: ConnectionLost(ApplicationClosed(ApplicationClose { error_code: 0, reason: b"" })) }) session_id=2 topic="8a8a8a8a8a"
2026-10-06T21:52:42.342488Z  WARN p2panda_sync::protocols::topic_log_sync: sync session closed with error error=DecodeMessage("Io(Custom { kind: NotConnected, error: ConnectionLost(ApplicationClosed(ApplicationClose { error_code: 0, reason: b\"\" })) })")
2026-10-06T21:52:42.342544Z ERROR iroh::socket::transports::relay: relay_recv_channel closed
2026-10-06T21:52:42.342484Z  WARN p2panda_net::sync::actors::topic_manager: sync session failed: Io(Custom { kind: NotConnected, error: ConnectionLost(ApplicationClosed(ApplicationClose { error_code: 0, reason: b"" })) }) session_id=3 topic="8a8a8a8a8a"
2026-10-06T21:52:42.342790Z  WARN p2panda_sync::protocols::topic_log_sync: sync session closed with error error=DecodeMessage("Io(Custom { kind: NotConnected, error: ConnectionLost(ApplicationClosed(ApplicationClose { error_code: 0, reason: b\"\" })) })")
2026-10-06T21:52:42.342905Z  WARN p2panda_sync::protocols::topic_log_sync: sync session closed with error error=DecodeMessage("Io(Custom { kind: NotConnected, error: ConnectionLost(ApplicationClosed(ApplicationClose { error_code: 0, reason: b\"\" })) })")
2026-10-06T21:52:42.342356Z  WARN p2panda_net::sync::actors::topic_manager: sync session failed: Io(Custom { kind: NotConnected, error: ConnectionLost(LocallyClosed) }) session_id=1 topic="8a8a8a8a8a"
2026-10-06T21:52:42.343887Z  WARN p2panda_net::sync::actors::topic_manager: sync session failed: Io(Custom { kind: NotConnected, error: ConnectionLost(ApplicationClosed(ApplicationClose { error_code: 0, reason: b"" })) }) session_id=2 topic="8a8a8a8a8a"
ok
test place::lanes::tests::a_revoke_with_no_group_recipient_is_refused_and_changes_nothing ... 2026-10-06T21:52:47.342880Z  WARN p2panda_net::sync::actors::topic_manager: sync session failed: Io(Custom { kind: NotConnected, error: ConnectionLost(ApplicationClosed(ApplicationClose { error_code: 0, reason: b"" })) }) session_id=2 topic="8b8b8b8b8b"
2026-10-06T21:52:47.342880Z  WARN p2panda_net::sync::actors::topic_manager: sync session failed: Io(Custom { kind: NotConnected, error: ConnectionLost(ApplicationClosed(ApplicationClose { error_code: 0, reason: b"" })) }) session_id=3 topic="8a8a8a8a8a"
2026-10-06T21:52:47.342880Z  WARN p2panda_net::sync::actors::topic_manager: sync session failed: Io(Custom { kind: NotConnected, error: ConnectionLost(ApplicationClosed(ApplicationClose { error_code: 0, reason: b"" })) }) session_id=3 topic="8a8a8a8a8a"
2026-10-06T21:52:47.342881Z  WARN p2panda_net::sync::actors::topic_manager: sync session failed: Io(Custom { kind: NotConnected, error: ConnectionLost(ApplicationClosed(ApplicationClose { error_code: 0, reason: b"" })) }) session_id=3 topic="8a8a8a8a8a"
2026-10-06T21:52:47.342880Z  WARN p2panda_net::sync::actors::topic_manager: sync session failed: Io(Custom { kind: NotConnected, error: ConnectionLost(ApplicationClosed(ApplicationClose { error_code: 0, reason: b"" })) }) session_id=3 topic="8a8a8a8a8a"
2026-10-06T21:52:47.342881Z  WARN p2panda_net::sync::actors::topic_manager: sync session failed: Io(Custom { kind: NotConnected, error: ConnectionLost(ApplicationClosed(ApplicationClose { error_code: 0, reason: b"" })) }) session_id=3 topic="8a8a8a8a8a"
2026-10-06T21:52:47.342881Z  WARN p2panda_net::sync::actors::topic_manager: sync session failed: Io(Custom { kind: NotConnected, error: ConnectionLost(ApplicationClosed(ApplicationClose { error_code: 0, reason: b"" })) }) session_id=2 topic="8c8c8c8c8c"
2026-10-06T21:52:47.345410Z  WARN p2panda_net::sync::actors::topic_manager: sync session failed: Io(Custom { kind: NotConnected, error: ConnectionLost(ApplicationClosed(ApplicationClose { error_code: 0, reason: b"" })) }) session_id=3 topic="8a8a8a8a8a"
2026-10-06T21:52:47.345452Z  WARN p2panda_net::sync::actors::topic_manager: sync session failed: Io(Custom { kind: NotConnected, error: ConnectionLost(ApplicationClosed(ApplicationClose { error_code: 0, reason: b"" })) }) session_id=2 topic="8a8a8a8a8a"
2026-10-06T21:52:48.019696Z  WARN p2panda_net::iroh_mdns::actor: found invalid transport info coming from iroh's services endpoint_id=9b662f09bb44edb188b2a022b4eb969d44181252866340d454e017372d38d19b
2026-10-06T21:52:48.028942Z  WARN p2panda_net::iroh_mdns::actor: found invalid transport info coming from iroh's services endpoint_id=9b662f09bb44edb188b2a022b4eb969d44181252866340d454e017372d38d19b
ok
test place::lanes::tests::a_revoked_member_cannot_read_shared_nodes_authored_after_the_rotation ... 2026-10-06T21:52:51.944684Z  WARN p2panda_net::iroh_mdns::actor: found invalid transport info coming from iroh's services endpoint_id=9b662f09bb44edb188b2a022b4eb969d44181252866340d454e017372d38d19b
2026-10-06T21:52:51.955311Z  WARN p2panda_net::iroh_mdns::actor: found invalid transport info coming from iroh's services endpoint_id=9b662f09bb44edb188b2a022b4eb969d44181252866340d454e017372d38d19b
2026-10-06T21:52:53.420564Z  WARN p2panda_net::iroh_mdns::actor: found invalid transport info coming from iroh's services endpoint_id=9b662f09bb44edb188b2a022b4eb969d44181252866340d454e017372d38d19b
2026-10-06T21:52:54.309625Z  WARN p2panda_net::iroh_mdns::actor: found invalid transport info coming from iroh's services endpoint_id=9b662f09bb44edb188b2a022b4eb969d44181252866340d454e017372d38d19b
2026-10-06T21:52:54.320585Z  WARN p2panda_net::iroh_mdns::actor: found invalid transport info coming from iroh's services endpoint_id=9b662f09bb44edb188b2a022b4eb969d44181252866340d454e017372d38d19b
2026-10-06T21:52:56.710838Z  WARN p2panda_net::iroh_mdns::actor: found invalid transport info coming from iroh's services endpoint_id=9b662f09bb44edb188b2a022b4eb969d44181252866340d454e017372d38d19b
2026-10-06T21:52:56.710849Z  WARN p2panda_net::iroh_mdns::actor: found invalid transport info coming from iroh's services endpoint_id=9b662f09bb44edb188b2a022b4eb969d44181252866340d454e017372d38d19b
2026-10-06T21:52:56.722316Z  WARN p2panda_net::iroh_mdns::actor: found invalid transport info coming from iroh's services endpoint_id=9b662f09bb44edb188b2a022b4eb969d44181252866340d454e017372d38d19b
2026-10-06T21:52:56.722338Z  WARN p2panda_net::iroh_mdns::actor: found invalid transport info coming from iroh's services endpoint_id=9b662f09bb44edb188b2a022b4eb969d44181252866340d454e017372d38d19b
2026-10-06T21:52:57.366757Z ERROR iroh::socket: Endpoint dropped without calling `Endpoint::close`. Aborting ungracefully.
2026-10-06T21:52:58.375250Z  WARN p2panda_net::iroh_mdns::actor: found invalid transport info coming from iroh's services endpoint_id=9b662f09bb44edb188b2a022b4eb969d44181252866340d454e017372d38d19b
2026-10-06T21:52:58.375437Z  WARN p2panda_net::iroh_mdns::actor: found invalid transport info coming from iroh's services endpoint_id=9b662f09bb44edb188b2a022b4eb969d44181252866340d454e017372d38d19b
2026-10-06T21:52:59.929833Z  WARN p2panda_net::sync::actors::topic_manager: sync session failed: address book does not have any iroh address info for node id fca8f120b63e78ecae6f81ae11e1c026c7f547310cbc9f31fd2978d3c8633315 session_id=2 topic="89bfd2e645"
2026-10-06T21:52:59.930072Z  WARN p2panda_net::sync::actors::topic_manager: sync session failed: address book does not have any iroh address info for node id fca8f120b63e78ecae6f81ae11e1c026c7f547310cbc9f31fd2978d3c8633315 session_id=2 topic="89bfd2e645"
2026-10-06T21:52:59.930176Z  WARN p2panda_net::sync::actors::topic_manager: sync session failed: address book does not have any iroh address info for node id fca8f120b63e78ecae6f81ae11e1c026c7f547310cbc9f31fd2978d3c8633315 session_id=2 topic="89bfd2e645"
2026-10-06T21:52:59.930375Z  WARN p2panda_net::sync::actors::topic_manager: sync session failed: address book does not have any iroh address info for node id fca8f120b63e78ecae6f81ae11e1c026c7f547310cbc9f31fd2978d3c8633315 session_id=2 topic="89bfd2e645"
2026-10-06T21:52:59.930576Z  WARN p2panda_net::sync::actors::topic_manager: sync session failed: address book does not have any iroh address info for node id fca8f120b63e78ecae6f81ae11e1c026c7f547310cbc9f31fd2978d3c8633315 session_id=2 topic="89bfd2e645"
2026-10-06T21:52:59.930724Z  WARN p2panda_net::sync::actors::topic_manager: sync session failed: address book does not have any iroh address info for node id fca8f120b63e78ecae6f81ae11e1c026c7f547310cbc9f31fd2978d3c8633315 session_id=2 topic="6ef657c147"
2026-10-06T21:52:59.930724Z  WARN p2panda_net::sync::actors::topic_manager: sync session failed: address book does not have any iroh address info for node id fca8f120b63e78ecae6f81ae11e1c026c7f547310cbc9f31fd2978d3c8633315 session_id=2 topic="89bfd2e645"
2026-10-06T21:52:59.930769Z  WARN p2panda_net::sync::actors::topic_manager: sync session failed: address book does not have any iroh address info for node id fca8f120b63e78ecae6f81ae11e1c026c7f547310cbc9f31fd2978d3c8633315 session_id=2 topic="89bfd2e645"
2026-10-06T21:52:59.930758Z  WARN p2panda_net::sync::actors::topic_manager: sync session failed: address book does not have any iroh address info for node id fca8f120b63e78ecae6f81ae11e1c026c7f547310cbc9f31fd2978d3c8633315 session_id=2 topic="bb7a8aa705"
2026-10-06T21:53:01.621442Z  WARN p2panda_net::iroh_mdns::actor: found invalid transport info coming from iroh's services endpoint_id=9b662f09bb44edb188b2a022b4eb969d44181252866340d454e017372d38d19b
2026-10-06T21:53:01.621506Z  WARN p2panda_net::iroh_mdns::actor: found invalid transport info coming from iroh's services endpoint_id=9b662f09bb44edb188b2a022b4eb969d44181252866340d454e017372d38d19b
2026-10-06T21:53:01.621708Z  WARN p2panda_net::iroh_mdns::actor: found invalid transport info coming from iroh's services endpoint_id=9b662f09bb44edb188b2a022b4eb969d44181252866340d454e017372d38d19b
2026-10-06T21:53:03.482509Z  WARN p2panda_net::iroh_mdns::actor: found invalid transport info coming from iroh's services endpoint_id=9b662f09bb44edb188b2a022b4eb969d44181252866340d454e017372d38d19b
2026-10-06T21:53:03.482548Z  WARN p2panda_net::iroh_mdns::actor: found invalid transport info coming from iroh's services endpoint_id=9b662f09bb44edb188b2a022b4eb969d44181252866340d454e017372d38d19b
2026-10-06T21:53:03.483176Z  WARN p2panda_net::iroh_mdns::actor: found invalid transport info coming from iroh's services endpoint_id=9b662f09bb44edb188b2a022b4eb969d44181252866340d454e017372d38d19b
2026-10-06T21:53:06.181023Z  WARN p2panda_net::iroh_mdns::actor: found invalid transport info coming from iroh's services endpoint_id=9b662f09bb44edb188b2a022b4eb969d44181252866340d454e017372d38d19b
2026-10-06T21:53:06.181018Z  WARN p2panda_net::iroh_mdns::actor: found invalid transport info coming from iroh's services endpoint_id=9b662f09bb44edb188b2a022b4eb969d44181252866340d454e017372d38d19b
2026-10-06T21:53:06.181573Z  WARN p2panda_net::iroh_mdns::actor: found invalid transport info coming from iroh's services endpoint_id=9b662f09bb44edb188b2a022b4eb969d44181252866340d454e017372d38d19b
2026-10-06T21:53:08.181320Z  WARN p2panda_net::iroh_mdns::actor: found invalid transport info coming from iroh's services endpoint_id=9b662f09bb44edb188b2a022b4eb969d44181252866340d454e017372d38d19b
2026-10-06T21:53:08.181339Z  WARN p2panda_net::iroh_mdns::actor: found invalid transport info coming from iroh's services endpoint_id=9b662f09bb44edb188b2a022b4eb969d44181252866340d454e017372d38d19b
2026-10-06T21:53:08.181408Z  WARN p2panda_net::iroh_mdns::actor: found invalid transport info coming from iroh's services endpoint_id=9b662f09bb44edb188b2a022b4eb969d44181252866340d454e017372d38d19b
2026-10-06T21:53:10.279608Z  WARN p2panda_net::iroh_mdns::actor: found invalid transport info coming from iroh's services endpoint_id=9b662f09bb44edb188b2a022b4eb969d44181252866340d454e017372d38d19b
2026-10-06T21:53:10.310577Z  WARN p2panda_net::iroh_mdns::actor: found invalid transport info coming from iroh's services endpoint_id=9b662f09bb44edb188b2a022b4eb969d44181252866340d454e017372d38d19b
2026-10-06T21:53:10.311679Z  WARN p2panda_net::iroh_mdns::actor: found invalid transport info coming from iroh's services endpoint_id=9b662f09bb44edb188b2a022b4eb969d44181252866340d454e017372d38d19b
2026-10-06T21:53:11.985667Z  WARN p2panda_net::iroh_mdns::actor: found invalid transport info coming from iroh's services endpoint_id=9b662f09bb44edb188b2a022b4eb969d44181252866340d454e017372d38d19b
2026-10-06T21:53:11.985667Z  WARN p2panda_net::iroh_mdns::actor: found invalid transport info coming from iroh's services endpoint_id=9b662f09bb44edb188b2a022b4eb969d44181252866340d454e017372d38d19b
2026-10-06T21:53:11.986164Z  WARN p2panda_net::iroh_mdns::actor: found invalid transport info coming from iroh's services endpoint_id=9b662f09bb44edb188b2a022b4eb969d44181252866340d454e017372d38d19b
2026-10-06T21:53:11.986416Z  WARN p2panda_net::iroh_mdns::actor: found invalid transport info coming from iroh's services endpoint_id=9b662f09bb44edb188b2a022b4eb969d44181252866340d454e017372d38d19b
2026-10-06T21:53:12.635612Z  WARN p2panda_sync::protocols::topic_log_sync: sync session closed with error error=DecodeMessage("Io(Custom { kind: NotConnected, error: ConnectionLost(ApplicationClosed(ApplicationClose { error_code: 0, reason: b\"\" })) })")
2026-10-06T21:53:12.635941Z  WARN p2panda_sync::protocols::topic_log_sync: sync session closed with error error=DecodeMessage("Io(Custom { kind: NotConnected, error: ConnectionLost(ApplicationClosed(ApplicationClose { error_code: 0, reason: b\"\" })) })")
2026-10-06T21:53:12.635945Z  WARN p2panda_net::sync::actors::topic_manager: sync session failed: Io(Custom { kind: NotConnected, error: ConnectionLost(ApplicationClosed(ApplicationClose { error_code: 0, reason: b"" })) }) session_id=0 topic="89bfd2e645"
2026-10-06T21:53:12.636105Z  WARN p2panda_sync::protocols::topic_log_sync: sync session closed with error error=DecodeMessage("Io(Custom { kind: NotConnected, error: ConnectionLost(ApplicationClosed(ApplicationClose { error_code: 0, reason: b\"\" })) })")
2026-10-06T21:53:12.636176Z  WARN p2panda_sync::protocols::topic_log_sync: sync session closed with error error=DecodeMessage("Io(Custom { kind: NotConnected, error: ConnectionLost(ApplicationClosed(ApplicationClose { error_code: 0, reason: b\"\" })) })")
2026-10-06T21:53:12.636243Z  WARN p2panda_net::sync::actors::topic_manager: sync session failed: Io(Custom { kind: NotConnected, error: ConnectionLost(ApplicationClosed(ApplicationClose { error_code: 0, reason: b"" })) }) session_id=1 topic="89bfd2e645"
2026-10-06T21:53:12.636375Z  WARN p2panda_net::sync::actors::topic_manager: sync session failed: Io(Custom { kind: NotConnected, error: ConnectionLost(ApplicationClosed(ApplicationClose { error_code: 0, reason: b"" })) }) session_id=2 topic="89bfd2e645"
2026-10-06T21:53:12.636726Z  WARN p2panda_sync::protocols::topic_log_sync: sync session closed with error error=DecodeMessage("Io(Custom { kind: NotConnected, error: ConnectionLost(ApplicationClosed(ApplicationClose { error_code: 0, reason: b\"\" })) })")
2026-10-06T21:53:12.637220Z  WARN p2panda_sync::protocols::topic_log_sync: sync session closed with error error=DecodeMessage("Io(Custom { kind: NotConnected, error: ConnectionLost(ApplicationClosed(ApplicationClose { error_code: 0, reason: b\"\" })) })")
2026-10-06T21:53:12.637232Z  WARN p2panda_sync::protocols::topic_log_sync: sync session closed with error error=DecodeMessage("Io(Custom { kind: NotConnected, error: ConnectionLost(ApplicationClosed(ApplicationClose { error_code: 0, reason: b\"\" })) })")
2026-10-06T21:53:12.637255Z  WARN p2panda_sync::protocols::topic_log_sync: sync session closed with error error=DecodeMessage("Io(Custom { kind: NotConnected, error: ConnectionLost(ApplicationClosed(ApplicationClose { error_code: 0, reason: b\"\" })) })")
2026-10-06T21:53:12.637368Z  WARN p2panda_net::sync::actors::topic_manager: sync session failed: Io(Custom { kind: NotConnected, error: ConnectionLost(ApplicationClosed(ApplicationClose { error_code: 0, reason: b"" })) }) session_id=1 topic="89bfd2e645"
2026-10-06T21:53:12.637393Z  WARN p2panda_net::sync::actors::topic_manager: sync session failed: Io(Custom { kind: NotConnected, error: ConnectionLost(ApplicationClosed(ApplicationClose { error_code: 0, reason: b"" })) }) session_id=1 topic="89bfd2e645"
2026-10-06T21:53:12.637461Z  WARN p2panda_net::sync::actors::topic_manager: sync session failed: Io(Custom { kind: NotConnected, error: ConnectionLost(ApplicationClosed(ApplicationClose { error_code: 0, reason: b"" })) }) session_id=0 topic="89bfd2e645"
2026-10-06T21:53:12.637531Z  WARN p2panda_sync::protocols::topic_log_sync: sync session closed with error error=DecodeMessage("Io(Custom { kind: NotConnected, error: ConnectionLost(ApplicationClosed(ApplicationClose { error_code: 0, reason: b\"\" })) })")
2026-10-06T21:53:12.637480Z  WARN p2panda_sync::protocols::topic_log_sync: sync session closed with error error=DecodeMessage("Io(Custom { kind: NotConnected, error: ConnectionLost(ApplicationClosed(ApplicationClose { error_code: 0, reason: b\"\" })) })")
2026-10-06T21:53:12.637805Z  WARN p2panda_sync::protocols::topic_log_sync: sync session closed with error error=DecodeMessage("Io(Custom { kind: NotConnected, error: ConnectionLost(ApplicationClosed(ApplicationClose { error_code: 0, reason: b\"\" })) })")
2026-10-06T21:53:12.637813Z  WARN p2panda_sync::protocols::topic_log_sync: sync session closed with error error=DecodeMessage("Io(Custom { kind: NotConnected, error: ConnectionLost(ApplicationClosed(ApplicationClose { error_code: 0, reason: b\"\" })) })")
2026-10-06T21:53:12.637841Z  WARN p2panda_sync::protocols::topic_log_sync: sync session closed with error error=DecodeMessage("Io(Custom { kind: NotConnected, error: ConnectionLost(ApplicationClosed(ApplicationClose { error_code: 0, reason: b\"\" })) })")
2026-10-06T21:53:12.637887Z  WARN p2panda_sync::protocols::topic_log_sync: sync session closed with error error=DecodeMessage("Io(Custom { kind: NotConnected, error: ConnectionLost(ApplicationClosed(ApplicationClose { error_code: 0, reason: b\"\" })) })")
2026-10-06T21:53:12.637887Z  WARN p2panda_net::sync::actors::topic_manager: sync session failed: Io(Custom { kind: NotConnected, error: ConnectionLost(ApplicationClosed(ApplicationClose { error_code: 0, reason: b"" })) }) session_id=2 topic="89bfd2e645"
2026-10-06T21:53:12.638080Z  WARN p2panda_net::sync::actors::topic_manager: sync session failed: Io(Custom { kind: NotConnected, error: ConnectionLost(ApplicationClosed(ApplicationClose { error_code: 0, reason: b"" })) }) session_id=2 topic="89bfd2e645"
2026-10-06T21:53:12.638161Z  WARN p2panda_net::sync::actors::topic_manager: sync session failed: Io(Custom { kind: NotConnected, error: ConnectionLost(ApplicationClosed(ApplicationClose { error_code: 0, reason: b"" })) }) session_id=1 topic="89bfd2e645"
2026-10-06T21:53:12.638245Z  WARN p2panda_sync::protocols::topic_log_sync: sync session closed with error error=DecodeMessage("Io(Custom { kind: NotConnected, error: ConnectionLost(ApplicationClosed(ApplicationClose { error_code: 0, reason: b\"\" })) })")
2026-10-06T21:53:12.638305Z  WARN p2panda_sync::protocols::topic_log_sync: sync session closed with error error=DecodeMessage("Io(Custom { kind: NotConnected, error: ConnectionLost(ApplicationClosed(ApplicationClose { error_code: 0, reason: b\"\" })) })")
2026-10-06T21:53:12.638533Z  WARN p2panda_net::sync::actors::topic_manager: sync session failed: Io(Custom { kind: NotConnected, error: ConnectionLost(ApplicationClosed(ApplicationClose { error_code: 0, reason: b"" })) }) session_id=1 topic="89bfd2e645"
2026-10-06T21:53:12.638696Z  WARN p2panda_net::sync::actors::topic_manager: sync session failed: Io(Custom { kind: NotConnected, error: ConnectionLost(ApplicationClosed(ApplicationClose { error_code: 0, reason: b"" })) }) session_id=0 topic="89bfd2e645"
2026-10-06T21:53:12.638800Z  WARN p2panda_sync::protocols::topic_log_sync: sync session closed with error error=DecodeMessage("Io(Custom { kind: NotConnected, error: ConnectionLost(ApplicationClosed(ApplicationClose { error_code: 0, reason: b\"\" })) })")
2026-10-06T21:53:12.639066Z  WARN p2panda_sync::protocols::topic_log_sync: sync session closed with error error=DecodeMessage("Io(Custom { kind: NotConnected, error: ConnectionLost(ApplicationClosed(ApplicationClose { error_code: 0, reason: b\"\" })) })")
2026-10-06T21:53:12.639195Z  WARN p2panda_sync::protocols::topic_log_sync: sync session closed with error error=DecodeMessage("Io(Custom { kind: NotConnected, error: ConnectionLost(ApplicationClosed(ApplicationClose { error_code: 0, reason: b\"\" })) })")
2026-10-06T21:53:12.639315Z  WARN p2panda_sync::protocols::topic_log_sync: sync session closed with error error=DecodeMessage("Io(Custom { kind: NotConnected, error: ConnectionLost(ApplicationClosed(ApplicationClose { error_code: 0, reason: b\"\" })) })")
2026-10-06T21:53:12.639456Z  WARN p2panda_sync::protocols::topic_log_sync: sync session closed with error error=DecodeMessage("Io(Custom { kind: NotConnected, error: ConnectionLost(ApplicationClosed(ApplicationClose { error_code: 0, reason: b\"\" })) })")
2026-10-06T21:53:12.639563Z  WARN p2panda_sync::protocols::topic_log_sync: sync session closed with error error=DecodeMessage("Io(Custom { kind: NotConnected, error: ConnectionLost(ApplicationClosed(ApplicationClose { error_code: 0, reason: b\"\" })) })")
2026-10-06T21:53:12.639725Z  WARN p2panda_sync::protocols::topic_log_sync: sync session closed with error error=DecodeMessage("Io(Custom { kind: NotConnected, error: ConnectionLost(ApplicationClosed(ApplicationClose { error_code: 0, reason: b\"\" })) })")
2026-10-06T21:53:12.639848Z  WARN p2panda_sync::protocols::topic_log_sync: sync session closed with error error=DecodeMessage("Io(Custom { kind: NotConnected, error: ConnectionLost(ApplicationClosed(ApplicationClose { error_code: 0, reason: b\"\" })) })")
2026-10-06T21:53:12.639922Z  WARN p2panda_sync::protocols::topic_log_sync: sync session closed with error error=DecodeMessage("Io(Custom { kind: NotConnected, error: ConnectionLost(ApplicationClosed(ApplicationClose { error_code: 0, reason: b\"\" })) })")
2026-10-06T21:53:12.639935Z  WARN p2panda_net::sync::actors::topic_manager: sync session failed: Io(Custom { kind: NotConnected, error: ConnectionLost(ApplicationClosed(ApplicationClose { error_code: 0, reason: b"" })) }) session_id=1 topic="bb7a8aa705"
2026-10-06T21:53:12.640162Z  WARN p2panda_sync::protocols::topic_log_sync: sync session closed with error error=DecodeMessage("Io(Custom { kind: NotConnected, error: ConnectionLost(ApplicationClosed(ApplicationClose { error_code: 0, reason: b\"\" })) })")
2026-10-06T21:53:12.640375Z  WARN p2panda_sync::protocols::topic_log_sync: sync session closed with error error=DecodeMessage("Io(Custom { kind: NotConnected, error: ConnectionLost(ApplicationClosed(ApplicationClose { error_code: 0, reason: b\"\" })) })")
2026-10-06T21:53:12.640419Z  WARN p2panda_sync::protocols::topic_log_sync: sync session closed with error error=DecodeMessage("Io(Custom { kind: NotConnected, error: ConnectionLost(ApplicationClosed(ApplicationClose { error_code: 0, reason: b\"\" })) })")
2026-10-06T21:53:12.640645Z  WARN p2panda_sync::protocols::topic_log_sync: sync session closed with error error=DecodeMessage("Io(Custom { kind: NotConnected, error: ConnectionLost(ApplicationClosed(ApplicationClose { error_code: 0, reason: b\"\" })) })")
2026-10-06T21:53:12.640896Z  WARN p2panda_sync::protocols::topic_log_sync: sync session closed with error error=DecodeMessage("Io(Custom { kind: NotConnected, error: ConnectionLost(ApplicationClosed(ApplicationClose { error_code: 0, reason: b\"\" })) })")
2026-10-06T21:53:12.641146Z  WARN p2panda_net::sync::actors::topic_manager: sync session failed: Io(Custom { kind: NotConnected, error: ConnectionLost(ApplicationClosed(ApplicationClose { error_code: 0, reason: b"" })) }) session_id=0 topic="d589badeed"
2026-10-06T21:53:12.641315Z  WARN p2panda_sync::protocols::topic_log_sync: sync session closed with error error=DecodeMessage("Io(Custom { kind: NotConnected, error: ConnectionLost(ApplicationClosed(ApplicationClose { error_code: 0, reason: b\"\" })) })")
2026-10-06T21:53:12.641387Z  WARN p2panda_net::sync::actors::topic_manager: sync session failed: Io(Custom { kind: NotConnected, error: ConnectionLost(ApplicationClosed(ApplicationClose { error_code: 0, reason: b"" })) }) session_id=1 topic="89bfd2e645"
2026-10-06T21:53:12.641477Z  WARN p2panda_sync::protocols::topic_log_sync: sync session closed with error error=DecodeMessage("Io(Custom { kind: NotConnected, error: ConnectionLost(ApplicationClosed(ApplicationClose { error_code: 0, reason: b\"\" })) })")
2026-10-06T21:53:12.641782Z  WARN p2panda_net::sync::actors::topic_manager: sync session failed: Io(Custom { kind: NotConnected, error: ConnectionLost(ApplicationClosed(ApplicationClose { error_code: 0, reason: b"" })) }) session_id=0 topic="d589badeed"
2026-10-06T21:53:12.641975Z  WARN p2panda_sync::protocols::topic_log_sync: sync session closed with error error=DecodeMessage("Io(Custom { kind: NotConnected, error: ConnectionLost(ApplicationClosed(ApplicationClose { error_code: 0, reason: b\"\" })) })")
2026-10-06T21:53:12.642072Z  WARN p2panda_sync::protocols::topic_log_sync: sync session closed with error error=DecodeMessage("Io(Custom { kind: NotConnected, error: ConnectionLost(ApplicationClosed(ApplicationClose { error_code: 0, reason: b\"\" })) })")
2026-10-06T21:53:12.642077Z  WARN p2panda_sync::protocols::topic_log_sync: sync session closed with error error=DecodeMessage("Io(Custom { kind: NotConnected, error: ConnectionLost(ApplicationClosed(ApplicationClose { error_code: 0, reason: b\"\" })) })")
2026-10-06T21:53:12.642229Z  WARN p2panda_sync::protocols::topic_log_sync: sync session closed with error error=DecodeMessage("Io(Custom { kind: NotConnected, error: ConnectionLost(ApplicationClosed(ApplicationClose { error_code: 0, reason: b\"\" })) })")
2026-10-06T21:53:12.642294Z  WARN p2panda_sync::protocols::topic_log_sync: sync session closed with error error=DecodeMessage("Io(Custom { kind: NotConnected, error: ConnectionLost(ApplicationClosed(ApplicationClose { error_code: 0, reason: b\"\" })) })")
2026-10-06T21:53:12.642457Z  WARN p2panda_sync::protocols::topic_log_sync: sync session closed with error error=DecodeMessage("Io(Custom { kind: NotConnected, error: ConnectionLost(ApplicationClosed(ApplicationClose { error_code: 0, reason: b\"\" })) })")
2026-10-06T21:53:12.642532Z  WARN p2panda_net::sync::actors::topic_manager: sync session failed: Io(Custom { kind: NotConnected, error: ConnectionLost(ApplicationClosed(ApplicationClose { error_code: 0, reason: b"" })) }) session_id=1 topic="89bfd2e645"
2026-10-06T21:53:12.642614Z  WARN p2panda_net::sync::actors::topic_manager: sync session failed: Io(Custom { kind: NotConnected, error: ConnectionLost(ApplicationClosed(ApplicationClose { error_code: 0, reason: b"" })) }) session_id=0 topic="bb7a8aa705"
2026-10-06T21:53:12.642685Z  WARN p2panda_sync::protocols::topic_log_sync: sync session closed with error error=DecodeMessage("Io(Custom { kind: NotConnected, error: ConnectionLost(ApplicationClosed(ApplicationClose { error_code: 0, reason: b\"\" })) })")
2026-10-06T21:53:12.642841Z  WARN p2panda_sync::protocols::topic_log_sync: sync session closed with error error=DecodeMessage("Io(Custom { kind: NotConnected, error: ConnectionLost(ApplicationClosed(ApplicationClose { error_code: 0, reason: b\"\" })) })")
2026-10-06T21:53:12.642882Z  WARN p2panda_sync::protocols::topic_log_sync: sync session closed with error error=DecodeMessage("Io(Custom { kind: NotConnected, error: ConnectionLost(ApplicationClosed(ApplicationClose { error_code: 0, reason: b\"\" })) })")
2026-10-06T21:53:12.643018Z  WARN p2panda_net::sync::actors::topic_manager: sync session failed: Io(Custom { kind: NotConnected, error: ConnectionLost(ApplicationClosed(ApplicationClose { error_code: 0, reason: b"" })) }) session_id=0 topic="89bfd2e645"
2026-10-06T21:53:12.643041Z  WARN p2panda_sync::protocols::topic_log_sync: sync session closed with error error=DecodeMessage("Io(Custom { kind: NotConnected, error: ConnectionLost(ApplicationClosed(ApplicationClose { error_code: 0, reason: b\"\" })) })")
2026-10-06T21:53:12.643066Z  WARN p2panda_sync::protocols::topic_log_sync: sync session closed with error error=DecodeMessage("Io(Custom { kind: NotConnected, error: ConnectionLost(ApplicationClosed(ApplicationClose { error_code: 0, reason: b\"\" })) })")
2026-10-06T21:53:12.643054Z  WARN p2panda_sync::protocols::topic_log_sync: sync session closed with error error=DecodeMessage("Io(Custom { kind: NotConnected, error: ConnectionLost(ApplicationClosed(ApplicationClose { error_code: 0, reason: b\"\" })) })")
2026-10-06T21:53:12.643107Z  WARN p2panda_net::sync::actors::topic_manager: sync session failed: error sending on message sink: Io(Custom { kind: NotConnected, error: ConnectionLost(ApplicationClosed(ApplicationClose { error_code: 0, reason: b"" })) }) session_id=0 topic="6ef657c147"
2026-10-06T21:53:12.643177Z  WARN p2panda_net::sync::actors::topic_manager: sync session failed: error sending on message sink: Io(Custom { kind: NotConnected, error: ConnectionLost(ApplicationClosed(ApplicationClose { error_code: 0, reason: b"" })) }) session_id=1 topic="6ef657c147"
2026-10-06T21:53:12.643232Z  WARN p2panda_sync::protocols::topic_log_sync: sync session closed with error error=DecodeMessage("Io(Custom { kind: NotConnected, error: ConnectionLost(ApplicationClosed(ApplicationClose { error_code: 0, reason: b\"\" })) })")
2026-10-06T21:53:12.643260Z  WARN p2panda_sync::protocols::topic_log_sync: sync session closed with error error=DecodeMessage("Io(Custom { kind: NotConnected, error: ConnectionLost(ApplicationClosed(ApplicationClose { error_code: 0, reason: b\"\" })) })")
2026-10-06T21:53:12.643343Z  WARN p2panda_net::sync::actors::topic_manager: sync session failed: Io(Custom { kind: NotConnected, error: ConnectionLost(ApplicationClosed(ApplicationClose { error_code: 0, reason: b"" })) }) session_id=0 topic="89bfd2e645"
2026-10-06T21:53:12.643423Z  WARN p2panda_net::sync::actors::topic_manager: sync session failed: error sending on message sink: Io(Custom { kind: NotConnected, error: ConnectionLost(ApplicationClosed(ApplicationClose { error_code: 0, reason: b"" })) }) session_id=1 topic="89bfd2e645"
2026-10-06T21:53:12.643540Z  WARN p2panda_sync::protocols::topic_log_sync: sync session closed with error error=DecodeMessage("Io(Custom { kind: NotConnected, error: ConnectionLost(ApplicationClosed(ApplicationClose { error_code: 0, reason: b\"\" })) })")
2026-10-06T21:53:12.643586Z  WARN p2panda_net::sync::actors::topic_manager: sync session failed: Io(Custom { kind: NotConnected, error: ConnectionLost(ApplicationClosed(ApplicationClose { error_code: 0, reason: b"" })) }) session_id=2 topic="6ef657c147"
2026-10-06T21:53:12.643590Z  WARN p2panda_net::sync::actors::topic_manager: sync session failed: Io(Custom { kind: NotConnected, error: ConnectionLost(ApplicationClosed(ApplicationClose { error_code: 0, reason: b"" })) }) session_id=0 topic="89bfd2e645"
2026-10-06T21:53:12.643599Z  WARN p2panda_net::sync::actors::topic_manager: sync session failed: Io(Custom { kind: NotConnected, error: ConnectionLost(ApplicationClosed(ApplicationClose { error_code: 0, reason: b"" })) }) session_id=1 topic="6ef657c147"
2026-10-06T21:53:12.643662Z  WARN p2panda_net::sync::actors::topic_manager: sync session failed: Io(Custom { kind: NotConnected, error: ConnectionLost(ApplicationClosed(ApplicationClose { error_code: 0, reason: b"" })) }) session_id=1 topic="d589badeed"
2026-10-06T21:53:12.643853Z  WARN p2panda_net::sync::actors::topic_manager: sync session failed: Io(Custom { kind: NotConnected, error: ConnectionLost(ApplicationClosed(ApplicationClose { error_code: 0, reason: b"" })) }) session_id=2 topic="89bfd2e645"
2026-10-06T21:53:12.643881Z  WARN p2panda_net::sync::actors::topic_manager: sync session failed: error sending on message sink: Io(Custom { kind: NotConnected, error: ConnectionLost(ApplicationClosed(ApplicationClose { error_code: 0, reason: b"" })) }) session_id=1 topic="89bfd2e645"
2026-10-06T21:53:12.643855Z  WARN p2panda_net::sync::actors::topic_manager: sync session failed: Io(Custom { kind: NotConnected, error: ConnectionLost(ApplicationClosed(ApplicationClose { error_code: 0, reason: b"" })) }) session_id=0 topic="89bfd2e645"
2026-10-06T21:53:12.643944Z  WARN p2panda_net::sync::actors::topic_manager: sync session failed: error sending on message sink: Io(Custom { kind: NotConnected, error: ConnectionLost(ApplicationClosed(ApplicationClose { error_code: 0, reason: b"" })) }) session_id=0 topic="89bfd2e645"
2026-10-06T21:53:12.644032Z  WARN p2panda_sync::protocols::topic_log_sync: sync session closed with error error=DecodeMessage("Io(Custom { kind: NotConnected, error: ConnectionLost(ApplicationClosed(ApplicationClose { error_code: 0, reason: b\"\" })) })")
2026-10-06T21:53:12.644077Z  WARN p2panda_sync::protocols::topic_log_sync: sync session closed with error error=DecodeMessage("Io(Custom { kind: NotConnected, error: ConnectionLost(ApplicationClosed(ApplicationClose { error_code: 0, reason: b\"\" })) })")
2026-10-06T21:53:12.644882Z ERROR iroh::socket::transports::relay: relay_recv_channel closed
2026-10-06T21:53:12.645913Z ERROR iroh::socket::transports::relay: relay_recv_channel closed
2026-10-06T21:53:12.649595Z  WARN p2panda_sync::protocols::topic_log_sync: sync session closed with error error=DecodeMessage("Io(Custom { kind: NotConnected, error: ConnectionLost(LocallyClosed) })")
2026-10-06T21:53:12.649792Z  WARN p2panda_sync::protocols::topic_log_sync: sync session closed with error error=DecodeMessage("Io(Custom { kind: NotConnected, error: ConnectionLost(LocallyClosed) })")
2026-10-06T21:53:12.649996Z  WARN p2panda_sync::protocols::topic_log_sync: sync session closed with error error=DecodeMessage("Io(Custom { kind: NotConnected, error: ConnectionLost(LocallyClosed) })")
2026-10-06T21:53:12.650130Z  WARN p2panda_sync::protocols::topic_log_sync: sync session closed with error error=DecodeMessage("Io(Custom { kind: NotConnected, error: ConnectionLost(ApplicationClosed(ApplicationClose { error_code: 0, reason: b\"\" })) })")
2026-10-06T21:53:12.650366Z  WARN p2panda_sync::protocols::topic_log_sync: sync session closed with error error=DecodeMessage("Io(Custom { kind: NotConnected, error: ConnectionLost(ApplicationClosed(ApplicationClose { error_code: 0, reason: b\"\" })) })")
2026-10-06T21:53:12.650563Z  WARN p2panda_sync::protocols::topic_log_sync: sync session closed with error error=DecodeMessage("Io(Custom { kind: NotConnected, error: ConnectionLost(ApplicationClosed(ApplicationClose { error_code: 0, reason: b\"\" })) })")
2026-10-06T21:53:12.650723Z  WARN p2panda_sync::protocols::topic_log_sync: sync session closed with error error=DecodeMessage("Io(Custom { kind: NotConnected, error: ConnectionLost(ApplicationClosed(ApplicationClose { error_code: 0, reason: b\"\" })) })")
2026-10-06T21:53:12.650845Z  WARN p2panda_sync::protocols::topic_log_sync: sync session closed with error error=DecodeMessage("Io(Custom { kind: NotConnected, error: ConnectionLost(LocallyClosed) })")
2026-10-06T21:53:12.650866Z  WARN p2panda_sync::protocols::topic_log_sync: sync session closed with error error=DecodeMessage("Io(Custom { kind: NotConnected, error: ConnectionLost(LocallyClosed) })")
2026-10-06T21:53:12.650885Z  WARN p2panda_sync::protocols::topic_log_sync: sync session closed with error error=DecodeMessage("Io(Custom { kind: NotConnected, error: ConnectionLost(ApplicationClosed(ApplicationClose { error_code: 0, reason: b\"\" })) })")
2026-10-06T21:53:12.651039Z  WARN p2panda_sync::protocols::topic_log_sync: sync session closed with error error=DecodeMessage("Io(Custom { kind: NotConnected, error: ConnectionLost(LocallyClosed) })")
2026-10-06T21:53:12.651114Z  WARN p2panda_sync::protocols::topic_log_sync: sync session closed with error error=DecodeMessage("Io(Custom { kind: NotConnected, error: ConnectionLost(ApplicationClosed(ApplicationClose { error_code: 0, reason: b\"\" })) })")
2026-10-06T21:53:12.651140Z  WARN p2panda_sync::protocols::topic_log_sync: sync session closed with error error=DecodeMessage("Io(Custom { kind: NotConnected, error: ConnectionLost(ApplicationClosed(ApplicationClose { error_code: 0, reason: b\"\" })) })")
2026-10-06T21:53:12.651354Z  WARN p2panda_sync::protocols::topic_log_sync: sync session closed with error error=DecodeMessage("Io(Custom { kind: NotConnected, error: ConnectionLost(LocallyClosed) })")
2026-10-06T21:53:12.651358Z  WARN p2panda_sync::protocols::topic_log_sync: sync session closed with error error=DecodeMessage("Io(Custom { kind: NotConnected, error: ConnectionLost(ApplicationClosed(ApplicationClose { error_code: 0, reason: b\"\" })) })")
2026-10-06T21:53:12.652021Z  WARN p2panda_sync::protocols::topic_log_sync: sync session closed with error error=DecodeMessage("Io(Custom { kind: NotConnected, error: ConnectionLost(ApplicationClosed(ApplicationClose { error_code: 0, reason: b\"\" })) })")
2026-10-06T21:53:12.652121Z  WARN p2panda_sync::protocols::topic_log_sync: sync session closed with error error=DecodeMessage("Io(Custom { kind: NotConnected, error: ConnectionLost(ApplicationClosed(ApplicationClose { error_code: 0, reason: b\"\" })) })")
2026-10-06T21:53:12.652338Z ERROR iroh::socket::transports::relay: relay_recv_channel closed
2026-10-06T21:53:12.652350Z  WARN p2panda_sync::protocols::topic_log_sync: sync session closed with error error=DecodeMessage("Io(Custom { kind: NotConnected, error: ConnectionLost(ApplicationClosed(ApplicationClose { error_code: 0, reason: b\"\" })) })")
2026-10-06T21:53:12.653356Z ERROR iroh::socket::transports::relay: relay_recv_channel closed
2026-10-06T21:53:15.174851Z  WARN p2panda_net::iroh_mdns::actor: found invalid transport info coming from iroh's services endpoint_id=9b662f09bb44edb188b2a022b4eb969d44181252866340d454e017372d38d19b
2026-10-06T21:53:15.174964Z  WARN p2panda_net::iroh_mdns::actor: found invalid transport info coming from iroh's services endpoint_id=9b662f09bb44edb188b2a022b4eb969d44181252866340d454e017372d38d19b
2026-10-06T21:53:15.840056Z ERROR iroh::socket::transports::relay: relay_recv_channel closed
2026-10-06T21:53:15.840996Z ERROR iroh::socket::transports::relay: relay_recv_channel closed
2026-10-06T21:53:17.640013Z  WARN p2panda_net::sync::actors::topic_manager: sync session failed: Io(Custom { kind: NotConnected, error: ConnectionLost(ApplicationClosed(ApplicationClose { error_code: 0, reason: b"" })) }) session_id=0 topic="89bfd2e645"
2026-10-06T21:53:17.640031Z  WARN p2panda_net::sync::actors::topic_manager: sync session failed: Io(Custom { kind: NotConnected, error: ConnectionLost(ApplicationClosed(ApplicationClose { error_code: 0, reason: b"" })) }) session_id=2 topic="89bfd2e645"
2026-10-06T21:53:17.640013Z  WARN p2panda_net::sync::actors::topic_manager: sync session failed: Io(Custom { kind: NotConnected, error: ConnectionLost(ApplicationClosed(ApplicationClose { error_code: 0, reason: b"" })) }) session_id=0 topic="89bfd2e645"
2026-10-06T21:53:17.640013Z  WARN p2panda_net::sync::actors::topic_manager: sync session failed: Io(Custom { kind: NotConnected, error: ConnectionLost(ApplicationClosed(ApplicationClose { error_code: 0, reason: b"" })) }) session_id=0 topic="89bfd2e645"
2026-10-06T21:53:17.640013Z  WARN p2panda_net::sync::actors::topic_manager: sync session failed: Io(Custom { kind: NotConnected, error: ConnectionLost(ApplicationClosed(ApplicationClose { error_code: 0, reason: b"" })) }) session_id=0 topic="89bfd2e645"
2026-10-06T21:53:17.640071Z  WARN p2panda_net::sync::actors::topic_manager: sync session failed: Io(Custom { kind: NotConnected, error: ConnectionLost(ApplicationClosed(ApplicationClose { error_code: 0, reason: b"" })) }) session_id=1 topic="89bfd2e645"
2026-10-06T21:53:17.640068Z  WARN p2panda_net::sync::actors::topic_manager: sync session failed: Io(Custom { kind: NotConnected, error: ConnectionLost(ApplicationClosed(ApplicationClose { error_code: 0, reason: b"" })) }) session_id=0 topic="89bfd2e645"
2026-10-06T21:53:17.640255Z  WARN p2panda_net::sync::actors::topic_manager: sync session failed: Io(Custom { kind: NotConnected, error: ConnectionLost(ApplicationClosed(ApplicationClose { error_code: 0, reason: b"" })) }) session_id=0 topic="89bfd2e645"
2026-10-06T21:53:17.640276Z  WARN p2panda_net::sync::actors::topic_manager: sync session failed: Io(Custom { kind: NotConnected, error: ConnectionLost(ApplicationClosed(ApplicationClose { error_code: 0, reason: b"" })) }) session_id=0 topic="89bfd2e645"
2026-10-06T21:53:17.640367Z  WARN p2panda_net::sync::actors::topic_manager: sync session failed: Io(Custom { kind: NotConnected, error: ConnectionLost(ApplicationClosed(ApplicationClose { error_code: 0, reason: b"" })) }) session_id=1 topic="89bfd2e645"
2026-10-06T21:53:17.640468Z  WARN p2panda_net::sync::actors::topic_manager: sync session failed: Io(Custom { kind: NotConnected, error: ConnectionLost(ApplicationClosed(ApplicationClose { error_code: 0, reason: b"" })) }) session_id=0 topic="89bfd2e645"
2026-10-06T21:53:17.645804Z  WARN p2panda_net::sync::actors::topic_manager: sync session failed: Io(Custom { kind: NotConnected, error: ConnectionLost(ApplicationClosed(ApplicationClose { error_code: 0, reason: b"" })) }) session_id=0 topic="d589badeed"
2026-10-06T21:53:17.645980Z  WARN p2panda_net::sync::actors::topic_manager: sync session failed: Io(Custom { kind: NotConnected, error: ConnectionLost(ApplicationClosed(ApplicationClose { error_code: 0, reason: b"" })) }) session_id=2 topic="89bfd2e645"
2026-10-06T21:53:17.648706Z  WARN p2panda_net::sync::actors::topic_manager: sync session failed: Io(Custom { kind: NotConnected, error: ConnectionLost(ApplicationClosed(ApplicationClose { error_code: 0, reason: b"" })) }) session_id=0 topic="89bfd2e645"
2026-10-06T21:53:17.646195Z  WARN p2panda_net::sync::actors::topic_manager: sync session failed: Io(Custom { kind: NotConnected, error: ConnectionLost(ApplicationClosed(ApplicationClose { error_code: 0, reason: b"" })) }) session_id=0 topic="89bfd2e645"
2026-10-06T21:53:17.648471Z  WARN p2panda_net::sync::actors::topic_manager: sync session failed: Io(Custom { kind: NotConnected, error: ConnectionLost(ApplicationClosed(ApplicationClose { error_code: 0, reason: b"" })) }) session_id=0 topic="6ef657c147"
2026-10-06T21:53:17.646155Z  WARN p2panda_net::sync::actors::topic_manager: sync session failed: Io(Custom { kind: NotConnected, error: ConnectionLost(ApplicationClosed(ApplicationClose { error_code: 0, reason: b"" })) }) session_id=1 topic="d589badeed"
2026-10-06T21:53:17.646012Z  WARN p2panda_net::sync::actors::topic_manager: sync session failed: Io(Custom { kind: NotConnected, error: ConnectionLost(ApplicationClosed(ApplicationClose { error_code: 0, reason: b"" })) }) session_id=0 topic="89bfd2e645"
2026-10-06T21:53:17.648373Z  WARN p2panda_net::sync::actors::topic_manager: sync session failed: Io(Custom { kind: NotConnected, error: ConnectionLost(ApplicationClosed(ApplicationClose { error_code: 0, reason: b"" })) }) session_id=2 topic="89bfd2e645"
2026-10-06T21:53:17.648544Z  WARN p2panda_net::sync::actors::topic_manager: sync session failed: Io(Custom { kind: NotConnected, error: ConnectionLost(ApplicationClosed(ApplicationClose { error_code: 0, reason: b"" })) }) session_id=0 topic="6ef657c147"
2026-10-06T21:53:17.646118Z  WARN p2panda_net::sync::actors::topic_manager: sync session failed: Io(Custom { kind: NotConnected, error: ConnectionLost(ApplicationClosed(ApplicationClose { error_code: 0, reason: b"" })) }) session_id=1 topic="89bfd2e645"
2026-10-06T21:53:17.646409Z  WARN p2panda_net::sync::actors::topic_manager: sync session failed: Io(Custom { kind: NotConnected, error: ConnectionLost(ApplicationClosed(ApplicationClose { error_code: 0, reason: b"" })) }) session_id=2 topic="bb7a8aa705"
2026-10-06T21:53:17.646078Z  WARN p2panda_net::sync::actors::topic_manager: sync session failed: Io(Custom { kind: NotConnected, error: ConnectionLost(ApplicationClosed(ApplicationClose { error_code: 0, reason: b"" })) }) session_id=2 topic="d589badeed"
2026-10-06T21:53:17.646293Z  WARN p2panda_net::sync::actors::topic_manager: sync session failed: Io(Custom { kind: NotConnected, error: ConnectionLost(ApplicationClosed(ApplicationClose { error_code: 0, reason: b"" })) }) session_id=0 topic="bb7a8aa705"
2026-10-06T21:53:22.645855Z  WARN p2panda_net::sync::actors::topic_manager: sync session failed: Io(Custom { kind: NotConnected, error: ConnectionLost(LocallyClosed) }) session_id=3 topic="89bfd2e645"
2026-10-06T21:53:22.645855Z  WARN p2panda_net::sync::actors::topic_manager: sync session failed: Io(Custom { kind: NotConnected, error: ConnectionLost(ApplicationClosed(ApplicationClose { error_code: 0, reason: b"" })) }) session_id=1 topic="89bfd2e645"
2026-10-06T21:53:22.645855Z  WARN p2panda_net::sync::actors::topic_manager: sync session failed: Io(Custom { kind: NotConnected, error: ConnectionLost(ApplicationClosed(ApplicationClose { error_code: 0, reason: b"" })) }) session_id=1 topic="89bfd2e645"
2026-10-06T21:53:22.645855Z  WARN p2panda_net::sync::actors::topic_manager: sync session failed: Io(Custom { kind: NotConnected, error: ConnectionLost(ApplicationClosed(ApplicationClose { error_code: 0, reason: b"" })) }) session_id=1 topic="89bfd2e645"
2026-10-06T21:53:22.645856Z  WARN p2panda_net::sync::actors::topic_manager: sync session failed: Io(Custom { kind: NotConnected, error: ConnectionLost(LocallyClosed) }) session_id=3 topic="89bfd2e645"
2026-10-06T21:53:22.645856Z  WARN p2panda_net::sync::actors::topic_manager: sync session failed: Io(Custom { kind: NotConnected, error: ConnectionLost(ApplicationClosed(ApplicationClose { error_code: 0, reason: b"" })) }) session_id=1 topic="89bfd2e645"
2026-10-06T21:53:22.645855Z  WARN p2panda_net::sync::actors::topic_manager: sync session failed: Io(Custom { kind: NotConnected, error: ConnectionLost(LocallyClosed) }) session_id=3 topic="89bfd2e645"
2026-10-06T21:53:22.645855Z  WARN p2panda_net::sync::actors::topic_manager: sync session failed: Io(Custom { kind: NotConnected, error: ConnectionLost(LocallyClosed) }) session_id=3 topic="89bfd2e645"
2026-10-06T21:53:22.651928Z  WARN p2panda_net::sync::actors::topic_manager: sync session failed: Io(Custom { kind: NotConnected, error: ConnectionLost(ApplicationClosed(ApplicationClose { error_code: 0, reason: b"" })) }) session_id=1 topic="6ef657c147"
2026-10-06T21:53:22.667331Z  WARN p2panda_net::sync::actors::topic_manager: sync session failed: Io(Custom { kind: NotConnected, error: ConnectionLost(LocallyClosed) }) session_id=2 topic="d589badeed"
2026-10-06T21:53:22.667378Z  WARN p2panda_net::sync::actors::topic_manager: sync session failed: Io(Custom { kind: NotConnected, error: ConnectionLost(ApplicationClosed(ApplicationClose { error_code: 0, reason: b"" })) }) session_id=1 topic="bb7a8aa705"
2026-10-06T21:53:22.667401Z  WARN p2panda_net::sync::actors::topic_manager: sync session failed: Io(Custom { kind: NotConnected, error: ConnectionLost(LocallyClosed) }) session_id=3 topic="bb7a8aa705"
2026-10-06T21:53:22.667433Z  WARN p2panda_net::sync::actors::topic_manager: sync session failed: Io(Custom { kind: NotConnected, error: ConnectionLost(ApplicationClosed(ApplicationClose { error_code: 0, reason: b"" })) }) session_id=1 topic="89bfd2e645"
2026-10-06T21:53:22.667418Z  WARN p2panda_net::sync::actors::topic_manager: sync session failed: Io(Custom { kind: NotConnected, error: ConnectionLost(ApplicationClosed(ApplicationClose { error_code: 0, reason: b"" })) }) session_id=1 topic="89bfd2e645"
2026-10-06T21:53:22.667299Z  WARN p2panda_net::sync::actors::topic_manager: sync session failed: Io(Custom { kind: NotConnected, error: ConnectionLost(ApplicationClosed(ApplicationClose { error_code: 0, reason: b"" })) }) session_id=3 topic="d589badeed"
2026-10-06T21:53:22.667584Z  WARN p2panda_net::sync::actors::topic_manager: sync session failed: Io(Custom { kind: NotConnected, error: ConnectionLost(ApplicationClosed(ApplicationClose { error_code: 0, reason: b"" })) }) session_id=1 topic="89bfd2e645"
2026-10-06T21:53:27.671465Z  WARN p2panda_net::sync::actors::topic_manager: sync session failed: Io(Custom { kind: NotConnected, error: ConnectionLost(LocallyClosed) }) session_id=3 topic="d589badeed"
2026-10-06T21:53:27.677621Z  WARN p2panda_net::sync::actors::topic_manager: sync session failed: Io(Custom { kind: NotConnected, error: ConnectionLost(ApplicationClosed(ApplicationClose { error_code: 0, reason: b"" })) }) session_id=1 topic="d589badeed"
ok
test place::lanes::tests::a_revoked_member_stops_reading_while_the_others_follow_the_rotation ... 2026-10-06T21:53:39.656736Z  WARN p2panda_net::iroh_mdns::actor: found invalid transport info coming from iroh's services endpoint_id=9b662f09bb44edb188b2a022b4eb969d44181252866340d454e017372d38d19b
2026-10-06T21:53:39.666363Z  WARN p2panda_net::iroh_mdns::actor: found invalid transport info coming from iroh's services endpoint_id=9b662f09bb44edb188b2a022b4eb969d44181252866340d454e017372d38d19b
2026-10-06T21:53:40.524133Z  WARN p2panda_net::iroh_mdns::actor: found invalid transport info coming from iroh's services endpoint_id=9b662f09bb44edb188b2a022b4eb969d44181252866340d454e017372d38d19b
2026-10-06T21:53:42.242265Z  WARN p2panda_net::iroh_mdns::actor: found invalid transport info coming from iroh's services endpoint_id=9b662f09bb44edb188b2a022b4eb969d44181252866340d454e017372d38d19b
2026-10-06T21:53:42.242801Z  WARN p2panda_net::iroh_mdns::actor: found invalid transport info coming from iroh's services endpoint_id=9b662f09bb44edb188b2a022b4eb969d44181252866340d454e017372d38d19b
2026-10-06T21:53:44.042767Z  WARN p2panda_net::iroh_mdns::actor: found invalid transport info coming from iroh's services endpoint_id=9b662f09bb44edb188b2a022b4eb969d44181252866340d454e017372d38d19b
2026-10-06T21:53:44.042767Z  WARN p2panda_net::iroh_mdns::actor: found invalid transport info coming from iroh's services endpoint_id=9b662f09bb44edb188b2a022b4eb969d44181252866340d454e017372d38d19b
2026-10-06T21:53:45.766244Z  WARN p2panda_net::iroh_mdns::actor: found invalid transport info coming from iroh's services endpoint_id=9b662f09bb44edb188b2a022b4eb969d44181252866340d454e017372d38d19b
2026-10-06T21:53:45.766632Z  WARN p2panda_net::iroh_mdns::actor: found invalid transport info coming from iroh's services endpoint_id=9b662f09bb44edb188b2a022b4eb969d44181252866340d454e017372d38d19b
2026-10-06T21:53:45.776874Z  WARN p2panda_net::iroh_mdns::actor: found invalid transport info coming from iroh's services endpoint_id=9b662f09bb44edb188b2a022b4eb969d44181252866340d454e017372d38d19b
2026-10-06T21:53:45.777098Z  WARN p2panda_net::iroh_mdns::actor: found invalid transport info coming from iroh's services endpoint_id=9b662f09bb44edb188b2a022b4eb969d44181252866340d454e017372d38d19b
2026-10-06T21:53:46.704354Z  WARN p2panda_net::sync::actors::topic_manager: sync session failed: address book does not have any iroh address info for node id daff059928954a5b7125ec9cad2578eeff05f89c2ebcdd34f0a3a7077db3fc93 session_id=2 topic="69910a551a"
2026-10-06T21:53:46.704421Z  WARN p2panda_net::sync::actors::topic_manager: sync session failed: address book does not have any iroh address info for node id daff059928954a5b7125ec9cad2578eeff05f89c2ebcdd34f0a3a7077db3fc93 session_id=2 topic="69910a551a"
2026-10-06T21:53:46.704540Z  WARN p2panda_net::sync::actors::topic_manager: sync session failed: address book does not have any iroh address info for node id daff059928954a5b7125ec9cad2578eeff05f89c2ebcdd34f0a3a7077db3fc93 session_id=2 topic="69910a551a"
2026-10-06T21:53:46.704665Z  WARN p2panda_net::sync::actors::topic_manager: sync session failed: address book does not have any iroh address info for node id daff059928954a5b7125ec9cad2578eeff05f89c2ebcdd34f0a3a7077db3fc93 session_id=2 topic="69910a551a"
2026-10-06T21:53:46.704733Z  WARN p2panda_net::sync::actors::topic_manager: sync session failed: address book does not have any iroh address info for node id daff059928954a5b7125ec9cad2578eeff05f89c2ebcdd34f0a3a7077db3fc93 session_id=2 topic="69910a551a"
2026-10-06T21:53:46.704802Z  WARN p2panda_net::sync::actors::topic_manager: sync session failed: address book does not have any iroh address info for node id daff059928954a5b7125ec9cad2578eeff05f89c2ebcdd34f0a3a7077db3fc93 session_id=2 topic="44dbcb5690"
2026-10-06T21:53:46.704888Z  WARN p2panda_net::sync::actors::topic_manager: sync session failed: address book does not have any iroh address info for node id daff059928954a5b7125ec9cad2578eeff05f89c2ebcdd34f0a3a7077db3fc93 session_id=2 topic="69910a551a"
2026-10-06T21:53:46.704953Z  WARN p2panda_net::sync::actors::topic_manager: sync session failed: address book does not have any iroh address info for node id daff059928954a5b7125ec9cad2578eeff05f89c2ebcdd34f0a3a7077db3fc93 session_id=2 topic="107211bddb"
2026-10-06T21:53:46.705059Z  WARN p2panda_net::sync::actors::topic_manager: sync session failed: address book does not have any iroh address info for node id daff059928954a5b7125ec9cad2578eeff05f89c2ebcdd34f0a3a7077db3fc93 session_id=2 topic="69910a551a"
2026-10-06T21:53:46.766909Z  WARN p2panda_net::sync::actors::topic_manager: sync session failed: address book does not have any iroh address info for node id daff059928954a5b7125ec9cad2578eeff05f89c2ebcdd34f0a3a7077db3fc93 session_id=2 topic="a66d245144"
2026-10-06T21:53:47.325219Z  WARN p2panda_net::iroh_mdns::actor: found invalid transport info coming from iroh's services endpoint_id=9b662f09bb44edb188b2a022b4eb969d44181252866340d454e017372d38d19b
2026-10-06T21:53:47.325312Z  WARN p2panda_net::iroh_mdns::actor: found invalid transport info coming from iroh's services endpoint_id=9b662f09bb44edb188b2a022b4eb969d44181252866340d454e017372d38d19b
2026-10-06T21:53:47.325373Z  WARN p2panda_net::iroh_mdns::actor: found invalid transport info coming from iroh's services endpoint_id=9b662f09bb44edb188b2a022b4eb969d44181252866340d454e017372d38d19b
2026-10-06T21:53:49.139142Z  WARN p2panda_net::iroh_mdns::actor: found invalid transport info coming from iroh's services endpoint_id=9b662f09bb44edb188b2a022b4eb969d44181252866340d454e017372d38d19b
2026-10-06T21:53:49.139366Z  WARN p2panda_net::iroh_mdns::actor: found invalid transport info coming from iroh's services endpoint_id=9b662f09bb44edb188b2a022b4eb969d44181252866340d454e017372d38d19b
2026-10-06T21:53:49.139469Z  WARN p2panda_net::iroh_mdns::actor: found invalid transport info coming from iroh's services endpoint_id=9b662f09bb44edb188b2a022b4eb969d44181252866340d454e017372d38d19b
2026-10-06T21:53:49.149870Z  WARN p2panda_net::iroh_mdns::actor: found invalid transport info coming from iroh's services endpoint_id=9b662f09bb44edb188b2a022b4eb969d44181252866340d454e017372d38d19b
2026-10-06T21:53:49.150031Z  WARN p2panda_net::iroh_mdns::actor: found invalid transport info coming from iroh's services endpoint_id=9b662f09bb44edb188b2a022b4eb969d44181252866340d454e017372d38d19b
2026-10-06T21:53:49.150200Z  WARN p2panda_net::iroh_mdns::actor: found invalid transport info coming from iroh's services endpoint_id=9b662f09bb44edb188b2a022b4eb969d44181252866340d454e017372d38d19b
2026-10-06T21:53:50.970190Z  WARN p2panda_net::iroh_mdns::actor: found invalid transport info coming from iroh's services endpoint_id=9b662f09bb44edb188b2a022b4eb969d44181252866340d454e017372d38d19b
2026-10-06T21:53:50.970281Z  WARN p2panda_net::iroh_mdns::actor: found invalid transport info coming from iroh's services endpoint_id=9b662f09bb44edb188b2a022b4eb969d44181252866340d454e017372d38d19b
2026-10-06T21:53:50.970659Z  WARN p2panda_net::iroh_mdns::actor: found invalid transport info coming from iroh's services endpoint_id=9b662f09bb44edb188b2a022b4eb969d44181252866340d454e017372d38d19b
2026-10-06T21:53:50.982080Z  WARN p2panda_net::iroh_mdns::actor: found invalid transport info coming from iroh's services endpoint_id=9b662f09bb44edb188b2a022b4eb969d44181252866340d454e017372d38d19b
2026-10-06T21:53:50.982252Z  WARN p2panda_net::iroh_mdns::actor: found invalid transport info coming from iroh's services endpoint_id=9b662f09bb44edb188b2a022b4eb969d44181252866340d454e017372d38d19b
2026-10-06T21:53:50.982417Z  WARN p2panda_net::iroh_mdns::actor: found invalid transport info coming from iroh's services endpoint_id=9b662f09bb44edb188b2a022b4eb969d44181252866340d454e017372d38d19b
2026-10-06T21:53:53.572779Z  WARN p2panda_net::iroh_mdns::actor: found invalid transport info coming from iroh's services endpoint_id=9b662f09bb44edb188b2a022b4eb969d44181252866340d454e017372d38d19b
2026-10-06T21:53:53.572854Z  WARN p2panda_net::iroh_mdns::actor: found invalid transport info coming from iroh's services endpoint_id=9b662f09bb44edb188b2a022b4eb969d44181252866340d454e017372d38d19b
2026-10-06T21:53:53.572854Z  WARN p2panda_net::iroh_mdns::actor: found invalid transport info coming from iroh's services endpoint_id=9b662f09bb44edb188b2a022b4eb969d44181252866340d454e017372d38d19b
2026-10-06T21:53:56.207144Z  WARN p2panda_net::iroh_mdns::actor: found invalid transport info coming from iroh's services endpoint_id=9b662f09bb44edb188b2a022b4eb969d44181252866340d454e017372d38d19b
2026-10-06T21:53:56.207178Z  WARN p2panda_net::iroh_mdns::actor: found invalid transport info coming from iroh's services endpoint_id=9b662f09bb44edb188b2a022b4eb969d44181252866340d454e017372d38d19b
2026-10-06T21:53:56.207326Z  WARN p2panda_net::iroh_mdns::actor: found invalid transport info coming from iroh's services endpoint_id=9b662f09bb44edb188b2a022b4eb969d44181252866340d454e017372d38d19b
2026-10-06T21:53:58.930043Z  WARN p2panda_net::iroh_mdns::actor: found invalid transport info coming from iroh's services endpoint_id=9b662f09bb44edb188b2a022b4eb969d44181252866340d454e017372d38d19b
2026-10-06T21:53:58.930100Z  WARN p2panda_net::iroh_mdns::actor: found invalid transport info coming from iroh's services endpoint_id=9b662f09bb44edb188b2a022b4eb969d44181252866340d454e017372d38d19b
2026-10-06T21:53:58.930043Z  WARN p2panda_net::iroh_mdns::actor: found invalid transport info coming from iroh's services endpoint_id=9b662f09bb44edb188b2a022b4eb969d44181252866340d454e017372d38d19b
2026-10-06T21:54:01.738171Z  WARN turnstone::place::worker: group-key frame refused reason=addressed direct message for ae88f987d44686356debe3e9299e43f4907517920aac5b9f9f7c71632e01124f is required
2026-10-06T21:54:01.738235Z  WARN turnstone::place::worker: group-key frame refused reason=addressed direct message for ae88f987d44686356debe3e9299e43f4907517920aac5b9f9f7c71632e01124f is required
2026-10-06T21:54:04.712971Z  WARN p2panda_net::iroh_mdns::actor: found invalid transport info coming from iroh's services endpoint_id=9b662f09bb44edb188b2a022b4eb969d44181252866340d454e017372d38d19b
2026-10-06T21:54:04.714120Z  WARN p2panda_net::iroh_mdns::actor: found invalid transport info coming from iroh's services endpoint_id=9b662f09bb44edb188b2a022b4eb969d44181252866340d454e017372d38d19b
2026-10-06T21:54:04.745297Z  WARN p2panda_net::iroh_mdns::actor: found invalid transport info coming from iroh's services endpoint_id=9b662f09bb44edb188b2a022b4eb969d44181252866340d454e017372d38d19b
2026-10-06T21:54:04.745410Z  WARN p2panda_net::iroh_mdns::actor: found invalid transport info coming from iroh's services endpoint_id=9b662f09bb44edb188b2a022b4eb969d44181252866340d454e017372d38d19b
2026-10-06T21:54:06.185119Z  WARN p2panda_sync::protocols::topic_log_sync: sync session closed with error error=DecodeMessage("Io(Custom { kind: NotConnected, error: ConnectionLost(ApplicationClosed(ApplicationClose { error_code: 0, reason: b\"\" })) })")
2026-10-06T21:54:06.185281Z  WARN p2panda_sync::protocols::topic_log_sync: sync session closed with error error=DecodeMessage("Io(Custom { kind: NotConnected, error: ConnectionLost(ApplicationClosed(ApplicationClose { error_code: 0, reason: b\"\" })) })")
2026-10-06T21:54:06.185404Z  WARN p2panda_net::sync::actors::topic_manager: sync session failed: Io(Custom { kind: NotConnected, error: ConnectionLost(ApplicationClosed(ApplicationClose { error_code: 0, reason: b"" })) }) session_id=1 topic="69910a551a"
2026-10-06T21:54:06.185430Z  WARN p2panda_sync::protocols::topic_log_sync: sync session closed with error error=DecodeMessage("Io(Custom { kind: NotConnected, error: ConnectionLost(ApplicationClosed(ApplicationClose { error_code: 0, reason: b\"\" })) })")
2026-10-06T21:54:06.185481Z  WARN p2panda_net::sync::actors::topic_manager: sync session failed: Io(Custom { kind: NotConnected, error: ConnectionLost(ApplicationClosed(ApplicationClose { error_code: 0, reason: b"" })) }) session_id=1 topic="69910a551a"
2026-10-06T21:54:06.185557Z  WARN p2panda_net::sync::actors::topic_manager: sync session failed: Io(Custom { kind: NotConnected, error: ConnectionLost(ApplicationClosed(ApplicationClose { error_code: 0, reason: b"" })) }) session_id=1 topic="69910a551a"
2026-10-06T21:54:06.186246Z  WARN p2panda_sync::protocols::topic_log_sync: sync session closed with error error=DecodeMessage("Io(Custom { kind: NotConnected, error: ConnectionLost(ApplicationClosed(ApplicationClose { error_code: 0, reason: b\"\" })) })")
2026-10-06T21:54:06.186246Z  WARN p2panda_net::sync::actors::topic_manager: sync session failed: error sending on message sink: Io(Custom { kind: NotConnected, error: ConnectionLost(ApplicationClosed(ApplicationClose { error_code: 0, reason: b"" })) }) session_id=0 topic="69910a551a"
2026-10-06T21:54:06.186377Z  WARN p2panda_net::sync::actors::topic_manager: sync session failed: error sending on message sink: Io(Custom { kind: NotConnected, error: ConnectionLost(ApplicationClosed(ApplicationClose { error_code: 0, reason: b"" })) }) session_id=1 topic="69910a551a"
2026-10-06T21:54:06.186681Z  WARN p2panda_net::sync::actors::topic_manager: sync session failed: Io(Custom { kind: NotConnected, error: ConnectionLost(ApplicationClosed(ApplicationClose { error_code: 0, reason: b"" })) }) session_id=1 topic="69910a551a"
2026-10-06T21:54:06.186905Z  WARN p2panda_net::sync::actors::topic_manager: sync session failed: error sending on message sink: Io(Custom { kind: NotConnected, error: ConnectionLost(ApplicationClosed(ApplicationClose { error_code: 0, reason: b"" })) }) session_id=1 topic="a66d245144"
2026-10-06T21:54:06.188103Z  WARN p2panda_sync::protocols::topic_log_sync: sync session closed with error error=DecodeMessage("Io(Custom { kind: NotConnected, error: ConnectionLost(ApplicationClosed(ApplicationClose { error_code: 0, reason: b\"\" })) })")
2026-10-06T21:54:06.189921Z ERROR iroh::socket::transports::relay: relay_recv_channel closed
2026-10-06T21:54:06.191166Z ERROR iroh::socket::transports::relay: relay_recv_channel closed
2026-10-06T21:54:07.507816Z  WARN p2panda_net::iroh_mdns::actor: found invalid transport info coming from iroh's services endpoint_id=9b662f09bb44edb188b2a022b4eb969d44181252866340d454e017372d38d19b
2026-10-06T21:54:07.507816Z  WARN p2panda_net::iroh_mdns::actor: found invalid transport info coming from iroh's services endpoint_id=9b662f09bb44edb188b2a022b4eb969d44181252866340d454e017372d38d19b
2026-10-06T21:54:07.508640Z  WARN p2panda_net::iroh_mdns::actor: found invalid transport info coming from iroh's services endpoint_id=9b662f09bb44edb188b2a022b4eb969d44181252866340d454e017372d38d19b
2026-10-06T21:54:07.517365Z  WARN p2panda_net::iroh_mdns::actor: found invalid transport info coming from iroh's services endpoint_id=9b662f09bb44edb188b2a022b4eb969d44181252866340d454e017372d38d19b
2026-10-06T21:54:07.517490Z  WARN p2panda_net::iroh_mdns::actor: found invalid transport info coming from iroh's services endpoint_id=9b662f09bb44edb188b2a022b4eb969d44181252866340d454e017372d38d19b
2026-10-06T21:54:07.517944Z  WARN p2panda_net::iroh_mdns::actor: found invalid transport info coming from iroh's services endpoint_id=9b662f09bb44edb188b2a022b4eb969d44181252866340d454e017372d38d19b
2026-10-06T21:54:10.384679Z  WARN p2panda_net::iroh_mdns::actor: found invalid transport info coming from iroh's services endpoint_id=9b662f09bb44edb188b2a022b4eb969d44181252866340d454e017372d38d19b
2026-10-06T21:54:10.384765Z  WARN p2panda_net::iroh_mdns::actor: found invalid transport info coming from iroh's services endpoint_id=9b662f09bb44edb188b2a022b4eb969d44181252866340d454e017372d38d19b
2026-10-06T21:54:10.384941Z  WARN p2panda_net::iroh_mdns::actor: found invalid transport info coming from iroh's services endpoint_id=9b662f09bb44edb188b2a022b4eb969d44181252866340d454e017372d38d19b
2026-10-06T21:54:10.395669Z  WARN p2panda_net::iroh_mdns::actor: found invalid transport info coming from iroh's services endpoint_id=9b662f09bb44edb188b2a022b4eb969d44181252866340d454e017372d38d19b
2026-10-06T21:54:10.395718Z  WARN p2panda_net::iroh_mdns::actor: found invalid transport info coming from iroh's services endpoint_id=9b662f09bb44edb188b2a022b4eb969d44181252866340d454e017372d38d19b
2026-10-06T21:54:10.395795Z  WARN p2panda_net::iroh_mdns::actor: found invalid transport info coming from iroh's services endpoint_id=9b662f09bb44edb188b2a022b4eb969d44181252866340d454e017372d38d19b
2026-10-06T21:54:11.192214Z  WARN p2panda_net::sync::actors::topic_manager: sync session failed: Io(Custom { kind: NotConnected, error: ConnectionLost(ApplicationClosed(ApplicationClose { error_code: 0, reason: b"" })) }) session_id=0 topic="69910a551a"
2026-10-06T21:54:12.277500Z  WARN p2panda_net::iroh_mdns::actor: found invalid transport info coming from iroh's services endpoint_id=9b662f09bb44edb188b2a022b4eb969d44181252866340d454e017372d38d19b
2026-10-06T21:54:12.306413Z  WARN p2panda_net::iroh_mdns::actor: found invalid transport info coming from iroh's services endpoint_id=9b662f09bb44edb188b2a022b4eb969d44181252866340d454e017372d38d19b
2026-10-06T21:54:12.307355Z  WARN p2panda_net::iroh_mdns::actor: found invalid transport info coming from iroh's services endpoint_id=9b662f09bb44edb188b2a022b4eb969d44181252866340d454e017372d38d19b
2026-10-06T21:54:15.160719Z  WARN p2panda_net::iroh_mdns::actor: found invalid transport info coming from iroh's services endpoint_id=9b662f09bb44edb188b2a022b4eb969d44181252866340d454e017372d38d19b
2026-10-06T21:54:15.160852Z  WARN p2panda_net::iroh_mdns::actor: found invalid transport info coming from iroh's services endpoint_id=9b662f09bb44edb188b2a022b4eb969d44181252866340d454e017372d38d19b
2026-10-06T21:54:15.160903Z  WARN p2panda_net::iroh_mdns::actor: found invalid transport info coming from iroh's services endpoint_id=9b662f09bb44edb188b2a022b4eb969d44181252866340d454e017372d38d19b
2026-10-06T21:54:17.731043Z  WARN p2panda_net::iroh_mdns::actor: found invalid transport info coming from iroh's services endpoint_id=9b662f09bb44edb188b2a022b4eb969d44181252866340d454e017372d38d19b
2026-10-06T21:54:17.731043Z  WARN p2panda_net::iroh_mdns::actor: found invalid transport info coming from iroh's services endpoint_id=9b662f09bb44edb188b2a022b4eb969d44181252866340d454e017372d38d19b
2026-10-06T21:54:17.731246Z  WARN p2panda_net::iroh_mdns::actor: found invalid transport info coming from iroh's services endpoint_id=9b662f09bb44edb188b2a022b4eb969d44181252866340d454e017372d38d19b
2026-10-06T21:54:17.731407Z  WARN p2panda_net::iroh_mdns::actor: found invalid transport info coming from iroh's services endpoint_id=9b662f09bb44edb188b2a022b4eb969d44181252866340d454e017372d38d19b
2026-10-06T21:54:17.743250Z  WARN p2panda_net::iroh_mdns::actor: found invalid transport info coming from iroh's services endpoint_id=9b662f09bb44edb188b2a022b4eb969d44181252866340d454e017372d38d19b
2026-10-06T21:54:17.743250Z  WARN p2panda_net::iroh_mdns::actor: found invalid transport info coming from iroh's services endpoint_id=9b662f09bb44edb188b2a022b4eb969d44181252866340d454e017372d38d19b
2026-10-06T21:54:17.743338Z  WARN p2panda_net::iroh_mdns::actor: found invalid transport info coming from iroh's services endpoint_id=9b662f09bb44edb188b2a022b4eb969d44181252866340d454e017372d38d19b
2026-10-06T21:54:17.744133Z  WARN p2panda_net::iroh_mdns::actor: found invalid transport info coming from iroh's services endpoint_id=9b662f09bb44edb188b2a022b4eb969d44181252866340d454e017372d38d19b
2026-10-06T21:54:18.744166Z  WARN p2panda_sync::protocols::topic_log_sync: sync session closed with error error=DecodeMessage("Io(Custom { kind: NotConnected, error: ConnectionLost(ApplicationClosed(ApplicationClose { error_code: 0, reason: b\"\" })) })")
2026-10-06T21:54:18.744280Z  WARN p2panda_sync::protocols::topic_log_sync: sync session closed with error error=DecodeMessage("Io(Custom { kind: NotConnected, error: ConnectionLost(ApplicationClosed(ApplicationClose { error_code: 0, reason: b\"\" })) })")
2026-10-06T21:54:18.744361Z  WARN p2panda_sync::protocols::topic_log_sync: sync session closed with error error=DecodeMessage("Io(Custom { kind: NotConnected, error: ConnectionLost(ApplicationClosed(ApplicationClose { error_code: 0, reason: b\"\" })) })")
2026-10-06T21:54:18.744403Z  WARN p2panda_net::sync::actors::topic_manager: sync session failed: Io(Custom { kind: NotConnected, error: ConnectionLost(ApplicationClosed(ApplicationClose { error_code: 0, reason: b"" })) }) session_id=2 topic="69910a551a"
2026-10-06T21:54:18.744422Z  WARN p2panda_sync::protocols::topic_log_sync: sync session closed with error error=DecodeMessage("Io(Custom { kind: NotConnected, error: ConnectionLost(ApplicationClosed(ApplicationClose { error_code: 0, reason: b\"\" })) })")
2026-10-06T21:54:18.744509Z  WARN p2panda_net::sync::actors::topic_manager: sync session failed: Io(Custom { kind: NotConnected, error: ConnectionLost(ApplicationClosed(ApplicationClose { error_code: 0, reason: b"" })) }) session_id=0 topic="69910a551a"
2026-10-06T21:54:18.744558Z  WARN p2panda_net::sync::actors::topic_manager: sync session failed: Io(Custom { kind: NotConnected, error: ConnectionLost(ApplicationClosed(ApplicationClose { error_code: 0, reason: b"" })) }) session_id=0 topic="69910a551a"
2026-10-06T21:54:18.744600Z  WARN p2panda_sync::protocols::topic_log_sync: sync session closed with error error=DecodeMessage("Io(Custom { kind: NotConnected, error: ConnectionLost(ApplicationClosed(ApplicationClose { error_code: 0, reason: b\"\" })) })")
2026-10-06T21:54:18.744739Z  WARN p2panda_sync::protocols::topic_log_sync: sync session closed with error error=DecodeMessage("Io(Custom { kind: NotConnected, error: ConnectionLost(ApplicationClosed(ApplicationClose { error_code: 0, reason: b\"\" })) })")
2026-10-06T21:54:18.745048Z  WARN p2panda_net::sync::actors::topic_manager: sync session failed: Io(Custom { kind: NotConnected, error: ConnectionLost(ApplicationClosed(ApplicationClose { error_code: 0, reason: b"" })) }) session_id=0 topic="69910a551a"
2026-10-06T21:54:18.745197Z  WARN p2panda_net::sync::actors::topic_manager: sync session failed: Io(Custom { kind: NotConnected, error: ConnectionLost(ApplicationClosed(ApplicationClose { error_code: 0, reason: b"" })) }) session_id=1 topic="69910a551a"
2026-10-06T21:54:18.745254Z  WARN p2panda_sync::protocols::topic_log_sync: sync session closed with error error=DecodeMessage("Io(Custom { kind: NotConnected, error: ConnectionLost(ApplicationClosed(ApplicationClose { error_code: 0, reason: b\"\" })) })")
2026-10-06T21:54:18.745302Z  WARN p2panda_sync::protocols::topic_log_sync: sync session closed with error error=DecodeMessage("Io(Custom { kind: NotConnected, error: ConnectionLost(ApplicationClosed(ApplicationClose { error_code: 0, reason: b\"\" })) })")
2026-10-06T21:54:18.745612Z  WARN p2panda_net::sync::actors::topic_manager: sync session failed: Io(Custom { kind: NotConnected, error: ConnectionLost(ApplicationClosed(ApplicationClose { error_code: 0, reason: b"" })) }) session_id=0 topic="69910a551a"
2026-10-06T21:54:18.745780Z  WARN p2panda_sync::protocols::topic_log_sync: sync session closed with error error=DecodeMessage("Io(Custom { kind: NotConnected, error: ConnectionLost(ApplicationClosed(ApplicationClose { error_code: 0, reason: b\"\" })) })")
2026-10-06T21:54:18.745831Z  WARN p2panda_sync::protocols::topic_log_sync: sync session closed with error error=DecodeMessage("Io(Custom { kind: NotConnected, error: ConnectionLost(ApplicationClosed(ApplicationClose { error_code: 0, reason: b\"\" })) })")
2026-10-06T21:54:18.745928Z  WARN p2panda_sync::protocols::topic_log_sync: sync session closed with error error=DecodeMessage("Io(Custom { kind: NotConnected, error: ConnectionLost(ApplicationClosed(ApplicationClose { error_code: 0, reason: b\"\" })) })")
2026-10-06T21:54:18.746020Z  WARN p2panda_sync::protocols::topic_log_sync: sync session closed with error error=DecodeMessage("Io(Custom { kind: NotConnected, error: ConnectionLost(ApplicationClosed(ApplicationClose { error_code: 0, reason: b\"\" })) })")
2026-10-06T21:54:18.746072Z  WARN p2panda_net::sync::actors::topic_manager: sync session failed: Io(Custom { kind: NotConnected, error: ConnectionLost(ApplicationClosed(ApplicationClose { error_code: 0, reason: b"" })) }) session_id=3 topic="69910a551a"
2026-10-06T21:54:18.746130Z  WARN p2panda_net::sync::actors::topic_manager: sync session failed: Io(Custom { kind: NotConnected, error: ConnectionLost(ApplicationClosed(ApplicationClose { error_code: 0, reason: b"" })) }) session_id=0 topic="a66d245144"
2026-10-06T21:54:18.746255Z  WARN p2panda_sync::protocols::topic_log_sync: sync session closed with error error=DecodeMessage("Io(Custom { kind: NotConnected, error: ConnectionLost(ApplicationClosed(ApplicationClose { error_code: 0, reason: b\"\" })) })")
2026-10-06T21:54:18.746472Z  WARN p2panda_sync::protocols::topic_log_sync: sync session closed with error error=DecodeMessage("Io(Custom { kind: NotConnected, error: ConnectionLost(ApplicationClosed(ApplicationClose { error_code: 0, reason: b\"\" })) })")
2026-10-06T21:54:18.746768Z  WARN p2panda_sync::protocols::topic_log_sync: sync session closed with error error=DecodeMessage("Io(Custom { kind: NotConnected, error: ConnectionLost(ApplicationClosed(ApplicationClose { error_code: 0, reason: b\"\" })) })")
2026-10-06T21:54:18.746793Z  WARN p2panda_sync::protocols::topic_log_sync: sync session closed with error error=DecodeMessage("Io(Custom { kind: NotConnected, error: ConnectionLost(ApplicationClosed(ApplicationClose { error_code: 0, reason: b\"\" })) })")
2026-10-06T21:54:18.746895Z  WARN p2panda_sync::protocols::topic_log_sync: sync session closed with error error=DecodeMessage("Io(Custom { kind: NotConnected, error: ConnectionLost(ApplicationClosed(ApplicationClose { error_code: 0, reason: b\"\" })) })")
2026-10-06T21:54:18.746896Z  WARN p2panda_sync::protocols::topic_log_sync: sync session closed with error error=DecodeMessage("Io(Custom { kind: NotConnected, error: ConnectionLost(ApplicationClosed(ApplicationClose { error_code: 0, reason: b\"\" })) })")
2026-10-06T21:54:18.747016Z  WARN p2panda_sync::protocols::topic_log_sync: sync session closed with error error=DecodeMessage("Io(Custom { kind: NotConnected, error: ConnectionLost(ApplicationClosed(ApplicationClose { error_code: 0, reason: b\"\" })) })")
2026-10-06T21:54:18.746903Z  WARN p2panda_net::sync::actors::topic_manager: sync session failed: Io(Custom { kind: NotConnected, error: ConnectionLost(ApplicationClosed(ApplicationClose { error_code: 0, reason: b"" })) }) session_id=5 topic="69910a551a"
2026-10-06T21:54:18.747072Z  WARN p2panda_sync::protocols::topic_log_sync: sync session closed with error error=DecodeMessage("Io(Custom { kind: NotConnected, error: ConnectionLost(ApplicationClosed(ApplicationClose { error_code: 0, reason: b\"\" })) })")
2026-10-06T21:54:18.747172Z  WARN p2panda_sync::protocols::topic_log_sync: sync session closed with error error=DecodeMessage("Io(Custom { kind: NotConnected, error: ConnectionLost(ApplicationClosed(ApplicationClose { error_code: 0, reason: b\"\" })) })")
2026-10-06T21:54:18.747204Z  WARN p2panda_sync::protocols::topic_log_sync: sync session closed with error error=DecodeMessage("Io(Custom { kind: NotConnected, error: ConnectionLost(ApplicationClosed(ApplicationClose { error_code: 0, reason: b\"\" })) })")
2026-10-06T21:54:18.747208Z  WARN p2panda_net::sync::actors::topic_manager: sync session failed: Io(Custom { kind: NotConnected, error: ConnectionLost(ApplicationClosed(ApplicationClose { error_code: 0, reason: b"" })) }) session_id=0 topic="69910a551a"
2026-10-06T21:54:18.747297Z  WARN p2panda_sync::protocols::topic_log_sync: sync session closed with error error=DecodeMessage("Io(Custom { kind: NotConnected, error: ConnectionLost(ApplicationClosed(ApplicationClose { error_code: 0, reason: b\"\" })) })")
2026-10-06T21:54:18.747453Z  WARN p2panda_sync::protocols::topic_log_sync: sync session closed with error error=DecodeMessage("Io(Custom { kind: NotConnected, error: ConnectionLost(ApplicationClosed(ApplicationClose { error_code: 0, reason: b\"\" })) })")
2026-10-06T21:54:18.747180Z  WARN p2panda_net::sync::actors::topic_manager: sync session failed: Io(Custom { kind: NotConnected, error: ConnectionLost(ApplicationClosed(ApplicationClose { error_code: 0, reason: b"" })) }) session_id=0 topic="69910a551a"
2026-10-06T21:54:18.747462Z  WARN p2panda_net::sync::actors::topic_manager: sync session failed: Io(Custom { kind: NotConnected, error: ConnectionLost(ApplicationClosed(ApplicationClose { error_code: 0, reason: b"" })) }) session_id=0 topic="44dbcb5690"
2026-10-06T21:54:18.747499Z  WARN p2panda_net::sync::actors::topic_manager: sync session failed: Io(Custom { kind: NotConnected, error: ConnectionLost(ApplicationClosed(ApplicationClose { error_code: 0, reason: b"" })) }) session_id=1 topic="69910a551a"
2026-10-06T21:54:18.747564Z  WARN p2panda_sync::protocols::topic_log_sync: sync session closed with error error=DecodeMessage("Io(Custom { kind: NotConnected, error: ConnectionLost(ApplicationClosed(ApplicationClose { error_code: 0, reason: b\"\" })) })")
2026-10-06T21:54:18.747636Z  WARN p2panda_net::sync::actors::topic_manager: sync session failed: Io(Custom { kind: NotConnected, error: ConnectionLost(ApplicationClosed(ApplicationClose { error_code: 0, reason: b"" })) }) session_id=0 topic="69910a551a"
2026-10-06T21:54:18.747701Z  WARN p2panda_sync::protocols::topic_log_sync: sync session closed with error error=DecodeMessage("Io(Custom { kind: NotConnected, error: ConnectionLost(ApplicationClosed(ApplicationClose { error_code: 0, reason: b\"\" })) })")
2026-10-06T21:54:18.747792Z  WARN p2panda_sync::protocols::topic_log_sync: sync session closed with error error=DecodeMessage("Io(Custom { kind: NotConnected, error: ConnectionLost(ApplicationClosed(ApplicationClose { error_code: 0, reason: b\"\" })) })")
2026-10-06T21:54:18.747827Z  WARN p2panda_net::sync::actors::topic_manager: sync session failed: Io(Custom { kind: NotConnected, error: ConnectionLost(ApplicationClosed(ApplicationClose { error_code: 0, reason: b"" })) }) session_id=0 topic="69910a551a"
2026-10-06T21:54:18.747833Z  WARN p2panda_net::sync::actors::topic_manager: sync session failed: Io(Custom { kind: NotConnected, error: ConnectionLost(ApplicationClosed(ApplicationClose { error_code: 0, reason: b"" })) }) session_id=2 topic="107211bddb"
2026-10-06T21:54:18.747880Z  WARN p2panda_sync::protocols::topic_log_sync: sync session closed with error error=DecodeMessage("Io(Custom { kind: NotConnected, error: ConnectionLost(ApplicationClosed(ApplicationClose { error_code: 0, reason: b\"\" })) })")
2026-10-06T21:54:18.747830Z  WARN p2panda_net::sync::actors::topic_manager: sync session failed: Io(Custom { kind: NotConnected, error: ConnectionLost(ApplicationClosed(ApplicationClose { error_code: 0, reason: b"" })) }) session_id=0 topic="69910a551a"
2026-10-06T21:54:18.747976Z  WARN p2panda_net::sync::actors::topic_manager: sync session failed: Io(Custom { kind: NotConnected, error: ConnectionLost(ApplicationClosed(ApplicationClose { error_code: 0, reason: b"" })) }) session_id=1 topic="44dbcb5690"
2026-10-06T21:54:18.747967Z  WARN p2panda_sync::protocols::topic_log_sync: sync session closed with error error=DecodeMessage("Io(Custom { kind: NotConnected, error: ConnectionLost(ApplicationClosed(ApplicationClose { error_code: 0, reason: b\"\" })) })")
2026-10-06T21:54:18.748008Z  WARN p2panda_sync::protocols::topic_log_sync: sync session closed with error error=DecodeMessage("Io(Custom { kind: NotConnected, error: ConnectionLost(ApplicationClosed(ApplicationClose { error_code: 0, reason: b\"\" })) })")
2026-10-06T21:54:18.748011Z  WARN p2panda_net::sync::actors::topic_manager: sync session failed: Io(Custom { kind: NotConnected, error: ConnectionLost(ApplicationClosed(ApplicationClose { error_code: 0, reason: b"" })) }) session_id=1 topic="69910a551a"
2026-10-06T21:54:18.748017Z  WARN p2panda_net::sync::actors::topic_manager: sync session failed: Io(Custom { kind: NotConnected, error: ConnectionLost(ApplicationClosed(ApplicationClose { error_code: 0, reason: b"" })) }) session_id=2 topic="44dbcb5690"
2026-10-06T21:54:18.748114Z  WARN p2panda_sync::protocols::topic_log_sync: sync session closed with error error=DecodeMessage("Io(Custom { kind: NotConnected, error: ConnectionLost(ApplicationClosed(ApplicationClose { error_code: 0, reason: b\"\" })) })")
2026-10-06T21:54:18.748248Z  WARN p2panda_net::sync::actors::topic_manager: sync session failed: Io(Custom { kind: NotConnected, error: ConnectionLost(ApplicationClosed(ApplicationClose { error_code: 0, reason: b"" })) }) session_id=0 topic="69910a551a"
2026-10-06T21:54:18.748399Z  WARN p2panda_sync::protocols::topic_log_sync: sync session closed with error error=DecodeMessage("Io(Custom { kind: NotConnected, error: ConnectionLost(ApplicationClosed(ApplicationClose { error_code: 0, reason: b\"\" })) })")
2026-10-06T21:54:18.748537Z  WARN p2panda_net::sync::actors::topic_manager: sync session failed: Io(Custom { kind: NotConnected, error: ConnectionLost(ApplicationClosed(ApplicationClose { error_code: 0, reason: b"" })) }) session_id=3 topic="a66d245144"
2026-10-06T21:54:18.748802Z  WARN p2panda_sync::protocols::topic_log_sync: sync session closed with error error=DecodeMessage("Io(Custom { kind: NotConnected, error: ConnectionLost(ApplicationClosed(ApplicationClose { error_code: 0, reason: b\"\" })) })")
2026-10-06T21:54:18.748819Z  WARN p2panda_net::sync::actors::topic_manager: sync session failed: Io(Custom { kind: NotConnected, error: ConnectionLost(ApplicationClosed(ApplicationClose { error_code: 0, reason: b"" })) }) session_id=2 topic="69910a551a"
2026-10-06T21:54:18.749053Z  WARN p2panda_sync::protocols::topic_log_sync: sync session closed with error error=DecodeMessage("Io(Custom { kind: NotConnected, error: ConnectionLost(ApplicationClosed(ApplicationClose { error_code: 0, reason: b\"\" })) })")
2026-10-06T21:54:18.749164Z  WARN p2panda_sync::protocols::topic_log_sync: sync session closed with error error=DecodeMessage("Io(Custom { kind: NotConnected, error: ConnectionLost(ApplicationClosed(ApplicationClose { error_code: 0, reason: b\"\" })) })")
2026-10-06T21:54:18.749405Z  WARN p2panda_sync::protocols::topic_log_sync: sync session closed with error error=DecodeMessage("Io(Custom { kind: NotConnected, error: ConnectionLost(ApplicationClosed(ApplicationClose { error_code: 0, reason: b\"\" })) })")
2026-10-06T21:54:18.749418Z  WARN p2panda_sync::protocols::topic_log_sync: sync session closed with error error=DecodeMessage("Io(Custom { kind: NotConnected, error: ConnectionLost(ApplicationClosed(ApplicationClose { error_code: 0, reason: b\"\" })) })")
2026-10-06T21:54:18.749429Z  WARN p2panda_net::sync::actors::topic_manager: sync session failed: Io(Custom { kind: NotConnected, error: ConnectionLost(ApplicationClosed(ApplicationClose { error_code: 0, reason: b"" })) }) session_id=0 topic="107211bddb"
2026-10-06T21:54:18.749459Z  WARN p2panda_sync::protocols::topic_log_sync: sync session closed with error error=DecodeMessage("Io(Custom { kind: NotConnected, error: ConnectionLost(ApplicationClosed(ApplicationClose { error_code: 0, reason: b\"\" })) })")
2026-10-06T21:54:18.749688Z  WARN p2panda_sync::protocols::topic_log_sync: sync session closed with error error=DecodeMessage("Io(Custom { kind: NotConnected, error: ConnectionLost(ApplicationClosed(ApplicationClose { error_code: 0, reason: b\"\" })) })")
2026-10-06T21:54:18.749760Z  WARN p2panda_net::sync::actors::topic_manager: sync session failed: Io(Custom { kind: NotConnected, error: ConnectionLost(ApplicationClosed(ApplicationClose { error_code: 0, reason: b"" })) }) session_id=2 topic="69910a551a"
2026-10-06T21:54:18.749970Z  WARN p2panda_sync::protocols::topic_log_sync: sync session closed with error error=DecodeMessage("Io(Custom { kind: NotConnected, error: ConnectionLost(ApplicationClosed(ApplicationClose { error_code: 0, reason: b\"\" })) })")
2026-10-06T21:54:18.749976Z  WARN p2panda_sync::protocols::topic_log_sync: sync session closed with error error=DecodeMessage("Io(Custom { kind: NotConnected, error: ConnectionLost(ApplicationClosed(ApplicationClose { error_code: 0, reason: b\"\" })) })")
2026-10-06T21:54:18.750048Z  WARN p2panda_sync::protocols::topic_log_sync: sync session closed with error error=DecodeMessage("Io(Custom { kind: NotConnected, error: ConnectionLost(ApplicationClosed(ApplicationClose { error_code: 0, reason: b\"\" })) })")
2026-10-06T21:54:18.750097Z  WARN p2panda_sync::protocols::topic_log_sync: sync session closed with error error=DecodeMessage("Io(Custom { kind: NotConnected, error: ConnectionLost(ApplicationClosed(ApplicationClose { error_code: 0, reason: b\"\" })) })")
2026-10-06T21:54:18.750149Z  WARN p2panda_net::sync::actors::topic_manager: sync session failed: Io(Custom { kind: NotConnected, error: ConnectionLost(ApplicationClosed(ApplicationClose { error_code: 0, reason: b"" })) }) session_id=0 topic="69910a551a"
2026-10-06T21:54:18.750280Z  WARN p2panda_sync::protocols::topic_log_sync: sync session closed with error error=DecodeMessage("Io(Custom { kind: NotConnected, error: ConnectionLost(ApplicationClosed(ApplicationClose { error_code: 0, reason: b\"\" })) })")
2026-10-06T21:54:18.750338Z  WARN p2panda_sync::protocols::topic_log_sync: sync session closed with error error=DecodeMessage("Io(Custom { kind: NotConnected, error: ConnectionLost(ApplicationClosed(ApplicationClose { error_code: 0, reason: b\"\" })) })")
2026-10-06T21:54:18.750348Z  WARN p2panda_net::sync::actors::topic_manager: sync session failed: Io(Custom { kind: NotConnected, error: ConnectionLost(ApplicationClosed(ApplicationClose { error_code: 0, reason: b"" })) }) session_id=1 topic="69910a551a"
2026-10-06T21:54:18.750440Z  WARN p2panda_sync::protocols::topic_log_sync: sync session closed with error error=DecodeMessage("Io(Custom { kind: NotConnected, error: ConnectionLost(ApplicationClosed(ApplicationClose { error_code: 0, reason: b\"\" })) })")
2026-10-06T21:54:18.750502Z  WARN p2panda_sync::protocols::topic_log_sync: sync session closed with error error=DecodeMessage("Io(Custom { kind: NotConnected, error: ConnectionLost(ApplicationClosed(ApplicationClose { error_code: 0, reason: b\"\" })) })")
2026-10-06T21:54:18.750553Z  WARN p2panda_sync::protocols::topic_log_sync: sync session closed with error error=DecodeMessage("Io(Custom { kind: NotConnected, error: ConnectionLost(ApplicationClosed(ApplicationClose { error_code: 0, reason: b\"\" })) })")
2026-10-06T21:54:18.750668Z  WARN p2panda_sync::protocols::topic_log_sync: sync session closed with error error=DecodeMessage("Io(Custom { kind: NotConnected, error: ConnectionLost(ApplicationClosed(ApplicationClose { error_code: 0, reason: b\"\" })) })")
2026-10-06T21:54:18.750668Z  WARN p2panda_sync::protocols::topic_log_sync: sync session closed with error error=DecodeMessage("Io(Custom { kind: NotConnected, error: ConnectionLost(ApplicationClosed(ApplicationClose { error_code: 0, reason: b\"\" })) })")
2026-10-06T21:54:18.750647Z  WARN p2panda_sync::protocols::topic_log_sync: sync session closed with error error=DecodeMessage("Io(Custom { kind: NotConnected, error: ConnectionLost(ApplicationClosed(ApplicationClose { error_code: 0, reason: b\"\" })) })")
2026-10-06T21:54:18.750771Z  WARN p2panda_net::sync::actors::topic_manager: sync session failed: Io(Custom { kind: NotConnected, error: ConnectionLost(ApplicationClosed(ApplicationClose { error_code: 0, reason: b"" })) }) session_id=2 topic="69910a551a"
2026-10-06T21:54:18.750782Z  WARN p2panda_sync::protocols::topic_log_sync: sync session closed with error error=DecodeMessage("Io(Custom { kind: NotConnected, error: ConnectionLost(ApplicationClosed(ApplicationClose { error_code: 0, reason: b\"\" })) })")
2026-10-06T21:54:18.750826Z  WARN p2panda_sync::protocols::topic_log_sync: sync session closed with error error=DecodeMessage("Io(Custom { kind: NotConnected, error: ConnectionLost(ApplicationClosed(ApplicationClose { error_code: 0, reason: b\"\" })) })")
2026-10-06T21:54:18.750967Z  WARN p2panda_sync::protocols::topic_log_sync: sync session closed with error error=DecodeMessage("Io(Custom { kind: NotConnected, error: ConnectionLost(ApplicationClosed(ApplicationClose { error_code: 0, reason: b\"\" })) })")
2026-10-06T21:54:18.751137Z  WARN p2panda_sync::protocols::topic_log_sync: sync session closed with error error=DecodeMessage("Io(Custom { kind: NotConnected, error: ConnectionLost(ApplicationClosed(ApplicationClose { error_code: 0, reason: b\"\" })) })")
2026-10-06T21:54:18.751177Z  WARN p2panda_net::sync::actors::topic_manager: sync session failed: Io(Custom { kind: NotConnected, error: ConnectionLost(ApplicationClosed(ApplicationClose { error_code: 0, reason: b"" })) }) session_id=0 topic="a66d245144"
2026-10-06T21:54:18.751238Z  WARN p2panda_net::sync::actors::topic_manager: sync session failed: Io(Custom { kind: NotConnected, error: ConnectionLost(ApplicationClosed(ApplicationClose { error_code: 0, reason: b"" })) }) session_id=0 topic="107211bddb"
2026-10-06T21:54:18.751322Z  WARN p2panda_sync::protocols::topic_log_sync: sync session closed with error error=DecodeMessage("Io(Custom { kind: NotConnected, error: ConnectionLost(ApplicationClosed(ApplicationClose { error_code: 0, reason: b\"\" })) })")
2026-10-06T21:54:18.751553Z  WARN p2panda_sync::protocols::topic_log_sync: sync session closed with error error=DecodeMessage("Io(Custom { kind: NotConnected, error: ConnectionLost(ApplicationClosed(ApplicationClose { error_code: 0, reason: b\"\" })) })")
2026-10-06T21:54:18.751709Z  WARN p2panda_sync::protocols::topic_log_sync: sync session closed with error error=DecodeMessage("Io(Custom { kind: NotConnected, error: ConnectionLost(ApplicationClosed(ApplicationClose { error_code: 0, reason: b\"\" })) })")
2026-10-06T21:54:18.752098Z  WARN p2panda_sync::protocols::topic_log_sync: sync session closed with error error=DecodeMessage("Io(Custom { kind: NotConnected, error: ConnectionLost(ApplicationClosed(ApplicationClose { error_code: 0, reason: b\"\" })) })")
2026-10-06T21:54:18.753396Z ERROR iroh::socket::transports::relay: relay_recv_channel closed
2026-10-06T21:54:18.754571Z ERROR iroh::socket::transports::relay: relay_recv_channel closed
2026-10-06T21:54:20.495331Z  WARN p2panda_net::iroh_mdns::actor: found invalid transport info coming from iroh's services endpoint_id=9b662f09bb44edb188b2a022b4eb969d44181252866340d454e017372d38d19b
2026-10-06T21:54:20.495368Z  WARN p2panda_net::iroh_mdns::actor: found invalid transport info coming from iroh's services endpoint_id=9b662f09bb44edb188b2a022b4eb969d44181252866340d454e017372d38d19b
2026-10-06T21:54:20.495414Z  WARN p2panda_net::iroh_mdns::actor: found invalid transport info coming from iroh's services endpoint_id=9b662f09bb44edb188b2a022b4eb969d44181252866340d454e017372d38d19b
2026-10-06T21:54:20.520294Z  WARN p2panda_sync::protocols::topic_log_sync: sync session closed with error error=DecodeMessage("Io(Custom { kind: NotConnected, error: ConnectionLost(LocallyClosed) })")
2026-10-06T21:54:20.520529Z  WARN p2panda_sync::protocols::topic_log_sync: sync session closed with error error=DecodeMessage("Io(Custom { kind: NotConnected, error: ConnectionLost(LocallyClosed) })")
2026-10-06T21:54:20.520902Z  WARN p2panda_sync::protocols::topic_log_sync: sync session closed with error error=DecodeMessage("Io(Custom { kind: NotConnected, error: ConnectionLost(LocallyClosed) })")
2026-10-06T21:54:20.520928Z  WARN p2panda_sync::protocols::topic_log_sync: sync session closed with error error=DecodeMessage("Io(Custom { kind: NotConnected, error: ConnectionLost(LocallyClosed) })")
2026-10-06T21:54:20.521467Z  WARN p2panda_sync::protocols::topic_log_sync: sync session closed with error error=DecodeMessage("Io(Custom { kind: NotConnected, error: ConnectionLost(ApplicationClosed(ApplicationClose { error_code: 0, reason: b\"\" })) })")
2026-10-06T21:54:20.521683Z  WARN p2panda_sync::protocols::topic_log_sync: sync session closed with error error=DecodeMessage("Io(Custom { kind: NotConnected, error: ConnectionLost(LocallyClosed) })")
2026-10-06T21:54:20.521759Z  WARN p2panda_sync::protocols::topic_log_sync: sync session closed with error error=DecodeMessage("Io(Custom { kind: NotConnected, error: ConnectionLost(LocallyClosed) })")
2026-10-06T21:54:20.521835Z  WARN p2panda_sync::protocols::topic_log_sync: sync session closed with error error=DecodeMessage("Io(Custom { kind: NotConnected, error: ConnectionLost(LocallyClosed) })")
2026-10-06T21:54:20.521852Z  WARN p2panda_sync::protocols::topic_log_sync: sync session closed with error error=DecodeMessage("Io(Custom { kind: NotConnected, error: ConnectionLost(LocallyClosed) })")
2026-10-06T21:54:20.522203Z  WARN p2panda_sync::protocols::topic_log_sync: sync session closed with error error=DecodeMessage("Io(Custom { kind: NotConnected, error: ConnectionLost(LocallyClosed) })")
2026-10-06T21:54:20.522261Z  WARN p2panda_sync::protocols::topic_log_sync: sync session closed with error error=DecodeMessage("Io(Custom { kind: NotConnected, error: ConnectionLost(LocallyClosed) })")
2026-10-06T21:54:20.522382Z  WARN p2panda_sync::protocols::topic_log_sync: sync session closed with error error=DecodeMessage("Io(Custom { kind: NotConnected, error: ConnectionLost(ApplicationClosed(ApplicationClose { error_code: 0, reason: b\"\" })) })")
2026-10-06T21:54:20.522514Z  WARN p2panda_sync::protocols::topic_log_sync: sync session closed with error error=DecodeMessage("Io(Custom { kind: NotConnected, error: ConnectionLost(LocallyClosed) })")
2026-10-06T21:54:20.522490Z  WARN p2panda_sync::protocols::topic_log_sync: sync session closed with error error=DecodeMessage("Io(Custom { kind: NotConnected, error: ConnectionLost(ApplicationClosed(ApplicationClose { error_code: 0, reason: b\"\" })) })")
2026-10-06T21:54:20.522780Z  WARN p2panda_sync::protocols::topic_log_sync: sync session closed with error error=DecodeMessage("Io(Custom { kind: NotConnected, error: ConnectionLost(LocallyClosed) })")
2026-10-06T21:54:20.522986Z  WARN p2panda_sync::protocols::topic_log_sync: sync session closed with error error=DecodeMessage("Io(Custom { kind: NotConnected, error: ConnectionLost(ApplicationClosed(ApplicationClose { error_code: 0, reason: b\"\" })) })")
2026-10-06T21:54:20.523199Z  WARN p2panda_sync::protocols::topic_log_sync: sync session closed with error error=DecodeMessage("Io(Custom { kind: NotConnected, error: ConnectionLost(LocallyClosed) })")
2026-10-06T21:54:20.523372Z  WARN p2panda_sync::protocols::topic_log_sync: sync session closed with error error=DecodeMessage("Io(Custom { kind: NotConnected, error: ConnectionLost(LocallyClosed) })")
2026-10-06T21:54:20.522992Z  WARN p2panda_sync::protocols::topic_log_sync: sync session closed with error error=DecodeMessage("Io(Custom { kind: NotConnected, error: ConnectionLost(LocallyClosed) })")
2026-10-06T21:54:20.523472Z  WARN p2panda_sync::protocols::topic_log_sync: sync session closed with error error=DecodeMessage("Io(Custom { kind: NotConnected, error: ConnectionLost(ApplicationClosed(ApplicationClose { error_code: 0, reason: b\"\" })) })")
2026-10-06T21:54:20.523571Z  WARN p2panda_sync::protocols::topic_log_sync: sync session closed with error error=DecodeMessage("Io(Custom { kind: NotConnected, error: ConnectionLost(LocallyClosed) })")
2026-10-06T21:54:20.523656Z  WARN p2panda_sync::protocols::topic_log_sync: sync session closed with error error=DecodeMessage("Io(Custom { kind: NotConnected, error: ConnectionLost(LocallyClosed) })")
2026-10-06T21:54:20.523676Z  WARN p2panda_sync::protocols::topic_log_sync: sync session closed with error error=DecodeMessage("Io(Custom { kind: NotConnected, error: ConnectionLost(ApplicationClosed(ApplicationClose { error_code: 0, reason: b\"\" })) })")
2026-10-06T21:54:20.523718Z  WARN p2panda_sync::protocols::topic_log_sync: sync session closed with error error=DecodeMessage("Io(Custom { kind: NotConnected, error: ConnectionLost(ApplicationClosed(ApplicationClose { error_code: 0, reason: b\"\" })) })")
2026-10-06T21:54:20.523877Z  WARN p2panda_sync::protocols::topic_log_sync: sync session closed with error error=DecodeMessage("Io(Custom { kind: NotConnected, error: ConnectionLost(ApplicationClosed(ApplicationClose { error_code: 0, reason: b\"\" })) })")
2026-10-06T21:54:20.523905Z  WARN p2panda_sync::protocols::topic_log_sync: sync session closed with error error=DecodeMessage("Io(Custom { kind: NotConnected, error: ConnectionLost(ApplicationClosed(ApplicationClose { error_code: 0, reason: b\"\" })) })")
2026-10-06T21:54:20.523947Z  WARN p2panda_sync::protocols::topic_log_sync: sync session closed with error error=DecodeMessage("Io(Custom { kind: NotConnected, error: ConnectionLost(LocallyClosed) })")
2026-10-06T21:54:20.523968Z  WARN p2panda_sync::protocols::topic_log_sync: sync session closed with error error=DecodeMessage("Io(Custom { kind: NotConnected, error: ConnectionLost(ApplicationClosed(ApplicationClose { error_code: 0, reason: b\"\" })) })")
2026-10-06T21:54:20.524061Z  WARN p2panda_sync::protocols::topic_log_sync: sync session closed with error error=DecodeMessage("Io(Custom { kind: NotConnected, error: ConnectionLost(ApplicationClosed(ApplicationClose { error_code: 0, reason: b\"\" })) })")
2026-10-06T21:54:20.524332Z  WARN p2panda_sync::protocols::topic_log_sync: sync session closed with error error=DecodeMessage("Io(Custom { kind: NotConnected, error: ConnectionLost(ApplicationClosed(ApplicationClose { error_code: 0, reason: b\"\" })) })")
2026-10-06T21:54:20.524639Z  WARN p2panda_sync::protocols::topic_log_sync: sync session closed with error error=DecodeMessage("Io(Custom { kind: NotConnected, error: ConnectionLost(ApplicationClosed(ApplicationClose { error_code: 0, reason: b\"\" })) })")
2026-10-06T21:54:20.524650Z  WARN p2panda_sync::protocols::topic_log_sync: sync session closed with error error=DecodeMessage("Io(Custom { kind: NotConnected, error: ConnectionLost(ApplicationClosed(ApplicationClose { error_code: 0, reason: b\"\" })) })")
2026-10-06T21:54:20.524714Z  WARN p2panda_sync::protocols::topic_log_sync: sync session closed with error error=DecodeMessage("Io(Custom { kind: NotConnected, error: ConnectionLost(LocallyClosed) })")
2026-10-06T21:54:20.524777Z  WARN p2panda_net::sync::actors::topic_manager: sync session failed: Io(Custom { kind: NotConnected, error: ConnectionLost(ApplicationClosed(ApplicationClose { error_code: 0, reason: b"" })) }) session_id=2 topic="69910a551a"
2026-10-06T21:54:20.524890Z  WARN p2panda_sync::protocols::topic_log_sync: sync session closed with error error=DecodeMessage("Io(Custom { kind: NotConnected, error: ConnectionLost(LocallyClosed) })")
2026-10-06T21:54:20.524893Z  WARN p2panda_sync::protocols::topic_log_sync: sync session closed with error error=DecodeMessage("Io(Custom { kind: NotConnected, error: ConnectionLost(ApplicationClosed(ApplicationClose { error_code: 0, reason: b\"\" })) })")
2026-10-06T21:54:20.524962Z  WARN p2panda_sync::protocols::topic_log_sync: sync session closed with error error=DecodeMessage("Io(Custom { kind: NotConnected, error: ConnectionLost(ApplicationClosed(ApplicationClose { error_code: 0, reason: b\"\" })) })")
2026-10-06T21:54:20.524930Z  WARN p2panda_sync::protocols::topic_log_sync: sync session closed with error error=DecodeMessage("Io(Custom { kind: NotConnected, error: ConnectionLost(ApplicationClosed(ApplicationClose { error_code: 0, reason: b\"\" })) })")
2026-10-06T21:54:20.524943Z  WARN p2panda_sync::protocols::topic_log_sync: sync session closed with error error=DecodeMessage("Io(Custom { kind: NotConnected, error: ConnectionLost(LocallyClosed) })")
2026-10-06T21:54:20.525024Z  WARN p2panda_sync::protocols::topic_log_sync: sync session closed with error error=DecodeMessage("Io(Custom { kind: NotConnected, error: ConnectionLost(ApplicationClosed(ApplicationClose { error_code: 0, reason: b\"\" })) })")
2026-10-06T21:54:20.525145Z  WARN p2panda_sync::protocols::topic_log_sync: sync session closed with error error=DecodeMessage("Io(Custom { kind: NotConnected, error: ConnectionLost(LocallyClosed) })")
2026-10-06T21:54:20.525310Z  WARN p2panda_sync::protocols::topic_log_sync: sync session closed with error error=DecodeMessage("Io(Custom { kind: NotConnected, error: ConnectionLost(LocallyClosed) })")
2026-10-06T21:54:20.525316Z  WARN p2panda_sync::protocols::topic_log_sync: sync session closed with error error=DecodeMessage("Io(Custom { kind: NotConnected, error: ConnectionLost(LocallyClosed) })")
2026-10-06T21:54:20.525410Z  WARN p2panda_sync::protocols::topic_log_sync: sync session closed with error error=DecodeMessage("Io(Custom { kind: NotConnected, error: ConnectionLost(LocallyClosed) })")
2026-10-06T21:54:20.525401Z  WARN p2panda_sync::protocols::topic_log_sync: sync session closed with error error=DecodeMessage("Io(Custom { kind: NotConnected, error: ConnectionLost(ApplicationClosed(ApplicationClose { error_code: 0, reason: b\"\" })) })")
2026-10-06T21:54:20.525457Z  WARN p2panda_sync::protocols::topic_log_sync: sync session closed with error error=DecodeMessage("Io(Custom { kind: NotConnected, error: ConnectionLost(ApplicationClosed(ApplicationClose { error_code: 0, reason: b\"\" })) })")
2026-10-06T21:54:20.525457Z  WARN p2panda_sync::protocols::topic_log_sync: sync session closed with error error=DecodeMessage("Io(Custom { kind: NotConnected, error: ConnectionLost(LocallyClosed) })")
2026-10-06T21:54:20.525509Z  WARN p2panda_sync::protocols::topic_log_sync: sync session closed with error error=DecodeMessage("Io(Custom { kind: NotConnected, error: ConnectionLost(ApplicationClosed(ApplicationClose { error_code: 0, reason: b\"\" })) })")
2026-10-06T21:54:20.525568Z  WARN p2panda_sync::protocols::topic_log_sync: sync session closed with error error=DecodeMessage("Io(Custom { kind: NotConnected, error: ConnectionLost(ApplicationClosed(ApplicationClose { error_code: 0, reason: b\"\" })) })")
2026-10-06T21:54:20.525868Z  WARN p2panda_sync::protocols::topic_log_sync: sync session closed with error error=DecodeMessage("Io(Custom { kind: NotConnected, error: ConnectionLost(LocallyClosed) })")
2026-10-06T21:54:20.525575Z  WARN p2panda_sync::protocols::topic_log_sync: sync session closed with error error=DecodeMessage("Io(Custom { kind: NotConnected, error: ConnectionLost(LocallyClosed) })")
2026-10-06T21:54:20.525636Z  WARN p2panda_sync::protocols::topic_log_sync: sync session closed with error error=DecodeMessage("Io(Custom { kind: NotConnected, error: ConnectionLost(ApplicationClosed(ApplicationClose { error_code: 0, reason: b\"\" })) })")
2026-10-06T21:54:20.525954Z  WARN p2panda_sync::protocols::topic_log_sync: sync session closed with error error=DecodeMessage("Io(Custom { kind: NotConnected, error: ConnectionLost(LocallyClosed) })")
2026-10-06T21:54:20.525679Z  WARN p2panda_sync::protocols::topic_log_sync: sync session closed with error error=DecodeMessage("Io(Custom { kind: NotConnected, error: ConnectionLost(LocallyClosed) })")
2026-10-06T21:54:20.525810Z  WARN p2panda_sync::protocols::topic_log_sync: sync session closed with error error=DecodeMessage("Io(Custom { kind: NotConnected, error: ConnectionLost(LocallyClosed) })")
2026-10-06T21:54:20.526371Z  WARN p2panda_sync::protocols::topic_log_sync: sync session closed with error error=DecodeMessage("Io(Custom { kind: NotConnected, error: ConnectionLost(LocallyClosed) })")
2026-10-06T21:54:20.526377Z  WARN p2panda_sync::protocols::topic_log_sync: sync session closed with error error=DecodeMessage("Io(Custom { kind: NotConnected, error: ConnectionLost(ApplicationClosed(ApplicationClose { error_code: 0, reason: b\"\" })) })")
2026-10-06T21:54:20.526513Z  WARN p2panda_sync::protocols::topic_log_sync: sync session closed with error error=DecodeMessage("Io(Custom { kind: NotConnected, error: ConnectionLost(ApplicationClosed(ApplicationClose { error_code: 0, reason: b\"\" })) })")
2026-10-06T21:54:20.526653Z  WARN p2panda_sync::protocols::topic_log_sync: sync session closed with error error=DecodeMessage("Io(Custom { kind: NotConnected, error: ConnectionLost(LocallyClosed) })")
2026-10-06T21:54:20.526831Z  WARN p2panda_sync::protocols::topic_log_sync: sync session closed with error error=DecodeMessage("Io(Custom { kind: NotConnected, error: ConnectionLost(ApplicationClosed(ApplicationClose { error_code: 0, reason: b\"\" })) })")
2026-10-06T21:54:20.526944Z  WARN p2panda_sync::protocols::topic_log_sync: sync session closed with error error=DecodeMessage("Io(Custom { kind: NotConnected, error: ConnectionLost(ApplicationClosed(ApplicationClose { error_code: 0, reason: b\"\" })) })")
2026-10-06T21:54:20.527177Z  WARN p2panda_sync::protocols::topic_log_sync: sync session closed with error error=DecodeMessage("Io(Custom { kind: NotConnected, error: ConnectionLost(LocallyClosed) })")
2026-10-06T21:54:20.527397Z  WARN p2panda_sync::protocols::topic_log_sync: sync session closed with error error=DecodeMessage("Io(Custom { kind: NotConnected, error: ConnectionLost(LocallyClosed) })")
2026-10-06T21:54:20.527422Z  WARN p2panda_sync::protocols::topic_log_sync: sync session closed with error error=DecodeMessage("Io(Custom { kind: NotConnected, error: ConnectionLost(ApplicationClosed(ApplicationClose { error_code: 0, reason: b\"\" })) })")
2026-10-06T21:54:20.527437Z  WARN p2panda_sync::protocols::topic_log_sync: sync session closed with error error=DecodeMessage("Io(Custom { kind: NotConnected, error: ConnectionLost(LocallyClosed) })")
2026-10-06T21:54:20.527462Z  WARN p2panda_sync::protocols::topic_log_sync: sync session closed with error error=DecodeMessage("Io(Custom { kind: NotConnected, error: ConnectionLost(ApplicationClosed(ApplicationClose { error_code: 0, reason: b\"\" })) })")
2026-10-06T21:54:20.527507Z  WARN p2panda_sync::protocols::topic_log_sync: sync session closed with error error=DecodeMessage("Io(Custom { kind: NotConnected, error: ConnectionLost(LocallyClosed) })")
2026-10-06T21:54:20.527552Z  WARN p2panda_sync::protocols::topic_log_sync: sync session closed with error error=DecodeMessage("Io(Custom { kind: NotConnected, error: ConnectionLost(LocallyClosed) })")
2026-10-06T21:54:20.527676Z  WARN p2panda_sync::protocols::topic_log_sync: sync session closed with error error=DecodeMessage("Io(Custom { kind: NotConnected, error: ConnectionLost(LocallyClosed) })")
2026-10-06T21:54:20.527717Z  WARN p2panda_sync::protocols::topic_log_sync: sync session closed with error error=DecodeMessage("Io(Custom { kind: NotConnected, error: ConnectionLost(ApplicationClosed(ApplicationClose { error_code: 0, reason: b\"\" })) })")
2026-10-06T21:54:20.527738Z  WARN p2panda_sync::protocols::topic_log_sync: sync session closed with error error=DecodeMessage("Io(Custom { kind: NotConnected, error: ConnectionLost(ApplicationClosed(ApplicationClose { error_code: 0, reason: b\"\" })) })")
2026-10-06T21:54:20.528038Z  WARN p2panda_sync::protocols::topic_log_sync: sync session closed with error error=DecodeMessage("Io(Custom { kind: NotConnected, error: ConnectionLost(LocallyClosed) })")
2026-10-06T21:54:20.528013Z  WARN p2panda_sync::protocols::topic_log_sync: sync session closed with error error=DecodeMessage("Io(Custom { kind: NotConnected, error: ConnectionLost(ApplicationClosed(ApplicationClose { error_code: 0, reason: b\"\" })) })")
2026-10-06T21:54:20.528123Z  WARN p2panda_sync::protocols::topic_log_sync: sync session closed with error error=DecodeMessage("Io(Custom { kind: NotConnected, error: ConnectionLost(ApplicationClosed(ApplicationClose { error_code: 0, reason: b\"\" })) })")
2026-10-06T21:54:20.528276Z  WARN p2panda_sync::protocols::topic_log_sync: sync session closed with error error=DecodeMessage("Io(Custom { kind: NotConnected, error: ConnectionLost(ApplicationClosed(ApplicationClose { error_code: 0, reason: b\"\" })) })")
2026-10-06T21:54:20.528557Z  WARN p2panda_sync::protocols::topic_log_sync: sync session closed with error error=DecodeMessage("Io(Custom { kind: NotConnected, error: ConnectionLost(ApplicationClosed(ApplicationClose { error_code: 0, reason: b\"\" })) })")
2026-10-06T21:54:20.528964Z  WARN p2panda_sync::protocols::topic_log_sync: sync session closed with error error=DecodeMessage("Io(Custom { kind: NotConnected, error: ConnectionLost(ApplicationClosed(ApplicationClose { error_code: 0, reason: b\"\" })) })")
2026-10-06T21:54:20.529195Z  WARN p2panda_sync::protocols::topic_log_sync: sync session closed with error error=DecodeMessage("Io(Custom { kind: NotConnected, error: ConnectionLost(ApplicationClosed(ApplicationClose { error_code: 0, reason: b\"\" })) })")
2026-10-06T21:54:20.529389Z  WARN p2panda_sync::protocols::topic_log_sync: sync session closed with error error=DecodeMessage("Io(Custom { kind: NotConnected, error: ConnectionLost(ApplicationClosed(ApplicationClose { error_code: 0, reason: b\"\" })) })")
2026-10-06T21:54:20.529982Z  WARN p2panda_sync::protocols::topic_log_sync: sync session closed with error error=DecodeMessage("Io(Custom { kind: NotConnected, error: ConnectionLost(ApplicationClosed(ApplicationClose { error_code: 0, reason: b\"\" })) })")
2026-10-06T21:54:20.530292Z  WARN p2panda_sync::protocols::topic_log_sync: sync session closed with error error=DecodeMessage("Io(Custom { kind: NotConnected, error: ConnectionLost(ApplicationClosed(ApplicationClose { error_code: 0, reason: b\"\" })) })")
2026-10-06T21:54:20.530315Z ERROR iroh::socket::transports::relay: relay_recv_channel closed
2026-10-06T21:54:20.531349Z ERROR iroh::socket::transports::relay: relay_recv_channel closed
2026-10-06T21:54:20.534559Z ERROR iroh::socket::transports::relay: relay_recv_channel closed
2026-10-06T21:54:20.535610Z ERROR iroh::socket::transports::relay: relay_recv_channel closed
2026-10-06T21:54:20.537393Z ERROR iroh::socket::transports::relay: relay_recv_channel closed
2026-10-06T21:54:20.538578Z ERROR iroh::socket::transports::relay: relay_recv_channel closed
2026-10-06T21:54:23.748761Z  WARN p2panda_net::sync::actors::topic_manager: sync session failed: Io(Custom { kind: NotConnected, error: ConnectionLost(ApplicationClosed(ApplicationClose { error_code: 0, reason: b"" })) }) session_id=0 topic="69910a551a"
2026-10-06T21:54:23.748761Z  WARN p2panda_net::sync::actors::topic_manager: sync session failed: Io(Custom { kind: NotConnected, error: ConnectionLost(ApplicationClosed(ApplicationClose { error_code: 0, reason: b"" })) }) session_id=3 topic="69910a551a"
2026-10-06T21:54:23.748857Z  WARN p2panda_net::sync::actors::topic_manager: sync session failed: Io(Custom { kind: NotConnected, error: ConnectionLost(ApplicationClosed(ApplicationClose { error_code: 0, reason: b"" })) }) session_id=1 topic="a66d245144"
2026-10-06T21:54:23.748854Z  WARN p2panda_net::sync::actors::topic_manager: sync session failed: Io(Custom { kind: NotConnected, error: ConnectionLost(ApplicationClosed(ApplicationClose { error_code: 0, reason: b"" })) }) session_id=0 topic="69910a551a"
2026-10-06T21:54:23.748854Z  WARN p2panda_net::sync::actors::topic_manager: sync session failed: Io(Custom { kind: NotConnected, error: ConnectionLost(ApplicationClosed(ApplicationClose { error_code: 0, reason: b"" })) }) session_id=0 topic="69910a551a"
2026-10-06T21:54:23.748761Z  WARN p2panda_net::sync::actors::topic_manager: sync session failed: Io(Custom { kind: NotConnected, error: ConnectionLost(ApplicationClosed(ApplicationClose { error_code: 0, reason: b"" })) }) session_id=1 topic="69910a551a"
2026-10-06T21:54:23.748824Z  WARN p2panda_net::sync::actors::topic_manager: sync session failed: Io(Custom { kind: NotConnected, error: ConnectionLost(ApplicationClosed(ApplicationClose { error_code: 0, reason: b"" })) }) session_id=0 topic="69910a551a"
2026-10-06T21:54:23.748913Z  WARN p2panda_net::sync::actors::topic_manager: sync session failed: Io(Custom { kind: NotConnected, error: ConnectionLost(ApplicationClosed(ApplicationClose { error_code: 0, reason: b"" })) }) session_id=0 topic="69910a551a"
2026-10-06T21:54:23.749066Z  WARN p2panda_net::sync::actors::topic_manager: sync session failed: Io(Custom { kind: NotConnected, error: ConnectionLost(ApplicationClosed(ApplicationClose { error_code: 0, reason: b"" })) }) session_id=3 topic="69910a551a"
2026-10-06T21:54:23.748807Z  WARN p2panda_net::sync::actors::topic_manager: sync session failed: Io(Custom { kind: NotConnected, error: ConnectionLost(ApplicationClosed(ApplicationClose { error_code: 0, reason: b"" })) }) session_id=3 topic="44dbcb5690"
2026-10-06T21:54:23.748761Z  WARN p2panda_net::sync::actors::topic_manager: sync session failed: Io(Custom { kind: NotConnected, error: ConnectionLost(ApplicationClosed(ApplicationClose { error_code: 0, reason: b"" })) }) session_id=3 topic="69910a551a"
2026-10-06T21:54:23.748804Z  WARN p2panda_net::sync::actors::topic_manager: sync session failed: Io(Custom { kind: NotConnected, error: ConnectionLost(ApplicationClosed(ApplicationClose { error_code: 0, reason: b"" })) }) session_id=3 topic="69910a551a"
2026-10-06T21:54:23.748932Z  WARN p2panda_net::sync::actors::topic_manager: sync session failed: Io(Custom { kind: NotConnected, error: ConnectionLost(ApplicationClosed(ApplicationClose { error_code: 0, reason: b"" })) }) session_id=2 topic="69910a551a"
2026-10-06T21:54:23.748761Z  WARN p2panda_net::sync::actors::topic_manager: sync session failed: Io(Custom { kind: NotConnected, error: ConnectionLost(ApplicationClosed(ApplicationClose { error_code: 0, reason: b"" })) }) session_id=0 topic="69910a551a"
2026-10-06T21:54:23.748796Z  WARN p2panda_net::sync::actors::topic_manager: sync session failed: Io(Custom { kind: NotConnected, error: ConnectionLost(ApplicationClosed(ApplicationClose { error_code: 0, reason: b"" })) }) session_id=1 topic="69910a551a"
2026-10-06T21:54:23.749363Z  WARN p2panda_net::sync::actors::topic_manager: sync session failed: Io(Custom { kind: NotConnected, error: ConnectionLost(ApplicationClosed(ApplicationClose { error_code: 0, reason: b"" })) }) session_id=3 topic="69910a551a"
2026-10-06T21:54:23.763772Z  WARN p2panda_net::sync::actors::topic_manager: sync session failed: Io(Custom { kind: NotConnected, error: ConnectionLost(ApplicationClosed(ApplicationClose { error_code: 0, reason: b"" })) }) session_id=0 topic="44dbcb5690"
2026-10-06T21:54:23.763772Z  WARN p2panda_net::sync::actors::topic_manager: sync session failed: Io(Custom { kind: NotConnected, error: ConnectionLost(ApplicationClosed(ApplicationClose { error_code: 0, reason: b"" })) }) session_id=0 topic="44dbcb5690"
2026-10-06T21:54:23.764021Z  WARN p2panda_net::sync::actors::topic_manager: sync session failed: Io(Custom { kind: NotConnected, error: ConnectionLost(ApplicationClosed(ApplicationClose { error_code: 0, reason: b"" })) }) session_id=0 topic="a66d245144"
2026-10-06T21:54:23.764075Z  WARN p2panda_net::sync::actors::topic_manager: sync session failed: Io(Custom { kind: NotConnected, error: ConnectionLost(ApplicationClosed(ApplicationClose { error_code: 0, reason: b"" })) }) session_id=2 topic="69910a551a"
2026-10-06T21:54:23.764128Z  WARN p2panda_net::sync::actors::topic_manager: sync session failed: Io(Custom { kind: NotConnected, error: ConnectionLost(ApplicationClosed(ApplicationClose { error_code: 0, reason: b"" })) }) session_id=2 topic="a66d245144"
2026-10-06T21:54:23.764221Z  WARN p2panda_net::sync::actors::topic_manager: sync session failed: Io(Custom { kind: NotConnected, error: ConnectionLost(ApplicationClosed(ApplicationClose { error_code: 0, reason: b"" })) }) session_id=0 topic="69910a551a"
2026-10-06T21:54:23.764368Z  WARN p2panda_net::sync::actors::topic_manager: sync session failed: Io(Custom { kind: NotConnected, error: ConnectionLost(ApplicationClosed(ApplicationClose { error_code: 0, reason: b"" })) }) session_id=0 topic="69910a551a"
2026-10-06T21:54:23.764962Z  WARN p2panda_net::sync::actors::topic_manager: sync session failed: Io(Custom { kind: NotConnected, error: ConnectionLost(ApplicationClosed(ApplicationClose { error_code: 0, reason: b"" })) }) session_id=3 topic="107211bddb"
2026-10-06T21:54:23.765308Z  WARN p2panda_net::sync::actors::topic_manager: sync session failed: Io(Custom { kind: NotConnected, error: ConnectionLost(ApplicationClosed(ApplicationClose { error_code: 0, reason: b"" })) }) session_id=1 topic="69910a551a"
2026-10-06T21:54:23.765387Z  WARN p2panda_net::sync::actors::topic_manager: sync session failed: Io(Custom { kind: NotConnected, error: ConnectionLost(ApplicationClosed(ApplicationClose { error_code: 0, reason: b"" })) }) session_id=0 topic="69910a551a"
2026-10-06T21:54:23.765458Z  WARN p2panda_net::sync::actors::topic_manager: sync session failed: Io(Custom { kind: NotConnected, error: ConnectionLost(ApplicationClosed(ApplicationClose { error_code: 0, reason: b"" })) }) session_id=1 topic="107211bddb"
2026-10-06T21:54:23.765685Z  WARN p2panda_net::sync::actors::topic_manager: sync session failed: Io(Custom { kind: NotConnected, error: ConnectionLost(ApplicationClosed(ApplicationClose { error_code: 0, reason: b"" })) }) session_id=2 topic="69910a551a"
2026-10-06T21:54:23.765710Z  WARN p2panda_net::sync::actors::topic_manager: sync session failed: Io(Custom { kind: NotConnected, error: ConnectionLost(ApplicationClosed(ApplicationClose { error_code: 0, reason: b"" })) }) session_id=0 topic="107211bddb"
2026-10-06T21:54:25.530565Z  WARN p2panda_net::sync::actors::topic_manager: sync session failed: Io(Custom { kind: NotConnected, error: ConnectionLost(ApplicationClosed(ApplicationClose { error_code: 0, reason: b"" })) }) session_id=3 topic="69910a551a"
2026-10-06T21:54:28.761688Z  WARN p2panda_net::sync::actors::topic_manager: sync session failed: Io(Custom { kind: NotConnected, error: ConnectionLost(LocallyClosed) }) session_id=1 topic="69910a551a"
2026-10-06T21:54:28.761688Z  WARN p2panda_net::sync::actors::topic_manager: sync session failed: Io(Custom { kind: NotConnected, error: ConnectionLost(ApplicationClosed(ApplicationClose { error_code: 0, reason: b"" })) }) session_id=3 topic="69910a551a"
2026-10-06T21:54:28.761688Z  WARN p2panda_net::sync::actors::topic_manager: sync session failed: Io(Custom { kind: NotConnected, error: ConnectionLost(ApplicationClosed(ApplicationClose { error_code: 0, reason: b"" })) }) session_id=3 topic="69910a551a"
2026-10-06T21:54:28.761688Z  WARN p2panda_net::sync::actors::topic_manager: sync session failed: Io(Custom { kind: NotConnected, error: ConnectionLost(LocallyClosed) }) session_id=1 topic="44dbcb5690"
2026-10-06T21:54:28.761688Z  WARN p2panda_net::sync::actors::topic_manager: sync session failed: Io(Custom { kind: NotConnected, error: ConnectionLost(ApplicationClosed(ApplicationClose { error_code: 0, reason: b"" })) }) session_id=3 topic="69910a551a"
2026-10-06T21:54:28.761688Z  WARN p2panda_net::sync::actors::topic_manager: sync session failed: Io(Custom { kind: NotConnected, error: ConnectionLost(ApplicationClosed(ApplicationClose { error_code: 0, reason: b"" })) }) session_id=2 topic="a66d245144"
2026-10-06T21:54:28.761688Z  WARN p2panda_net::sync::actors::topic_manager: sync session failed: Io(Custom { kind: NotConnected, error: ConnectionLost(LocallyClosed) }) session_id=1 topic="69910a551a"
2026-10-06T21:54:28.761688Z  WARN p2panda_net::sync::actors::topic_manager: sync session failed: Io(Custom { kind: NotConnected, error: ConnectionLost(ApplicationClosed(ApplicationClose { error_code: 0, reason: b"" })) }) session_id=2 topic="69910a551a"
2026-10-06T21:54:28.761929Z  WARN p2panda_net::sync::actors::topic_manager: sync session failed: Io(Custom { kind: NotConnected, error: ConnectionLost(ApplicationClosed(ApplicationClose { error_code: 0, reason: b"" })) }) session_id=2 topic="69910a551a"
2026-10-06T21:54:28.761700Z  WARN p2panda_net::sync::actors::topic_manager: sync session failed: Io(Custom { kind: NotConnected, error: ConnectionLost(LocallyClosed) }) session_id=2 topic="69910a551a"
2026-10-06T21:54:28.761811Z  WARN p2panda_net::sync::actors::topic_manager: sync session failed: Io(Custom { kind: NotConnected, error: ConnectionLost(ApplicationClosed(ApplicationClose { error_code: 0, reason: b"" })) }) session_id=4 topic="69910a551a"
2026-10-06T21:54:28.761886Z  WARN p2panda_net::sync::actors::topic_manager: sync session failed: Io(Custom { kind: NotConnected, error: ConnectionLost(LocallyClosed) }) session_id=5 topic="69910a551a"
2026-10-06T21:54:28.761905Z  WARN p2panda_net::sync::actors::topic_manager: sync session failed: Io(Custom { kind: NotConnected, error: ConnectionLost(LocallyClosed) }) session_id=2 topic="69910a551a"
2026-10-06T21:54:28.761688Z  WARN p2panda_net::sync::actors::topic_manager: sync session failed: Io(Custom { kind: NotConnected, error: ConnectionLost(LocallyClosed) }) session_id=4 topic="69910a551a"
2026-10-06T21:54:28.761947Z  WARN p2panda_net::sync::actors::topic_manager: sync session failed: Io(Custom { kind: NotConnected, error: ConnectionLost(LocallyClosed) }) session_id=5 topic="69910a551a"
2026-10-06T21:54:28.762039Z  WARN p2panda_net::sync::actors::topic_manager: sync session failed: Io(Custom { kind: NotConnected, error: ConnectionLost(ApplicationClosed(ApplicationClose { error_code: 0, reason: b"" })) }) session_id=2 topic="69910a551a"
2026-10-06T21:54:28.767356Z  WARN p2panda_net::sync::actors::topic_manager: sync session failed: Io(Custom { kind: NotConnected, error: ConnectionLost(ApplicationClosed(ApplicationClose { error_code: 0, reason: b"" })) }) session_id=3 topic="107211bddb"
2026-10-06T21:54:28.767356Z  WARN p2panda_net::sync::actors::topic_manager: sync session failed: Io(Custom { kind: NotConnected, error: ConnectionLost(ApplicationClosed(ApplicationClose { error_code: 0, reason: b"" })) }) session_id=3 topic="69910a551a"
2026-10-06T21:54:28.767356Z  WARN p2panda_net::sync::actors::topic_manager: sync session failed: Io(Custom { kind: NotConnected, error: ConnectionLost(LocallyClosed) }) session_id=4 topic="a66d245144"
2026-10-06T21:54:28.767356Z  WARN p2panda_net::sync::actors::topic_manager: sync session failed: Io(Custom { kind: NotConnected, error: ConnectionLost(ApplicationClosed(ApplicationClose { error_code: 0, reason: b"" })) }) session_id=3 topic="a66d245144"
2026-10-06T21:54:28.767356Z  WARN p2panda_net::sync::actors::topic_manager: sync session failed: Io(Custom { kind: NotConnected, error: ConnectionLost(ApplicationClosed(ApplicationClose { error_code: 0, reason: b"" })) }) session_id=3 topic="69910a551a"
2026-10-06T21:54:28.767356Z  WARN p2panda_net::sync::actors::topic_manager: sync session failed: Io(Custom { kind: NotConnected, error: ConnectionLost(ApplicationClosed(ApplicationClose { error_code: 0, reason: b"" })) }) session_id=4 topic="44dbcb5690"
2026-10-06T21:54:28.767356Z  WARN p2panda_net::sync::actors::topic_manager: sync session failed: Io(Custom { kind: NotConnected, error: ConnectionLost(ApplicationClosed(ApplicationClose { error_code: 0, reason: b"" })) }) session_id=4 topic="69910a551a"
2026-10-06T21:54:28.767356Z  WARN p2panda_net::sync::actors::topic_manager: sync session failed: Io(Custom { kind: NotConnected, error: ConnectionLost(ApplicationClosed(ApplicationClose { error_code: 0, reason: b"" })) }) session_id=4 topic="69910a551a"
2026-10-06T21:54:28.767356Z  WARN p2panda_net::sync::actors::topic_manager: sync session failed: Io(Custom { kind: NotConnected, error: ConnectionLost(ApplicationClosed(ApplicationClose { error_code: 0, reason: b"" })) }) session_id=4 topic="69910a551a"
2026-10-06T21:54:28.767356Z  WARN p2panda_net::sync::actors::topic_manager: sync session failed: Io(Custom { kind: NotConnected, error: ConnectionLost(LocallyClosed) }) session_id=1 topic="107211bddb"
2026-10-06T21:54:28.767384Z  WARN p2panda_net::sync::actors::topic_manager: sync session failed: Io(Custom { kind: NotConnected, error: ConnectionLost(ApplicationClosed(ApplicationClose { error_code: 0, reason: b"" })) }) session_id=3 topic="69910a551a"
2026-10-06T21:54:28.767390Z  WARN p2panda_net::sync::actors::topic_manager: sync session failed: Io(Custom { kind: NotConnected, error: ConnectionLost(ApplicationClosed(ApplicationClose { error_code: 0, reason: b"" })) }) session_id=2 topic="44dbcb5690"
2026-10-06T21:54:28.772997Z  WARN p2panda_net::sync::actors::topic_manager: sync session failed: Io(Custom { kind: NotConnected, error: ConnectionLost(ApplicationClosed(ApplicationClose { error_code: 0, reason: b"" })) }) session_id=4 topic="107211bddb"
2026-10-06T21:54:33.765171Z  WARN p2panda_net::sync::actors::topic_manager: sync session failed: Io(Custom { kind: NotConnected, error: ConnectionLost(ApplicationClosed(ApplicationClose { error_code: 0, reason: b"" })) }) session_id=3 topic="69910a551a"
2026-10-06T21:54:33.765176Z  WARN p2panda_net::sync::actors::topic_manager: sync session failed: Io(Custom { kind: NotConnected, error: ConnectionLost(LocallyClosed) }) session_id=1 topic="69910a551a"
2026-10-06T21:54:33.765245Z  WARN p2panda_net::sync::actors::topic_manager: sync session failed: Io(Custom { kind: NotConnected, error: ConnectionLost(ApplicationClosed(ApplicationClose { error_code: 0, reason: b"" })) }) session_id=3 topic="69910a551a"
2026-10-06T21:54:33.765169Z  WARN p2panda_net::sync::actors::topic_manager: sync session failed: Io(Custom { kind: NotConnected, error: ConnectionLost(LocallyClosed) }) session_id=1 topic="69910a551a"
2026-10-06T21:54:33.765188Z  WARN p2panda_net::sync::actors::topic_manager: sync session failed: Io(Custom { kind: NotConnected, error: ConnectionLost(ApplicationClosed(ApplicationClose { error_code: 0, reason: b"" })) }) session_id=2 topic="69910a551a"
2026-10-06T21:54:33.765311Z  WARN p2panda_net::sync::actors::topic_manager: sync session failed: Io(Custom { kind: NotConnected, error: ConnectionLost(LocallyClosed) }) session_id=4 topic="69910a551a"
2026-10-06T21:54:33.765401Z  WARN p2panda_net::sync::actors::topic_manager: sync session failed: Io(Custom { kind: NotConnected, error: ConnectionLost(LocallyClosed) }) session_id=5 topic="69910a551a"
2026-10-06T21:54:33.765569Z  WARN p2panda_net::sync::actors::topic_manager: sync session failed: Io(Custom { kind: NotConnected, error: ConnectionLost(ApplicationClosed(ApplicationClose { error_code: 0, reason: b"" })) }) session_id=2 topic="69910a551a"
2026-10-06T21:54:33.765611Z  WARN p2panda_net::sync::actors::topic_manager: sync session failed: Io(Custom { kind: NotConnected, error: ConnectionLost(LocallyClosed) }) session_id=4 topic="69910a551a"
2026-10-06T21:54:33.765709Z  WARN p2panda_net::sync::actors::topic_manager: sync session failed: Io(Custom { kind: NotConnected, error: ConnectionLost(LocallyClosed) }) session_id=5 topic="44dbcb5690"
2026-10-06T21:54:33.765836Z  WARN p2panda_net::sync::actors::topic_manager: sync session failed: Io(Custom { kind: NotConnected, error: ConnectionLost(LocallyClosed) }) session_id=2 topic="69910a551a"
2026-10-06T21:54:33.765952Z  WARN p2panda_net::sync::actors::topic_manager: sync session failed: Io(Custom { kind: NotConnected, error: ConnectionLost(ApplicationClosed(ApplicationClose { error_code: 0, reason: b"" })) }) session_id=3 topic="69910a551a"
2026-10-06T21:54:33.766003Z  WARN p2panda_net::sync::actors::topic_manager: sync session failed: Io(Custom { kind: NotConnected, error: ConnectionLost(LocallyClosed) }) session_id=4 topic="69910a551a"
2026-10-06T21:54:33.766067Z  WARN p2panda_net::sync::actors::topic_manager: sync session failed: Io(Custom { kind: NotConnected, error: ConnectionLost(ApplicationClosed(ApplicationClose { error_code: 0, reason: b"" })) }) session_id=3 topic="a66d245144"
2026-10-06T21:54:33.766197Z  WARN p2panda_net::sync::actors::topic_manager: sync session failed: Io(Custom { kind: NotConnected, error: ConnectionLost(ApplicationClosed(ApplicationClose { error_code: 0, reason: b"" })) }) session_id=3 topic="69910a551a"
2026-10-06T21:54:33.766224Z  WARN p2panda_net::sync::actors::topic_manager: sync session failed: Io(Custom { kind: NotConnected, error: ConnectionLost(ApplicationClosed(ApplicationClose { error_code: 0, reason: b"" })) }) session_id=4 topic="69910a551a"
2026-10-06T21:54:33.780509Z  WARN p2panda_net::sync::actors::topic_manager: sync session failed: Io(Custom { kind: NotConnected, error: ConnectionLost(ApplicationClosed(ApplicationClose { error_code: 0, reason: b"" })) }) session_id=2 topic="107211bddb"
2026-10-06T21:54:33.780509Z  WARN p2panda_net::sync::actors::topic_manager: sync session failed: Io(Custom { kind: NotConnected, error: ConnectionLost(ApplicationClosed(ApplicationClose { error_code: 0, reason: b"" })) }) session_id=3 topic="44dbcb5690"
2026-10-06T21:54:33.780509Z  WARN p2panda_net::sync::actors::topic_manager: sync session failed: Io(Custom { kind: NotConnected, error: ConnectionLost(ApplicationClosed(ApplicationClose { error_code: 0, reason: b"" })) }) session_id=3 topic="107211bddb"
2026-10-06T21:54:33.780695Z  WARN p2panda_net::sync::actors::topic_manager: sync session failed: Io(Custom { kind: NotConnected, error: ConnectionLost(ApplicationClosed(ApplicationClose { error_code: 0, reason: b"" })) }) session_id=2 topic="69910a551a"
2026-10-06T21:54:33.780693Z  WARN p2panda_net::sync::actors::topic_manager: sync session failed: Io(Custom { kind: NotConnected, error: ConnectionLost(ApplicationClosed(ApplicationClose { error_code: 0, reason: b"" })) }) session_id=3 topic="44dbcb5690"
2026-10-06T21:54:33.780736Z  WARN p2panda_net::sync::actors::topic_manager: sync session failed: Io(Custom { kind: NotConnected, error: ConnectionLost(ApplicationClosed(ApplicationClose { error_code: 0, reason: b"" })) }) session_id=3 topic="69910a551a"
2026-10-06T21:54:33.780828Z  WARN p2panda_net::sync::actors::topic_manager: sync session failed: Io(Custom { kind: NotConnected, error: ConnectionLost(ApplicationClosed(ApplicationClose { error_code: 0, reason: b"" })) }) session_id=3 topic="69910a551a"
2026-10-06T21:54:33.780889Z  WARN p2panda_net::sync::actors::topic_manager: sync session failed: Io(Custom { kind: NotConnected, error: ConnectionLost(ApplicationClosed(ApplicationClose { error_code: 0, reason: b"" })) }) session_id=3 topic="69910a551a"
2026-10-06T21:54:33.781261Z  WARN p2panda_net::sync::actors::topic_manager: sync session failed: Io(Custom { kind: NotConnected, error: ConnectionLost(ApplicationClosed(ApplicationClose { error_code: 0, reason: b"" })) }) session_id=4 topic="a66d245144"
2026-10-06T21:54:33.781640Z  WARN p2panda_net::sync::actors::topic_manager: sync session failed: Io(Custom { kind: NotConnected, error: ConnectionLost(LocallyClosed) }) session_id=2 topic="107211bddb"
2026-10-06T21:54:33.781797Z  WARN p2panda_net::sync::actors::topic_manager: sync session failed: Io(Custom { kind: NotConnected, error: ConnectionLost(ApplicationClosed(ApplicationClose { error_code: 0, reason: b"" })) }) session_id=4 topic="69910a551a"
2026-10-06T21:54:33.782386Z  WARN p2panda_net::sync::actors::topic_manager: sync session failed: Io(Custom { kind: NotConnected, error: ConnectionLost(LocallyClosed) }) session_id=2 topic="a66d245144"
2026-10-06T21:54:33.782400Z  WARN p2panda_net::sync::actors::topic_manager: sync session failed: Io(Custom { kind: NotConnected, error: ConnectionLost(ApplicationClosed(ApplicationClose { error_code: 0, reason: b"" })) }) session_id=4 topic="69910a551a"
2026-10-06T21:54:38.773074Z  WARN p2panda_net::sync::actors::topic_manager: sync session failed: Io(Custom { kind: NotConnected, error: ConnectionLost(LocallyClosed) }) session_id=1 topic="69910a551a"
2026-10-06T21:54:38.773074Z  WARN p2panda_net::sync::actors::topic_manager: sync session failed: Io(Custom { kind: NotConnected, error: ConnectionLost(LocallyClosed) }) session_id=2 topic="69910a551a"
2026-10-06T21:54:38.773074Z  WARN p2panda_net::sync::actors::topic_manager: sync session failed: Io(Custom { kind: NotConnected, error: ConnectionLost(LocallyClosed) }) session_id=4 topic="69910a551a"
2026-10-06T21:54:38.773074Z  WARN p2panda_net::sync::actors::topic_manager: sync session failed: Io(Custom { kind: NotConnected, error: ConnectionLost(LocallyClosed) }) session_id=5 topic="69910a551a"
2026-10-06T21:54:38.773441Z  WARN p2panda_net::sync::actors::topic_manager: sync session failed: Io(Custom { kind: NotConnected, error: ConnectionLost(LocallyClosed) }) session_id=4 topic="44dbcb5690"
2026-10-06T21:54:38.773463Z  WARN p2panda_net::sync::actors::topic_manager: sync session failed: Io(Custom { kind: NotConnected, error: ConnectionLost(LocallyClosed) }) session_id=1 topic="69910a551a"
2026-10-06T21:54:38.773519Z  WARN p2panda_net::sync::actors::topic_manager: sync session failed: Io(Custom { kind: NotConnected, error: ConnectionLost(LocallyClosed) }) session_id=3 topic="69910a551a"
2026-10-06T21:54:38.773654Z  WARN p2panda_net::sync::actors::topic_manager: sync session failed: Io(Custom { kind: NotConnected, error: ConnectionLost(LocallyClosed) }) session_id=4 topic="69910a551a"
2026-10-06T21:54:38.794626Z  WARN p2panda_net::sync::actors::topic_manager: sync session failed: Io(Custom { kind: NotConnected, error: ConnectionLost(LocallyClosed) }) session_id=4 topic="107211bddb"
2026-10-06T21:54:38.794950Z  WARN p2panda_net::sync::actors::topic_manager: sync session failed: Io(Custom { kind: NotConnected, error: ConnectionLost(LocallyClosed) }) session_id=5 topic="a66d245144"
2026-10-06T21:54:43.780482Z  WARN p2panda_net::sync::actors::topic_manager: sync session failed: Io(Custom { kind: NotConnected, error: ConnectionLost(LocallyClosed) }) session_id=2 topic="69910a551a"
2026-10-06T21:54:43.780482Z  WARN p2panda_net::sync::actors::topic_manager: sync session failed: Io(Custom { kind: NotConnected, error: ConnectionLost(LocallyClosed) }) session_id=4 topic="69910a551a"
2026-10-06T21:54:43.780482Z  WARN p2panda_net::sync::actors::topic_manager: sync session failed: Io(Custom { kind: NotConnected, error: ConnectionLost(LocallyClosed) }) session_id=2 topic="69910a551a"
2026-10-06T21:54:43.780482Z  WARN p2panda_net::sync::actors::topic_manager: sync session failed: Io(Custom { kind: NotConnected, error: ConnectionLost(LocallyClosed) }) session_id=5 topic="69910a551a"
2026-10-06T21:54:43.780531Z  WARN p2panda_net::sync::actors::topic_manager: sync session failed: Io(Custom { kind: NotConnected, error: ConnectionLost(LocallyClosed) }) session_id=1 topic="69910a551a"
2026-10-06T21:54:43.780680Z  WARN p2panda_net::sync::actors::topic_manager: sync session failed: Io(Custom { kind: NotConnected, error: ConnectionLost(LocallyClosed) }) session_id=2 topic="69910a551a"
2026-10-06T21:54:43.780537Z  WARN p2panda_net::sync::actors::topic_manager: sync session failed: Io(Custom { kind: NotConnected, error: ConnectionLost(LocallyClosed) }) session_id=2 topic="44dbcb5690"
2026-10-06T21:54:43.780747Z  WARN p2panda_net::sync::actors::topic_manager: sync session failed: Io(Custom { kind: NotConnected, error: ConnectionLost(LocallyClosed) }) session_id=5 topic="69910a551a"
2026-10-06T21:54:43.802434Z  WARN p2panda_net::sync::actors::topic_manager: sync session failed: Io(Custom { kind: NotConnected, error: ConnectionLost(LocallyClosed) }) session_id=5 topic="107211bddb"
2026-10-06T21:54:43.803639Z  WARN p2panda_net::sync::actors::topic_manager: sync session failed: Io(Custom { kind: NotConnected, error: ConnectionLost(LocallyClosed) }) session_id=1 topic="a66d245144"
ok
test place::lanes::tests::a_revoked_writer_sees_it_live_and_cannot_write_dial_or_reconnect ... 2026-10-06T21:54:55.975915Z  WARN p2panda_net::iroh_mdns::actor: found invalid transport info coming from iroh's services endpoint_id=9b662f09bb44edb188b2a022b4eb969d44181252866340d454e017372d38d19b
2026-10-06T21:54:55.987271Z  WARN p2panda_net::iroh_mdns::actor: found invalid transport info coming from iroh's services endpoint_id=9b662f09bb44edb188b2a022b4eb969d44181252866340d454e017372d38d19b
2026-10-06T21:54:58.507476Z  WARN p2panda_net::iroh_mdns::actor: found invalid transport info coming from iroh's services endpoint_id=9b662f09bb44edb188b2a022b4eb969d44181252866340d454e017372d38d19b
2026-10-06T21:54:59.464009Z  WARN p2panda_net::iroh_mdns::actor: found invalid transport info coming from iroh's services endpoint_id=9b662f09bb44edb188b2a022b4eb969d44181252866340d454e017372d38d19b
2026-10-06T21:54:59.476612Z  WARN p2panda_net::iroh_mdns::actor: found invalid transport info coming from iroh's services endpoint_id=9b662f09bb44edb188b2a022b4eb969d44181252866340d454e017372d38d19b
2026-10-06T21:55:00.395466Z  WARN p2panda_net::iroh_mdns::actor: found invalid transport info coming from iroh's services endpoint_id=9b662f09bb44edb188b2a022b4eb969d44181252866340d454e017372d38d19b
2026-10-06T21:55:00.410931Z  WARN p2panda_net::iroh_mdns::actor: found invalid transport info coming from iroh's services endpoint_id=9b662f09bb44edb188b2a022b4eb969d44181252866340d454e017372d38d19b
2026-10-06T21:55:01.311863Z  WARN p2panda_net::iroh_mdns::actor: found invalid transport info coming from iroh's services endpoint_id=9b662f09bb44edb188b2a022b4eb969d44181252866340d454e017372d38d19b
2026-10-06T21:55:01.735108Z  WARN p2panda_net::iroh_endpoint::actors::connection: ignoring connection: accepting failed: the cryptographic handshake failed: error 120: peer doesn't support any known protocol
2026-10-06T21:55:01.738035Z  WARN p2panda_net::iroh_endpoint::actors::connection: ignoring connection: accepting failed: the cryptographic handshake failed: error 120: peer doesn't support any known protocol
2026-10-06T21:55:01.845173Z  WARN p2panda_net::iroh_endpoint::actors::connection: connection establishment failed: aborted by peer: the cryptographic handshake failed: error 120: peer doesn't support any known protocol
2026-10-06T21:55:01.845925Z  WARN p2panda_net::iroh_endpoint::actors::connection: connection establishment failed: aborted by peer: the cryptographic handshake failed: error 120: peer doesn't support any known protocol
2026-10-06T21:55:01.848423Z  WARN p2panda_net::sync::actors::topic_manager: sync session failed: aborted by peer: the cryptographic handshake failed: error 120: peer doesn't support any known protocol session_id=0 topic="db623774e1"
2026-10-06T21:55:01.850201Z  WARN p2panda_net::sync::actors::topic_manager: sync session failed: aborted by peer: the cryptographic handshake failed: error 120: peer doesn't support any known protocol session_id=0 topic="db623774e1"
2026-10-06T21:55:01.972531Z  WARN p2panda_net::iroh_endpoint::actors::connection: ignoring connection: accepting failed: the cryptographic handshake failed: error 120: peer doesn't support any known protocol
2026-10-06T21:55:01.975414Z  WARN p2panda_net::iroh_endpoint::actors::connection: connection establishment failed: aborted by peer: the cryptographic handshake failed: error 120: peer doesn't support any known protocol
2026-10-06T21:55:01.988895Z  WARN p2panda_net::sync::actors::topic_manager: sync session failed: aborted by peer: the cryptographic handshake failed: error 120: peer doesn't support any known protocol session_id=0 topic="db623774e1"
2026-10-06T21:55:03.789601Z  WARN p2panda_net::iroh_mdns::actor: found invalid transport info coming from iroh's services endpoint_id=9b662f09bb44edb188b2a022b4eb969d44181252866340d454e017372d38d19b
2026-10-06T21:55:03.789977Z  WARN p2panda_net::iroh_mdns::actor: found invalid transport info coming from iroh's services endpoint_id=9b662f09bb44edb188b2a022b4eb969d44181252866340d454e017372d38d19b
2026-10-06T21:55:03.802034Z  WARN p2panda_net::iroh_mdns::actor: found invalid transport info coming from iroh's services endpoint_id=9b662f09bb44edb188b2a022b4eb969d44181252866340d454e017372d38d19b
2026-10-06T21:55:03.803323Z  WARN p2panda_net::iroh_mdns::actor: found invalid transport info coming from iroh's services endpoint_id=9b662f09bb44edb188b2a022b4eb969d44181252866340d454e017372d38d19b
2026-10-06T21:55:05.728830Z  WARN p2panda_net::iroh_mdns::actor: found invalid transport info coming from iroh's services endpoint_id=9b662f09bb44edb188b2a022b4eb969d44181252866340d454e017372d38d19b
2026-10-06T21:55:05.729244Z  WARN p2panda_net::iroh_mdns::actor: found invalid transport info coming from iroh's services endpoint_id=9b662f09bb44edb188b2a022b4eb969d44181252866340d454e017372d38d19b
2026-10-06T21:55:05.742142Z  WARN p2panda_net::iroh_mdns::actor: found invalid transport info coming from iroh's services endpoint_id=9b662f09bb44edb188b2a022b4eb969d44181252866340d454e017372d38d19b
2026-10-06T21:55:05.743140Z  WARN p2panda_net::iroh_mdns::actor: found invalid transport info coming from iroh's services endpoint_id=9b662f09bb44edb188b2a022b4eb969d44181252866340d454e017372d38d19b
2026-10-06T21:55:07.502150Z  WARN p2panda_net::iroh_mdns::actor: found invalid transport info coming from iroh's services endpoint_id=9b662f09bb44edb188b2a022b4eb969d44181252866340d454e017372d38d19b
2026-10-06T21:55:07.514333Z  WARN p2panda_net::iroh_mdns::actor: found invalid transport info coming from iroh's services endpoint_id=9b662f09bb44edb188b2a022b4eb969d44181252866340d454e017372d38d19b
2026-10-06T21:55:07.533558Z  WARN p2panda_net::iroh_mdns::actor: found invalid transport info coming from iroh's services endpoint_id=9b662f09bb44edb188b2a022b4eb969d44181252866340d454e017372d38d19b
2026-10-06T21:55:07.544976Z  WARN p2panda_net::iroh_mdns::actor: found invalid transport info coming from iroh's services endpoint_id=9b662f09bb44edb188b2a022b4eb969d44181252866340d454e017372d38d19b
2026-10-06T21:55:08.614411Z  WARN p2panda_sync::protocols::topic_log_sync: sync session closed with error error=DecodeMessage("Io(Custom { kind: NotConnected, error: ConnectionLost(LocallyClosed) })")
2026-10-06T21:55:08.615109Z  WARN p2panda_sync::protocols::topic_log_sync: sync session closed with error error=DecodeMessage("Io(Custom { kind: NotConnected, error: ConnectionLost(ApplicationClosed(ApplicationClose { error_code: 0, reason: b\"\" })) })")
2026-10-06T21:55:08.615373Z  WARN p2panda_sync::protocols::topic_log_sync: sync session closed with error error=DecodeMessage("Io(Custom { kind: NotConnected, error: ConnectionLost(LocallyClosed) })")
2026-10-06T21:55:08.615461Z  WARN p2panda_net::sync::actors::topic_manager: sync session failed: error sending on message sink: Io(Custom { kind: NotConnected, error: ConnectionLost(LocallyClosed) }) session_id=0 topic="db623774e1"
2026-10-06T21:55:08.615578Z  WARN p2panda_net::sync::actors::topic_manager: sync session failed: error sending on message sink: Io(Custom { kind: NotConnected, error: ConnectionLost(LocallyClosed) }) session_id=1 topic="db623774e1"
2026-10-06T21:55:08.615613Z  WARN p2panda_net::sync::actors::topic_manager: sync session failed: Io(Custom { kind: NotConnected, error: ConnectionLost(LocallyClosed) }) session_id=0 topic="bde5193aae"
2026-10-06T21:55:08.615640Z  WARN p2panda_sync::protocols::topic_log_sync: sync session closed with error error=DecodeMessage("Io(Custom { kind: NotConnected, error: ConnectionLost(ApplicationClosed(ApplicationClose { error_code: 0, reason: b\"\" })) })")
2026-10-06T21:55:08.616302Z  WARN p2panda_net::sync::actors::topic_manager: sync session failed: Io(Custom { kind: NotConnected, error: ConnectionLost(ApplicationClosed(ApplicationClose { error_code: 0, reason: b"" })) }) session_id=0 topic="db623774e1"
2026-10-06T21:55:08.616463Z  WARN p2panda_sync::protocols::topic_log_sync: sync session closed with error error=DecodeMessage("Io(Custom { kind: NotConnected, error: ConnectionLost(LocallyClosed) })")
2026-10-06T21:55:08.616483Z  WARN p2panda_sync::protocols::topic_log_sync: sync session closed with error error=DecodeMessage("Io(Custom { kind: NotConnected, error: ConnectionLost(ApplicationClosed(ApplicationClose { error_code: 0, reason: b\"\" })) })")
2026-10-06T21:55:08.616748Z  WARN p2panda_sync::protocols::topic_log_sync: sync session closed with error error=DecodeMessage("Io(Custom { kind: NotConnected, error: ConnectionLost(LocallyClosed) })")
2026-10-06T21:55:08.616973Z  WARN p2panda_sync::protocols::topic_log_sync: sync session closed with error error=DecodeMessage("Io(Custom { kind: NotConnected, error: ConnectionLost(LocallyClosed) })")
2026-10-06T21:55:08.617069Z  WARN p2panda_sync::protocols::topic_log_sync: sync session closed with error error=DecodeMessage("Io(Custom { kind: NotConnected, error: ConnectionLost(ApplicationClosed(ApplicationClose { error_code: 0, reason: b\"\" })) })")
2026-10-06T21:55:08.617155Z  WARN p2panda_net::sync::actors::topic_manager: sync session failed: Io(Custom { kind: NotConnected, error: ConnectionLost(LocallyClosed) }) session_id=0 topic="db623774e1"
2026-10-06T21:55:08.617237Z  WARN p2panda_sync::protocols::topic_log_sync: sync session closed with error error=DecodeMessage("Io(Custom { kind: NotConnected, error: ConnectionLost(LocallyClosed) })")
2026-10-06T21:55:08.617336Z  WARN p2panda_net::sync::actors::topic_manager: sync session failed: Io(Custom { kind: NotConnected, error: ConnectionLost(LocallyClosed) }) session_id=0 topic="1b1d136e7e"
2026-10-06T21:55:08.617488Z  WARN p2panda_sync::protocols::topic_log_sync: sync session closed with error error=DecodeMessage("Io(Custom { kind: NotConnected, error: ConnectionLost(ApplicationClosed(ApplicationClose { error_code: 0, reason: b\"\" })) })")
2026-10-06T21:55:08.617488Z  WARN p2panda_sync::protocols::topic_log_sync: sync session closed with error error=DecodeMessage("Io(Custom { kind: NotConnected, error: ConnectionLost(ApplicationClosed(ApplicationClose { error_code: 0, reason: b\"\" })) })")
2026-10-06T21:55:08.617695Z  WARN p2panda_sync::protocols::topic_log_sync: sync session closed with error error=DecodeMessage("Io(Custom { kind: NotConnected, error: ConnectionLost(ApplicationClosed(ApplicationClose { error_code: 0, reason: b\"\" })) })")
2026-10-06T21:55:08.617712Z  WARN p2panda_sync::protocols::topic_log_sync: sync session closed with error error=DecodeMessage("Io(Custom { kind: NotConnected, error: ConnectionLost(ApplicationClosed(ApplicationClose { error_code: 0, reason: b\"\" })) })")
2026-10-06T21:55:08.617717Z  WARN p2panda_sync::protocols::topic_log_sync: sync session closed with error error=DecodeMessage("Io(Custom { kind: NotConnected, error: ConnectionLost(ApplicationClosed(ApplicationClose { error_code: 0, reason: b\"\" })) })")
2026-10-06T21:55:08.617858Z  WARN p2panda_sync::protocols::topic_log_sync: sync session closed with error error=DecodeMessage("Io(Custom { kind: NotConnected, error: ConnectionLost(ApplicationClosed(ApplicationClose { error_code: 0, reason: b\"\" })) })")
2026-10-06T21:55:08.617974Z  WARN p2panda_sync::protocols::topic_log_sync: sync session closed with error error=DecodeMessage("Io(Custom { kind: NotConnected, error: ConnectionLost(ApplicationClosed(ApplicationClose { error_code: 0, reason: b\"\" })) })")
2026-10-06T21:55:08.618115Z  WARN p2panda_sync::protocols::topic_log_sync: sync session closed with error error=DecodeMessage("Io(Custom { kind: NotConnected, error: ConnectionLost(ApplicationClosed(ApplicationClose { error_code: 0, reason: b\"\" })) })")
2026-10-06T21:55:08.618332Z  WARN p2panda_sync::protocols::topic_log_sync: sync session closed with error error=DecodeMessage("Io(Custom { kind: NotConnected, error: ConnectionLost(ApplicationClosed(ApplicationClose { error_code: 0, reason: b\"\" })) })")
2026-10-06T21:55:08.618359Z  WARN p2panda_sync::protocols::topic_log_sync: sync session closed with error error=DecodeMessage("Io(Custom { kind: NotConnected, error: ConnectionLost(ApplicationClosed(ApplicationClose { error_code: 0, reason: b\"\" })) })")
2026-10-06T21:55:08.618610Z  WARN p2panda_net::sync::actors::topic_manager: sync session failed: Io(Custom { kind: NotConnected, error: ConnectionLost(ApplicationClosed(ApplicationClose { error_code: 0, reason: b"" })) }) session_id=1 topic="db623774e1"
2026-10-06T21:55:08.618697Z  WARN p2panda_sync::protocols::topic_log_sync: sync session closed with error error=DecodeMessage("Io(Custom { kind: NotConnected, error: ConnectionLost(ApplicationClosed(ApplicationClose { error_code: 0, reason: b\"\" })) })")
2026-10-06T21:55:08.619134Z ERROR iroh::socket::transports::relay: relay_recv_channel closed
2026-10-06T21:55:08.619210Z  WARN p2panda_sync::protocols::topic_log_sync: sync session closed with error error=DecodeMessage("Io(Custom { kind: NotConnected, error: ConnectionLost(ApplicationClosed(ApplicationClose { error_code: 0, reason: b\"\" })) })")
2026-10-06T21:55:08.619286Z  WARN p2panda_net::sync::actors::topic_manager: sync session failed: error sending on message sink: Io(Custom { kind: NotConnected, error: ConnectionLost(LocallyClosed) }) session_id=0 topic="db623774e1"
2026-10-06T21:55:08.619481Z  WARN p2panda_net::sync::actors::topic_manager: sync session failed: Io(Custom { kind: NotConnected, error: ConnectionLost(ApplicationClosed(ApplicationClose { error_code: 0, reason: b"" })) }) session_id=1 topic="bde5193aae"
2026-10-06T21:55:08.619502Z  WARN p2panda_net::sync::actors::topic_manager: sync session failed: error sending on message sink: Io(Custom { kind: NotConnected, error: ConnectionLost(LocallyClosed) }) session_id=0 topic="a85ad29aa3"
2026-10-06T21:55:08.619491Z  WARN p2panda_sync::protocols::topic_log_sync: sync session closed with error error=DecodeMessage("Io(Custom { kind: NotConnected, error: ConnectionLost(ApplicationClosed(ApplicationClose { error_code: 0, reason: b\"\" })) })")
2026-10-06T21:55:08.619488Z  WARN p2panda_net::sync::actors::topic_manager: sync session failed: error sending on message sink: Io(Custom { kind: NotConnected, error: ConnectionLost(LocallyClosed) }) session_id=1 topic="db623774e1"
2026-10-06T21:55:08.619547Z  WARN p2panda_net::sync::actors::topic_manager: sync session failed: Io(Custom { kind: NotConnected, error: ConnectionLost(ApplicationClosed(ApplicationClose { error_code: 0, reason: b"" })) }) session_id=1 topic="a85ad29aa3"
2026-10-06T21:55:08.619601Z  WARN p2panda_net::sync::actors::topic_manager: sync session failed: error sending on message sink: Io(Custom { kind: NotConnected, error: ConnectionLost(LocallyClosed) }) session_id=0 topic="db623774e1"
2026-10-06T21:55:08.619703Z  WARN p2panda_net::sync::actors::topic_manager: sync session failed: error sending on message sink: Io(Custom { kind: NotConnected, error: ConnectionLost(LocallyClosed) }) session_id=1 topic="a85ad29aa3"
2026-10-06T21:55:08.619863Z  WARN p2panda_net::sync::actors::topic_manager: sync session failed: Io(Custom { kind: NotConnected, error: ConnectionLost(ApplicationClosed(ApplicationClose { error_code: 0, reason: b"" })) }) session_id=0 topic="db623774e1"
2026-10-06T21:55:08.620047Z  WARN p2panda_net::sync::actors::topic_manager: sync session failed: Io(Custom { kind: NotConnected, error: ConnectionLost(ApplicationClosed(ApplicationClose { error_code: 0, reason: b"" })) }) session_id=1 topic="db623774e1"
2026-10-06T21:55:08.620053Z  WARN p2panda_net::sync::actors::topic_manager: sync session failed: Io(Custom { kind: NotConnected, error: ConnectionLost(ApplicationClosed(ApplicationClose { error_code: 0, reason: b"" })) }) session_id=0 topic="db623774e1"
2026-10-06T21:55:08.620433Z ERROR iroh::socket::transports::relay: relay_recv_channel closed
2026-10-06T21:55:08.620590Z  WARN p2panda_net::sync::actors::topic_manager: sync session failed: Io(Custom { kind: NotConnected, error: ConnectionLost(ApplicationClosed(ApplicationClose { error_code: 0, reason: b"" })) }) session_id=1 topic="1b1d136e7e"
2026-10-06T21:55:08.620755Z  WARN p2panda_net::sync::actors::topic_manager: sync session failed: Io(Custom { kind: NotConnected, error: ConnectionLost(ApplicationClosed(ApplicationClose { error_code: 0, reason: b"" })) }) session_id=1 topic="db623774e1"
2026-10-06T21:55:08.621962Z  WARN p2panda_net::sync::actors::topic_manager: sync session failed: Io(Custom { kind: NotConnected, error: ConnectionLost(ApplicationClosed(ApplicationClose { error_code: 0, reason: b"" })) }) session_id=1 topic="db623774e1"
2026-10-06T21:55:08.621921Z  WARN p2panda_net::sync::actors::topic_manager: sync session failed: error sending on message sink: Io(Custom { kind: NotConnected, error: ConnectionLost(LocallyClosed) }) session_id=0 topic="db623774e1"
2026-10-06T21:55:10.180123Z  WARN p2panda_net::iroh_mdns::actor: found invalid transport info coming from iroh's services endpoint_id=9b662f09bb44edb188b2a022b4eb969d44181252866340d454e017372d38d19b
2026-10-06T21:55:10.191621Z  WARN p2panda_net::iroh_mdns::actor: found invalid transport info coming from iroh's services endpoint_id=9b662f09bb44edb188b2a022b4eb969d44181252866340d454e017372d38d19b
2026-10-06T21:55:11.313007Z  WARN p2panda_net::iroh_mdns::actor: found invalid transport info coming from iroh's services endpoint_id=9b662f09bb44edb188b2a022b4eb969d44181252866340d454e017372d38d19b
2026-10-06T21:55:12.323198Z  WARN p2panda_net::iroh_mdns::actor: found invalid transport info coming from iroh's services endpoint_id=9b662f09bb44edb188b2a022b4eb969d44181252866340d454e017372d38d19b
2026-10-06T21:55:13.113095Z  WARN p2panda_net::iroh_mdns::actor: found invalid transport info coming from iroh's services endpoint_id=9b662f09bb44edb188b2a022b4eb969d44181252866340d454e017372d38d19b
2026-10-06T21:55:13.630994Z  WARN p2panda_net::sync::actors::topic_manager: sync session failed: Io(Custom { kind: NotConnected, error: ConnectionLost(ApplicationClosed(ApplicationClose { error_code: 0, reason: b"" })) }) session_id=1 topic="db623774e1"
2026-10-06T21:55:13.631305Z  WARN p2panda_net::sync::actors::topic_manager: sync session failed: Io(Custom { kind: NotConnected, error: ConnectionLost(ApplicationClosed(ApplicationClose { error_code: 0, reason: b"" })) }) session_id=1 topic="db623774e1"
2026-10-06T21:55:13.631347Z  WARN p2panda_net::sync::actors::topic_manager: sync session failed: Io(Custom { kind: NotConnected, error: ConnectionLost(ApplicationClosed(ApplicationClose { error_code: 0, reason: b"" })) }) session_id=0 topic="bde5193aae"
2026-10-06T21:55:13.631348Z  WARN p2panda_net::sync::actors::topic_manager: sync session failed: Io(Custom { kind: NotConnected, error: ConnectionLost(ApplicationClosed(ApplicationClose { error_code: 0, reason: b"" })) }) session_id=0 topic="a85ad29aa3"
2026-10-06T21:55:13.631558Z  WARN p2panda_net::sync::actors::topic_manager: sync session failed: Io(Custom { kind: NotConnected, error: ConnectionLost(LocallyClosed) }) session_id=1 topic="bde5193aae"
2026-10-06T21:55:13.631590Z  WARN p2panda_net::sync::actors::topic_manager: sync session failed: Io(Custom { kind: NotConnected, error: ConnectionLost(ApplicationClosed(ApplicationClose { error_code: 0, reason: b"" })) }) session_id=0 topic="1b1d136e7e"
2026-10-06T21:55:13.631618Z  WARN p2panda_net::sync::actors::topic_manager: sync session failed: Io(Custom { kind: NotConnected, error: ConnectionLost(LocallyClosed) }) session_id=1 topic="db623774e1"
2026-10-06T21:55:13.631647Z  WARN p2panda_net::sync::actors::topic_manager: sync session failed: Io(Custom { kind: NotConnected, error: ConnectionLost(ApplicationClosed(ApplicationClose { error_code: 0, reason: b"" })) }) session_id=0 topic="db623774e1"
2026-10-06T21:55:13.631781Z  WARN p2panda_net::sync::actors::topic_manager: sync session failed: Io(Custom { kind: NotConnected, error: ConnectionLost(LocallyClosed) }) session_id=1 topic="1b1d136e7e"
2026-10-06T21:55:13.636590Z  WARN p2panda_net::sync::actors::topic_manager: sync session failed: Io(Custom { kind: NotConnected, error: ConnectionLost(ApplicationClosed(ApplicationClose { error_code: 0, reason: b"" })) }) session_id=1 topic="db623774e1"
2026-10-06T21:55:14.643414Z  WARN p2panda_net::iroh_mdns::actor: found invalid transport info coming from iroh's services endpoint_id=9b662f09bb44edb188b2a022b4eb969d44181252866340d454e017372d38d19b
2026-10-06T21:55:14.655860Z  WARN p2panda_net::iroh_mdns::actor: found invalid transport info coming from iroh's services endpoint_id=9b662f09bb44edb188b2a022b4eb969d44181252866340d454e017372d38d19b
2026-10-06T21:55:16.380794Z  WARN p2panda_net::iroh_mdns::actor: found invalid transport info coming from iroh's services endpoint_id=9b662f09bb44edb188b2a022b4eb969d44181252866340d454e017372d38d19b
2026-10-06T21:55:16.394447Z  WARN p2panda_net::iroh_mdns::actor: found invalid transport info coming from iroh's services endpoint_id=9b662f09bb44edb188b2a022b4eb969d44181252866340d454e017372d38d19b
