2026-10-06T20:55:15.1004430Z Current runner version: '2.337.0'
2026-10-06T20:55:15.1007000Z Runner name: 'wgpu-imac-m4'
2026-10-06T20:55:15.1007330Z Runner group name: 'wgpu-hardware'
2026-10-06T20:55:15.1007730Z Machine name: 'Mayolas-iMac'
2026-10-06T20:55:15.1008950Z ##[group]GITHUB_TOKEN Permissions
2026-10-06T20:55:15.1009690Z Contents: read
2026-10-06T20:55:15.1009930Z Metadata: read
2026-10-06T20:55:15.1010180Z ##[endgroup]
2026-10-06T20:55:15.1010920Z Secret source: Actions
2026-10-06T20:55:15.1011310Z Cache mode: write
2026-10-06T20:55:15.1011600Z Prepare workflow directory
2026-10-06T20:55:15.1412450Z Prepare all required actions
2026-10-06T20:55:15.1434040Z Getting action download info
2026-10-06T20:55:15.4863740Z Download action repository 'actions/checkout@v7' (SHA:3d3c42e5aac5ba805825da76410c181273ba90b1)
2026-10-06T20:55:16.1049520Z Download action repository 'dtolnay/rust-toolchain@1.97.1' (SHA:9ca9f0b320e19763058bc9531663c225d20db487)
2026-10-06T20:55:16.4376360Z Complete job name: Apple M4 WKWebView and ScreenCaptureKit battery
2026-10-06T20:55:16.4679610Z ##[group]Run actions/checkout@v7
2026-10-06T20:55:16.4679930Z with:
2026-10-06T20:55:16.4680150Z   repository: merely-made/wgpu-scry
2026-10-06T20:55:16.4682160Z   token: ***
2026-10-06T20:55:16.4682360Z   ssh-strict: true
2026-10-06T20:55:16.4682550Z   ssh-user: git
2026-10-06T20:55:16.4682760Z   persist-credentials: true
2026-10-06T20:55:16.4682980Z   clean: true
2026-10-06T20:55:16.4683180Z   sparse-checkout-cone-mode: true
2026-10-06T20:55:16.4683420Z   fetch-depth: 1
2026-10-06T20:55:16.4683630Z   fetch-tags: false
2026-10-06T20:55:16.4683830Z   show-progress: true
2026-10-06T20:55:16.4684040Z   lfs: false
2026-10-06T20:55:16.4684230Z   submodules: false
2026-10-06T20:55:16.4684450Z   set-safe-directory: true
2026-10-06T20:55:16.4684680Z   allow-unsafe-pr-checkout: false
2026-10-06T20:55:16.4684980Z env:
2026-10-06T20:55:16.4685180Z   CARGO_NET_GIT_FETCH_WITH_CLI: true
2026-10-06T20:55:16.4685440Z   RUSTFLAGS: -D warnings
2026-10-06T20:55:16.4685750Z   CARGO_TARGET_DIR: /Users/markik/Code/targets/wgpu-scry-hardware
2026-10-06T20:55:16.4686090Z   CAPTURE: 1
2026-10-06T20:55:16.4686270Z   TIMEOUT: 90
2026-10-06T20:55:16.4686460Z   VISIBLE: 1
2026-10-06T20:55:16.4686650Z ##[endgroup]
2026-10-06T20:55:16.6565560Z Syncing repository: merely-made/wgpu-scry
2026-10-06T20:55:16.6566510Z ##[group]Getting Git version info
2026-10-06T20:55:16.6566980Z Working directory is '/Users/markik/actions-runner-wgpu/_work/wgpu-scry/wgpu-scry'
2026-10-06T20:55:16.6567630Z [command]/usr/bin/git version
2026-10-06T20:55:16.6746110Z git version 2.50.1 (Apple Git-155)
2026-10-06T20:55:16.6754060Z ##[endgroup]
2026-10-06T20:55:16.6758950Z Copying '/Users/markik/.gitconfig' to '/Users/markik/actions-runner-wgpu/_work/_temp/20177a4e-d286-4065-9a39-60607f9b92b7/.gitconfig'
2026-10-06T20:55:16.6763280Z Temporarily overriding HOME='/Users/markik/actions-runner-wgpu/_work/_temp/20177a4e-d286-4065-9a39-60607f9b92b7' before making global git config changes
2026-10-06T20:55:16.6764170Z Adding repository directory to the temporary git global config as a safe directory
2026-10-06T20:55:16.6764960Z [command]/usr/bin/git config --global --add safe.directory /Users/markik/actions-runner-wgpu/_work/wgpu-scry/wgpu-scry
2026-10-06T20:55:16.7561010Z [command]/usr/bin/git config --local --get remote.origin.url
2026-10-06T20:55:16.7630430Z https://github.com/merely-made/wgpu-scry
2026-10-06T20:55:16.7636100Z ##[group]Removing previously created refs, to avoid conflicts
2026-10-06T20:55:16.7637300Z [command]/usr/bin/git rev-parse --symbolic-full-name --verify --quiet HEAD
2026-10-06T20:55:16.7714990Z refs/heads/main
2026-10-06T20:55:16.7718910Z [command]/usr/bin/git checkout --detach
2026-10-06T20:55:16.7891210Z HEAD is now at 99c0a9d Integrate macOS capture frame-status diagnostics
2026-10-06T20:55:16.7983780Z [command]/usr/bin/git branch --delete --force main
2026-10-06T20:55:16.8066980Z Deleted branch main (was 99c0a9d).
2026-10-06T20:55:16.8155920Z ##[endgroup]
2026-10-06T20:55:16.8156480Z [command]/usr/bin/git submodule status
2026-10-06T20:55:16.9112390Z ##[group]Cleaning the repository
2026-10-06T20:55:16.9113080Z [command]/usr/bin/git clean -ffdx
2026-10-06T20:55:16.9226460Z Removing .host-hardware-lock/
2026-10-06T20:55:16.9230520Z [command]/usr/bin/git reset --hard HEAD
2026-10-06T20:55:16.9381220Z HEAD is now at 99c0a9d Integrate macOS capture frame-status diagnostics
2026-10-06T20:55:16.9384160Z ##[endgroup]
2026-10-06T20:55:16.9385040Z ##[group]Disabling automatic garbage collection
2026-10-06T20:55:16.9386270Z [command]/usr/bin/git config --local gc.auto 0
2026-10-06T20:55:16.9461200Z ##[endgroup]
2026-10-06T20:55:16.9462030Z ##[group]Setting up auth
2026-10-06T20:55:16.9462640Z Removing SSH command configuration
2026-10-06T20:55:16.9466150Z [command]/usr/bin/git config --local --name-only --get-regexp core\.sshCommand
2026-10-06T20:55:16.9545470Z [command]/usr/bin/git submodule foreach --recursive sh -c "git config --local --name-only --get-regexp 'core\.sshCommand' && git config --local --unset-all 'core.sshCommand' || :"
2026-10-06T20:55:17.0104240Z Removing HTTP extra header
2026-10-06T20:55:17.0105440Z [command]/usr/bin/git config --local --name-only --get-regexp http\.https\:\/\/github\.com\/\.extraheader
2026-10-06T20:55:17.0181270Z [command]/usr/bin/git submodule foreach --recursive sh -c "git config --local --name-only --get-regexp 'http\.https\:\/\/github\.com\/\.extraheader' && git config --local --unset-all 'http.https://github.com/.extraheader' || :"
2026-10-06T20:55:17.0726790Z Removing includeIf entries pointing to credentials config files
2026-10-06T20:55:17.0728050Z [command]/usr/bin/git config --local --name-only --get-regexp ^includeIf\.gitdir:
2026-10-06T20:55:17.0800030Z [command]/usr/bin/git submodule foreach --recursive git config --local --show-origin --name-only --get-regexp remote.origin.url
2026-10-06T20:55:17.1292470Z [command]/usr/bin/git config --file /Users/markik/actions-runner-wgpu/_work/_temp/git-credentials-b90ed264-842d-49c6-bc7e-862d2d466393.config http.https://github.com/.extraheader AUTHORIZATION: basic ***
2026-10-06T20:55:17.1364840Z [command]/usr/bin/git config --local includeIf.gitdir:/Users/markik/actions-runner-wgpu/_work/wgpu-scry/wgpu-scry/.git.path /Users/markik/actions-runner-wgpu/_work/_temp/git-credentials-b90ed264-842d-49c6-bc7e-862d2d466393.config
2026-10-06T20:55:17.1429220Z [command]/usr/bin/git config --local includeIf.gitdir:/Users/markik/actions-runner-wgpu/_work/wgpu-scry/wgpu-scry/.git/worktrees/*.path /Users/markik/actions-runner-wgpu/_work/_temp/git-credentials-b90ed264-842d-49c6-bc7e-862d2d466393.config
2026-10-06T20:55:17.1492390Z [command]/usr/bin/git config --local includeIf.gitdir:/github/workspace/.git.path /github/runner_temp/git-credentials-b90ed264-842d-49c6-bc7e-862d2d466393.config
2026-10-06T20:55:17.1557210Z [command]/usr/bin/git config --local includeIf.gitdir:/github/workspace/.git/worktrees/*.path /github/runner_temp/git-credentials-b90ed264-842d-49c6-bc7e-862d2d466393.config
2026-10-06T20:55:17.1637660Z ##[endgroup]
2026-10-06T20:55:17.1638580Z ##[group]Fetching the repository
2026-10-06T20:55:17.1640610Z [command]/usr/bin/git -c protocol.version=2 fetch --no-tags --prune --no-recurse-submodules --depth=1 origin +9c41e2dbd28f81eb322889f8730b27c23c5e06aa:refs/remotes/origin/main
2026-10-06T20:55:17.6197430Z From https://github.com/merely-made/wgpu-scry
2026-10-06T20:55:17.6199740Z  + 99c0a9d...9c41e2d 9c41e2dbd28f81eb322889f8730b27c23c5e06aa -> origin/main  (forced update)
2026-10-06T20:55:17.6298320Z [command]/usr/bin/git branch --list --remote origin/main
2026-10-06T20:55:17.6437910Z   origin/main
2026-10-06T20:55:17.6445490Z [command]/usr/bin/git rev-parse refs/remotes/origin/main
2026-10-06T20:55:17.6532510Z 9c41e2dbd28f81eb322889f8730b27c23c5e06aa
2026-10-06T20:55:17.6535730Z ##[endgroup]
2026-10-06T20:55:17.6536810Z ##[group]Determining the checkout info
2026-10-06T20:55:17.6538010Z ##[endgroup]
2026-10-06T20:55:17.6538700Z [command]/usr/bin/git sparse-checkout disable
2026-10-06T20:55:17.6637830Z [command]/usr/bin/git config --local --unset-all extensions.worktreeConfig
2026-10-06T20:55:17.6727610Z ##[group]Checking out the ref
2026-10-06T20:55:17.6728720Z [command]/usr/bin/git checkout --progress --force -B main refs/remotes/origin/main
2026-10-06T20:55:17.6836650Z Warning: you are leaving 1 commit behind, not connected to
2026-10-06T20:55:17.6837390Z any of your branches:
2026-10-06T20:55:17.6837710Z 
2026-10-06T20:55:17.6838060Z   99c0a9d Integrate macOS capture frame-status diagnostics
2026-10-06T20:55:17.6838590Z 
2026-10-06T20:55:17.6839010Z If you want to keep it by creating a new branch, this may be a good time
2026-10-06T20:55:17.6839800Z to do so with:
2026-10-06T20:55:17.6840080Z 
2026-10-06T20:55:17.6840350Z  git branch <new-branch-name> 99c0a9d
2026-10-06T20:55:17.6840740Z 
2026-10-06T20:55:17.6849720Z Switched to a new branch 'main'
2026-10-06T20:55:17.6852880Z branch 'main' set up to track 'origin/main'.
2026-10-06T20:55:17.6856430Z ##[endgroup]
2026-10-06T20:55:17.6929970Z [command]/usr/bin/git log -1 --format=%H
2026-10-06T20:55:17.6995700Z 9c41e2dbd28f81eb322889f8730b27c23c5e06aa
2026-10-06T20:55:17.7304260Z ##[group]Run actions/checkout@v7
2026-10-06T20:55:17.7304760Z with:
2026-10-06T20:55:17.7305180Z   repository: merely-made/wgpu-graft
2026-10-06T20:55:17.7305700Z   ref: 781aa6aad3f63b83ad48b192a6a5d078be1d71b8
2026-10-06T20:55:17.7306240Z   path: .host-hardware-lock
2026-10-06T20:55:17.7306730Z   sparse-checkout: .github/actions/host-hardware-lock
2026-10-06T20:55:17.7307290Z   sparse-checkout-cone-mode: false
2026-10-06T20:55:17.7311560Z   token: ***
2026-10-06T20:55:17.7311960Z   ssh-strict: true
2026-10-06T20:55:17.7312370Z   ssh-user: git
2026-10-06T20:55:17.7312800Z   persist-credentials: true
2026-10-06T20:55:17.7313270Z   clean: true
2026-10-06T20:55:17.7313650Z   fetch-depth: 1
2026-10-06T20:55:17.7314040Z   fetch-tags: false
2026-10-06T20:55:17.7314430Z   show-progress: true
2026-10-06T20:55:17.7314830Z   lfs: false
2026-10-06T20:55:17.7315190Z   submodules: false
2026-10-06T20:55:17.7315600Z   set-safe-directory: true
2026-10-06T20:55:17.7316090Z   allow-unsafe-pr-checkout: false
2026-10-06T20:55:17.7316560Z env:
2026-10-06T20:55:17.7316980Z   CARGO_NET_GIT_FETCH_WITH_CLI: true
2026-10-06T20:55:17.7317460Z   RUSTFLAGS: -D warnings
2026-10-06T20:55:17.7318000Z   CARGO_TARGET_DIR: /Users/markik/Code/targets/wgpu-scry-hardware
2026-10-06T20:55:17.7318600Z   CAPTURE: 1
2026-10-06T20:55:17.7318980Z   TIMEOUT: 90
2026-10-06T20:55:17.7319330Z   VISIBLE: 1
2026-10-06T20:55:17.7319680Z ##[endgroup]
2026-10-06T20:55:17.7888880Z Syncing repository: merely-made/wgpu-graft
2026-10-06T20:55:17.7890000Z ##[group]Getting Git version info
2026-10-06T20:55:17.7890980Z Working directory is '/Users/markik/actions-runner-wgpu/_work/wgpu-scry/wgpu-scry/.host-hardware-lock'
2026-10-06T20:55:17.7898230Z [command]/usr/bin/git version
2026-10-06T20:55:17.7978020Z git version 2.50.1 (Apple Git-155)
2026-10-06T20:55:17.7985550Z ##[endgroup]
2026-10-06T20:55:17.7989990Z Copying '/Users/markik/.gitconfig' to '/Users/markik/actions-runner-wgpu/_work/_temp/7a19077f-2607-4772-88c5-c851f60004d1/.gitconfig'
2026-10-06T20:55:17.7994070Z Temporarily overriding HOME='/Users/markik/actions-runner-wgpu/_work/_temp/7a19077f-2607-4772-88c5-c851f60004d1' before making global git config changes
2026-10-06T20:55:17.7995720Z Adding repository directory to the temporary git global config as a safe directory
2026-10-06T20:55:17.7997110Z [command]/usr/bin/git config --global --add safe.directory /Users/markik/actions-runner-wgpu/_work/wgpu-scry/wgpu-scry/.host-hardware-lock
2026-10-06T20:55:17.8466650Z ##[group]Determining repository object format
2026-10-06T20:55:17.8467650Z ##[endgroup]
2026-10-06T20:55:17.8468420Z ##[group]Initializing the repository
2026-10-06T20:55:17.8469450Z [command]/usr/bin/git init /Users/markik/actions-runner-wgpu/_work/wgpu-scry/wgpu-scry/.host-hardware-lock
2026-10-06T20:55:17.8576390Z Initialized empty Git repository in /Users/markik/actions-runner-wgpu/_work/wgpu-scry/wgpu-scry/.host-hardware-lock/.git/
2026-10-06T20:55:17.8580730Z [command]/usr/bin/git remote add origin https://github.com/merely-made/wgpu-graft
2026-10-06T20:55:17.8664970Z ##[endgroup]
2026-10-06T20:55:17.8665790Z ##[group]Disabling automatic garbage collection
2026-10-06T20:55:17.8666540Z [command]/usr/bin/git config --local gc.auto 0
2026-10-06T20:55:17.8737150Z ##[endgroup]
2026-10-06T20:55:17.8737900Z ##[group]Setting up auth
2026-10-06T20:55:17.8738470Z Removing SSH command configuration
2026-10-06T20:55:17.8739240Z [command]/usr/bin/git config --local --name-only --get-regexp core\.sshCommand
2026-10-06T20:55:17.8810270Z [command]/usr/bin/git submodule foreach --recursive sh -c "git config --local --name-only --get-regexp 'core\.sshCommand' && git config --local --unset-all 'core.sshCommand' || :"
2026-10-06T20:55:17.9316300Z Removing HTTP extra header
2026-10-06T20:55:17.9318590Z [command]/usr/bin/git config --local --name-only --get-regexp http\.https\:\/\/github\.com\/\.extraheader
2026-10-06T20:55:17.9390800Z [command]/usr/bin/git submodule foreach --recursive sh -c "git config --local --name-only --get-regexp 'http\.https\:\/\/github\.com\/\.extraheader' && git config --local --unset-all 'http.https://github.com/.extraheader' || :"
2026-10-06T20:55:17.9903700Z Removing includeIf entries pointing to credentials config files
2026-10-06T20:55:17.9905590Z [command]/usr/bin/git config --local --name-only --get-regexp ^includeIf\.gitdir:
2026-10-06T20:55:17.9977000Z [command]/usr/bin/git submodule foreach --recursive git config --local --show-origin --name-only --get-regexp remote.origin.url
2026-10-06T20:55:18.0482940Z [command]/usr/bin/git config --file /Users/markik/actions-runner-wgpu/_work/_temp/git-credentials-4e8db796-5a34-4aea-97f5-20fb0642c780.config http.https://github.com/.extraheader AUTHORIZATION: basic ***
2026-10-06T20:55:18.0563150Z [command]/usr/bin/git config --local includeIf.gitdir:/Users/markik/actions-runner-wgpu/_work/wgpu-scry/wgpu-scry/.host-hardware-lock/.git.path /Users/markik/actions-runner-wgpu/_work/_temp/git-credentials-4e8db796-5a34-4aea-97f5-20fb0642c780.config
2026-10-06T20:55:18.0632270Z [command]/usr/bin/git config --local includeIf.gitdir:/Users/markik/actions-runner-wgpu/_work/wgpu-scry/wgpu-scry/.host-hardware-lock/.git/worktrees/*.path /Users/markik/actions-runner-wgpu/_work/_temp/git-credentials-4e8db796-5a34-4aea-97f5-20fb0642c780.config
2026-10-06T20:55:18.0702420Z [command]/usr/bin/git config --local includeIf.gitdir:/github/workspace/.host-hardware-lock/.git.path /github/runner_temp/git-credentials-4e8db796-5a34-4aea-97f5-20fb0642c780.config
2026-10-06T20:55:18.0777530Z [command]/usr/bin/git config --local includeIf.gitdir:/github/workspace/.host-hardware-lock/.git/worktrees/*.path /github/runner_temp/git-credentials-4e8db796-5a34-4aea-97f5-20fb0642c780.config
2026-10-06T20:55:18.0847250Z ##[endgroup]
2026-10-06T20:55:18.0848030Z ##[group]Fetching the repository
2026-10-06T20:55:18.0850070Z [command]/usr/bin/git -c protocol.version=2 fetch --no-tags --prune --no-recurse-submodules --filter=blob:none --depth=1 origin 781aa6aad3f63b83ad48b192a6a5d078be1d71b8
2026-10-06T20:55:18.4608390Z From https://github.com/merely-made/wgpu-graft
2026-10-06T20:55:18.4610160Z  * branch            781aa6aad3f63b83ad48b192a6a5d078be1d71b8 -> FETCH_HEAD
2026-10-06T20:55:18.4682760Z [command]/usr/bin/git rev-parse --verify --quiet 781aa6aad3f63b83ad48b192a6a5d078be1d71b8^{object}
2026-10-06T20:55:18.4790750Z 781aa6aad3f63b83ad48b192a6a5d078be1d71b8
2026-10-06T20:55:18.4795240Z ##[endgroup]
2026-10-06T20:55:18.4796610Z ##[group]Determining the checkout info
2026-10-06T20:55:18.4797750Z ##[endgroup]
2026-10-06T20:55:18.4798710Z ##[group]Setting up sparse checkout
2026-10-06T20:55:18.4799540Z [command]/usr/bin/git config core.sparseCheckout true
2026-10-06T20:55:18.4887400Z [command]/usr/bin/git rev-parse --git-path info/sparse-checkout
2026-10-06T20:55:18.4961160Z .git/info/sparse-checkout
2026-10-06T20:55:18.4965570Z ##[endgroup]
2026-10-06T20:55:18.4966340Z ##[group]Checking out the ref
2026-10-06T20:55:18.4967190Z [command]/usr/bin/git checkout --progress --force 781aa6aad3f63b83ad48b192a6a5d078be1d71b8
2026-10-06T20:55:19.1921000Z Note: switching to '781aa6aad3f63b83ad48b192a6a5d078be1d71b8'.
2026-10-06T20:55:19.1921470Z 
2026-10-06T20:55:19.1921730Z You are in 'detached HEAD' state. You can look around, make experimental
2026-10-06T20:55:19.1922300Z changes and commit them, and you can discard any commits you make in this
2026-10-06T20:55:19.1922890Z state without impacting any branches by switching back to a branch.
2026-10-06T20:55:19.1923230Z 
2026-10-06T20:55:19.1923470Z If you want to create a new branch to retain commits you create, you may
2026-10-06T20:55:19.1924000Z do so (now or later) by using -c with the switch command. Example:
2026-10-06T20:55:19.1924340Z 
2026-10-06T20:55:19.1924510Z   git switch -c <new-branch-name>
2026-10-06T20:55:19.1924750Z 
2026-10-06T20:55:19.1924870Z Or undo this operation with:
2026-10-06T20:55:19.1925080Z 
2026-10-06T20:55:19.1925210Z   git switch -
2026-10-06T20:55:19.1925380Z 
2026-10-06T20:55:19.1926200Z Turn off this advice by setting config variable advice.detachedHead to false
2026-10-06T20:55:19.1926640Z 
2026-10-06T20:55:19.1926840Z HEAD is now at 781aa6a Document-node24-host-lock
2026-10-06T20:55:19.1932450Z ##[endgroup]
2026-10-06T20:55:19.2080570Z [command]/usr/bin/git log -1 --format=%H
2026-10-06T20:55:19.2182550Z 781aa6aad3f63b83ad48b192a6a5d078be1d71b8
2026-10-06T20:55:19.2255500Z ##[group]Run ./.host-hardware-lock/.github/actions/host-hardware-lock
2026-10-06T20:55:19.2255740Z with:
2026-10-06T20:55:19.2255870Z   timeout_seconds: 7200
2026-10-06T20:55:19.2256010Z   stale_seconds: 14400
2026-10-06T20:55:19.2256160Z   poll_seconds: 5
2026-10-06T20:55:19.2256300Z env:
2026-10-06T20:55:19.2256420Z   CARGO_NET_GIT_FETCH_WITH_CLI: true
2026-10-06T20:55:19.2256600Z   RUSTFLAGS: -D warnings
2026-10-06T20:55:19.2256790Z   CARGO_TARGET_DIR: /Users/markik/Code/targets/wgpu-scry-hardware
2026-10-06T20:55:19.2257010Z   CAPTURE: 1
2026-10-06T20:55:19.2257120Z   TIMEOUT: 90
2026-10-06T20:55:19.2257240Z   VISIBLE: 1
2026-10-06T20:55:19.2257390Z ##[endgroup]
2026-10-06T20:55:19.2640260Z Acquired host hardware lock at /var/folders/96/dck6q6xj3490x43zr8fb8pbm0000gp/T/merely-wgpu-hardware-lock/host.lock
2026-10-06T20:55:19.2736590Z ##[group]Run dtolnay/rust-toolchain@1.97.1
2026-10-06T20:55:19.2736740Z with:
2026-10-06T20:55:19.2736820Z env:
2026-10-06T20:55:19.2736910Z   CARGO_NET_GIT_FETCH_WITH_CLI: true
2026-10-06T20:55:19.2737030Z   RUSTFLAGS: -D warnings
2026-10-06T20:55:19.2737170Z   CARGO_TARGET_DIR: /Users/markik/Code/targets/wgpu-scry-hardware
2026-10-06T20:55:19.2737340Z   CAPTURE: 1
2026-10-06T20:55:19.2737440Z   TIMEOUT: 90
2026-10-06T20:55:19.2737540Z   VISIBLE: 1
2026-10-06T20:55:19.2737640Z ##[endgroup]
2026-10-06T20:55:19.2769560Z ##[start-action display=Parse toolchain version;id=__dtolnay_rust-toolchain.parse]
2026-10-06T20:55:19.2793230Z ##[group]Run if [[ -z $toolchain ]]; then
2026-10-06T20:55:19.2793430Z [36;1mif [[ -z $toolchain ]]; then[0m
2026-10-06T20:55:19.2793680Z [36;1m  # GitHub does not enforce `required: true` inputs itself. https://github.com/actions/runner/issues/1070[0m
2026-10-06T20:55:19.2793970Z [36;1m  echo "'toolchain' is a required input" >&2[0m
2026-10-06T20:55:19.2794150Z [36;1m  exit 1[0m
2026-10-06T20:55:19.2794320Z [36;1melif [[ $toolchain =~ ^stable' '[0-9]+' '(year|month|week|day)s?' 'ago$ ]]; then[0m
2026-10-06T20:55:19.2794530Z [36;1m  if [[ macOS == macOS ]]; then[0m
2026-10-06T20:55:19.2794780Z [36;1m    echo "toolchain=1.$((($(date -v-$(sed 's/stable \([0-9]*\) \(.\).*/\1\2/' <<< $toolchain) +%s)/60/60/24-16569)/7/6))" >> $GITHUB_OUTPUT[0m
2026-10-06T20:55:19.2795030Z [36;1m  else[0m
2026-10-06T20:55:19.2795220Z [36;1m    echo "toolchain=1.$((($(date --date "${toolchain#stable }" +%s)/60/60/24-16569)/7/6))" >> $GITHUB_OUTPUT[0m
2026-10-06T20:55:19.2795450Z [36;1m  fi[0m
2026-10-06T20:55:19.2795610Z [36;1melif [[ $toolchain =~ ^stable' 'minus' '[0-9]+' 'releases?$ ]]; then[0m
2026-10-06T20:55:19.2795860Z [36;1m  echo "toolchain=1.$((($(date +%s)/60/60/24-16569)/7/6-${toolchain//[^0-9]/}))" >> $GITHUB_OUTPUT[0m
2026-10-06T20:55:19.2796270Z [36;1melif [[ $toolchain =~ ^1\.[0-9]+$ ]]; then[0m
2026-10-06T20:55:19.2796520Z [36;1m  echo "toolchain=1.$((i=${toolchain#1.}, c=($(date +%s)/60/60/24-16569)/7/6, i+9*i*(10*i<=c)+90*i*(100*i<=c)))" >> $GITHUB_OUTPUT[0m
2026-10-06T20:55:19.2796760Z [36;1melse[0m
2026-10-06T20:55:19.2796890Z [36;1m  echo "toolchain=$toolchain" >> $GITHUB_OUTPUT[0m
2026-10-06T20:55:19.2797050Z [36;1mfi[0m
2026-10-06T20:55:19.2808940Z shell: /bin/bash --noprofile --norc -e -o pipefail {0}
2026-10-06T20:55:19.2809090Z env:
2026-10-06T20:55:19.2809200Z   CARGO_NET_GIT_FETCH_WITH_CLI: true
2026-10-06T20:55:19.2809330Z   RUSTFLAGS: -D warnings
2026-10-06T20:55:19.2809480Z   CARGO_TARGET_DIR: /Users/markik/Code/targets/wgpu-scry-hardware
2026-10-06T20:55:19.2809650Z   CAPTURE: 1
2026-10-06T20:55:19.2809750Z   TIMEOUT: 90
2026-10-06T20:55:19.2809850Z   VISIBLE: 1
2026-10-06T20:55:19.2809960Z   toolchain: 1.97.1
2026-10-06T20:55:19.2810080Z ##[endgroup]
2026-10-06T20:55:19.3199560Z ##[end-action id=__dtolnay_rust-toolchain.parse;outcome=success;conclusion=success;duration_ms=42]
2026-10-06T20:55:19.3204880Z ##[start-action display=Construct rustup command line;id=__dtolnay_rust-toolchain.flags]
2026-10-06T20:55:19.3218460Z ##[group]Run echo "targets=$(for t in ${targets//,/ }; do echo -n ' --target' $t; done)" >> $GITHUB_OUTPUT
2026-10-06T20:55:19.3218770Z [36;1mecho "targets=$(for t in ${targets//,/ }; do echo -n ' --target' $t; done)" >> $GITHUB_OUTPUT[0m
2026-10-06T20:55:19.3219070Z [36;1mecho "components=$(for c in ${components//,/ }; do echo -n ' --component' $c; done)" >> $GITHUB_OUTPUT[0m
2026-10-06T20:55:19.3219310Z [36;1mecho "downgrade=" >> $GITHUB_OUTPUT[0m
2026-10-06T20:55:19.3225870Z shell: /bin/bash --noprofile --norc -e -o pipefail {0}
2026-10-06T20:55:19.3226030Z env:
2026-10-06T20:55:19.3226140Z   CARGO_NET_GIT_FETCH_WITH_CLI: true
2026-10-06T20:55:19.3226270Z   RUSTFLAGS: -D warnings
2026-10-06T20:55:19.3226430Z   CARGO_TARGET_DIR: /Users/markik/Code/targets/wgpu-scry-hardware
2026-10-06T20:55:19.3226630Z   CAPTURE: 1
2026-10-06T20:55:19.3226730Z   TIMEOUT: 90
2026-10-06T20:55:19.3226830Z   VISIBLE: 1
2026-10-06T20:55:19.3227160Z   targets: 
2026-10-06T20:55:19.3227270Z   components: 
2026-10-06T20:55:19.3227370Z ##[endgroup]
2026-10-06T20:55:19.3389350Z ##[end-action id=__dtolnay_rust-toolchain.flags;outcome=success;conclusion=success;duration_ms=18]
2026-10-06T20:55:19.3392550Z ##[start-action display=Set $CARGO_HOME;id=__dtolnay_rust-toolchain.__run]
2026-10-06T20:55:19.3403120Z ##[group]Run echo CARGO_HOME=${CARGO_HOME:-"$HOME/.cargo"} >> $GITHUB_ENV
2026-10-06T20:55:19.3403360Z [36;1mecho CARGO_HOME=${CARGO_HOME:-"$HOME/.cargo"} >> $GITHUB_ENV[0m
2026-10-06T20:55:19.3410130Z shell: /bin/bash --noprofile --norc -e -o pipefail {0}
2026-10-06T20:55:19.3410280Z env:
2026-10-06T20:55:19.3410390Z   CARGO_NET_GIT_FETCH_WITH_CLI: true
2026-10-06T20:55:19.3410520Z   RUSTFLAGS: -D warnings
2026-10-06T20:55:19.3410680Z   CARGO_TARGET_DIR: /Users/markik/Code/targets/wgpu-scry-hardware
2026-10-06T20:55:19.3410870Z   CAPTURE: 1
2026-10-06T20:55:19.3410970Z   TIMEOUT: 90
2026-10-06T20:55:19.3411070Z   VISIBLE: 1
2026-10-06T20:55:19.3411200Z ##[endgroup]
2026-10-06T20:55:19.3558040Z ##[end-action id=__dtolnay_rust-toolchain.__run;outcome=success;conclusion=success;duration_ms=16]
2026-10-06T20:55:19.3559280Z ##[start-action display=Install rustup if needed;id=__dtolnay_rust-toolchain.__run_2]
2026-10-06T20:55:19.3571770Z ##[group]Run if ! command -v rustup &>/dev/null; then
2026-10-06T20:55:19.3571970Z [36;1mif ! command -v rustup &>/dev/null; then[0m
2026-10-06T20:55:19.3572330Z [36;1m  curl --proto '=https' --tlsv1.2 --retry 10 --retry-connrefused --location --silent --show-error --fail https://sh.rustup.rs | sh -s -- --default-toolchain none -y[0m
2026-10-06T20:55:19.3572680Z [36;1m  echo "$CARGO_HOME/bin" >> $GITHUB_PATH[0m
2026-10-06T20:55:19.3572820Z [36;1mfi[0m
2026-10-06T20:55:19.3579120Z shell: /bin/bash --noprofile --norc -e -o pipefail {0}
2026-10-06T20:55:19.3579420Z env:
2026-10-06T20:55:19.3579530Z   CARGO_NET_GIT_FETCH_WITH_CLI: true
2026-10-06T20:55:19.3579670Z   RUSTFLAGS: -D warnings
2026-10-06T20:55:19.3579830Z   CARGO_TARGET_DIR: /Users/markik/Code/targets/wgpu-scry-hardware
2026-10-06T20:55:19.3580010Z   CAPTURE: 1
2026-10-06T20:55:19.3580110Z   TIMEOUT: 90
2026-10-06T20:55:19.3580210Z   VISIBLE: 1
2026-10-06T20:55:19.3580310Z   CARGO_HOME: /Users/markik/.cargo
2026-10-06T20:55:19.3580440Z ##[endgroup]
2026-10-06T20:55:19.8012360Z info: downloading installer
2026-10-06T20:55:20.6956140Z warn: it looks like you have an existing rustup settings file at:
2026-10-06T20:55:20.6956910Z warn: /Users/markik/.rustup/settings.toml
2026-10-06T20:55:20.6957720Z warn: rustup will install the default toolchain as specified in the settings file,
2026-10-06T20:55:20.6958590Z warn: instead of the one inferred from the default host tuple.
2026-10-06T20:55:20.7192620Z info: profile set to default
2026-10-06T20:55:20.7193280Z info: default host tuple is aarch64-apple-darwin
2026-10-06T20:55:20.7194000Z info: skipping toolchain installation
2026-10-06T20:55:20.7194370Z 
2026-10-06T20:55:20.7196750Z 
2026-10-06T20:55:20.7197270Z Rust is installed now. Great!
2026-10-06T20:55:20.7197590Z 
2026-10-06T20:55:20.7197870Z To get started you may need to restart your current shell.
2026-10-06T20:55:20.7198620Z This would reload your PATH environment variable to include
2026-10-06T20:55:20.7199300Z Cargo's bin directory ($HOME/.cargo/bin).
2026-10-06T20:55:20.7199630Z 
2026-10-06T20:55:20.7199920Z To configure your current shell, you need to source the
2026-10-06T20:55:20.7200550Z corresponding env file under $HOME/.cargo.
2026-10-06T20:55:20.7201070Z 
2026-10-06T20:55:20.7201410Z Consider running the right command for your shell (note the leading DOT):
2026-10-06T20:55:20.7202230Z . "$HOME/.cargo/env"           # For sh/ash/dash/pdksh/zsh
2026-10-06T20:55:20.7202860Z source "$HOME/.cargo/env.tcsh" # For tcsh
2026-10-06T20:55:20.7346650Z ##[end-action id=__dtolnay_rust-toolchain.__run_2;outcome=success;conclusion=success;duration_ms=1378]
2026-10-06T20:55:20.7350820Z ##[start-action display=Install rustup if needed on windows;id=__dtolnay_rust-toolchain.__run_3]
2026-10-06T20:55:20.7359820Z ##[end-action id=__dtolnay_rust-toolchain.__run_3;outcome=skipped;conclusion=skipped;duration_ms=0]
2026-10-06T20:55:20.7369840Z ##[start-action display=rustup toolchain install 1.97.1;id=__dtolnay_rust-toolchain.__run_4]
2026-10-06T20:55:20.7384230Z ##[group]Run log=$(mktemp)
2026-10-06T20:55:20.7384400Z [36;1mlog=$(mktemp)[0m
2026-10-06T20:55:20.7384520Z [36;1mtrap 'rm -f "$log"' EXIT[0m
2026-10-06T20:55:20.7384660Z [36;1mfor attempt in 1 2 3 4 5; do[0m
2026-10-06T20:55:20.7384920Z [36;1m  if rustup toolchain install 1.97.1 --profile minimal --no-self-update --force-non-host 2>&1 | tee "$log"; then[0m
2026-10-06T20:55:20.7385170Z [36;1m    break[0m
2026-10-06T20:55:20.7385280Z [36;1m  else[0m
2026-10-06T20:55:20.7385400Z [36;1m    status=$?[0m
2026-10-06T20:55:20.7385530Z [36;1m  fi[0m
2026-10-06T20:55:20.7385680Z [36;1m  if [[ $attempt == 5 ]] || ! grep -Fq 'checksum failed for ' "$log" \[0m
2026-10-06T20:55:20.7385960Z [36;1m      || ! grep -Fq 'this is likely due to an ongoing update of the official release server' "$log"; then[0m
2026-10-06T20:55:20.7386180Z [36;1m    exit "$status"[0m
2026-10-06T20:55:20.7386300Z [36;1m  fi[0m
2026-10-06T20:55:20.7386480Z [36;1m  echo "Retrying rustup toolchain install in 30 seconds (retry $attempt of 4)" >&2[0m
2026-10-06T20:55:20.7386690Z [36;1m  sleep 30[0m
2026-10-06T20:55:20.7386800Z [36;1mdone[0m
2026-10-06T20:55:20.7395570Z shell: /bin/bash --noprofile --norc -e -o pipefail {0}
2026-10-06T20:55:20.7395720Z env:
2026-10-06T20:55:20.7395820Z   CARGO_NET_GIT_FETCH_WITH_CLI: true
2026-10-06T20:55:20.7395950Z   RUSTFLAGS: -D warnings
2026-10-06T20:55:20.7396110Z   CARGO_TARGET_DIR: /Users/markik/Code/targets/wgpu-scry-hardware
2026-10-06T20:55:20.7396270Z   CAPTURE: 1
2026-10-06T20:55:20.7396370Z   TIMEOUT: 90
2026-10-06T20:55:20.7396610Z   VISIBLE: 1
2026-10-06T20:55:20.7396720Z   CARGO_HOME: /Users/markik/.cargo
2026-10-06T20:55:20.7396860Z   RUSTUP_PERMIT_COPY_RENAME: 1
2026-10-06T20:55:20.7396980Z ##[endgroup]
2026-10-06T20:55:21.1303360Z info: syncing channel updates for 1.97.1-aarch64-apple-darwin
2026-10-06T20:55:21.2239660Z 
2026-10-06T20:55:21.2311430Z   1.97.1-aarch64-apple-darwin unchanged - rustc 1.97.1 (8bab26f4f 2026-07-14)
2026-10-06T20:55:21.2311620Z 
2026-10-06T20:55:21.2345540Z ##[end-action id=__dtolnay_rust-toolchain.__run_4;outcome=success;conclusion=success;duration_ms=497]
2026-10-06T20:55:21.2347790Z ##[start-action display=rustup default 1.97.1;id=__dtolnay_rust-toolchain.__run_5]
2026-10-06T20:55:21.2358680Z ##[group]Run rustup default 1.97.1 --force-non-host
2026-10-06T20:55:21.2358890Z [36;1mrustup default 1.97.1 --force-non-host[0m
2026-10-06T20:55:21.2366860Z shell: /bin/bash --noprofile --norc -e -o pipefail {0}
2026-10-06T20:55:21.2367050Z env:
2026-10-06T20:55:21.2367170Z   CARGO_NET_GIT_FETCH_WITH_CLI: true
2026-10-06T20:55:21.2367350Z   RUSTFLAGS: -D warnings
2026-10-06T20:55:21.2367540Z   CARGO_TARGET_DIR: /Users/markik/Code/targets/wgpu-scry-hardware
2026-10-06T20:55:21.2367720Z   CAPTURE: 1
2026-10-06T20:55:21.2367840Z   TIMEOUT: 90
2026-10-06T20:55:21.2367940Z   VISIBLE: 1
2026-10-06T20:55:21.2368060Z   CARGO_HOME: /Users/markik/.cargo
2026-10-06T20:55:21.2368190Z ##[endgroup]
2026-10-06T20:55:21.2631490Z info: using existing install for 1.97.1-aarch64-apple-darwin
2026-10-06T20:55:21.2688050Z info: default toolchain set to 1.97.1-aarch64-apple-darwin
2026-10-06T20:55:21.2688180Z 
2026-10-06T20:55:21.2751480Z   1.97.1-aarch64-apple-darwin unchanged - rustc 1.97.1 (8bab26f4f 2026-07-14)
2026-10-06T20:55:21.2751670Z 
2026-10-06T20:55:21.2753670Z info: note that the toolchain '1.97.1-aarch64-apple-darwin' is currently in use (overridden by '/Users/markik/actions-runner-wgpu/_work/wgpu-scry/wgpu-scry/rust-toolchain.toml')
2026-10-06T20:55:21.2764740Z ##[end-action id=__dtolnay_rust-toolchain.__run_5;outcome=success;conclusion=success;duration_ms=41]
2026-10-06T20:55:21.2766370Z ##[start-action display=Create cachekey;id=__dtolnay_rust-toolchain.rustc-version]
2026-10-06T20:55:21.2808010Z ##[group]Run DATE=$(rustc +1.97.1 --version --verbose | sed -ne 's/^commit-date: \(20[0-9][0-9]\)-\([01][0-9]\)-\([0-3][0-9]\)$/\1\2\3/p')
2026-10-06T20:55:21.2808430Z [36;1mDATE=$(rustc +1.97.1 --version --verbose | sed -ne 's/^commit-date: \(20[0-9][0-9]\)-\([01][0-9]\)-\([0-3][0-9]\)$/\1\2\3/p')[0m
2026-10-06T20:55:21.2808750Z [36;1mHASH=$(rustc +1.97.1 --version --verbose | sed -ne 's/^commit-hash: //p')[0m
2026-10-06T20:55:21.2809000Z [36;1mecho "cachekey=$(echo $DATE$HASH | head -c12)" >> $GITHUB_OUTPUT[0m
2026-10-06T20:55:21.2817410Z shell: /bin/bash --noprofile --norc -e -o pipefail {0}
2026-10-06T20:55:21.2817580Z env:
2026-10-06T20:55:21.2817680Z   CARGO_NET_GIT_FETCH_WITH_CLI: true
2026-10-06T20:55:21.2817830Z   RUSTFLAGS: -D warnings
2026-10-06T20:55:21.2818000Z   CARGO_TARGET_DIR: /Users/markik/Code/targets/wgpu-scry-hardware
2026-10-06T20:55:21.2818170Z   CAPTURE: 1
2026-10-06T20:55:21.2818270Z   TIMEOUT: 90
2026-10-06T20:55:21.2818370Z   VISIBLE: 1
2026-10-06T20:55:21.2818480Z   CARGO_HOME: /Users/markik/.cargo
2026-10-06T20:55:21.2818610Z ##[endgroup]
2026-10-06T20:55:21.3373800Z ##[end-action id=__dtolnay_rust-toolchain.rustc-version;outcome=success;conclusion=success;duration_ms=60]
2026-10-06T20:55:21.3375110Z ##[start-action display=Disable incremental compilation;id=__dtolnay_rust-toolchain.__run_6]
2026-10-06T20:55:21.3384090Z ##[group]Run if [ -z "${CARGO_INCREMENTAL+set}" ]; then
2026-10-06T20:55:21.3384300Z [36;1mif [ -z "${CARGO_INCREMENTAL+set}" ]; then[0m
2026-10-06T20:55:21.3384450Z [36;1m  echo CARGO_INCREMENTAL=0 >> $GITHUB_ENV[0m
2026-10-06T20:55:21.3384590Z [36;1mfi[0m
2026-10-06T20:55:21.3391520Z shell: /bin/bash --noprofile --norc -e -o pipefail {0}
2026-10-06T20:55:21.3391660Z env:
2026-10-06T20:55:21.3391770Z   CARGO_NET_GIT_FETCH_WITH_CLI: true
2026-10-06T20:55:21.3392040Z   RUSTFLAGS: -D warnings
2026-10-06T20:55:21.3392190Z   CARGO_TARGET_DIR: /Users/markik/Code/targets/wgpu-scry-hardware
2026-10-06T20:55:21.3392360Z   CAPTURE: 1
2026-10-06T20:55:21.3392450Z   TIMEOUT: 90
2026-10-06T20:55:21.3392550Z   VISIBLE: 1
2026-10-06T20:55:21.3392640Z   CARGO_HOME: /Users/markik/.cargo
2026-10-06T20:55:21.3392770Z ##[endgroup]
2026-10-06T20:55:21.3535680Z ##[end-action id=__dtolnay_rust-toolchain.__run_6;outcome=success;conclusion=success;duration_ms=16]
2026-10-06T20:55:21.3536960Z ##[start-action display=Enable colors in Cargo output;id=__dtolnay_rust-toolchain.__run_7]
2026-10-06T20:55:21.3546360Z ##[group]Run if [ -z "${CARGO_TERM_COLOR+set}" ]; then
2026-10-06T20:55:21.3546540Z [36;1mif [ -z "${CARGO_TERM_COLOR+set}" ]; then[0m
2026-10-06T20:55:21.3546720Z [36;1m  echo CARGO_TERM_COLOR=always >> $GITHUB_ENV[0m
2026-10-06T20:55:21.3546850Z [36;1mfi[0m
2026-10-06T20:55:21.3554170Z shell: /bin/bash --noprofile --norc -e -o pipefail {0}
2026-10-06T20:55:21.3554340Z env:
2026-10-06T20:55:21.3554440Z   CARGO_NET_GIT_FETCH_WITH_CLI: true
2026-10-06T20:55:21.3554580Z   RUSTFLAGS: -D warnings
2026-10-06T20:55:21.3554730Z   CARGO_TARGET_DIR: /Users/markik/Code/targets/wgpu-scry-hardware
2026-10-06T20:55:21.3554900Z   CAPTURE: 1
2026-10-06T20:55:21.3554990Z   TIMEOUT: 90
2026-10-06T20:55:21.3555090Z   VISIBLE: 1
2026-10-06T20:55:21.3555190Z   CARGO_HOME: /Users/markik/.cargo
2026-10-06T20:55:21.3555330Z   CARGO_INCREMENTAL: 0
2026-10-06T20:55:21.3555440Z ##[endgroup]
2026-10-06T20:55:21.3710700Z ##[end-action id=__dtolnay_rust-toolchain.__run_7;outcome=success;conclusion=success;duration_ms=17]
2026-10-06T20:55:21.3711850Z ##[start-action display=Enable Cargo sparse registry;id=__dtolnay_rust-toolchain.__run_8]
2026-10-06T20:55:21.3721120Z ##[group]Run # implemented in 1.66, stabilized in 1.68, made default in 1.70
2026-10-06T20:55:21.3721370Z [36;1m# implemented in 1.66, stabilized in 1.68, made default in 1.70[0m
2026-10-06T20:55:21.3721730Z [36;1mif [ -z "${CARGO_REGISTRIES_CRATES_IO_PROTOCOL+set}" -o -f "/Users/markik/actions-runner-wgpu/_work/_temp"/.implicit_cargo_registries_crates_io_protocol ]; then[0m
2026-10-06T20:55:21.3722240Z [36;1m  if rustc +1.97.1 --version --verbose | grep -q '^release: 1\.6[89]\.'; then[0m
2026-10-06T20:55:21.3722550Z [36;1m    touch "/Users/markik/actions-runner-wgpu/_work/_temp"/.implicit_cargo_registries_crates_io_protocol || true[0m
2026-10-06T20:55:21.3722840Z [36;1m    echo CARGO_REGISTRIES_CRATES_IO_PROTOCOL=sparse >> $GITHUB_ENV[0m
2026-10-06T20:55:21.3723080Z [36;1m  elif rustc +1.97.1 --version --verbose | grep -q '^release: 1\.6[67]\.'; then[0m
2026-10-06T20:55:21.3723380Z [36;1m    touch "/Users/markik/actions-runner-wgpu/_work/_temp"/.implicit_cargo_registries_crates_io_protocol || true[0m
2026-10-06T20:55:21.3723670Z [36;1m    echo CARGO_REGISTRIES_CRATES_IO_PROTOCOL=git >> $GITHUB_ENV[0m
2026-10-06T20:55:21.3723830Z [36;1m  fi[0m
2026-10-06T20:55:21.3723920Z [36;1mfi[0m
2026-10-06T20:55:21.3730790Z shell: /bin/bash --noprofile --norc -e -o pipefail {0}
2026-10-06T20:55:21.3730950Z env:
2026-10-06T20:55:21.3731050Z   CARGO_NET_GIT_FETCH_WITH_CLI: true
2026-10-06T20:55:21.3731190Z   RUSTFLAGS: -D warnings
2026-10-06T20:55:21.3731340Z   CARGO_TARGET_DIR: /Users/markik/Code/targets/wgpu-scry-hardware
2026-10-06T20:55:21.3731500Z   CAPTURE: 1
2026-10-06T20:55:21.3731600Z   TIMEOUT: 90
2026-10-06T20:55:21.3731700Z   VISIBLE: 1
2026-10-06T20:55:21.3731800Z   CARGO_HOME: /Users/markik/.cargo
2026-10-06T20:55:21.3731920Z   CARGO_INCREMENTAL: 0
2026-10-06T20:55:21.3732030Z   CARGO_TERM_COLOR: always
2026-10-06T20:55:21.3732150Z ##[endgroup]
2026-10-06T20:55:21.4124890Z ##[end-action id=__dtolnay_rust-toolchain.__run_8;outcome=success;conclusion=success;duration_ms=41]
2026-10-06T20:55:21.4126340Z ##[start-action display=Work around spurious network errors in curl 8.0;id=__dtolnay_rust-toolchain.__run_9]
2026-10-06T20:55:21.4136580Z ##[group]Run # https://rust-lang.zulipchat.com/#narrow/stream/246057-t-cargo/topic/timeout.20investigation
2026-10-06T20:55:21.4137080Z [36;1m# https://rust-lang.zulipchat.com/#narrow/stream/246057-t-cargo/topic/timeout.20investigation[0m
2026-10-06T20:55:21.4137380Z [36;1mif rustc +1.97.1 --version --verbose | grep -q '^release: 1\.7[01]\.'; then[0m
2026-10-06T20:55:21.4137600Z [36;1m  echo CARGO_HTTP_MULTIPLEXING=false >> $GITHUB_ENV[0m
2026-10-06T20:55:21.4137750Z [36;1mfi[0m
2026-10-06T20:55:21.4152440Z shell: /bin/bash --noprofile --norc -e -o pipefail {0}
2026-10-06T20:55:21.4152600Z env:
2026-10-06T20:55:21.4152690Z   CARGO_NET_GIT_FETCH_WITH_CLI: true
2026-10-06T20:55:21.4152810Z   RUSTFLAGS: -D warnings
2026-10-06T20:55:21.4152960Z   CARGO_TARGET_DIR: /Users/markik/Code/targets/wgpu-scry-hardware
2026-10-06T20:55:21.4153130Z   CAPTURE: 1
2026-10-06T20:55:21.4153220Z   TIMEOUT: 90
2026-10-06T20:55:21.4153330Z   VISIBLE: 1
2026-10-06T20:55:21.4153420Z   CARGO_HOME: /Users/markik/.cargo
2026-10-06T20:55:21.4153550Z   CARGO_INCREMENTAL: 0
2026-10-06T20:55:21.4153670Z   CARGO_TERM_COLOR: always
2026-10-06T20:55:21.4153780Z ##[endgroup]
2026-10-06T20:55:21.4420500Z ##[end-action id=__dtolnay_rust-toolchain.__run_9;outcome=success;conclusion=success;duration_ms=29]
2026-10-06T20:55:21.4422430Z ##[start-action display=rustc +1.97.1 --version --verbose;id=__dtolnay_rust-toolchain.__run_10]
2026-10-06T20:55:21.4431880Z ##[group]Run rustc +1.97.1 --version --verbose
2026-10-06T20:55:21.4432050Z [36;1mrustc +1.97.1 --version --verbose[0m
2026-10-06T20:55:21.4439050Z shell: /bin/bash --noprofile --norc -e -o pipefail {0}
2026-10-06T20:55:21.4439210Z env:
2026-10-06T20:55:21.4439310Z   CARGO_NET_GIT_FETCH_WITH_CLI: true
2026-10-06T20:55:21.4439460Z   RUSTFLAGS: -D warnings
2026-10-06T20:55:21.4439610Z   CARGO_TARGET_DIR: /Users/markik/Code/targets/wgpu-scry-hardware
2026-10-06T20:55:21.4439780Z   CAPTURE: 1
2026-10-06T20:55:21.4439880Z   TIMEOUT: 90
2026-10-06T20:55:21.4439970Z   VISIBLE: 1
2026-10-06T20:55:21.4440070Z   CARGO_HOME: /Users/markik/.cargo
2026-10-06T20:55:21.4440190Z   CARGO_INCREMENTAL: 0
2026-10-06T20:55:21.4440310Z   CARGO_TERM_COLOR: always
2026-10-06T20:55:21.4440430Z ##[endgroup]
2026-10-06T20:55:21.4689260Z rustc 1.97.1 (8bab26f4f 2026-07-14)
2026-10-06T20:55:21.4689760Z binary: rustc
2026-10-06T20:55:21.4689910Z commit-hash: 8bab26f4f68e0e26f0bb7960be334d5b520ea452
2026-10-06T20:55:21.4690090Z commit-date: 2026-07-14
2026-10-06T20:55:21.4690210Z host: aarch64-apple-darwin
2026-10-06T20:55:21.4690350Z release: 1.97.1
2026-10-06T20:55:21.4692600Z LLVM version: 22.1.6
2026-10-06T20:55:21.4703530Z ##[end-action id=__dtolnay_rust-toolchain.__run_10;outcome=success;conclusion=success;duration_ms=28]
2026-10-06T20:55:21.4731950Z ##[group]Run bash scripts/test-mac.sh
2026-10-06T20:55:21.4732120Z [36;1mbash scripts/test-mac.sh[0m
2026-10-06T20:55:21.4739080Z shell: /bin/bash -e {0}
2026-10-06T20:55:21.4739200Z env:
2026-10-06T20:55:21.4739300Z   CARGO_NET_GIT_FETCH_WITH_CLI: true
2026-10-06T20:55:21.4739430Z   RUSTFLAGS: -D warnings
2026-10-06T20:55:21.4739580Z   CARGO_TARGET_DIR: /Users/markik/Code/targets/wgpu-scry-hardware
2026-10-06T20:55:21.4739750Z   CAPTURE: 1
2026-10-06T20:55:21.4739850Z   TIMEOUT: 90
2026-10-06T20:55:21.4739940Z   VISIBLE: 1
2026-10-06T20:55:21.4740040Z   CARGO_HOME: /Users/markik/.cargo
2026-10-06T20:55:21.4740170Z   CARGO_INCREMENTAL: 0
2026-10-06T20:55:21.4740270Z   CARGO_TERM_COLOR: always
2026-10-06T20:55:21.4740390Z ##[endgroup]
2026-10-06T20:55:23.4969350Z ==> ScreenCaptureKit display-awake hold active
2026-10-06T20:55:23.4970000Z ==> building demo-mac
2026-10-06T20:55:28.3913450Z /Users/markik/Code/targets/wgpu-scry-hardware/debug/scry-demo-mac-hardware.app: replacing existing signature
2026-10-06T20:55:28.5545080Z ==> code-signing identity: -
2026-10-06T20:55:28.5579950Z Executable=/Users/markik/Code/targets/wgpu-scry-hardware/debug/scry-demo-mac-hardware.app/Contents/MacOS/demo-mac
2026-10-06T20:55:28.5580290Z designated => identifier "org.merely.scry.hardware-demo"
2026-10-06T20:55:28.5582150Z ==> LaunchServices app: /Users/markik/Code/targets/wgpu-scry-hardware/debug/scry-demo-mac-hardware.app
2026-10-06T20:55:28.5585650Z 
2026-10-06T20:55:28.5585720Z ==> --scripted
2026-10-06T20:55:33.9802440Z demo-mac: nav event: Starting { url: "about:blank" }
2026-10-06T20:55:33.9802680Z demo-mac: nav event: SourceChanged { url: "about:blank" }
2026-10-06T20:55:33.9802860Z demo-mac: js->host: ready
2026-10-06T20:55:33.9803000Z demo-mac: scripted: page ready
2026-10-06T20:55:33.9803180Z demo-mac: nav event: Completed { url: "about:blank", success: true }
2026-10-06T20:55:33.9803380Z demo-mac: js->host: echo:ping-from-host
2026-10-06T20:55:33.9803570Z demo-mac: scripted: JS echoed host message
2026-10-06T20:55:33.9803770Z demo-mac: scripted: 6 ScrollWheel events dispatched without error
2026-10-06T20:55:33.9803970Z demo-mac: cursor change: Default
2026-10-06T20:55:33.9804150Z demo-mac: nav event: TitleChanged { title: "scrying-test" }
2026-10-06T20:55:33.9804370Z demo-mac: scripted: 3 KeyDown/KeyUp pairs dispatched without error
2026-10-06T20:55:33.9804930Z demo-mac: scripted: PASS — slices E + G + I + cursor handler verified at runtime
2026-10-06T20:55:33.9805170Z   - cursor handler fired 1 time(s) over the run
2026-10-06T20:55:33.9819390Z   -> PASS
2026-10-06T20:55:33.9834300Z 
2026-10-06T20:55:33.9834430Z ==> --browser-test
2026-10-06T20:55:35.0311540Z demo-mac: nav event: Starting { url: "scrying-test://history-1" }
2026-10-06T20:55:35.0311850Z demo-mac: nav event: SourceChanged { url: "scrying-test://history-1" }
2026-10-06T20:55:35.0312100Z demo-mac: js->host: loaded:history-1
2026-10-06T20:55:35.0312260Z demo-mac: browser-test: history-1 loaded
2026-10-06T20:55:35.0312550Z demo-mac: nav event: Completed { url: "scrying-test://history-2", success: true }
2026-10-06T20:55:35.0312830Z demo-mac: nav event: Starting { url: "scrying-test://history-2" }
2026-10-06T20:55:35.0313070Z demo-mac: nav event: SourceChanged { url: "scrying-test://history-2" }
2026-10-06T20:55:35.0313310Z demo-mac: js->host: loaded:history-2
2026-10-06T20:55:35.0313470Z demo-mac: browser-test: history-2 loaded
2026-10-06T20:55:35.0313690Z demo-mac: nav event: Completed { url: "scrying-test://history-2", success: true }
2026-10-06T20:55:35.0313980Z demo-mac: nav event: Starting { url: "scrying-test://history-1" }
2026-10-06T20:55:35.0314240Z demo-mac: nav event: SourceChanged { url: "scrying-test://history-1" }
2026-10-06T20:55:35.0314530Z demo-mac: nav event: Completed { url: "scrying-test://history-1", success: true }
2026-10-06T20:55:35.0314790Z demo-mac: browser-test: go_back navigated to history-1
2026-10-06T20:55:35.0315020Z demo-mac: nav event: Starting { url: "scrying-test://history-2" }
2026-10-06T20:55:35.0315750Z demo-mac: nav event: SourceChanged { url: "scrying-test://history-2" }
2026-10-06T20:55:35.0316050Z demo-mac: nav event: Completed { url: "scrying-test://history-2", success: true }
2026-10-06T20:55:35.0316320Z demo-mac: browser-test: go_forward navigated to history-2
2026-10-06T20:55:35.0316500Z demo-mac: browser-test: apply_settings ok
2026-10-06T20:55:35.0316810Z demo-mac: nav event: Starting { url: "scrying-test://find-target" }
2026-10-06T20:55:35.0317070Z demo-mac: nav event: SourceChanged { url: "scrying-test://find-target" }
2026-10-06T20:55:35.0317270Z demo-mac: js->host: loaded:find-target
2026-10-06T20:55:35.0317500Z demo-mac: nav event: Completed { url: "scrying-test://find-target", success: true }
2026-10-06T20:55:35.0317720Z demo-mac: browser-test: find_in_page matched
2026-10-06T20:55:35.0317910Z demo-mac: browser-test: PDF rendered (12150 bytes)
2026-10-06T20:55:35.0318220Z demo-mac: browser-test: PASS — items 1, 3, 4, 9 verified at runtime
2026-10-06T20:55:35.0318480Z   - history controls (go_back/go_forward observed via SourceChanged events)
2026-10-06T20:55:35.0318700Z   - settings (apply_settings returned Ok)
2026-10-06T20:55:35.0318880Z   - URL schemes (scrying-test:// served 3 pages successfully)
2026-10-06T20:55:35.0319120Z   - find_in_page → Some(true), request_pdf → 12150 bytes
2026-10-06T20:55:35.0319360Z demo-mac: browser-test: PASS — items 1, 3, 4, 9 verified at runtime
2026-10-06T20:55:35.0319770Z   - history controls (go_back/go_forward observed via SourceChanged events)
2026-10-06T20:55:35.0319990Z   - settings (apply_settings returned Ok)
2026-10-06T20:55:35.0320170Z   - URL schemes (scrying-test:// served 3 pages successfully)
2026-10-06T20:55:35.0320410Z   - find_in_page → Some(true), request_pdf → 12150 bytes
2026-10-06T20:55:35.0320640Z demo-mac: browser-test: PASS — items 1, 3, 4, 9 verified at runtime
2026-10-06T20:55:35.0320890Z   - history controls (go_back/go_forward observed via SourceChanged events)
2026-10-06T20:55:35.0321110Z   - settings (apply_settings returned Ok)
2026-10-06T20:55:35.0321290Z   - URL schemes (scrying-test:// served 3 pages successfully)
2026-10-06T20:55:35.0321510Z   - find_in_page → Some(true), request_pdf → 12150 bytes
2026-10-06T20:55:35.0321730Z demo-mac: browser-test: PASS — items 1, 3, 4, 9 verified at runtime
2026-10-06T20:55:35.0321980Z   - history controls (go_back/go_forward observed via SourceChanged events)
2026-10-06T20:55:35.0322180Z   - settings (apply_settings returned Ok)
2026-10-06T20:55:35.0322370Z   - URL schemes (scrying-test:// served 3 pages successfully)
2026-10-06T20:55:35.0322580Z   - find_in_page → Some(true), request_pdf → 12150 bytes
2026-10-06T20:55:35.0322810Z demo-mac: browser-test: PASS — items 1, 3, 4, 9 verified at runtime
2026-10-06T20:55:35.0323050Z   - history controls (go_back/go_forward observed via SourceChanged events)
2026-10-06T20:55:35.0323250Z   - settings (apply_settings returned Ok)
2026-10-06T20:55:35.0323440Z   - URL schemes (scrying-test:// served 3 pages successfully)
2026-10-06T20:55:35.0323650Z   - find_in_page → Some(true), request_pdf → 12150 bytes
2026-10-06T20:55:35.0323880Z demo-mac: browser-test: PASS — items 1, 3, 4, 9 verified at runtime
2026-10-06T20:55:35.0324110Z   - history controls (go_back/go_forward observed via SourceChanged events)
2026-10-06T20:55:35.0324320Z   - settings (apply_settings returned Ok)
2026-10-06T20:55:35.0324490Z   - URL schemes (scrying-test:// served 3 pages successfully)
2026-10-06T20:55:35.0324710Z   - find_in_page → Some(true), request_pdf → 12150 bytes
2026-10-06T20:55:35.0324940Z demo-mac: browser-test: PASS — items 1, 3, 4, 9 verified at runtime
2026-10-06T20:55:35.0325170Z   - history controls (go_back/go_forward observed via SourceChanged events)
2026-10-06T20:55:35.0325380Z   - settings (apply_settings returned Ok)
2026-10-06T20:55:35.0325550Z   - URL schemes (scrying-test:// served 3 pages successfully)
2026-10-06T20:55:35.0325770Z   - find_in_page → Some(true), request_pdf → 12150 bytes
2026-10-06T20:55:35.0326090Z demo-mac: browser-test: PASS — items 1, 3, 4, 9 verified at runtime
2026-10-06T20:55:35.0326340Z   - history controls (go_back/go_forward observed via SourceChanged events)
2026-10-06T20:55:35.0326540Z   - settings (apply_settings returned Ok)
2026-10-06T20:55:35.0326730Z   - URL schemes (scrying-test:// served 3 pages successfully)
2026-10-06T20:55:35.0326960Z   - find_in_page → Some(true), request_pdf → 12150 bytes
2026-10-06T20:55:35.0327180Z demo-mac: browser-test: PASS — items 1, 3, 4, 9 verified at runtime
2026-10-06T20:55:35.0327420Z   - history controls (go_back/go_forward observed via SourceChanged events)
2026-10-06T20:55:35.0327630Z   - settings (apply_settings returned Ok)
2026-10-06T20:55:35.0327810Z   - URL schemes (scrying-test:// served 3 pages successfully)
2026-10-06T20:55:35.0328020Z   - find_in_page → Some(true), request_pdf → 12150 bytes
2026-10-06T20:55:35.0328240Z demo-mac: browser-test: PASS — items 1, 3, 4, 9 verified at runtime
2026-10-06T20:55:35.0335010Z   - history controls (go_back/go_forward observed via SourceChanged events)
2026-10-06T20:55:35.0335260Z   - settings (apply_settings returned Ok)
2026-10-06T20:55:35.0335470Z   - URL schemes (scrying-test:// served 3 pages successfully)
2026-10-06T20:55:35.0335740Z   - find_in_page → Some(true), request_pdf → 12150 bytes
2026-10-06T20:55:35.0335990Z demo-mac: browser-test: PASS — items 1, 3, 4, 9 verified at runtime
2026-10-06T20:55:35.0336230Z   - history controls (go_back/go_forward observed via SourceChanged events)
2026-10-06T20:55:35.0336620Z   - settings (apply_settings returned Ok)
2026-10-06T20:55:35.0336790Z   - URL schemes (scrying-test:// served 3 pages successfully)
2026-10-06T20:55:35.0337020Z   - find_in_page → Some(true), request_pdf → 12150 bytes
2026-10-06T20:55:35.0337240Z demo-mac: browser-test: PASS — items 1, 3, 4, 9 verified at runtime
2026-10-06T20:55:35.0337460Z   - history controls (go_back/go_forward observed via SourceChanged events)
2026-10-06T20:55:35.0337650Z   - settings (apply_settings returned Ok)
2026-10-06T20:55:35.0337830Z   - URL schemes (scrying-test:// served 3 pages successfully)
2026-10-06T20:55:35.0338030Z   - find_in_page → Some(true), request_pdf → 12150 bytes
2026-10-06T20:55:35.0338240Z demo-mac: browser-test: PASS — items 1, 3, 4, 9 verified at runtime
2026-10-06T20:55:35.0338480Z   - history controls (go_back/go_forward observed via SourceChanged events)
2026-10-06T20:55:35.0338680Z   - settings (apply_settings returned Ok)
2026-10-06T20:55:35.0338860Z   - URL schemes (scrying-test:// served 3 pages successfully)
2026-10-06T20:55:35.0339070Z   - find_in_page → Some(true), request_pdf → 12150 bytes
2026-10-06T20:55:35.0339320Z demo-mac: browser-test: PASS — items 1, 3, 4, 9 verified at runtime
2026-10-06T20:55:35.0339600Z   - history controls (go_back/go_forward observed via SourceChanged events)
2026-10-06T20:55:35.0339810Z   - settings (apply_settings returned Ok)
2026-10-06T20:55:35.0339970Z   - URL schemes (scrying-test:// served 3 pages successfully)
2026-10-06T20:55:35.0340160Z   - find_in_page → Some(true), request_pdf → 12150 bytes
2026-10-06T20:55:35.0340360Z demo-mac: browser-test: PASS — items 1, 3, 4, 9 verified at runtime
2026-10-06T20:55:35.0340570Z   - history controls (go_back/go_forward observed via SourceChanged events)
2026-10-06T20:55:35.0340750Z   - settings (apply_settings returned Ok)
2026-10-06T20:55:35.0340900Z   - URL schemes (scrying-test:// served 3 pages successfully)
2026-10-06T20:55:35.0341100Z   - find_in_page → Some(true), request_pdf → 12150 bytes
2026-10-06T20:55:35.0341330Z demo-mac: browser-test: PASS — items 1, 3, 4, 9 verified at runtime
2026-10-06T20:55:35.0341540Z   - history controls (go_back/go_forward observed via SourceChanged events)
2026-10-06T20:55:35.0341720Z   - settings (apply_settings returned Ok)
2026-10-06T20:55:35.0341880Z   - URL schemes (scrying-test:// served 3 pages successfully)
2026-10-06T20:55:35.0342060Z   - find_in_page → Some(true), request_pdf → 12150 bytes
2026-10-06T20:55:35.0342260Z demo-mac: browser-test: PASS — items 1, 3, 4, 9 verified at runtime
2026-10-06T20:55:35.0342560Z   - history controls (go_back/go_forward observed via SourceChanged events)
2026-10-06T20:55:35.0342780Z   - settings (apply_settings returned Ok)
2026-10-06T20:55:35.0342950Z   - URL schemes (scrying-test:// served 3 pages successfully)
2026-10-06T20:55:35.0343140Z   - find_in_page → Some(true), request_pdf → 12150 bytes
2026-10-06T20:55:35.0343330Z demo-mac: browser-test: PASS — items 1, 3, 4, 9 verified at runtime
2026-10-06T20:55:35.0343540Z   - history controls (go_back/go_forward observed via SourceChanged events)
2026-10-06T20:55:35.0343720Z   - settings (apply_settings returned Ok)
2026-10-06T20:55:35.0343880Z   - URL schemes (scrying-test:// served 3 pages successfully)
2026-10-06T20:55:35.0344060Z   - find_in_page → Some(true), request_pdf → 12150 bytes
2026-10-06T20:55:35.0344270Z demo-mac: browser-test: PASS — items 1, 3, 4, 9 verified at runtime
2026-10-06T20:55:35.0344470Z   - history controls (go_back/go_forward observed via SourceChanged events)
2026-10-06T20:55:35.0344660Z   - settings (apply_settings returned Ok)
2026-10-06T20:55:35.0344830Z   - URL schemes (scrying-test:// served 3 pages successfully)
2026-10-06T20:55:35.0345020Z   - find_in_page → Some(true), request_pdf → 12150 bytes
2026-10-06T20:55:35.0345220Z demo-mac: browser-test: PASS — items 1, 3, 4, 9 verified at runtime
2026-10-06T20:55:35.0345460Z   - history controls (go_back/go_forward observed via SourceChanged events)
2026-10-06T20:55:35.0345790Z   - settings (apply_settings returned Ok)
2026-10-06T20:55:35.0345950Z   - URL schemes (scrying-test:// served 3 pages successfully)
2026-10-06T20:55:35.0346140Z   - find_in_page → Some(true), request_pdf → 12150 bytes
2026-10-06T20:55:35.0346340Z demo-mac: browser-test: PASS — items 1, 3, 4, 9 verified at runtime
2026-10-06T20:55:35.0346550Z   - history controls (go_back/go_forward observed via SourceChanged events)
2026-10-06T20:55:35.0346740Z   - settings (apply_settings returned Ok)
2026-10-06T20:55:35.0346900Z   - URL schemes (scrying-test:// served 3 pages successfully)
2026-10-06T20:55:35.0347140Z   - find_in_page → Some(true), request_pdf → 12150 bytes
2026-10-06T20:55:35.0347350Z demo-mac: browser-test: PASS — items 1, 3, 4, 9 verified at runtime
2026-10-06T20:55:35.0347560Z   - history controls (go_back/go_forward observed via SourceChanged events)
2026-10-06T20:55:35.0347750Z   - settings (apply_settings returned Ok)
2026-10-06T20:55:35.0347910Z   - URL schemes (scrying-test:// served 3 pages successfully)
2026-10-06T20:55:35.0348100Z   - find_in_page → Some(true), request_pdf → 12150 bytes
2026-10-06T20:55:35.0348300Z demo-mac: browser-test: PASS — items 1, 3, 4, 9 verified at runtime
2026-10-06T20:55:35.0348560Z   - history controls (go_back/go_forward observed via SourceChanged events)
2026-10-06T20:55:35.0348790Z   - settings (apply_settings returned Ok)
2026-10-06T20:55:35.0348980Z   - URL schemes (scrying-test:// served 3 pages successfully)
2026-10-06T20:55:35.0349200Z   - find_in_page → Some(true), request_pdf → 12150 bytes
2026-10-06T20:55:35.0349420Z demo-mac: browser-test: PASS — items 1, 3, 4, 9 verified at runtime
2026-10-06T20:55:35.0349650Z   - history controls (go_back/go_forward observed via SourceChanged events)
2026-10-06T20:55:35.0349880Z   - settings (apply_settings returned Ok)
2026-10-06T20:55:35.0350070Z   - URL schemes (scrying-test:// served 3 pages successfully)
2026-10-06T20:55:35.0350260Z   - find_in_page → Some(true), request_pdf → 12150 bytes
2026-10-06T20:55:35.0350470Z demo-mac: browser-test: PASS — items 1, 3, 4, 9 verified at runtime
2026-10-06T20:55:35.0350680Z   - history controls (go_back/go_forward observed via SourceChanged events)
2026-10-06T20:55:35.0350930Z   - settings (apply_settings returned Ok)
2026-10-06T20:55:35.0351130Z   - URL schemes (scrying-test:// served 3 pages successfully)
2026-10-06T20:55:35.0351360Z   - find_in_page → Some(true), request_pdf → 12150 bytes
2026-10-06T20:55:35.0351560Z demo-mac: browser-test: PASS — items 1, 3, 4, 9 verified at runtime
2026-10-06T20:55:35.0351920Z   - history controls (go_back/go_forward observed via SourceChanged events)
2026-10-06T20:55:35.0352150Z   - settings (apply_settings returned Ok)
2026-10-06T20:55:35.0352320Z   - URL schemes (scrying-test:// served 3 pages successfully)
2026-10-06T20:55:35.0352510Z   - find_in_page → Some(true), request_pdf → 12150 bytes
2026-10-06T20:55:35.0352700Z demo-mac: browser-test: PASS — items 1, 3, 4, 9 verified at runtime
2026-10-06T20:55:35.0352900Z   - history controls (go_back/go_forward observed via SourceChanged events)
2026-10-06T20:55:35.0353080Z   - settings (apply_settings returned Ok)
2026-10-06T20:55:35.0353390Z   - URL schemes (scrying-test:// served 3 pages successfully)
2026-10-06T20:55:35.0353600Z   - find_in_page → Some(true), request_pdf → 12150 bytes
2026-10-06T20:55:35.0353840Z demo-mac: browser-test: PASS — items 1, 3, 4, 9 verified at runtime
2026-10-06T20:55:35.0354050Z   - history controls (go_back/go_forward observed via SourceChanged events)
2026-10-06T20:55:35.0354230Z   - settings (apply_settings returned Ok)
2026-10-06T20:55:35.0354460Z   - URL schemes (scrying-test:// served 3 pages successfully)
2026-10-06T20:55:35.0354710Z   - find_in_page → Some(true), request_pdf → 12150 bytes
2026-10-06T20:55:35.0354920Z demo-mac: browser-test: PASS — items 1, 3, 4, 9 verified at runtime
2026-10-06T20:55:35.0355120Z   - history controls (go_back/go_forward observed via SourceChanged events)
2026-10-06T20:55:35.0355390Z   - settings (apply_settings returned Ok)
2026-10-06T20:55:35.0355540Z   - URL schemes (scrying-test:// served 3 pages successfully)
2026-10-06T20:55:35.0355740Z   - find_in_page → Some(true), request_pdf → 12150 bytes
2026-10-06T20:55:35.0355950Z demo-mac: browser-test: PASS — items 1, 3, 4, 9 verified at runtime
2026-10-06T20:55:35.0356150Z   - history controls (go_back/go_forward observed via SourceChanged events)
2026-10-06T20:55:35.0356330Z   - settings (apply_settings returned Ok)
2026-10-06T20:55:35.0356490Z   - URL schemes (scrying-test:// served 3 pages successfully)
2026-10-06T20:55:35.0356740Z   - find_in_page → Some(true), request_pdf → 12150 bytes
2026-10-06T20:55:35.0357000Z demo-mac: browser-test: PASS — items 1, 3, 4, 9 verified at runtime
2026-10-06T20:55:35.0357240Z   - history controls (go_back/go_forward observed via SourceChanged events)
2026-10-06T20:55:35.0357410Z   - settings (apply_settings returned Ok)
2026-10-06T20:55:35.0357630Z   - URL schemes (scrying-test:// served 3 pages successfully)
2026-10-06T20:55:35.0357870Z   - find_in_page → Some(true), request_pdf → 12150 bytes
2026-10-06T20:55:35.0358100Z demo-mac: browser-test: PASS — items 1, 3, 4, 9 verified at runtime
2026-10-06T20:55:35.0358350Z   - history controls (go_back/go_forward observed via SourceChanged events)
2026-10-06T20:55:35.0358520Z   - settings (apply_settings returned Ok)
2026-10-06T20:55:35.0358670Z   - URL schemes (scrying-test:// served 3 pages successfully)
2026-10-06T20:55:35.0358870Z   - find_in_page → Some(true), request_pdf → 12150 bytes
2026-10-06T20:55:35.0359080Z demo-mac: browser-test: PASS — items 1, 3, 4, 9 verified at runtime
2026-10-06T20:55:35.0359330Z   - history controls (go_back/go_forward observed via SourceChanged events)
2026-10-06T20:55:35.0359560Z   - settings (apply_settings returned Ok)
2026-10-06T20:55:35.0359730Z   - URL schemes (scrying-test:// served 3 pages successfully)
2026-10-06T20:55:35.0359980Z   - find_in_page → Some(true), request_pdf → 12150 bytes
2026-10-06T20:55:35.0360210Z demo-mac: browser-test: PASS — items 1, 3, 4, 9 verified at runtime
2026-10-06T20:55:35.0360420Z   - history controls (go_back/go_forward observed via SourceChanged events)
2026-10-06T20:55:35.0360610Z   - settings (apply_settings returned Ok)
2026-10-06T20:55:35.0360760Z   - URL schemes (scrying-test:// served 3 pages successfully)
2026-10-06T20:55:35.0360950Z   - find_in_page → Some(true), request_pdf → 12150 bytes
2026-10-06T20:55:35.0361150Z demo-mac: browser-test: PASS — items 1, 3, 4, 9 verified at runtime
2026-10-06T20:55:35.0361360Z   - history controls (go_back/go_forward observed via SourceChanged events)
2026-10-06T20:55:35.0361640Z   - settings (apply_settings returned Ok)
2026-10-06T20:55:35.0361790Z   - URL schemes (scrying-test:// served 3 pages successfully)
2026-10-06T20:55:35.0361970Z   - find_in_page → Some(true), request_pdf → 12150 bytes
2026-10-06T20:55:35.0362170Z demo-mac: browser-test: PASS — items 1, 3, 4, 9 verified at runtime
2026-10-06T20:55:35.0362370Z   - history controls (go_back/go_forward observed via SourceChanged events)
2026-10-06T20:55:35.0362590Z   - settings (apply_settings returned Ok)
2026-10-06T20:55:35.0362830Z   - URL schemes (scrying-test:// served 3 pages successfully)
2026-10-06T20:55:35.0363070Z   - find_in_page → Some(true), request_pdf → 12150 bytes
2026-10-06T20:55:35.0363280Z demo-mac: browser-test: PASS — items 1, 3, 4, 9 verified at runtime
2026-10-06T20:55:35.0363490Z   - history controls (go_back/go_forward observed via SourceChanged events)
2026-10-06T20:55:35.0363660Z   - settings (apply_settings returned Ok)
2026-10-06T20:55:35.0363810Z   - URL schemes (scrying-test:// served 3 pages successfully)
2026-10-06T20:55:35.0364010Z   - find_in_page → Some(true), request_pdf → 12150 bytes
2026-10-06T20:55:35.0364240Z demo-mac: browser-test: PASS — items 1, 3, 4, 9 verified at runtime
2026-10-06T20:55:35.0364460Z   - history controls (go_back/go_forward observed via SourceChanged events)
2026-10-06T20:55:35.0364670Z   - settings (apply_settings returned Ok)
2026-10-06T20:55:35.0364920Z   - URL schemes (scrying-test:// served 3 pages successfully)
2026-10-06T20:55:35.0365140Z   - find_in_page → Some(true), request_pdf → 12150 bytes
2026-10-06T20:55:35.0365350Z demo-mac: browser-test: PASS — items 1, 3, 4, 9 verified at runtime
2026-10-06T20:55:35.0365560Z   - history controls (go_back/go_forward observed via SourceChanged events)
2026-10-06T20:55:35.0365740Z   - settings (apply_settings returned Ok)
2026-10-06T20:55:35.0365900Z   - URL schemes (scrying-test:// served 3 pages successfully)
2026-10-06T20:55:35.0366100Z   - find_in_page → Some(true), request_pdf → 12150 bytes
2026-10-06T20:55:35.0366300Z demo-mac: browser-test: PASS — items 1, 3, 4, 9 verified at runtime
2026-10-06T20:55:35.0366510Z   - history controls (go_back/go_forward observed via SourceChanged events)
2026-10-06T20:55:35.0366690Z   - settings (apply_settings returned Ok)
2026-10-06T20:55:35.0366850Z   - URL schemes (scrying-test:// served 3 pages successfully)
2026-10-06T20:55:35.0367050Z   - find_in_page → Some(true), request_pdf → 12150 bytes
2026-10-06T20:55:35.0367250Z demo-mac: browser-test: PASS — items 1, 3, 4, 9 verified at runtime
2026-10-06T20:55:35.0367460Z   - history controls (go_back/go_forward observed via SourceChanged events)
2026-10-06T20:55:35.0367640Z   - settings (apply_settings returned Ok)
2026-10-06T20:55:35.0367800Z   - URL schemes (scrying-test:// served 3 pages successfully)
2026-10-06T20:55:35.0367990Z   - find_in_page → Some(true), request_pdf → 12150 bytes
2026-10-06T20:55:35.0368200Z demo-mac: browser-test: PASS — items 1, 3, 4, 9 verified at runtime
2026-10-06T20:55:35.0368420Z   - history controls (go_back/go_forward observed via SourceChanged events)
2026-10-06T20:55:35.0368610Z   - settings (apply_settings returned Ok)
2026-10-06T20:55:35.0368770Z   - URL schemes (scrying-test:// served 3 pages successfully)
2026-10-06T20:55:35.0368980Z   - find_in_page → Some(true), request_pdf → 12150 bytes
2026-10-06T20:55:35.0369200Z demo-mac: browser-test: PASS — items 1, 3, 4, 9 verified at runtime
2026-10-06T20:55:35.0369440Z   - history controls (go_back/go_forward observed via SourceChanged events)
2026-10-06T20:55:35.0369640Z   - settings (apply_settings returned Ok)
2026-10-06T20:55:35.0369830Z   - URL schemes (scrying-test:// served 3 pages successfully)
2026-10-06T20:55:35.0370030Z   - find_in_page → Some(true), request_pdf → 12150 bytes
2026-10-06T20:55:35.0370250Z demo-mac: browser-test: PASS — items 1, 3, 4, 9 verified at runtime
2026-10-06T20:55:35.0370450Z   - history controls (go_back/go_forward observed via SourceChanged events)
2026-10-06T20:55:35.0370690Z   - settings (apply_settings returned Ok)
2026-10-06T20:55:35.0370850Z   - URL schemes (scrying-test:// served 3 pages successfully)
2026-10-06T20:55:35.0371030Z   - find_in_page → Some(true), request_pdf → 12150 bytes
2026-10-06T20:55:35.0371220Z demo-mac: browser-test: PASS — items 1, 3, 4, 9 verified at runtime
2026-10-06T20:55:35.0371410Z   - history controls (go_back/go_forward observed via SourceChanged events)
2026-10-06T20:55:35.0371600Z   - settings (apply_settings returned Ok)
2026-10-06T20:55:35.0371750Z   - URL schemes (scrying-test:// served 3 pages successfully)
2026-10-06T20:55:35.0371930Z   - find_in_page → Some(true), request_pdf → 12150 bytes
2026-10-06T20:55:35.0372120Z demo-mac: browser-test: PASS — items 1, 3, 4, 9 verified at runtime
2026-10-06T20:55:35.0372320Z   - history controls (go_back/go_forward observed via SourceChanged events)
2026-10-06T20:55:35.0372490Z   - settings (apply_settings returned Ok)
2026-10-06T20:55:35.0372640Z   - URL schemes (scrying-test:// served 3 pages successfully)
2026-10-06T20:55:35.0372830Z   - find_in_page → Some(true), request_pdf → 12150 bytes
2026-10-06T20:55:35.0373050Z demo-mac: browser-test: PASS — items 1, 3, 4, 9 verified at runtime
2026-10-06T20:55:35.0373260Z   - history controls (go_back/go_forward observed via SourceChanged events)
2026-10-06T20:55:35.0373450Z   - settings (apply_settings returned Ok)
2026-10-06T20:55:35.0373610Z   - URL schemes (scrying-test:// served 3 pages successfully)
2026-10-06T20:55:35.0373890Z   - find_in_page → Some(true), request_pdf → 12150 bytes
2026-10-06T20:55:35.0374090Z demo-mac: browser-test: PASS — items 1, 3, 4, 9 verified at runtime
2026-10-06T20:55:35.0374320Z   - history controls (go_back/go_forward observed via SourceChanged events)
2026-10-06T20:55:35.0374500Z   - settings (apply_settings returned Ok)
2026-10-06T20:55:35.0374670Z   - URL schemes (scrying-test:// served 3 pages successfully)
2026-10-06T20:55:35.0374860Z   - find_in_page → Some(true), request_pdf → 12150 bytes
2026-10-06T20:55:35.0375080Z demo-mac: browser-test: PASS — items 1, 3, 4, 9 verified at runtime
2026-10-06T20:55:35.0375290Z   - history controls (go_back/go_forward observed via SourceChanged events)
2026-10-06T20:55:35.0375470Z   - settings (apply_settings returned Ok)
2026-10-06T20:55:35.0375610Z   - URL schemes (scrying-test:// served 3 pages successfully)
2026-10-06T20:55:35.0375790Z   - find_in_page → Some(true), request_pdf → 12150 bytes
2026-10-06T20:55:35.0375980Z demo-mac: browser-test: PASS — items 1, 3, 4, 9 verified at runtime
2026-10-06T20:55:35.0376180Z   - history controls (go_back/go_forward observed via SourceChanged events)
2026-10-06T20:55:35.0376350Z   - settings (apply_settings returned Ok)
2026-10-06T20:55:35.0376500Z   - URL schemes (scrying-test:// served 3 pages successfully)
2026-10-06T20:55:35.0376670Z   - find_in_page → Some(true), request_pdf → 12150 bytes
2026-10-06T20:55:35.0376860Z demo-mac: browser-test: PASS — items 1, 3, 4, 9 verified at runtime
2026-10-06T20:55:35.0377060Z   - history controls (go_back/go_forward observed via SourceChanged events)
2026-10-06T20:55:35.0377230Z   - settings (apply_settings returned Ok)
2026-10-06T20:55:35.0377380Z   - URL schemes (scrying-test:// served 3 pages successfully)
2026-10-06T20:55:35.0377570Z   - find_in_page → Some(true), request_pdf → 12150 bytes
2026-10-06T20:55:35.0377780Z demo-mac: browser-test: PASS — items 1, 3, 4, 9 verified at runtime
2026-10-06T20:55:35.0378010Z   - history controls (go_back/go_forward observed via SourceChanged events)
2026-10-06T20:55:35.0378190Z   - settings (apply_settings returned Ok)
2026-10-06T20:55:35.0378350Z   - URL schemes (scrying-test:// served 3 pages successfully)
2026-10-06T20:55:35.0378550Z   - find_in_page → Some(true), request_pdf → 12150 bytes
2026-10-06T20:55:35.0378760Z demo-mac: browser-test: PASS — items 1, 3, 4, 9 verified at runtime
2026-10-06T20:55:35.0378970Z   - history controls (go_back/go_forward observed via SourceChanged events)
2026-10-06T20:55:35.0379160Z   - settings (apply_settings returned Ok)
2026-10-06T20:55:35.0379420Z   - URL schemes (scrying-test:// served 3 pages successfully)
2026-10-06T20:55:35.0379630Z   - find_in_page → Some(true), request_pdf → 12150 bytes
2026-10-06T20:55:35.0379840Z demo-mac: browser-test: PASS — items 1, 3, 4, 9 verified at runtime
2026-10-06T20:55:35.0380060Z   - history controls (go_back/go_forward observed via SourceChanged events)
2026-10-06T20:55:35.0380240Z   - settings (apply_settings returned Ok)
2026-10-06T20:55:35.0380400Z   - URL schemes (scrying-test:// served 3 pages successfully)
2026-10-06T20:55:35.0380580Z   - find_in_page → Some(true), request_pdf → 12150 bytes
2026-10-06T20:55:35.0380770Z demo-mac: browser-test: PASS — items 1, 3, 4, 9 verified at runtime
2026-10-06T20:55:35.0380970Z   - history controls (go_back/go_forward observed via SourceChanged events)
2026-10-06T20:55:35.0381130Z   - settings (apply_settings returned Ok)
2026-10-06T20:55:35.0381280Z   - URL schemes (scrying-test:// served 3 pages successfully)
2026-10-06T20:55:35.0381460Z   - find_in_page → Some(true), request_pdf → 12150 bytes
2026-10-06T20:55:35.0381650Z demo-mac: browser-test: PASS — items 1, 3, 4, 9 verified at runtime
2026-10-06T20:55:35.0381850Z   - history controls (go_back/go_forward observed via SourceChanged events)
2026-10-06T20:55:35.0382020Z   - settings (apply_settings returned Ok)
2026-10-06T20:55:35.0382170Z   - URL schemes (scrying-test:// served 3 pages successfully)
2026-10-06T20:55:35.0382460Z   - find_in_page → Some(true), request_pdf → 12150 bytes
2026-10-06T20:55:35.0382660Z demo-mac: browser-test: PASS — items 1, 3, 4, 9 verified at runtime
2026-10-06T20:55:35.0382860Z   - history controls (go_back/go_forward observed via SourceChanged events)
2026-10-06T20:55:35.0383040Z   - settings (apply_settings returned Ok)
2026-10-06T20:55:35.0383210Z   - URL schemes (scrying-test:// served 3 pages successfully)
2026-10-06T20:55:35.0383400Z   - find_in_page → Some(true), request_pdf → 12150 bytes
2026-10-06T20:55:35.0383610Z demo-mac: browser-test: PASS — items 1, 3, 4, 9 verified at runtime
2026-10-06T20:55:35.0383830Z   - history controls (go_back/go_forward observed via SourceChanged events)
2026-10-06T20:55:35.0384020Z   - settings (apply_settings returned Ok)
2026-10-06T20:55:35.0384180Z   - URL schemes (scrying-test:// served 3 pages successfully)
2026-10-06T20:55:35.0384390Z   - find_in_page → Some(true), request_pdf → 12150 bytes
2026-10-06T20:55:35.0384600Z demo-mac: browser-test: PASS — items 1, 3, 4, 9 verified at runtime
2026-10-06T20:55:35.0384820Z   - history controls (go_back/go_forward observed via SourceChanged events)
2026-10-06T20:55:35.0385000Z   - settings (apply_settings returned Ok)
2026-10-06T20:55:35.0385160Z   - URL schemes (scrying-test:// served 3 pages successfully)
2026-10-06T20:55:35.0385360Z   - find_in_page → Some(true), request_pdf → 12150 bytes
2026-10-06T20:55:35.0385550Z demo-mac: browser-test: PASS — items 1, 3, 4, 9 verified at runtime
2026-10-06T20:55:35.0385750Z   - history controls (go_back/go_forward observed via SourceChanged events)
2026-10-06T20:55:35.0385920Z   - settings (apply_settings returned Ok)
2026-10-06T20:55:35.0386060Z   - URL schemes (scrying-test:// served 3 pages successfully)
2026-10-06T20:55:35.0386240Z   - find_in_page → Some(true), request_pdf → 12150 bytes
2026-10-06T20:55:35.0386430Z demo-mac: browser-test: PASS — items 1, 3, 4, 9 verified at runtime
2026-10-06T20:55:35.0386630Z   - history controls (go_back/go_forward observed via SourceChanged events)
2026-10-06T20:55:35.0386800Z   - settings (apply_settings returned Ok)
2026-10-06T20:55:35.0386960Z   - URL schemes (scrying-test:// served 3 pages successfully)
2026-10-06T20:55:35.0387160Z   - find_in_page → Some(true), request_pdf → 12150 bytes
2026-10-06T20:55:35.0387370Z demo-mac: browser-test: PASS — items 1, 3, 4, 9 verified at runtime
2026-10-06T20:55:35.0387590Z   - history controls (go_back/go_forward observed via SourceChanged events)
2026-10-06T20:55:35.0387770Z   - settings (apply_settings returned Ok)
2026-10-06T20:55:35.0388100Z   - URL schemes (scrying-test:// served 3 pages successfully)
2026-10-06T20:55:35.0388330Z   - find_in_page → Some(true), request_pdf → 12150 bytes
2026-10-06T20:55:35.0388540Z demo-mac: browser-test: PASS — items 1, 3, 4, 9 verified at runtime
2026-10-06T20:55:35.0388760Z   - history controls (go_back/go_forward observed via SourceChanged events)
2026-10-06T20:55:35.0388950Z   - settings (apply_settings returned Ok)
2026-10-06T20:55:35.0389130Z   - URL schemes (scrying-test:// served 3 pages successfully)
2026-10-06T20:55:35.0389330Z   - find_in_page → Some(true), request_pdf → 12150 bytes
2026-10-06T20:55:35.0389540Z demo-mac: browser-test: PASS — items 1, 3, 4, 9 verified at runtime
2026-10-06T20:55:35.0389760Z   - history controls (go_back/go_forward observed via SourceChanged events)
2026-10-06T20:55:35.0389950Z   - settings (apply_settings returned Ok)
2026-10-06T20:55:35.0390110Z   - URL schemes (scrying-test:// served 3 pages successfully)
2026-10-06T20:55:35.0390310Z   - find_in_page → Some(true), request_pdf → 12150 bytes
2026-10-06T20:55:35.0390520Z demo-mac: browser-test: PASS — items 1, 3, 4, 9 verified at runtime
2026-10-06T20:55:35.0390740Z   - history controls (go_back/go_forward observed via SourceChanged events)
2026-10-06T20:55:35.0390920Z   - settings (apply_settings returned Ok)
2026-10-06T20:55:35.0391070Z   - URL schemes (scrying-test:// served 3 pages successfully)
2026-10-06T20:55:35.0391250Z   - find_in_page → Some(true), request_pdf → 12150 bytes
2026-10-06T20:55:35.0391480Z demo-mac: browser-test: PASS — items 1, 3, 4, 9 verified at runtime
2026-10-06T20:55:35.0391670Z   - history controls (go_back/go_forward observed via SourceChanged events)
2026-10-06T20:55:35.0391840Z   - settings (apply_settings returned Ok)
2026-10-06T20:55:35.0391980Z   - URL schemes (scrying-test:// served 3 pages successfully)
2026-10-06T20:55:35.0392170Z   - find_in_page → Some(true), request_pdf → 12150 bytes
2026-10-06T20:55:35.0392390Z demo-mac: browser-test: PASS — items 1, 3, 4, 9 verified at runtime
2026-10-06T20:55:35.0392610Z   - history controls (go_back/go_forward observed via SourceChanged events)
2026-10-06T20:55:35.0392790Z   - settings (apply_settings returned Ok)
2026-10-06T20:55:35.0392960Z   - URL schemes (scrying-test:// served 3 pages successfully)
2026-10-06T20:55:35.0393160Z   - find_in_page → Some(true), request_pdf → 12150 bytes
2026-10-06T20:55:35.0393360Z demo-mac: browser-test: PASS — items 1, 3, 4, 9 verified at runtime
2026-10-06T20:55:35.0393590Z   - history controls (go_back/go_forward observed via SourceChanged events)
2026-10-06T20:55:35.0393770Z   - settings (apply_settings returned Ok)
2026-10-06T20:55:35.0393940Z   - URL schemes (scrying-test:// served 3 pages successfully)
2026-10-06T20:55:35.0394130Z   - find_in_page → Some(true), request_pdf → 12150 bytes
2026-10-06T20:55:35.0394340Z demo-mac: browser-test: PASS — items 1, 3, 4, 9 verified at runtime
2026-10-06T20:55:35.0394560Z   - history controls (go_back/go_forward observed via SourceChanged events)
2026-10-06T20:55:35.0394750Z   - settings (apply_settings returned Ok)
2026-10-06T20:55:35.0394910Z   - URL schemes (scrying-test:// served 3 pages successfully)
2026-10-06T20:55:35.0395110Z   - find_in_page → Some(true), request_pdf → 12150 bytes
2026-10-06T20:55:35.0395320Z demo-mac: browser-test: PASS — items 1, 3, 4, 9 verified at runtime
2026-10-06T20:55:35.0395520Z   - history controls (go_back/go_forward observed via SourceChanged events)
2026-10-06T20:55:35.0395690Z   - settings (apply_settings returned Ok)
2026-10-06T20:55:35.0395840Z   - URL schemes (scrying-test:// served 3 pages successfully)
2026-10-06T20:55:35.0396010Z   - find_in_page → Some(true), request_pdf → 12150 bytes
2026-10-06T20:55:35.0396200Z demo-mac: browser-test: PASS — items 1, 3, 4, 9 verified at runtime
2026-10-06T20:55:35.0396400Z   - history controls (go_back/go_forward observed via SourceChanged events)
2026-10-06T20:55:35.0396570Z   - settings (apply_settings returned Ok)
2026-10-06T20:55:35.0396710Z   - URL schemes (scrying-test:// served 3 pages successfully)
2026-10-06T20:55:35.0396990Z   - find_in_page → Some(true), request_pdf → 12150 bytes
2026-10-06T20:55:35.0397210Z demo-mac: browser-test: PASS — items 1, 3, 4, 9 verified at runtime
2026-10-06T20:55:35.0397480Z   - history controls (go_back/go_forward observed via SourceChanged events)
2026-10-06T20:55:35.0397750Z   - settings (apply_settings returned Ok)
2026-10-06T20:55:35.0397960Z   - URL schemes (scrying-test:// served 3 pages successfully)
2026-10-06T20:55:35.0398150Z   - find_in_page → Some(true), request_pdf → 12150 bytes
2026-10-06T20:55:35.0398380Z demo-mac: browser-test: PASS — items 1, 3, 4, 9 verified at runtime
2026-10-06T20:55:35.0398620Z   - history controls (go_back/go_forward observed via SourceChanged events)
2026-10-06T20:55:35.0398850Z   - settings (apply_settings returned Ok)
2026-10-06T20:55:35.0399040Z   - URL schemes (scrying-test:// served 3 pages successfully)
2026-10-06T20:55:35.0399250Z   - find_in_page → Some(true), request_pdf → 12150 bytes
2026-10-06T20:55:35.0399480Z demo-mac: browser-test: PASS — items 1, 3, 4, 9 verified at runtime
2026-10-06T20:55:35.0399700Z   - history controls (go_back/go_forward observed via SourceChanged events)
2026-10-06T20:55:35.0399930Z   - settings (apply_settings returned Ok)
2026-10-06T20:55:35.0400150Z   - URL schemes (scrying-test:// served 3 pages successfully)
2026-10-06T20:55:35.0400370Z   - find_in_page → Some(true), request_pdf → 12150 bytes
2026-10-06T20:55:35.0400670Z demo-mac: browser-test: PASS — items 1, 3, 4, 9 verified at runtime
2026-10-06T20:55:35.0400960Z   - history controls (go_back/go_forward observed via SourceChanged events)
2026-10-06T20:55:35.0405730Z   - settings (apply_settings returned Ok)
2026-10-06T20:55:35.0405960Z   - URL schemes (scrying-test:// served 3 pages successfully)
2026-10-06T20:55:35.0406220Z   - find_in_page → Some(true), request_pdf → 12150 bytes
2026-10-06T20:55:35.0406400Z demo-mac: browser-test: PASS — items 1, 3, 4, 9 verified at runtime
2026-10-06T20:55:35.0406610Z   - history controls (go_back/go_forward observed via SourceChanged events)
2026-10-06T20:55:35.0406780Z   - settings (apply_settings returned Ok)
2026-10-06T20:55:35.0406930Z   - URL schemes (scrying-test:// served 3 pages successfully)
2026-10-06T20:55:35.0407100Z   - find_in_page → Some(true), request_pdf → 12150 bytes
2026-10-06T20:55:35.0407290Z demo-mac: browser-test: PASS — items 1, 3, 4, 9 verified at runtime
2026-10-06T20:55:35.0407490Z   - history controls (go_back/go_forward observed via SourceChanged events)
2026-10-06T20:55:35.0407660Z   - settings (apply_settings returned Ok)
2026-10-06T20:55:35.0407810Z   - URL schemes (scrying-test:// served 3 pages successfully)
2026-10-06T20:55:35.0408030Z   - find_in_page → Some(true), request_pdf → 12150 bytes
2026-10-06T20:55:35.0408260Z demo-mac: browser-test: PASS — items 1, 3, 4, 9 verified at runtime
2026-10-06T20:55:35.0408480Z   - history controls (go_back/go_forward observed via SourceChanged events)
2026-10-06T20:55:35.0408670Z   - settings (apply_settings returned Ok)
2026-10-06T20:55:35.0408820Z   - URL schemes (scrying-test:// served 3 pages successfully)
2026-10-06T20:55:35.0408990Z   - find_in_page → Some(true), request_pdf → 12150 bytes
2026-10-06T20:55:35.0409180Z demo-mac: browser-test: PASS — items 1, 3, 4, 9 verified at runtime
2026-10-06T20:55:35.0409380Z   - history controls (go_back/go_forward observed via SourceChanged events)
2026-10-06T20:55:35.0409550Z   - settings (apply_settings returned Ok)
2026-10-06T20:55:35.0409700Z   - URL schemes (scrying-test:// served 3 pages successfully)
2026-10-06T20:55:35.0409870Z   - find_in_page → Some(true), request_pdf → 12150 bytes
2026-10-06T20:55:35.0410060Z demo-mac: browser-test: PASS — items 1, 3, 4, 9 verified at runtime
2026-10-06T20:55:35.0410260Z   - history controls (go_back/go_forward observed via SourceChanged events)
2026-10-06T20:55:35.0410420Z   - settings (apply_settings returned Ok)
2026-10-06T20:55:35.0410560Z   - URL schemes (scrying-test:// served 3 pages successfully)
2026-10-06T20:55:35.0410850Z   - find_in_page → Some(true), request_pdf → 12150 bytes
2026-10-06T20:55:35.0411040Z demo-mac: browser-test: PASS — items 1, 3, 4, 9 verified at runtime
2026-10-06T20:55:35.0411240Z   - history controls (go_back/go_forward observed via SourceChanged events)
2026-10-06T20:55:35.0411410Z   - settings (apply_settings returned Ok)
2026-10-06T20:55:35.0411570Z   - URL schemes (scrying-test:// served 3 pages successfully)
2026-10-06T20:55:35.0411770Z   - find_in_page → Some(true), request_pdf → 12150 bytes
2026-10-06T20:55:35.0411980Z demo-mac: browser-test: PASS — items 1, 3, 4, 9 verified at runtime
2026-10-06T20:55:35.0412190Z   - history controls (go_back/go_forward observed via SourceChanged events)
2026-10-06T20:55:35.0412380Z   - settings (apply_settings returned Ok)
2026-10-06T20:55:35.0412560Z   - URL schemes (scrying-test:// served 3 pages successfully)
2026-10-06T20:55:35.0412780Z   - find_in_page → Some(true), request_pdf → 12150 bytes
2026-10-06T20:55:35.0412990Z demo-mac: browser-test: PASS — items 1, 3, 4, 9 verified at runtime
2026-10-06T20:55:35.0413210Z   - history controls (go_back/go_forward observed via SourceChanged events)
2026-10-06T20:55:35.0413390Z   - settings (apply_settings returned Ok)
2026-10-06T20:55:35.0413550Z   - URL schemes (scrying-test:// served 3 pages successfully)
2026-10-06T20:55:35.0413750Z   - find_in_page → Some(true), request_pdf → 12150 bytes
2026-10-06T20:55:35.0413960Z demo-mac: browser-test: PASS — items 1, 3, 4, 9 verified at runtime
2026-10-06T20:55:35.0414260Z   - history controls (go_back/go_forward observed via SourceChanged events)
2026-10-06T20:55:35.0414450Z   - settings (apply_settings returned Ok)
2026-10-06T20:55:35.0414610Z   - URL schemes (scrying-test:// served 3 pages successfully)
2026-10-06T20:55:35.0414800Z   - find_in_page → Some(true), request_pdf → 12150 bytes
2026-10-06T20:55:35.0415010Z demo-mac: browser-test: PASS — items 1, 3, 4, 9 verified at runtime
2026-10-06T20:55:35.0415230Z   - history controls (go_back/go_forward observed via SourceChanged events)
2026-10-06T20:55:35.0415410Z   - settings (apply_settings returned Ok)
2026-10-06T20:55:35.0415560Z   - URL schemes (scrying-test:// served 3 pages successfully)
2026-10-06T20:55:35.0415730Z   - find_in_page → Some(true), request_pdf → 12150 bytes
2026-10-06T20:55:35.0415920Z demo-mac: browser-test: PASS — items 1, 3, 4, 9 verified at runtime
2026-10-06T20:55:35.0416120Z   - history controls (go_back/go_forward observed via SourceChanged events)
2026-10-06T20:55:35.0416290Z   - settings (apply_settings returned Ok)
2026-10-06T20:55:35.0416430Z   - URL schemes (scrying-test:// served 3 pages successfully)
2026-10-06T20:55:35.0416610Z   - find_in_page → Some(true), request_pdf → 12150 bytes
2026-10-06T20:55:35.0416790Z demo-mac: browser-test: PASS — items 1, 3, 4, 9 verified at runtime
2026-10-06T20:55:35.0416990Z   - history controls (go_back/go_forward observed via SourceChanged events)
2026-10-06T20:55:35.0417150Z   - settings (apply_settings returned Ok)
2026-10-06T20:55:35.0417300Z   - URL schemes (scrying-test:// served 3 pages successfully)
2026-10-06T20:55:35.0417480Z   - find_in_page → Some(true), request_pdf → 12150 bytes
2026-10-06T20:55:35.0417690Z demo-mac: browser-test: PASS — items 1, 3, 4, 9 verified at runtime
2026-10-06T20:55:35.0417910Z   - history controls (go_back/go_forward observed via SourceChanged events)
2026-10-06T20:55:35.0418090Z   - settings (apply_settings returned Ok)
2026-10-06T20:55:35.0418260Z   - URL schemes (scrying-test:// served 3 pages successfully)
2026-10-06T20:55:35.0418450Z   - find_in_page → Some(true), request_pdf → 12150 bytes
2026-10-06T20:55:35.0418660Z demo-mac: browser-test: PASS — items 1, 3, 4, 9 verified at runtime
2026-10-06T20:55:35.0418880Z   - history controls (go_back/go_forward observed via SourceChanged events)
2026-10-06T20:55:35.0419070Z   - settings (apply_settings returned Ok)
2026-10-06T20:55:35.0419230Z   - URL schemes (scrying-test:// served 3 pages successfully)
2026-10-06T20:55:35.0419420Z   - find_in_page → Some(true), request_pdf → 12150 bytes
2026-10-06T20:55:35.0419700Z demo-mac: browser-test: PASS — items 1, 3, 4, 9 verified at runtime
2026-10-06T20:55:35.0419920Z   - history controls (go_back/go_forward observed via SourceChanged events)
2026-10-06T20:55:35.0420110Z   - settings (apply_settings returned Ok)
2026-10-06T20:55:35.0420270Z   - URL schemes (scrying-test:// served 3 pages successfully)
2026-10-06T20:55:35.0420460Z   - find_in_page → Some(true), request_pdf → 12150 bytes
2026-10-06T20:55:35.0420650Z demo-mac: browser-test: PASS — items 1, 3, 4, 9 verified at runtime
2026-10-06T20:55:35.0420850Z   - history controls (go_back/go_forward observed via SourceChanged events)
2026-10-06T20:55:35.0421010Z   - settings (apply_settings returned Ok)
2026-10-06T20:55:35.0421160Z   - URL schemes (scrying-test:// served 3 pages successfully)
2026-10-06T20:55:35.0421330Z   - find_in_page → Some(true), request_pdf → 12150 bytes
2026-10-06T20:55:35.0421520Z demo-mac: browser-test: PASS — items 1, 3, 4, 9 verified at runtime
2026-10-06T20:55:35.0421720Z   - history controls (go_back/go_forward observed via SourceChanged events)
2026-10-06T20:55:35.0421890Z   - settings (apply_settings returned Ok)
2026-10-06T20:55:35.0422060Z   - URL schemes (scrying-test:// served 3 pages successfully)
2026-10-06T20:55:35.0422250Z   - find_in_page → Some(true), request_pdf → 12150 bytes
2026-10-06T20:55:35.0422460Z demo-mac: browser-test: PASS — items 1, 3, 4, 9 verified at runtime
2026-10-06T20:55:35.0422730Z   - history controls (go_back/go_forward observed via SourceChanged events)
2026-10-06T20:55:35.0422910Z   - settings (apply_settings returned Ok)
2026-10-06T20:55:35.0423070Z   - URL schemes (scrying-test:// served 3 pages successfully)
2026-10-06T20:55:35.0423270Z   - find_in_page → Some(true), request_pdf → 12150 bytes
2026-10-06T20:55:35.0423480Z demo-mac: browser-test: PASS — items 1, 3, 4, 9 verified at runtime
2026-10-06T20:55:35.0423700Z   - history controls (go_back/go_forward observed via SourceChanged events)
2026-10-06T20:55:35.0423880Z   - settings (apply_settings returned Ok)
2026-10-06T20:55:35.0424040Z   - URL schemes (scrying-test:// served 3 pages successfully)
2026-10-06T20:55:35.0424240Z   - find_in_page → Some(true), request_pdf → 12150 bytes
2026-10-06T20:55:35.0424450Z demo-mac: browser-test: PASS — items 1, 3, 4, 9 verified at runtime
2026-10-06T20:55:35.0424660Z   - history controls (go_back/go_forward observed via SourceChanged events)
2026-10-06T20:55:35.0424850Z   - settings (apply_settings returned Ok)
2026-10-06T20:55:35.0425020Z   - URL schemes (scrying-test:// served 3 pages successfully)
2026-10-06T20:55:35.0425210Z   - find_in_page → Some(true), request_pdf → 12150 bytes
2026-10-06T20:55:35.0425410Z demo-mac: browser-test: PASS — items 1, 3, 4, 9 verified at runtime
2026-10-06T20:55:35.0425600Z   - history controls (go_back/go_forward observed via SourceChanged events)
2026-10-06T20:55:35.0425770Z   - settings (apply_settings returned Ok)
2026-10-06T20:55:35.0425910Z   - URL schemes (scrying-test:// served 3 pages successfully)
2026-10-06T20:55:35.0426090Z   - find_in_page → Some(true), request_pdf → 12150 bytes
2026-10-06T20:55:35.0426280Z demo-mac: browser-test: PASS — items 1, 3, 4, 9 verified at runtime
2026-10-06T20:55:35.0426470Z   - history controls (go_back/go_forward observed via SourceChanged events)
2026-10-06T20:55:35.0426640Z   - settings (apply_settings returned Ok)
2026-10-06T20:55:35.0426790Z   - URL schemes (scrying-test:// served 3 pages successfully)
2026-10-06T20:55:35.0426980Z   - find_in_page → Some(true), request_pdf → 12150 bytes
2026-10-06T20:55:35.0427190Z demo-mac: browser-test: PASS — items 1, 3, 4, 9 verified at runtime
2026-10-06T20:55:35.0427410Z   - history controls (go_back/go_forward observed via SourceChanged events)
2026-10-06T20:55:35.0427590Z   - settings (apply_settings returned Ok)
2026-10-06T20:55:35.0427750Z   - URL schemes (scrying-test:// served 3 pages successfully)
2026-10-06T20:55:35.0427950Z   - find_in_page → Some(true), request_pdf → 12150 bytes
2026-10-06T20:55:35.0428230Z demo-mac: browser-test: PASS — items 1, 3, 4, 9 verified at runtime
2026-10-06T20:55:35.0428450Z   - history controls (go_back/go_forward observed via SourceChanged events)
2026-10-06T20:55:35.0428660Z   - settings (apply_settings returned Ok)
2026-10-06T20:55:35.0428820Z   - URL schemes (scrying-test:// served 3 pages successfully)
2026-10-06T20:55:35.0429020Z   - find_in_page → Some(true), request_pdf → 12150 bytes
2026-10-06T20:55:35.0429240Z demo-mac: browser-test: PASS — items 1, 3, 4, 9 verified at runtime
2026-10-06T20:55:35.0429460Z   - history controls (go_back/go_forward observed via SourceChanged events)
2026-10-06T20:55:35.0429640Z   - settings (apply_settings returned Ok)
2026-10-06T20:55:35.0429810Z   - URL schemes (scrying-test:// served 3 pages successfully)
2026-10-06T20:55:35.0430000Z   - find_in_page → Some(true), request_pdf → 12150 bytes
2026-10-06T20:55:35.0430210Z demo-mac: browser-test: PASS — items 1, 3, 4, 9 verified at runtime
2026-10-06T20:55:35.0430420Z   - history controls (go_back/go_forward observed via SourceChanged events)
2026-10-06T20:55:35.0430590Z   - settings (apply_settings returned Ok)
2026-10-06T20:55:35.0430730Z   - URL schemes (scrying-test:// served 3 pages successfully)
2026-10-06T20:55:35.0430910Z   - find_in_page → Some(true), request_pdf → 12150 bytes
2026-10-06T20:55:35.0431100Z demo-mac: browser-test: PASS — items 1, 3, 4, 9 verified at runtime
2026-10-06T20:55:35.0431300Z   - history controls (go_back/go_forward observed via SourceChanged events)
2026-10-06T20:55:35.0431510Z   - settings (apply_settings returned Ok)
2026-10-06T20:55:35.0431660Z   - URL schemes (scrying-test:// served 3 pages successfully)
2026-10-06T20:55:35.0431840Z   - find_in_page → Some(true), request_pdf → 12150 bytes
2026-10-06T20:55:35.0432050Z demo-mac: browser-test: PASS — items 1, 3, 4, 9 verified at runtime
2026-10-06T20:55:35.0432260Z   - history controls (go_back/go_forward observed via SourceChanged events)
2026-10-06T20:55:35.0432450Z   - settings (apply_settings returned Ok)
2026-10-06T20:55:35.0432610Z   - URL schemes (scrying-test:// served 3 pages successfully)
2026-10-06T20:55:35.0432810Z   - find_in_page → Some(true), request_pdf → 12150 bytes
2026-10-06T20:55:35.0433010Z demo-mac: browser-test: PASS — items 1, 3, 4, 9 verified at runtime
2026-10-06T20:55:35.0433230Z   - history controls (go_back/go_forward observed via SourceChanged events)
2026-10-06T20:55:35.0433420Z   - settings (apply_settings returned Ok)
2026-10-06T20:55:35.0433590Z   - URL schemes (scrying-test:// served 3 pages successfully)
2026-10-06T20:55:35.0433780Z   - find_in_page → Some(true), request_pdf → 12150 bytes
2026-10-06T20:55:35.0433990Z demo-mac: browser-test: PASS — items 1, 3, 4, 9 verified at runtime
2026-10-06T20:55:35.0434200Z   - history controls (go_back/go_forward observed via SourceChanged events)
2026-10-06T20:55:35.0434390Z   - settings (apply_settings returned Ok)
2026-10-06T20:55:35.0434550Z   - URL schemes (scrying-test:// served 3 pages successfully)
2026-10-06T20:55:35.0434740Z   - find_in_page → Some(true), request_pdf → 12150 bytes
2026-10-06T20:55:35.0434950Z demo-mac: browser-test: PASS — items 1, 3, 4, 9 verified at runtime
2026-10-06T20:55:35.0435170Z   - history controls (go_back/go_forward observed via SourceChanged events)
2026-10-06T20:55:35.0435350Z   - settings (apply_settings returned Ok)
2026-10-06T20:55:35.0435500Z   - URL schemes (scrying-test:// served 3 pages successfully)
2026-10-06T20:55:35.0435680Z   - find_in_page → Some(true), request_pdf → 12150 bytes
2026-10-06T20:55:35.0435870Z demo-mac: browser-test: PASS — items 1, 3, 4, 9 verified at runtime
2026-10-06T20:55:35.0436060Z   - history controls (go_back/go_forward observed via SourceChanged events)
2026-10-06T20:55:35.0436230Z   - settings (apply_settings returned Ok)
2026-10-06T20:55:35.0436380Z   - URL schemes (scrying-test:// served 3 pages successfully)
2026-10-06T20:55:35.0436560Z   - find_in_page → Some(true), request_pdf → 12150 bytes
2026-10-06T20:55:35.0436740Z demo-mac: browser-test: PASS — items 1, 3, 4, 9 verified at runtime
2026-10-06T20:55:35.0437040Z   - history controls (go_back/go_forward observed via SourceChanged events)
2026-10-06T20:55:35.0437230Z   - settings (apply_settings returned Ok)
2026-10-06T20:55:35.0437390Z   - URL schemes (scrying-test:// served 3 pages successfully)
2026-10-06T20:55:35.0437590Z   - find_in_page → Some(true), request_pdf → 12150 bytes
2026-10-06T20:55:35.0437800Z demo-mac: browser-test: PASS — items 1, 3, 4, 9 verified at runtime
2026-10-06T20:55:35.0438020Z   - history controls (go_back/go_forward observed via SourceChanged events)
2026-10-06T20:55:35.0438200Z   - settings (apply_settings returned Ok)
2026-10-06T20:55:35.0438360Z   - URL schemes (scrying-test:// served 3 pages successfully)
2026-10-06T20:55:35.0438560Z   - find_in_page → Some(true), request_pdf → 12150 bytes
2026-10-06T20:55:35.0438760Z demo-mac: browser-test: PASS — items 1, 3, 4, 9 verified at runtime
2026-10-06T20:55:35.0438980Z   - history controls (go_back/go_forward observed via SourceChanged events)
2026-10-06T20:55:35.0439170Z   - settings (apply_settings returned Ok)
2026-10-06T20:55:35.0439330Z   - URL schemes (scrying-test:// served 3 pages successfully)
2026-10-06T20:55:35.0439530Z   - find_in_page → Some(true), request_pdf → 12150 bytes
2026-10-06T20:55:35.0439740Z demo-mac: browser-test: PASS — items 1, 3, 4, 9 verified at runtime
2026-10-06T20:55:35.0439950Z   - history controls (go_back/go_forward observed via SourceChanged events)
2026-10-06T20:55:35.0440180Z   - settings (apply_settings returned Ok)
2026-10-06T20:55:35.0440340Z   - URL schemes (scrying-test:// served 3 pages successfully)
2026-10-06T20:55:35.0440520Z   - find_in_page → Some(true), request_pdf → 12150 bytes
2026-10-06T20:55:35.0440710Z demo-mac: browser-test: PASS — items 1, 3, 4, 9 verified at runtime
2026-10-06T20:55:35.0440910Z   - history controls (go_back/go_forward observed via SourceChanged events)
2026-10-06T20:55:35.0441070Z   - settings (apply_settings returned Ok)
2026-10-06T20:55:35.0441220Z   - URL schemes (scrying-test:// served 3 pages successfully)
2026-10-06T20:55:35.0441400Z   - find_in_page → Some(true), request_pdf → 12150 bytes
2026-10-06T20:55:35.0441590Z demo-mac: browser-test: PASS — items 1, 3, 4, 9 verified at runtime
2026-10-06T20:55:35.0441790Z   - history controls (go_back/go_forward observed via SourceChanged events)
2026-10-06T20:55:35.0441970Z   - settings (apply_settings returned Ok)
2026-10-06T20:55:35.0442130Z   - URL schemes (scrying-test:// served 3 pages successfully)
2026-10-06T20:55:35.0442330Z   - find_in_page → Some(true), request_pdf → 12150 bytes
2026-10-06T20:55:35.0442540Z demo-mac: browser-test: PASS — items 1, 3, 4, 9 verified at runtime
2026-10-06T20:55:35.0442750Z   - history controls (go_back/go_forward observed via SourceChanged events)
2026-10-06T20:55:35.0442940Z   - settings (apply_settings returned Ok)
2026-10-06T20:55:35.0443110Z   - URL schemes (scrying-test:// served 3 pages successfully)
2026-10-06T20:55:35.0443300Z   - find_in_page → Some(true), request_pdf → 12150 bytes
2026-10-06T20:55:35.0443510Z demo-mac: browser-test: PASS — items 1, 3, 4, 9 verified at runtime
2026-10-06T20:55:35.0443730Z   - history controls (go_back/go_forward observed via SourceChanged events)
2026-10-06T20:55:35.0443910Z   - settings (apply_settings returned Ok)
2026-10-06T20:55:35.0444080Z   - URL schemes (scrying-test:// served 3 pages successfully)
2026-10-06T20:55:35.0444270Z   - find_in_page → Some(true), request_pdf → 12150 bytes
2026-10-06T20:55:35.0444480Z demo-mac: browser-test: PASS — items 1, 3, 4, 9 verified at runtime
2026-10-06T20:55:35.0444700Z   - history controls (go_back/go_forward observed via SourceChanged events)
2026-10-06T20:55:35.0444890Z   - settings (apply_settings returned Ok)
2026-10-06T20:55:35.0445050Z   - URL schemes (scrying-test:// served 3 pages successfully)
2026-10-06T20:55:35.0445240Z   - find_in_page → Some(true), request_pdf → 12150 bytes
2026-10-06T20:55:35.0445440Z demo-mac: browser-test: PASS — items 1, 3, 4, 9 verified at runtime
2026-10-06T20:55:35.0445710Z   - history controls (go_back/go_forward observed via SourceChanged events)
2026-10-06T20:55:35.0445880Z   - settings (apply_settings returned Ok)
2026-10-06T20:55:35.0446030Z   - URL schemes (scrying-test:// served 3 pages successfully)
2026-10-06T20:55:35.0446210Z   - find_in_page → Some(true), request_pdf → 12150 bytes
2026-10-06T20:55:35.0446390Z demo-mac: browser-test: PASS — items 1, 3, 4, 9 verified at runtime
2026-10-06T20:55:35.0446590Z   - history controls (go_back/go_forward observed via SourceChanged events)
2026-10-06T20:55:35.0446760Z   - settings (apply_settings returned Ok)
2026-10-06T20:55:35.0446910Z   - URL schemes (scrying-test:// served 3 pages successfully)
2026-10-06T20:55:35.0447110Z   - find_in_page → Some(true), request_pdf → 12150 bytes
2026-10-06T20:55:35.0447320Z demo-mac: browser-test: PASS — items 1, 3, 4, 9 verified at runtime
2026-10-06T20:55:35.0447530Z   - history controls (go_back/go_forward observed via SourceChanged events)
2026-10-06T20:55:35.0447720Z   - settings (apply_settings returned Ok)
2026-10-06T20:55:35.0447880Z   - URL schemes (scrying-test:// served 3 pages successfully)
2026-10-06T20:55:35.0448080Z   - find_in_page → Some(true), request_pdf → 12150 bytes
2026-10-06T20:55:35.0448280Z demo-mac: browser-test: PASS — items 1, 3, 4, 9 verified at runtime
2026-10-06T20:55:35.0448500Z   - history controls (go_back/go_forward observed via SourceChanged events)
2026-10-06T20:55:35.0448720Z   - settings (apply_settings returned Ok)
2026-10-06T20:55:35.0448880Z   - URL schemes (scrying-test:// served 3 pages successfully)
2026-10-06T20:55:35.0449080Z   - find_in_page → Some(true), request_pdf → 12150 bytes
2026-10-06T20:55:35.0449290Z demo-mac: browser-test: PASS — items 1, 3, 4, 9 verified at runtime
2026-10-06T20:55:35.0449500Z   - history controls (go_back/go_forward observed via SourceChanged events)
2026-10-06T20:55:35.0449690Z   - settings (apply_settings returned Ok)
2026-10-06T20:55:35.0449850Z   - URL schemes (scrying-test:// served 3 pages successfully)
2026-10-06T20:55:35.0450050Z   - find_in_page → Some(true), request_pdf → 12150 bytes
2026-10-06T20:55:35.0450250Z demo-mac: browser-test: PASS — items 1, 3, 4, 9 verified at runtime
2026-10-06T20:55:35.0450460Z   - history controls (go_back/go_forward observed via SourceChanged events)
2026-10-06T20:55:35.0450620Z   - settings (apply_settings returned Ok)
2026-10-06T20:55:35.0450770Z   - URL schemes (scrying-test:// served 3 pages successfully)
2026-10-06T20:55:35.0450950Z   - find_in_page → Some(true), request_pdf → 12150 bytes
2026-10-06T20:55:35.0451130Z demo-mac: browser-test: PASS — items 1, 3, 4, 9 verified at runtime
2026-10-06T20:55:35.0451330Z   - history controls (go_back/go_forward observed via SourceChanged events)
2026-10-06T20:55:35.0451490Z   - settings (apply_settings returned Ok)
2026-10-06T20:55:35.0451640Z   - URL schemes (scrying-test:// served 3 pages successfully)
2026-10-06T20:55:35.0451810Z   - find_in_page → Some(true), request_pdf → 12150 bytes
2026-10-06T20:55:35.0452020Z demo-mac: browser-test: PASS — items 1, 3, 4, 9 verified at runtime
2026-10-06T20:55:35.0452240Z   - history controls (go_back/go_forward observed via SourceChanged events)
2026-10-06T20:55:35.0452430Z   - settings (apply_settings returned Ok)
2026-10-06T20:55:35.0452590Z   - URL schemes (scrying-test:// served 3 pages successfully)
2026-10-06T20:55:35.0452780Z   - find_in_page → Some(true), request_pdf → 12150 bytes
2026-10-06T20:55:35.0452990Z demo-mac: browser-test: PASS — items 1, 3, 4, 9 verified at runtime
2026-10-06T20:55:35.0453210Z   - history controls (go_back/go_forward observed via SourceChanged events)
2026-10-06T20:55:35.0453390Z   - settings (apply_settings returned Ok)
2026-10-06T20:55:35.0453550Z   - URL schemes (scrying-test:// served 3 pages successfully)
2026-10-06T20:55:35.0453750Z   - find_in_page → Some(true), request_pdf → 12150 bytes
2026-10-06T20:55:35.0453950Z demo-mac: browser-test: PASS — items 1, 3, 4, 9 verified at runtime
2026-10-06T20:55:35.0454170Z   - history controls (go_back/go_forward observed via SourceChanged events)
2026-10-06T20:55:35.0454430Z   - settings (apply_settings returned Ok)
2026-10-06T20:55:35.0454600Z   - URL schemes (scrying-test:// served 3 pages successfully)
2026-10-06T20:55:35.0454790Z   - find_in_page → Some(true), request_pdf → 12150 bytes
2026-10-06T20:55:35.0455000Z demo-mac: browser-test: PASS — items 1, 3, 4, 9 verified at runtime
2026-10-06T20:55:35.0455220Z   - history controls (go_back/go_forward observed via SourceChanged events)
2026-10-06T20:55:35.0455400Z   - settings (apply_settings returned Ok)
2026-10-06T20:55:35.0455550Z   - URL schemes (scrying-test:// served 3 pages successfully)
2026-10-06T20:55:35.0455730Z   - find_in_page → Some(true), request_pdf → 12150 bytes
2026-10-06T20:55:35.0455910Z demo-mac: browser-test: PASS — items 1, 3, 4, 9 verified at runtime
2026-10-06T20:55:35.0456110Z   - history controls (go_back/go_forward observed via SourceChanged events)
2026-10-06T20:55:35.0456270Z   - settings (apply_settings returned Ok)
2026-10-06T20:55:35.0456420Z   - URL schemes (scrying-test:// served 3 pages successfully)
2026-10-06T20:55:35.0456600Z   - find_in_page → Some(true), request_pdf → 12150 bytes
2026-10-06T20:55:35.0456790Z demo-mac: browser-test: PASS — items 1, 3, 4, 9 verified at runtime
2026-10-06T20:55:35.0457030Z   - history controls (go_back/go_forward observed via SourceChanged events)
2026-10-06T20:55:35.0457250Z   - settings (apply_settings returned Ok)
2026-10-06T20:55:35.0457490Z   - URL schemes (scrying-test:// served 3 pages successfully)
2026-10-06T20:55:35.0457690Z   - find_in_page → Some(true), request_pdf → 12150 bytes
2026-10-06T20:55:35.0457900Z demo-mac: browser-test: PASS — items 1, 3, 4, 9 verified at runtime
2026-10-06T20:55:35.0458110Z   - history controls (go_back/go_forward observed via SourceChanged events)
2026-10-06T20:55:35.0458290Z   - settings (apply_settings returned Ok)
2026-10-06T20:55:35.0458450Z   - URL schemes (scrying-test:// served 3 pages successfully)
2026-10-06T20:55:35.0458650Z   - find_in_page → Some(true), request_pdf → 12150 bytes
2026-10-06T20:55:35.0458860Z demo-mac: browser-test: PASS — items 1, 3, 4, 9 verified at runtime
2026-10-06T20:55:35.0459080Z   - history controls (go_back/go_forward observed via SourceChanged events)
2026-10-06T20:55:35.0459260Z   - settings (apply_settings returned Ok)
2026-10-06T20:55:35.0459430Z   - URL schemes (scrying-test:// served 3 pages successfully)
2026-10-06T20:55:35.0459630Z   - find_in_page → Some(true), request_pdf → 12150 bytes
2026-10-06T20:55:35.0459840Z demo-mac: browser-test: PASS — items 1, 3, 4, 9 verified at runtime
2026-10-06T20:55:35.0460060Z   - history controls (go_back/go_forward observed via SourceChanged events)
2026-10-06T20:55:35.0460240Z   - settings (apply_settings returned Ok)
2026-10-06T20:55:35.0460400Z   - URL schemes (scrying-test:// served 3 pages successfully)
2026-10-06T20:55:35.0460580Z   - find_in_page → Some(true), request_pdf → 12150 bytes
2026-10-06T20:55:35.0460760Z demo-mac: browser-test: PASS — items 1, 3, 4, 9 verified at runtime
2026-10-06T20:55:35.0460960Z   - history controls (go_back/go_forward observed via SourceChanged events)
2026-10-06T20:55:35.0461130Z   - settings (apply_settings returned Ok)
2026-10-06T20:55:35.0461270Z   - URL schemes (scrying-test:// served 3 pages successfully)
2026-10-06T20:55:35.0461450Z   - find_in_page → Some(true), request_pdf → 12150 bytes
2026-10-06T20:55:35.0461630Z demo-mac: browser-test: PASS — items 1, 3, 4, 9 verified at runtime
2026-10-06T20:55:35.0461840Z   - history controls (go_back/go_forward observed via SourceChanged events)
2026-10-06T20:55:35.0462020Z   - settings (apply_settings returned Ok)
2026-10-06T20:55:35.0462180Z   - URL schemes (scrying-test:// served 3 pages successfully)
2026-10-06T20:55:35.0462370Z   - find_in_page → Some(true), request_pdf → 12150 bytes
2026-10-06T20:55:35.0462580Z demo-mac: browser-test: PASS — items 1, 3, 4, 9 verified at runtime
2026-10-06T20:55:35.0462800Z   - history controls (go_back/go_forward observed via SourceChanged events)
2026-10-06T20:55:35.0463050Z   - settings (apply_settings returned Ok)
2026-10-06T20:55:35.0463220Z   - URL schemes (scrying-test:// served 3 pages successfully)
2026-10-06T20:55:35.0463420Z   - find_in_page → Some(true), request_pdf → 12150 bytes
2026-10-06T20:55:35.0463620Z demo-mac: browser-test: PASS — items 1, 3, 4, 9 verified at runtime
2026-10-06T20:55:35.0463840Z   - history controls (go_back/go_forward observed via SourceChanged events)
2026-10-06T20:55:35.0464030Z   - settings (apply_settings returned Ok)
2026-10-06T20:55:35.0464190Z   - URL schemes (scrying-test:// served 3 pages successfully)
2026-10-06T20:55:35.0464390Z   - find_in_page → Some(true), request_pdf → 12150 bytes
2026-10-06T20:55:35.0464590Z demo-mac: browser-test: PASS — items 1, 3, 4, 9 verified at runtime
2026-10-06T20:55:35.0464810Z   - history controls (go_back/go_forward observed via SourceChanged events)
2026-10-06T20:55:35.0464990Z   - settings (apply_settings returned Ok)
2026-10-06T20:55:35.0465150Z   - URL schemes (scrying-test:// served 3 pages successfully)
2026-10-06T20:55:35.0465350Z   - find_in_page → Some(true), request_pdf → 12150 bytes
2026-10-06T20:55:35.0465540Z demo-mac: browser-test: PASS — items 1, 3, 4, 9 verified at runtime
2026-10-06T20:55:35.0465740Z   - history controls (go_back/go_forward observed via SourceChanged events)
2026-10-06T20:55:35.0465900Z   - settings (apply_settings returned Ok)
2026-10-06T20:55:35.0466050Z   - URL schemes (scrying-test:// served 3 pages successfully)
2026-10-06T20:55:35.0466270Z   - find_in_page → Some(true), request_pdf → 12150 bytes
2026-10-06T20:55:35.0466460Z demo-mac: browser-test: PASS — items 1, 3, 4, 9 verified at runtime
2026-10-06T20:55:35.0466680Z   - history controls (go_back/go_forward observed via SourceChanged events)
2026-10-06T20:55:35.0466860Z   - settings (apply_settings returned Ok)
2026-10-06T20:55:35.0467020Z   - URL schemes (scrying-test:// served 3 pages successfully)
2026-10-06T20:55:35.0467220Z   - find_in_page → Some(true), request_pdf → 12150 bytes
2026-10-06T20:55:35.0467430Z demo-mac: browser-test: PASS — items 1, 3, 4, 9 verified at runtime
2026-10-06T20:55:35.0467650Z   - history controls (go_back/go_forward observed via SourceChanged events)
2026-10-06T20:55:35.0467830Z   - settings (apply_settings returned Ok)
2026-10-06T20:55:35.0467990Z   - URL schemes (scrying-test:// served 3 pages successfully)
2026-10-06T20:55:35.0468250Z   - find_in_page → Some(true), request_pdf → 12150 bytes
2026-10-06T20:55:35.0472010Z demo-mac: browser-test: PASS — items 1, 3, 4, 9 verified at runtime
2026-10-06T20:55:35.0472210Z   - history controls (go_back/go_forward observed via SourceChanged events)
2026-10-06T20:55:35.0472380Z   - settings (apply_settings returned Ok)
2026-10-06T20:55:35.0472530Z   - URL schemes (scrying-test:// served 3 pages successfully)
2026-10-06T20:55:35.0472720Z   - find_in_page → Some(true), request_pdf → 12150 bytes
2026-10-06T20:55:35.0472910Z demo-mac: browser-test: PASS — items 1, 3, 4, 9 verified at runtime
2026-10-06T20:55:35.0473110Z   - history controls (go_back/go_forward observed via SourceChanged events)
2026-10-06T20:55:35.0473280Z   - settings (apply_settings returned Ok)
2026-10-06T20:55:35.0473430Z   - URL schemes (scrying-test:// served 3 pages successfully)
2026-10-06T20:55:35.0473620Z   - find_in_page → Some(true), request_pdf → 12150 bytes
2026-10-06T20:55:35.0473830Z demo-mac: browser-test: PASS — items 1, 3, 4, 9 verified at runtime
2026-10-06T20:55:35.0474050Z   - history controls (go_back/go_forward observed via SourceChanged events)
2026-10-06T20:55:35.0474240Z   - settings (apply_settings returned Ok)
2026-10-06T20:55:35.0474400Z   - URL schemes (scrying-test:// served 3 pages successfully)
2026-10-06T20:55:35.0474600Z   - find_in_page → Some(true), request_pdf → 12150 bytes
2026-10-06T20:55:35.0474800Z demo-mac: browser-test: PASS — items 1, 3, 4, 9 verified at runtime
2026-10-06T20:55:35.0475020Z   - history controls (go_back/go_forward observed via SourceChanged events)
2026-10-06T20:55:35.0475200Z   - settings (apply_settings returned Ok)
2026-10-06T20:55:35.0475530Z   - URL schemes (scrying-test:// served 3 pages successfully)
2026-10-06T20:55:35.0475720Z   - find_in_page → Some(true), request_pdf → 12150 bytes
2026-10-06T20:55:35.0475900Z demo-mac: browser-test: PASS — items 1, 3, 4, 9 verified at runtime
2026-10-06T20:55:35.0476100Z   - history controls (go_back/go_forward observed via SourceChanged events)
2026-10-06T20:55:35.0476270Z   - settings (apply_settings returned Ok)
2026-10-06T20:55:35.0476420Z   - URL schemes (scrying-test:// served 3 pages successfully)
2026-10-06T20:55:35.0476620Z   - find_in_page → Some(true), request_pdf → 12150 bytes
2026-10-06T20:55:35.0476820Z demo-mac: browser-test: PASS — items 1, 3, 4, 9 verified at runtime
2026-10-06T20:55:35.0477040Z   - history controls (go_back/go_forward observed via SourceChanged events)
2026-10-06T20:55:35.0477220Z   - settings (apply_settings returned Ok)
2026-10-06T20:55:35.0477390Z   - URL schemes (scrying-test:// served 3 pages successfully)
2026-10-06T20:55:35.0477580Z   - find_in_page → Some(true), request_pdf → 12150 bytes
2026-10-06T20:55:35.0477790Z demo-mac: browser-test: PASS — items 1, 3, 4, 9 verified at runtime
2026-10-06T20:55:35.0478010Z   - history controls (go_back/go_forward observed via SourceChanged events)
2026-10-06T20:55:35.0478190Z   - settings (apply_settings returned Ok)
2026-10-06T20:55:35.0478350Z   - URL schemes (scrying-test:// served 3 pages successfully)
2026-10-06T20:55:35.0478620Z   - find_in_page → Some(true), request_pdf → 12150 bytes
2026-10-06T20:55:35.0478840Z demo-mac: browser-test: PASS — items 1, 3, 4, 9 verified at runtime
2026-10-06T20:55:35.0479050Z   - history controls (go_back/go_forward observed via SourceChanged events)
2026-10-06T20:55:35.0479240Z   - settings (apply_settings returned Ok)
2026-10-06T20:55:35.0479400Z   - URL schemes (scrying-test:// served 3 pages successfully)
2026-10-06T20:55:35.0479590Z   - find_in_page → Some(true), request_pdf → 12150 bytes
2026-10-06T20:55:35.0479800Z demo-mac: browser-test: PASS — items 1, 3, 4, 9 verified at runtime
2026-10-06T20:55:35.0480020Z   - history controls (go_back/go_forward observed via SourceChanged events)
2026-10-06T20:55:35.0480210Z   - settings (apply_settings returned Ok)
2026-10-06T20:55:35.0480360Z   - URL schemes (scrying-test:// served 3 pages successfully)
2026-10-06T20:55:35.0480540Z   - find_in_page → Some(true), request_pdf → 12150 bytes
2026-10-06T20:55:35.0480730Z demo-mac: browser-test: PASS — items 1, 3, 4, 9 verified at runtime
2026-10-06T20:55:35.0480930Z   - history controls (go_back/go_forward observed via SourceChanged events)
2026-10-06T20:55:35.0481090Z   - settings (apply_settings returned Ok)
2026-10-06T20:55:35.0481240Z   - URL schemes (scrying-test:// served 3 pages successfully)
2026-10-06T20:55:35.0481410Z   - find_in_page → Some(true), request_pdf → 12150 bytes
2026-10-06T20:55:35.0481600Z demo-mac: browser-test: PASS — items 1, 3, 4, 9 verified at runtime
2026-10-06T20:55:35.0481800Z   - history controls (go_back/go_forward observed via SourceChanged events)
2026-10-06T20:55:35.0481990Z   - settings (apply_settings returned Ok)
2026-10-06T20:55:35.0482150Z   - URL schemes (scrying-test:// served 3 pages successfully)
2026-10-06T20:55:35.0482350Z   - find_in_page → Some(true), request_pdf → 12150 bytes
2026-10-06T20:55:35.0482560Z demo-mac: browser-test: PASS — items 1, 3, 4, 9 verified at runtime
2026-10-06T20:55:35.0482770Z   - history controls (go_back/go_forward observed via SourceChanged events)
2026-10-06T20:55:35.0482960Z   - settings (apply_settings returned Ok)
2026-10-06T20:55:35.0483120Z   - URL schemes (scrying-test:// served 3 pages successfully)
2026-10-06T20:55:35.0483320Z   - find_in_page → Some(true), request_pdf → 12150 bytes
2026-10-06T20:55:35.0483530Z demo-mac: browser-test: PASS — items 1, 3, 4, 9 verified at runtime
2026-10-06T20:55:35.0483750Z   - history controls (go_back/go_forward observed via SourceChanged events)
2026-10-06T20:55:35.0483930Z   - settings (apply_settings returned Ok)
2026-10-06T20:55:35.0484130Z   - URL schemes (scrying-test:// served 3 pages successfully)
2026-10-06T20:55:35.0484330Z   - find_in_page → Some(true), request_pdf → 12150 bytes
2026-10-06T20:55:35.0484540Z demo-mac: browser-test: PASS — items 1, 3, 4, 9 verified at runtime
2026-10-06T20:55:35.0484760Z   - history controls (go_back/go_forward observed via SourceChanged events)
2026-10-06T20:55:35.0484940Z   - settings (apply_settings returned Ok)
2026-10-06T20:55:35.0485100Z   - URL schemes (scrying-test:// served 3 pages successfully)
2026-10-06T20:55:35.0485300Z   - find_in_page → Some(true), request_pdf → 12150 bytes
2026-10-06T20:55:35.0485500Z demo-mac: browser-test: PASS — items 1, 3, 4, 9 verified at runtime
2026-10-06T20:55:35.0485690Z   - history controls (go_back/go_forward observed via SourceChanged events)
2026-10-06T20:55:35.0485850Z   - settings (apply_settings returned Ok)
2026-10-06T20:55:35.0486000Z   - URL schemes (scrying-test:// served 3 pages successfully)
2026-10-06T20:55:35.0486180Z   - find_in_page → Some(true), request_pdf → 12150 bytes
2026-10-06T20:55:35.0486370Z demo-mac: browser-test: PASS — items 1, 3, 4, 9 verified at runtime
2026-10-06T20:55:35.0486570Z   - history controls (go_back/go_forward observed via SourceChanged events)
2026-10-06T20:55:35.0486730Z   - settings (apply_settings returned Ok)
2026-10-06T20:55:35.0486890Z   - URL schemes (scrying-test:// served 3 pages successfully)
2026-10-06T20:55:35.0487090Z   - find_in_page → Some(true), request_pdf → 12150 bytes
2026-10-06T20:55:35.0487330Z demo-mac: browser-test: PASS — items 1, 3, 4, 9 verified at runtime
2026-10-06T20:55:35.0487550Z   - history controls (go_back/go_forward observed via SourceChanged events)
2026-10-06T20:55:35.0487740Z   - settings (apply_settings returned Ok)
2026-10-06T20:55:35.0487900Z   - URL schemes (scrying-test:// served 3 pages successfully)
2026-10-06T20:55:35.0488090Z   - find_in_page → Some(true), request_pdf → 12150 bytes
2026-10-06T20:55:35.0488300Z demo-mac: browser-test: PASS — items 1, 3, 4, 9 verified at runtime
2026-10-06T20:55:35.0488520Z   - history controls (go_back/go_forward observed via SourceChanged events)
2026-10-06T20:55:35.0488700Z   - settings (apply_settings returned Ok)
2026-10-06T20:55:35.0488870Z   - URL schemes (scrying-test:// served 3 pages successfully)
2026-10-06T20:55:35.0489060Z   - find_in_page → Some(true), request_pdf → 12150 bytes
2026-10-06T20:55:35.0489270Z demo-mac: browser-test: PASS — items 1, 3, 4, 9 verified at runtime
2026-10-06T20:55:35.0489490Z   - history controls (go_back/go_forward observed via SourceChanged events)
2026-10-06T20:55:35.0489670Z   - settings (apply_settings returned Ok)
2026-10-06T20:55:35.0489830Z   - URL schemes (scrying-test:// served 3 pages successfully)
2026-10-06T20:55:35.0490030Z   - find_in_page → Some(true), request_pdf → 12150 bytes
2026-10-06T20:55:35.0490230Z demo-mac: browser-test: PASS — items 1, 3, 4, 9 verified at runtime
2026-10-06T20:55:35.0490440Z   - history controls (go_back/go_forward observed via SourceChanged events)
2026-10-06T20:55:35.0490600Z   - settings (apply_settings returned Ok)
2026-10-06T20:55:35.0490750Z   - URL schemes (scrying-test:// served 3 pages successfully)
2026-10-06T20:55:35.0490930Z   - find_in_page → Some(true), request_pdf → 12150 bytes
2026-10-06T20:55:35.0491110Z demo-mac: browser-test: PASS — items 1, 3, 4, 9 verified at runtime
2026-10-06T20:55:35.0491300Z   - history controls (go_back/go_forward observed via SourceChanged events)
2026-10-06T20:55:35.0491480Z   - settings (apply_settings returned Ok)
2026-10-06T20:55:35.0491640Z   - URL schemes (scrying-test:// served 3 pages successfully)
2026-10-06T20:55:35.0491840Z   - find_in_page → Some(true), request_pdf → 12150 bytes
2026-10-06T20:55:35.0492050Z demo-mac: browser-test: PASS — items 1, 3, 4, 9 verified at runtime
2026-10-06T20:55:35.0492260Z   - history controls (go_back/go_forward observed via SourceChanged events)
2026-10-06T20:55:35.0492450Z   - settings (apply_settings returned Ok)
2026-10-06T20:55:35.0492610Z   - URL schemes (scrying-test:// served 3 pages successfully)
2026-10-06T20:55:35.0492840Z   - find_in_page → Some(true), request_pdf → 12150 bytes
2026-10-06T20:55:35.0493050Z demo-mac: browser-test: PASS — items 1, 3, 4, 9 verified at runtime
2026-10-06T20:55:35.0493260Z   - history controls (go_back/go_forward observed via SourceChanged events)
2026-10-06T20:55:35.0493450Z   - settings (apply_settings returned Ok)
2026-10-06T20:55:35.0493610Z   - URL schemes (scrying-test:// served 3 pages successfully)
2026-10-06T20:55:35.0493810Z   - find_in_page → Some(true), request_pdf → 12150 bytes
2026-10-06T20:55:35.0494020Z demo-mac: browser-test: PASS — items 1, 3, 4, 9 verified at runtime
2026-10-06T20:55:35.0494240Z   - history controls (go_back/go_forward observed via SourceChanged events)
2026-10-06T20:55:35.0494420Z   - settings (apply_settings returned Ok)
2026-10-06T20:55:35.0494580Z   - URL schemes (scrying-test:// served 3 pages successfully)
2026-10-06T20:55:35.0494770Z   - find_in_page → Some(true), request_pdf → 12150 bytes
2026-10-06T20:55:35.0494980Z demo-mac: browser-test: PASS — items 1, 3, 4, 9 verified at runtime
2026-10-06T20:55:35.0495200Z   - history controls (go_back/go_forward observed via SourceChanged events)
2026-10-06T20:55:35.0495380Z   - settings (apply_settings returned Ok)
2026-10-06T20:55:35.0495530Z   - URL schemes (scrying-test:// served 3 pages successfully)
2026-10-06T20:55:35.0495710Z   - find_in_page → Some(true), request_pdf → 12150 bytes
2026-10-06T20:55:35.0495940Z demo-mac: browser-test: PASS — items 1, 3, 4, 9 verified at runtime
2026-10-06T20:55:35.0496130Z   - history controls (go_back/go_forward observed via SourceChanged events)
2026-10-06T20:55:35.0496300Z   - settings (apply_settings returned Ok)
2026-10-06T20:55:35.0496450Z   - URL schemes (scrying-test:// served 3 pages successfully)
2026-10-06T20:55:35.0496650Z   - find_in_page → Some(true), request_pdf → 12150 bytes
2026-10-06T20:55:35.0496860Z demo-mac: browser-test: PASS — items 1, 3, 4, 9 verified at runtime
2026-10-06T20:55:35.0497070Z   - history controls (go_back/go_forward observed via SourceChanged events)
2026-10-06T20:55:35.0497260Z   - settings (apply_settings returned Ok)
2026-10-06T20:55:35.0497420Z   - URL schemes (scrying-test:// served 3 pages successfully)
2026-10-06T20:55:35.0497620Z   - find_in_page → Some(true), request_pdf → 12150 bytes
2026-10-06T20:55:35.0497820Z demo-mac: browser-test: PASS — items 1, 3, 4, 9 verified at runtime
2026-10-06T20:55:35.0498040Z   - history controls (go_back/go_forward observed via SourceChanged events)
2026-10-06T20:55:35.0498230Z   - settings (apply_settings returned Ok)
2026-10-06T20:55:35.0498390Z   - URL schemes (scrying-test:// served 3 pages successfully)
2026-10-06T20:55:35.0498590Z   - find_in_page → Some(true), request_pdf → 12150 bytes
2026-10-06T20:55:35.0498800Z demo-mac: browser-test: PASS — items 1, 3, 4, 9 verified at runtime
2026-10-06T20:55:35.0499010Z   - history controls (go_back/go_forward observed via SourceChanged events)
2026-10-06T20:55:35.0499200Z   - settings (apply_settings returned Ok)
2026-10-06T20:55:35.0499360Z   - URL schemes (scrying-test:// served 3 pages successfully)
2026-10-06T20:55:35.0499560Z   - find_in_page → Some(true), request_pdf → 12150 bytes
2026-10-06T20:55:35.0499760Z demo-mac: browser-test: PASS — items 1, 3, 4, 9 verified at runtime
2026-10-06T20:55:35.0499970Z   - history controls (go_back/go_forward observed via SourceChanged events)
2026-10-06T20:55:35.0500160Z   - settings (apply_settings returned Ok)
2026-10-06T20:55:35.0500320Z   - URL schemes (scrying-test:// served 3 pages successfully)
2026-10-06T20:55:35.0500500Z   - find_in_page → Some(true), request_pdf → 12150 bytes
2026-10-06T20:55:35.0500690Z demo-mac: browser-test: PASS — items 1, 3, 4, 9 verified at runtime
2026-10-06T20:55:35.0500880Z   - history controls (go_back/go_forward observed via SourceChanged events)
2026-10-06T20:55:35.0501050Z   - settings (apply_settings returned Ok)
2026-10-06T20:55:35.0501190Z   - URL schemes (scrying-test:// served 3 pages successfully)
2026-10-06T20:55:35.0501400Z   - find_in_page → Some(true), request_pdf → 12150 bytes
2026-10-06T20:55:35.0501590Z demo-mac: browser-test: PASS — items 1, 3, 4, 9 verified at runtime
2026-10-06T20:55:35.0501790Z   - history controls (go_back/go_forward observed via SourceChanged events)
2026-10-06T20:55:35.0501970Z   - settings (apply_settings returned Ok)
2026-10-06T20:55:35.0502130Z   - URL schemes (scrying-test:// served 3 pages successfully)
2026-10-06T20:55:35.0502370Z   - find_in_page → Some(true), request_pdf → 12150 bytes
2026-10-06T20:55:35.0502570Z demo-mac: browser-test: PASS — items 1, 3, 4, 9 verified at runtime
2026-10-06T20:55:35.0502790Z   - history controls (go_back/go_forward observed via SourceChanged events)
2026-10-06T20:55:35.0502970Z   - settings (apply_settings returned Ok)
2026-10-06T20:55:35.0503130Z   - URL schemes (scrying-test:// served 3 pages successfully)
2026-10-06T20:55:35.0503320Z   - find_in_page → Some(true), request_pdf → 12150 bytes
2026-10-06T20:55:35.0503530Z demo-mac: browser-test: PASS — items 1, 3, 4, 9 verified at runtime
2026-10-06T20:55:35.0503750Z   - history controls (go_back/go_forward observed via SourceChanged events)
2026-10-06T20:55:35.0503930Z   - settings (apply_settings returned Ok)
2026-10-06T20:55:35.0504090Z   - URL schemes (scrying-test:// served 3 pages successfully)
2026-10-06T20:55:35.0504290Z   - find_in_page → Some(true), request_pdf → 12150 bytes
2026-10-06T20:55:35.0504490Z demo-mac: browser-test: PASS — items 1, 3, 4, 9 verified at runtime
2026-10-06T20:55:35.0504720Z   - history controls (go_back/go_forward observed via SourceChanged events)
2026-10-06T20:55:35.0505030Z   - settings (apply_settings returned Ok)
2026-10-06T20:55:35.0505200Z   - URL schemes (scrying-test:// served 3 pages successfully)
2026-10-06T20:55:35.0505400Z   - find_in_page → Some(true), request_pdf → 12150 bytes
2026-10-06T20:55:35.0505610Z demo-mac: browser-test: PASS — items 1, 3, 4, 9 verified at runtime
2026-10-06T20:55:35.0505830Z   - history controls (go_back/go_forward observed via SourceChanged events)
2026-10-06T20:55:35.0506020Z   - settings (apply_settings returned Ok)
2026-10-06T20:55:35.0506180Z   - URL schemes (scrying-test:// served 3 pages successfully)
2026-10-06T20:55:35.0506380Z   - find_in_page → Some(true), request_pdf → 12150 bytes
2026-10-06T20:55:35.0506590Z demo-mac: browser-test: PASS — items 1, 3, 4, 9 verified at runtime
2026-10-06T20:55:35.0506810Z   - history controls (go_back/go_forward observed via SourceChanged events)
2026-10-06T20:55:35.0507000Z   - settings (apply_settings returned Ok)
2026-10-06T20:55:35.0507160Z   - URL schemes (scrying-test:// served 3 pages successfully)
2026-10-06T20:55:35.0507360Z   - find_in_page → Some(true), request_pdf → 12150 bytes
2026-10-06T20:55:35.0507540Z demo-mac: browser-test: PASS — items 1, 3, 4, 9 verified at runtime
2026-10-06T20:55:35.0507750Z   - history controls (go_back/go_forward observed via SourceChanged events)
2026-10-06T20:55:35.0507930Z   - settings (apply_settings returned Ok)
2026-10-06T20:55:35.0508090Z   - URL schemes (scrying-test:// served 3 pages successfully)
2026-10-06T20:55:35.0508340Z   - find_in_page → Some(true), request_pdf → 12150 bytes
2026-10-06T20:55:35.0508550Z demo-mac: browser-test: PASS — items 1, 3, 4, 9 verified at runtime
2026-10-06T20:55:35.0508760Z   - history controls (go_back/go_forward observed via SourceChanged events)
2026-10-06T20:55:35.0508950Z   - settings (apply_settings returned Ok)
2026-10-06T20:55:35.0509110Z   - URL schemes (scrying-test:// served 3 pages successfully)
2026-10-06T20:55:35.0509310Z   - find_in_page → Some(true), request_pdf → 12150 bytes
2026-10-06T20:55:35.0509520Z demo-mac: browser-test: PASS — items 1, 3, 4, 9 verified at runtime
2026-10-06T20:55:35.0509730Z   - history controls (go_back/go_forward observed via SourceChanged events)
2026-10-06T20:55:35.0509920Z   - settings (apply_settings returned Ok)
2026-10-06T20:55:35.0510080Z   - URL schemes (scrying-test:// served 3 pages successfully)
2026-10-06T20:55:35.0510280Z   - find_in_page → Some(true), request_pdf → 12150 bytes
2026-10-06T20:55:35.0510470Z demo-mac: browser-test: PASS — items 1, 3, 4, 9 verified at runtime
2026-10-06T20:55:35.0510670Z   - history controls (go_back/go_forward observed via SourceChanged events)
2026-10-06T20:55:35.0510840Z   - settings (apply_settings returned Ok)
2026-10-06T20:55:35.0510980Z   - URL schemes (scrying-test:// served 3 pages successfully)
2026-10-06T20:55:35.0511160Z   - find_in_page → Some(true), request_pdf → 12150 bytes
2026-10-06T20:55:35.0511390Z demo-mac: browser-test: PASS — items 1, 3, 4, 9 verified at runtime
2026-10-06T20:55:35.0511580Z   - history controls (go_back/go_forward observed via SourceChanged events)
2026-10-06T20:55:35.0511750Z   - settings (apply_settings returned Ok)
2026-10-06T20:55:35.0511900Z   - URL schemes (scrying-test:// served 3 pages successfully)
2026-10-06T20:55:35.0512100Z   - find_in_page → Some(true), request_pdf → 12150 bytes
2026-10-06T20:55:35.0512310Z demo-mac: browser-test: PASS — items 1, 3, 4, 9 verified at runtime
2026-10-06T20:55:35.0512520Z   - history controls (go_back/go_forward observed via SourceChanged events)
2026-10-06T20:55:35.0512710Z   - settings (apply_settings returned Ok)
2026-10-06T20:55:35.0512870Z   - URL schemes (scrying-test:// served 3 pages successfully)
2026-10-06T20:55:35.0513070Z   - find_in_page → Some(true), request_pdf → 12150 bytes
2026-10-06T20:55:35.0513280Z demo-mac: browser-test: PASS — items 1, 3, 4, 9 verified at runtime
2026-10-06T20:55:35.0513490Z   - history controls (go_back/go_forward observed via SourceChanged events)
2026-10-06T20:55:35.0513680Z   - settings (apply_settings returned Ok)
2026-10-06T20:55:35.0513840Z   - URL schemes (scrying-test:// served 3 pages successfully)
2026-10-06T20:55:35.0514030Z   - find_in_page → Some(true), request_pdf → 12150 bytes
2026-10-06T20:55:35.0514240Z demo-mac: browser-test: PASS — items 1, 3, 4, 9 verified at runtime
2026-10-06T20:55:35.0514450Z   - history controls (go_back/go_forward observed via SourceChanged events)
2026-10-06T20:55:35.0514640Z   - settings (apply_settings returned Ok)
2026-10-06T20:55:35.0514800Z   - URL schemes (scrying-test:// served 3 pages successfully)
2026-10-06T20:55:35.0515000Z   - find_in_page → Some(true), request_pdf → 12150 bytes
2026-10-06T20:55:35.0515210Z demo-mac: browser-test: PASS — items 1, 3, 4, 9 verified at runtime
2026-10-06T20:55:35.0515420Z   - history controls (go_back/go_forward observed via SourceChanged events)
2026-10-06T20:55:35.0515580Z   - settings (apply_settings returned Ok)
2026-10-06T20:55:35.0515730Z   - URL schemes (scrying-test:// served 3 pages successfully)
2026-10-06T20:55:35.0515900Z   - find_in_page → Some(true), request_pdf → 12150 bytes
2026-10-06T20:55:35.0516090Z demo-mac: browser-test: PASS — items 1, 3, 4, 9 verified at runtime
2026-10-06T20:55:35.0516290Z   - history controls (go_back/go_forward observed via SourceChanged events)
2026-10-06T20:55:35.0516460Z   - settings (apply_settings returned Ok)
2026-10-06T20:55:35.0516620Z   - URL schemes (scrying-test:// served 3 pages successfully)
2026-10-06T20:55:35.0516850Z   - find_in_page → Some(true), request_pdf → 12150 bytes
2026-10-06T20:55:35.0517060Z demo-mac: browser-test: PASS — items 1, 3, 4, 9 verified at runtime
2026-10-06T20:55:35.0517270Z   - history controls (go_back/go_forward observed via SourceChanged events)
2026-10-06T20:55:35.0517460Z   - settings (apply_settings returned Ok)
2026-10-06T20:55:35.0517620Z   - URL schemes (scrying-test:// served 3 pages successfully)
2026-10-06T20:55:35.0517820Z   - find_in_page → Some(true), request_pdf → 12150 bytes
2026-10-06T20:55:35.0518020Z demo-mac: browser-test: PASS — items 1, 3, 4, 9 verified at runtime
2026-10-06T20:55:35.0518240Z   - history controls (go_back/go_forward observed via SourceChanged events)
2026-10-06T20:55:35.0518420Z   - settings (apply_settings returned Ok)
2026-10-06T20:55:35.0518580Z   - URL schemes (scrying-test:// served 3 pages successfully)
2026-10-06T20:55:35.0518780Z   - find_in_page → Some(true), request_pdf → 12150 bytes
2026-10-06T20:55:35.0518990Z demo-mac: browser-test: PASS — items 1, 3, 4, 9 verified at runtime
2026-10-06T20:55:35.0519210Z   - history controls (go_back/go_forward observed via SourceChanged events)
2026-10-06T20:55:35.0519390Z   - settings (apply_settings returned Ok)
2026-10-06T20:55:35.0519550Z   - URL schemes (scrying-test:// served 3 pages successfully)
2026-10-06T20:55:35.0519740Z   - find_in_page → Some(true), request_pdf → 12150 bytes
2026-10-06T20:55:35.0519990Z demo-mac: browser-test: PASS — items 1, 3, 4, 9 verified at runtime
2026-10-06T20:55:35.0520200Z   - history controls (go_back/go_forward observed via SourceChanged events)
2026-10-06T20:55:35.0520380Z   - settings (apply_settings returned Ok)
2026-10-06T20:55:35.0520520Z   - URL schemes (scrying-test:// served 3 pages successfully)
2026-10-06T20:55:35.0520700Z   - find_in_page → Some(true), request_pdf → 12150 bytes
2026-10-06T20:55:35.0520880Z demo-mac: browser-test: PASS — items 1, 3, 4, 9 verified at runtime
2026-10-06T20:55:35.0521080Z   - history controls (go_back/go_forward observed via SourceChanged events)
2026-10-06T20:55:35.0521250Z   - settings (apply_settings returned Ok)
2026-10-06T20:55:35.0521390Z   - URL schemes (scrying-test:// served 3 pages successfully)
2026-10-06T20:55:35.0521570Z   - find_in_page → Some(true), request_pdf → 12150 bytes
2026-10-06T20:55:35.0521750Z demo-mac: browser-test: PASS — items 1, 3, 4, 9 verified at runtime
2026-10-06T20:55:35.0521960Z   - history controls (go_back/go_forward observed via SourceChanged events)
2026-10-06T20:55:35.0522150Z   - settings (apply_settings returned Ok)
2026-10-06T20:55:35.0522310Z   - URL schemes (scrying-test:// served 3 pages successfully)
2026-10-06T20:55:35.0522500Z   - find_in_page → Some(true), request_pdf → 12150 bytes
2026-10-06T20:55:35.0522710Z demo-mac: browser-test: PASS — items 1, 3, 4, 9 verified at runtime
2026-10-06T20:55:35.0522930Z   - history controls (go_back/go_forward observed via SourceChanged events)
2026-10-06T20:55:35.0523110Z   - settings (apply_settings returned Ok)
2026-10-06T20:55:35.0523270Z   - URL schemes (scrying-test:// served 3 pages successfully)
2026-10-06T20:55:35.0523490Z   - find_in_page → Some(true), request_pdf → 12150 bytes
2026-10-06T20:55:35.0523700Z demo-mac: browser-test: PASS — items 1, 3, 4, 9 verified at runtime
2026-10-06T20:55:35.0523920Z   - history controls (go_back/go_forward observed via SourceChanged events)
2026-10-06T20:55:35.0524100Z   - settings (apply_settings returned Ok)
2026-10-06T20:55:35.0524270Z   - URL schemes (scrying-test:// served 3 pages successfully)
2026-10-06T20:55:35.0524460Z   - find_in_page → Some(true), request_pdf → 12150 bytes
2026-10-06T20:55:35.0524660Z demo-mac: browser-test: PASS — items 1, 3, 4, 9 verified at runtime
2026-10-06T20:55:35.0524880Z   - history controls (go_back/go_forward observed via SourceChanged events)
2026-10-06T20:55:35.0525060Z   - settings (apply_settings returned Ok)
2026-10-06T20:55:35.0525220Z   - URL schemes (scrying-test:// served 3 pages successfully)
2026-10-06T20:55:35.0525410Z   - find_in_page → Some(true), request_pdf → 12150 bytes
2026-10-06T20:55:35.0525650Z demo-mac: browser-test: PASS — items 1, 3, 4, 9 verified at runtime
2026-10-06T20:55:35.0525850Z   - history controls (go_back/go_forward observed via SourceChanged events)
2026-10-06T20:55:35.0526020Z   - settings (apply_settings returned Ok)
2026-10-06T20:55:35.0526160Z   - URL schemes (scrying-test:// served 3 pages successfully)
2026-10-06T20:55:35.0526340Z   - find_in_page → Some(true), request_pdf → 12150 bytes
2026-10-06T20:55:35.0526550Z demo-mac: browser-test: PASS — items 1, 3, 4, 9 verified at runtime
2026-10-06T20:55:35.0526760Z   - history controls (go_back/go_forward observed via SourceChanged events)
2026-10-06T20:55:35.0526950Z   - settings (apply_settings returned Ok)
2026-10-06T20:55:35.0527110Z   - URL schemes (scrying-test:// served 3 pages successfully)
2026-10-06T20:55:35.0527300Z   - find_in_page → Some(true), request_pdf → 12150 bytes
2026-10-06T20:55:35.0527500Z demo-mac: browser-test: PASS — items 1, 3, 4, 9 verified at runtime
2026-10-06T20:55:35.0527720Z   - history controls (go_back/go_forward observed via SourceChanged events)
2026-10-06T20:55:35.0527910Z   - settings (apply_settings returned Ok)
2026-10-06T20:55:35.0528060Z   - URL schemes (scrying-test:// served 3 pages successfully)
2026-10-06T20:55:35.0528260Z   - find_in_page → Some(true), request_pdf → 12150 bytes
2026-10-06T20:55:35.0528470Z demo-mac: browser-test: PASS — items 1, 3, 4, 9 verified at runtime
2026-10-06T20:55:35.0528830Z   - history controls (go_back/go_forward observed via SourceChanged events)
2026-10-06T20:55:35.0529010Z   - settings (apply_settings returned Ok)
2026-10-06T20:55:35.0529180Z   - URL schemes (scrying-test:// served 3 pages successfully)
2026-10-06T20:55:35.0529410Z   - find_in_page → Some(true), request_pdf → 12150 bytes
2026-10-06T20:55:35.0529520Z demo-mac: browser-test: PASS — items 1, 3, 4, 9 verified at runtime
2026-10-06T20:55:35.0529610Z   - history controls (go_back/go_forward observed via SourceChanged events)
2026-10-06T20:55:35.0529670Z   - settings (apply_settings returned Ok)
2026-10-06T20:55:35.0529740Z   - URL schemes (scrying-test:// served 3 pages successfully)
2026-10-06T20:55:35.0529830Z   - find_in_page → Some(true), request_pdf → 12150 bytes
2026-10-06T20:55:35.0529930Z demo-mac: browser-test: PASS — items 1, 3, 4, 9 verified at runtime
2026-10-06T20:55:35.0530020Z   - history controls (go_back/go_forward observed via SourceChanged events)
2026-10-06T20:55:35.0530070Z   - settings (apply_settings returned Ok)
2026-10-06T20:55:35.0530150Z   - URL schemes (scrying-test:// served 3 pages successfully)
2026-10-06T20:55:35.0530230Z   - find_in_page → Some(true), request_pdf → 12150 bytes
2026-10-06T20:55:35.0530340Z demo-mac: browser-test: PASS — items 1, 3, 4, 9 verified at runtime
2026-10-06T20:55:35.0530420Z   - history controls (go_back/go_forward observed via SourceChanged events)
2026-10-06T20:55:35.0530470Z   - settings (apply_settings returned Ok)
2026-10-06T20:55:35.0530530Z   - URL schemes (scrying-test:// served 3 pages successfully)
2026-10-06T20:55:35.0530610Z   - find_in_page → Some(true), request_pdf → 12150 bytes
2026-10-06T20:55:35.0530700Z demo-mac: browser-test: PASS — items 1, 3, 4, 9 verified at runtime
2026-10-06T20:55:35.0530780Z   - history controls (go_back/go_forward observed via SourceChanged events)
2026-10-06T20:55:35.0530820Z   - settings (apply_settings returned Ok)
2026-10-06T20:55:35.0530890Z   - URL schemes (scrying-test:// served 3 pages successfully)
2026-10-06T20:55:35.0530970Z   - find_in_page → Some(true), request_pdf → 12150 bytes
2026-10-06T20:55:35.0531060Z demo-mac: browser-test: PASS — items 1, 3, 4, 9 verified at runtime
2026-10-06T20:55:35.0531140Z   - history controls (go_back/go_forward observed via SourceChanged events)
2026-10-06T20:55:35.0531180Z   - settings (apply_settings returned Ok)
2026-10-06T20:55:35.0531250Z   - URL schemes (scrying-test:// served 3 pages successfully)
2026-10-06T20:55:35.0531320Z   - find_in_page → Some(true), request_pdf → 12150 bytes
2026-10-06T20:55:35.0531460Z demo-mac: browser-test: PASS — items 1, 3, 4, 9 verified at runtime
2026-10-06T20:55:35.0531540Z   - history controls (go_back/go_forward observed via SourceChanged events)
2026-10-06T20:55:35.0531590Z   - settings (apply_settings returned Ok)
2026-10-06T20:55:35.0531660Z   - URL schemes (scrying-test:// served 3 pages successfully)
2026-10-06T20:55:35.0531730Z   - find_in_page → Some(true), request_pdf → 12150 bytes
2026-10-06T20:55:35.0531820Z demo-mac: browser-test: PASS — items 1, 3, 4, 9 verified at runtime
2026-10-06T20:55:35.0531910Z   - history controls (go_back/go_forward observed via SourceChanged events)
2026-10-06T20:55:35.0531950Z   - settings (apply_settings returned Ok)
2026-10-06T20:55:35.0532020Z   - URL schemes (scrying-test:// served 3 pages successfully)
2026-10-06T20:55:35.0532100Z   - find_in_page → Some(true), request_pdf → 12150 bytes
2026-10-06T20:55:35.0532200Z demo-mac: browser-test: PASS — items 1, 3, 4, 9 verified at runtime
2026-10-06T20:55:35.0532290Z   - history controls (go_back/go_forward observed via SourceChanged events)
2026-10-06T20:55:35.0532340Z   - settings (apply_settings returned Ok)
2026-10-06T20:55:35.0532410Z   - URL schemes (scrying-test:// served 3 pages successfully)
2026-10-06T20:55:35.0532490Z   - find_in_page → Some(true), request_pdf → 12150 bytes
2026-10-06T20:55:35.0532600Z demo-mac: browser-test: PASS — items 1, 3, 4, 9 verified at runtime
2026-10-06T20:55:35.0532720Z   - history controls (go_back/go_forward observed via SourceChanged events)
2026-10-06T20:55:35.0532770Z   - settings (apply_settings returned Ok)
2026-10-06T20:55:35.0532850Z   - URL schemes (scrying-test:// served 3 pages successfully)
2026-10-06T20:55:35.0532930Z   - find_in_page → Some(true), request_pdf → 12150 bytes
2026-10-06T20:55:35.0533030Z demo-mac: browser-test: PASS — items 1, 3, 4, 9 verified at runtime
2026-10-06T20:55:35.0533120Z   - history controls (go_back/go_forward observed via SourceChanged events)
2026-10-06T20:55:35.0533170Z   - settings (apply_settings returned Ok)
2026-10-06T20:55:35.0533240Z   - URL schemes (scrying-test:// served 3 pages successfully)
2026-10-06T20:55:35.0533330Z   - find_in_page → Some(true), request_pdf → 12150 bytes
2026-10-06T20:55:35.0533430Z demo-mac: browser-test: PASS — items 1, 3, 4, 9 verified at runtime
2026-10-06T20:55:35.0533520Z   - history controls (go_back/go_forward observed via SourceChanged events)
2026-10-06T20:55:35.0533620Z   - settings (apply_settings returned Ok)
2026-10-06T20:55:35.0533700Z   - URL schemes (scrying-test:// served 3 pages successfully)
2026-10-06T20:55:35.0537260Z   - find_in_page → Some(true), request_pdf → 12150 bytes
2026-10-06T20:55:35.0537380Z demo-mac: browser-test: PASS — items 1, 3, 4, 9 verified at runtime
2026-10-06T20:55:35.0537460Z   - history controls (go_back/go_forward observed via SourceChanged events)
2026-10-06T20:55:35.0537510Z   - settings (apply_settings returned Ok)
2026-10-06T20:55:35.0537580Z   - URL schemes (scrying-test:// served 3 pages successfully)
2026-10-06T20:55:35.0537650Z   - find_in_page → Some(true), request_pdf → 12150 bytes
2026-10-06T20:55:35.0537740Z demo-mac: browser-test: PASS — items 1, 3, 4, 9 verified at runtime
2026-10-06T20:55:35.0537820Z   - history controls (go_back/go_forward observed via SourceChanged events)
2026-10-06T20:55:35.0537870Z   - settings (apply_settings returned Ok)
2026-10-06T20:55:35.0537930Z   - URL schemes (scrying-test:// served 3 pages successfully)
2026-10-06T20:55:35.0538010Z   - find_in_page → Some(true), request_pdf → 12150 bytes
2026-10-06T20:55:35.0538110Z demo-mac: browser-test: PASS — items 1, 3, 4, 9 verified at runtime
2026-10-06T20:55:35.0538180Z   - history controls (go_back/go_forward observed via SourceChanged events)
2026-10-06T20:55:35.0538230Z   - settings (apply_settings returned Ok)
2026-10-06T20:55:35.0538290Z   - URL schemes (scrying-test:// served 3 pages successfully)
2026-10-06T20:55:35.0538370Z   - find_in_page → Some(true), request_pdf → 12150 bytes
2026-10-06T20:55:35.0538460Z demo-mac: browser-test: PASS — items 1, 3, 4, 9 verified at runtime
2026-10-06T20:55:35.0538650Z   - history controls (go_back/go_forward observed via SourceChanged events)
2026-10-06T20:55:35.0538700Z   - settings (apply_settings returned Ok)
2026-10-06T20:55:35.0538770Z   - URL schemes (scrying-test:// served 3 pages successfully)
2026-10-06T20:55:35.0538840Z   - find_in_page → Some(true), request_pdf → 12150 bytes
2026-10-06T20:55:35.0538940Z demo-mac: browser-test: PASS — items 1, 3, 4, 9 verified at runtime
2026-10-06T20:55:35.0539020Z   - history controls (go_back/go_forward observed via SourceChanged events)
2026-10-06T20:55:35.0539070Z   - settings (apply_settings returned Ok)
2026-10-06T20:55:35.0539130Z   - URL schemes (scrying-test:// served 3 pages successfully)
2026-10-06T20:55:35.0539200Z   - find_in_page → Some(true), request_pdf → 12150 bytes
2026-10-06T20:55:35.0539300Z demo-mac: browser-test: PASS — items 1, 3, 4, 9 verified at runtime
2026-10-06T20:55:35.0539380Z   - history controls (go_back/go_forward observed via SourceChanged events)
2026-10-06T20:55:35.0539440Z   - settings (apply_settings returned Ok)
2026-10-06T20:55:35.0539510Z   - URL schemes (scrying-test:// served 3 pages successfully)
2026-10-06T20:55:35.0539590Z   - find_in_page → Some(true), request_pdf → 12150 bytes
2026-10-06T20:55:35.0539690Z demo-mac: browser-test: PASS — items 1, 3, 4, 9 verified at runtime
2026-10-06T20:55:35.0539780Z   - history controls (go_back/go_forward observed via SourceChanged events)
2026-10-06T20:55:35.0539870Z   - settings (apply_settings returned Ok)
2026-10-06T20:55:35.0539950Z   - URL schemes (scrying-test:// served 3 pages successfully)
2026-10-06T20:55:35.0540030Z   - find_in_page → Some(true), request_pdf → 12150 bytes
2026-10-06T20:55:35.0540130Z demo-mac: browser-test: PASS — items 1, 3, 4, 9 verified at runtime
2026-10-06T20:55:35.0540220Z   - history controls (go_back/go_forward observed via SourceChanged events)
2026-10-06T20:55:35.0540270Z   - settings (apply_settings returned Ok)
2026-10-06T20:55:35.0540340Z   - URL schemes (scrying-test:// served 3 pages successfully)
2026-10-06T20:55:35.0540420Z   - find_in_page → Some(true), request_pdf → 12150 bytes
2026-10-06T20:55:35.0540510Z demo-mac: browser-test: PASS — items 1, 3, 4, 9 verified at runtime
2026-10-06T20:55:35.0540590Z   - history controls (go_back/go_forward observed via SourceChanged events)
2026-10-06T20:55:35.0540640Z   - settings (apply_settings returned Ok)
2026-10-06T20:55:35.0540710Z   - URL schemes (scrying-test:// served 3 pages successfully)
2026-10-06T20:55:35.0540780Z   - find_in_page → Some(true), request_pdf → 12150 bytes
2026-10-06T20:55:35.0540870Z demo-mac: browser-test: PASS — items 1, 3, 4, 9 verified at runtime
2026-10-06T20:55:35.0540950Z   - history controls (go_back/go_forward observed via SourceChanged events)
2026-10-06T20:55:35.0541000Z   - settings (apply_settings returned Ok)
2026-10-06T20:55:35.0541060Z   - URL schemes (scrying-test:// served 3 pages successfully)
2026-10-06T20:55:35.0541130Z   - find_in_page → Some(true), request_pdf → 12150 bytes
2026-10-06T20:55:35.0541230Z demo-mac: browser-test: PASS — items 1, 3, 4, 9 verified at runtime
2026-10-06T20:55:35.0541310Z   - history controls (go_back/go_forward observed via SourceChanged events)
2026-10-06T20:55:35.0541360Z   - settings (apply_settings returned Ok)
2026-10-06T20:55:35.0541420Z   - URL schemes (scrying-test:// served 3 pages successfully)
2026-10-06T20:55:35.0541500Z   - find_in_page → Some(true), request_pdf → 12150 bytes
2026-10-06T20:55:35.0541610Z demo-mac: browser-test: PASS — items 1, 3, 4, 9 verified at runtime
2026-10-06T20:55:35.0541700Z   - history controls (go_back/go_forward observed via SourceChanged events)
2026-10-06T20:55:35.0541750Z   - settings (apply_settings returned Ok)
2026-10-06T20:55:35.0541820Z   - URL schemes (scrying-test:// served 3 pages successfully)
2026-10-06T20:55:35.0541900Z   - find_in_page → Some(true), request_pdf → 12150 bytes
2026-10-06T20:55:35.0542000Z demo-mac: browser-test: PASS — items 1, 3, 4, 9 verified at runtime
2026-10-06T20:55:35.0542130Z   - history controls (go_back/go_forward observed via SourceChanged events)
2026-10-06T20:55:35.0542180Z   - settings (apply_settings returned Ok)
2026-10-06T20:55:35.0542250Z   - URL schemes (scrying-test:// served 3 pages successfully)
2026-10-06T20:55:35.0542330Z   - find_in_page → Some(true), request_pdf → 12150 bytes
2026-10-06T20:55:35.0542440Z demo-mac: browser-test: PASS — items 1, 3, 4, 9 verified at runtime
2026-10-06T20:55:35.0542530Z   - history controls (go_back/go_forward observed via SourceChanged events)
2026-10-06T20:55:35.0542580Z   - settings (apply_settings returned Ok)
2026-10-06T20:55:35.0542660Z   - URL schemes (scrying-test:// served 3 pages successfully)
2026-10-06T20:55:35.0542740Z   - find_in_page → Some(true), request_pdf → 12150 bytes
2026-10-06T20:55:35.0542840Z demo-mac: browser-test: PASS — items 1, 3, 4, 9 verified at runtime
2026-10-06T20:55:35.0542930Z   - history controls (go_back/go_forward observed via SourceChanged events)
2026-10-06T20:55:35.0542980Z   - settings (apply_settings returned Ok)
2026-10-06T20:55:35.0543050Z   - URL schemes (scrying-test:// served 3 pages successfully)
2026-10-06T20:55:35.0543130Z   - find_in_page → Some(true), request_pdf → 12150 bytes
2026-10-06T20:55:35.0543240Z demo-mac: browser-test: PASS — items 1, 3, 4, 9 verified at runtime
2026-10-06T20:55:35.0543330Z   - history controls (go_back/go_forward observed via SourceChanged events)
2026-10-06T20:55:35.0543410Z   - settings (apply_settings returned Ok)
2026-10-06T20:55:35.0543490Z   - URL schemes (scrying-test:// served 3 pages successfully)
2026-10-06T20:55:35.0543570Z   - find_in_page → Some(true), request_pdf → 12150 bytes
2026-10-06T20:55:35.0543670Z demo-mac: browser-test: PASS — items 1, 3, 4, 9 verified at runtime
2026-10-06T20:55:35.0543760Z   - history controls (go_back/go_forward observed via SourceChanged events)
2026-10-06T20:55:35.0543810Z   - settings (apply_settings returned Ok)
2026-10-06T20:55:35.0543880Z   - URL schemes (scrying-test:// served 3 pages successfully)
2026-10-06T20:55:35.0543960Z   - find_in_page → Some(true), request_pdf → 12150 bytes
2026-10-06T20:55:35.0544070Z demo-mac: browser-test: PASS — items 1, 3, 4, 9 verified at runtime
2026-10-06T20:55:35.0544160Z   - history controls (go_back/go_forward observed via SourceChanged events)
2026-10-06T20:55:35.0544210Z   - settings (apply_settings returned Ok)
2026-10-06T20:55:35.0544280Z   - URL schemes (scrying-test:// served 3 pages successfully)
2026-10-06T20:55:35.0544360Z   - find_in_page → Some(true), request_pdf → 12150 bytes
2026-10-06T20:55:35.0544470Z demo-mac: browser-test: PASS — items 1, 3, 4, 9 verified at runtime
2026-10-06T20:55:35.0544550Z   - history controls (go_back/go_forward observed via SourceChanged events)
2026-10-06T20:55:35.0544600Z   - settings (apply_settings returned Ok)
2026-10-06T20:55:35.0544680Z   - URL schemes (scrying-test:// served 3 pages successfully)
2026-10-06T20:55:35.0544760Z   - find_in_page → Some(true), request_pdf → 12150 bytes
2026-10-06T20:55:35.0544860Z demo-mac: browser-test: PASS — items 1, 3, 4, 9 verified at runtime
2026-10-06T20:55:35.0544950Z   - history controls (go_back/go_forward observed via SourceChanged events)
2026-10-06T20:55:35.0545000Z   - settings (apply_settings returned Ok)
2026-10-06T20:55:35.0545070Z   - URL schemes (scrying-test:// served 3 pages successfully)
2026-10-06T20:55:35.0545160Z   - find_in_page → Some(true), request_pdf → 12150 bytes
2026-10-06T20:55:35.0545260Z demo-mac: browser-test: PASS — items 1, 3, 4, 9 verified at runtime
2026-10-06T20:55:35.0545360Z   - history controls (go_back/go_forward observed via SourceChanged events)
2026-10-06T20:55:35.0545400Z   - settings (apply_settings returned Ok)
2026-10-06T20:55:35.0545460Z   - URL schemes (scrying-test:// served 3 pages successfully)
2026-10-06T20:55:35.0545540Z   - find_in_page → Some(true), request_pdf → 12150 bytes
2026-10-06T20:55:35.0545630Z demo-mac: browser-test: PASS — items 1, 3, 4, 9 verified at runtime
2026-10-06T20:55:35.0545740Z   - history controls (go_back/go_forward observed via SourceChanged events)
2026-10-06T20:55:35.0545790Z   - settings (apply_settings returned Ok)
2026-10-06T20:55:35.0545860Z   - URL schemes (scrying-test:// served 3 pages successfully)
2026-10-06T20:55:35.0545940Z   - find_in_page → Some(true), request_pdf → 12150 bytes
2026-10-06T20:55:35.0546030Z demo-mac: browser-test: PASS — items 1, 3, 4, 9 verified at runtime
2026-10-06T20:55:35.0546110Z   - history controls (go_back/go_forward observed via SourceChanged events)
2026-10-06T20:55:35.0546160Z   - settings (apply_settings returned Ok)
2026-10-06T20:55:35.0546230Z   - URL schemes (scrying-test:// served 3 pages successfully)
2026-10-06T20:55:35.0546300Z   - find_in_page → Some(true), request_pdf → 12150 bytes
2026-10-06T20:55:35.0546390Z demo-mac: browser-test: PASS — items 1, 3, 4, 9 verified at runtime
2026-10-06T20:55:35.0546470Z   - history controls (go_back/go_forward observed via SourceChanged events)
2026-10-06T20:55:35.0546520Z   - settings (apply_settings returned Ok)
2026-10-06T20:55:35.0546590Z   - URL schemes (scrying-test:// served 3 pages successfully)
2026-10-06T20:55:35.0546660Z   - find_in_page → Some(true), request_pdf → 12150 bytes
2026-10-06T20:55:35.0546750Z demo-mac: browser-test: PASS — items 1, 3, 4, 9 verified at runtime
2026-10-06T20:55:35.0546830Z   - history controls (go_back/go_forward observed via SourceChanged events)
2026-10-06T20:55:35.0546880Z   - settings (apply_settings returned Ok)
2026-10-06T20:55:35.0547010Z   - URL schemes (scrying-test:// served 3 pages successfully)
2026-10-06T20:55:35.0547090Z   - find_in_page → Some(true), request_pdf → 12150 bytes
2026-10-06T20:55:35.0547190Z demo-mac: browser-test: PASS — items 1, 3, 4, 9 verified at runtime
2026-10-06T20:55:35.0547280Z   - history controls (go_back/go_forward observed via SourceChanged events)
2026-10-06T20:55:35.0547330Z   - settings (apply_settings returned Ok)
2026-10-06T20:55:35.0547400Z   - URL schemes (scrying-test:// served 3 pages successfully)
2026-10-06T20:55:35.0547490Z   - find_in_page → Some(true), request_pdf → 12150 bytes
2026-10-06T20:55:35.0547600Z demo-mac: browser-test: PASS — items 1, 3, 4, 9 verified at runtime
2026-10-06T20:55:35.0547680Z   - history controls (go_back/go_forward observed via SourceChanged events)
2026-10-06T20:55:35.0547730Z   - settings (apply_settings returned Ok)
2026-10-06T20:55:35.0547810Z   - URL schemes (scrying-test:// served 3 pages successfully)
2026-10-06T20:55:35.0547890Z   - find_in_page → Some(true), request_pdf → 12150 bytes
2026-10-06T20:55:35.0547990Z demo-mac: browser-test: PASS — items 1, 3, 4, 9 verified at runtime
2026-10-06T20:55:35.0548080Z   - history controls (go_back/go_forward observed via SourceChanged events)
2026-10-06T20:55:35.0548130Z   - settings (apply_settings returned Ok)
2026-10-06T20:55:35.0548200Z   - URL schemes (scrying-test:// served 3 pages successfully)
2026-10-06T20:55:35.0548290Z   - find_in_page → Some(true), request_pdf → 12150 bytes
2026-10-06T20:55:35.0548390Z demo-mac: browser-test: PASS — items 1, 3, 4, 9 verified at runtime
2026-10-06T20:55:35.0548490Z   - history controls (go_back/go_forward observed via SourceChanged events)
2026-10-06T20:55:35.0548540Z   - settings (apply_settings returned Ok)
2026-10-06T20:55:35.0548610Z   - URL schemes (scrying-test:// served 3 pages successfully)
2026-10-06T20:55:35.0548690Z   - find_in_page → Some(true), request_pdf → 12150 bytes
2026-10-06T20:55:35.0548790Z demo-mac: browser-test: PASS — items 1, 3, 4, 9 verified at runtime
2026-10-06T20:55:35.0548890Z   - history controls (go_back/go_forward observed via SourceChanged events)
2026-10-06T20:55:35.0548940Z   - settings (apply_settings returned Ok)
2026-10-06T20:55:35.0549010Z   - URL schemes (scrying-test:// served 3 pages successfully)
2026-10-06T20:55:35.0549100Z   - find_in_page → Some(true), request_pdf → 12150 bytes
2026-10-06T20:55:35.0549200Z demo-mac: browser-test: PASS — items 1, 3, 4, 9 verified at runtime
2026-10-06T20:55:35.0549290Z   - history controls (go_back/go_forward observed via SourceChanged events)
2026-10-06T20:55:35.0549360Z   - settings (apply_settings returned Ok)
2026-10-06T20:55:35.0549440Z   - URL schemes (scrying-test:// served 3 pages successfully)
2026-10-06T20:55:35.0549520Z   - find_in_page → Some(true), request_pdf → 12150 bytes
2026-10-06T20:55:35.0549620Z demo-mac: browser-test: PASS — items 1, 3, 4, 9 verified at runtime
2026-10-06T20:55:35.0549710Z   - history controls (go_back/go_forward observed via SourceChanged events)
2026-10-06T20:55:35.0549770Z   - settings (apply_settings returned Ok)
2026-10-06T20:55:35.0549840Z   - URL schemes (scrying-test:// served 3 pages successfully)
2026-10-06T20:55:35.0549920Z   - find_in_page → Some(true), request_pdf → 12150 bytes
2026-10-06T20:55:35.0550020Z demo-mac: browser-test: PASS — items 1, 3, 4, 9 verified at runtime
2026-10-06T20:55:35.0550110Z   - history controls (go_back/go_forward observed via SourceChanged events)
2026-10-06T20:55:35.0550160Z   - settings (apply_settings returned Ok)
2026-10-06T20:55:35.0550230Z   - URL schemes (scrying-test:// served 3 pages successfully)
2026-10-06T20:55:35.0550310Z   - find_in_page → Some(true), request_pdf → 12150 bytes
2026-10-06T20:55:35.0550390Z   -> PASS
2026-10-06T20:55:35.0550400Z 
2026-10-06T20:55:35.0550450Z ==> --interaction-state-test
2026-10-06T20:55:36.4305830Z demo-mac: nav event: Starting { url: "scrying-test://history-1" }
2026-10-06T20:55:36.4306100Z demo-mac: nav event: SourceChanged { url: "scrying-test://history-1" }
2026-10-06T20:55:36.4306540Z demo-mac: js->host: loaded:history-1
2026-10-06T20:55:36.4306770Z demo-mac: nav event: Completed { url: "scrying-test://history-1", success: true }
2026-10-06T20:55:36.4307020Z demo-mac: nav event: Starting { url: "scrying-test://history-2" }
2026-10-06T20:55:36.4307250Z demo-mac: nav event: SourceChanged { url: "scrying-test://history-2" }
2026-10-06T20:55:36.4307490Z demo-mac: nav event: Completed { url: "scrying-test://history-2", success: true }
2026-10-06T20:55:36.4307700Z demo-mac: js->host: loaded:history-2
2026-10-06T20:55:36.4307880Z demo-mac: nav event: Starting { url: "scrying-test://find-target" }
2026-10-06T20:55:36.4308120Z demo-mac: nav event: SourceChanged { url: "scrying-test://find-target" }
2026-10-06T20:55:36.4308310Z demo-mac: js->host: loaded:find-target
2026-10-06T20:55:36.4308510Z demo-mac: nav event: Completed { url: "scrying-test://find-target", success: true }
2026-10-06T20:55:36.4308750Z demo-mac: interaction-state-test: serialized 1024 bytes at C
2026-10-06T20:55:36.4308960Z demo-mac: nav event: Starting { url: "scrying-test://history-2" }
2026-10-06T20:55:36.4309200Z demo-mac: nav event: SourceChanged { url: "scrying-test://history-2" }
2026-10-06T20:55:36.4309490Z demo-mac: nav event: Completed { url: "scrying-test://history-2", success: true }
2026-10-06T20:55:36.4309750Z demo-mac: nav event: Starting { url: "scrying-test://history-1" }
2026-10-06T20:55:36.4309970Z demo-mac: nav event: SourceChanged { url: "scrying-test://history-1" }
2026-10-06T20:55:36.4310200Z demo-mac: nav event: Completed { url: "scrying-test://history-1", success: true }
2026-10-06T20:55:36.4310490Z demo-mac: interaction-state-test: restore_interaction_state ok
2026-10-06T20:55:36.4310730Z demo-mac: nav event: Starting { url: "scrying-test://find-target" }
2026-10-06T20:55:36.4310940Z demo-mac: nav event: SourceChanged { url: "scrying-test://find-target" }
2026-10-06T20:55:36.4311100Z demo-mac: js->host: loaded:find-target
2026-10-06T20:55:36.4311280Z demo-mac: nav event: Completed { url: "scrying-test://find-target", success: true }
2026-10-06T20:55:36.4311480Z demo-mac: interaction-state-test: restored to C
2026-10-06T20:55:36.4311800Z demo-mac: interaction-state-test: PASS — serialize/restore round-trip verified
2026-10-06T20:55:36.4312030Z   - serialized at C (1024 bytes), navigated back to A, restore landed on C
2026-10-06T20:55:36.4312220Z   - post-restore can_go_back == true, can_go_forward == false
2026-10-06T20:55:36.4322760Z   -> PASS
2026-10-06T20:55:36.4336580Z 
2026-10-06T20:55:36.4336760Z ==> --pointer-input-test
2026-10-06T20:55:37.6473380Z demo-mac: nav event: Starting { url: "scrying-test://pointer" }
2026-10-06T20:55:37.6473660Z demo-mac: nav event: SourceChanged { url: "scrying-test://pointer" }
2026-10-06T20:55:37.6473860Z demo-mac: js->host: ready
2026-10-06T20:55:37.6473990Z demo-mac: pointer-input-test: page ready
2026-10-06T20:55:37.6474200Z demo-mac: nav event: Completed { url: "scrying-test://pointer", success: true }
2026-10-06T20:55:37.6474430Z demo-mac: cursor change: Default
2026-10-06T20:55:37.6474570Z demo-mac: js->host: ptr:down:50,718:mouse
2026-10-06T20:55:37.6474710Z demo-mac: js->host: ptr:move:75,693:mouse
2026-10-06T20:55:37.6474870Z demo-mac: js->host: ptr:up:75,693:mouse
2026-10-06T20:55:37.6475180Z demo-mac: pointer-input-test: PASS — Down/Update/Up reached JS pointer listeners
2026-10-06T20:55:37.6475420Z   - JS observed: down=true move=true up=true leave=false
2026-10-06T20:55:37.6475660Z   - WebKit reported pointerType = Some("mouse") (macOS collapses every device to mouse)
2026-10-06T20:55:37.6476120Z demo-mac: pointer-input-test: PASS — Down/Update/Up reached JS pointer listeners
2026-10-06T20:55:37.6476350Z   - JS observed: down=true move=true up=true leave=false
2026-10-06T20:55:37.6476570Z   - WebKit reported pointerType = Some("mouse") (macOS collapses every device to mouse)
2026-10-06T20:55:37.6476880Z demo-mac: pointer-input-test: PASS — Down/Update/Up reached JS pointer listeners
2026-10-06T20:55:37.6477090Z   - JS observed: down=true move=true up=true leave=false
2026-10-06T20:55:37.6479220Z   - WebKit reported pointerType = Some("mouse") (macOS collapses every device to mouse)
2026-10-06T20:55:37.6479530Z demo-mac: pointer-input-test: PASS — Down/Update/Up reached JS pointer listeners
2026-10-06T20:55:37.6479750Z   - JS observed: down=true move=true up=true leave=false
2026-10-06T20:55:37.6479950Z   - WebKit reported pointerType = Some("mouse") (macOS collapses every device to mouse)
2026-10-06T20:55:37.6480220Z demo-mac: pointer-input-test: PASS — Down/Update/Up reached JS pointer listeners
2026-10-06T20:55:37.6480430Z   - JS observed: down=true move=true up=true leave=false
2026-10-06T20:55:37.6480630Z   - WebKit reported pointerType = Some("mouse") (macOS collapses every device to mouse)
2026-10-06T20:55:37.6480890Z demo-mac: pointer-input-test: PASS — Down/Update/Up reached JS pointer listeners
2026-10-06T20:55:37.6481090Z   - JS observed: down=true move=true up=true leave=false
2026-10-06T20:55:37.6481280Z   - WebKit reported pointerType = Some("mouse") (macOS collapses every device to mouse)
2026-10-06T20:55:37.6481550Z demo-mac: pointer-input-test: PASS — Down/Update/Up reached JS pointer listeners
2026-10-06T20:55:37.6481750Z   - JS observed: down=true move=true up=true leave=false
2026-10-06T20:55:37.6481940Z   - WebKit reported pointerType = Some("mouse") (macOS collapses every device to mouse)
2026-10-06T20:55:37.6488530Z   -> PASS
2026-10-06T20:55:37.6502370Z 
2026-10-06T20:55:37.6502560Z ==> --incognito-test
2026-10-06T20:55:38.3428970Z demo-mac: --incognito-test: spun up persistent comparison producer
2026-10-06T20:55:38.3429290Z demo-mac: incognito-test: set_cookie 'scrying-incognito-60203' on incognito producer
2026-10-06T20:55:38.3429550Z demo-mac: incognito-test: incognito store reports 1 cookie(s)
2026-10-06T20:55:38.3429760Z demo-mac: incognito-test: persistent store reports 0 cookie(s)
2026-10-06T20:55:38.3430120Z demo-mac: incognito-test: PASS — non_persistent stores stay isolated from persistent ones
2026-10-06T20:55:38.3430410Z   - set_cookie on incognito producer was visible to its own request_all_cookies
2026-10-06T20:55:38.3430700Z   - same cookie was absent from a separate persistent producer's store
2026-10-06T20:55:38.3443960Z   -> PASS
2026-10-06T20:55:38.3458460Z 
2026-10-06T20:55:38.3458630Z ==> --download-test
2026-10-06T20:55:45.5112780Z demo-mac: download-test: serving payload at http://127.0.0.1:55905/download
2026-10-06T20:55:45.5113100Z demo-mac: download-test: auth-required payload at http://127.0.0.1:55905/download-auth
2026-10-06T20:55:45.5113620Z demo-mac: nav event: Starting { url: "http://127.0.0.1:55905/download" }
2026-10-06T20:55:45.5114300Z demo-mac: nav event: DownloadStarted { id: DownloadId(1), url: "http://127.0.0.1:55905/download", suggested_filename: "scrying-download.bin", destination_path: "/Users/markik/Code/targets/wgpu-scry-hardware/demo-mac-download-test-60228/download-output/scrying-download.bin", total_bytes_expected: Some(262144) }
2026-10-06T20:55:45.5114940Z demo-mac: nav event: Completed { url: "", success: false }
2026-10-06T20:55:45.5115240Z demo-mac: nav event: DownloadProgress { id: DownloadId(1), bytes_written: 262144, total_bytes_expected: Some(262144) }
2026-10-06T20:55:45.5115780Z demo-mac: nav event: DownloadFinished { id: DownloadId(1), destination_path: "/Users/markik/Code/targets/wgpu-scry-hardware/demo-mac-download-test-60228/download-output/scrying-download.bin", error: None }
2026-10-06T20:55:45.5116470Z demo-mac: download-test: phase A: 262144 bytes landed at /Users/markik/Code/targets/wgpu-scry-hardware/demo-mac-download-test-60228/download-output/scrying-download.bin (matches served payload)
2026-10-06T20:55:45.5116940Z demo-mac: nav event: Starting { url: "http://127.0.0.1:55905/download" }
2026-10-06T20:55:45.5117150Z demo-mac: nav event: Completed { url: "", success: false }
2026-10-06T20:55:45.5117430Z demo-mac: nav event: DownloadCancelled { id: DownloadId(2), destination_path: "", resume_data: None }
2026-10-06T20:55:45.5117720Z demo-mac: download-test: phase B: DownloadCancelled fired for id 2 after host Cancel decision
2026-10-06T20:55:45.5118080Z demo-mac: download-test: phase C: cancel_download(unknown) returned Ok(false) as expected
2026-10-06T20:55:45.5118370Z demo-mac: download-test: auth challenge for host '127.0.0.1' method 'NSURLAuthenticationMethodHTTPBasic'
2026-10-06T20:55:45.5118780Z demo-mac: nav event: AuthChallenged { url: "http://127.0.0.1:55905/download-auth", host: "127.0.0.1", auth_method: "NSURLAuthenticationMethodHTTPBasic", source: Download }
2026-10-06T20:55:45.5119670Z demo-mac: nav event: DownloadStarted { id: DownloadId(3), url: "http://127.0.0.1:55905/download-auth", suggested_filename: "scrying-download.bin", destination_path: "/Users/markik/Code/targets/wgpu-scry-hardware/demo-mac-download-test-60228/download-output/scrying-download-1.bin", total_bytes_expected: Some(262144) }
2026-10-06T20:55:45.5120300Z demo-mac: nav event: DownloadProgress { id: DownloadId(3), bytes_written: 262144, total_bytes_expected: Some(262144) }
2026-10-06T20:55:45.5120790Z demo-mac: nav event: DownloadFinished { id: DownloadId(3), destination_path: "/Users/markik/Code/targets/wgpu-scry-hardware/demo-mac-download-test-60228/download-output/scrying-download-1.bin", error: None }
2026-10-06T20:55:45.5121290Z demo-mac: download-test: phase D: auth-protected download succeeded with 262144 bytes after credentials supplied
2026-10-06T20:55:45.5121570Z demo-mac: nav event: Starting { url: "http://127.0.0.1:55905/download-slow" }
2026-10-06T20:55:45.5121760Z demo-mac: nav event: Completed { url: "", success: false }
2026-10-06T20:55:45.5122310Z demo-mac: nav event: DownloadStarted { id: DownloadId(4), url: "http://127.0.0.1:55905/download-slow", suggested_filename: "scrying-download.bin", destination_path: "/Users/markik/Code/targets/wgpu-scry-hardware/demo-mac-download-test-60228/download-output/scrying-download-2.bin", total_bytes_expected: Some(262144) }
2026-10-06T20:55:45.5122900Z demo-mac: download-test: phase E: cancel_download(4) -> Ok(true), awaiting resume_data
2026-10-06T20:55:45.5153230Z demo-mac: nav event: DownloadCancelled { id: DownloadId(4), destination_path: "/Users/markik/Code/targets/wgpu-scry-hardware/demo-mac-download-test-60228/download-output/scrying-download-2.bin", resume_data: Some([98, 112, 108, 105, 115, 116, 48, 48, 212, 1, 2, 3, 4, 5, 6, 7, 10, 88, 36, 118, 101, 114, 115, 105, 111, 110, 89, 36, 97, 114, 99, 104, 105, 118, 101, 114, 84, 36, 116, 111, 112, 88, 36, 111, 98, 106, 101, 99, 116, 115, 18, 0, 1, 134, 160, 95, 16, 15, 78, 83, 75, 101, 121, 101, 100, 65, 114, 99, 104, 105, 118, 101, 114, 209, 8, 9, 95, 16, 27, 78, 83, 75, 101, 121, 101, 100, 65, 114, 99, 104, 105, 118, 101, 82, 111, 111, 116, 79, 98, 106, 101, 99, 116, 75, 101, 121, 128, 1, 167, 11, 12, 23, 24, 25, 26, 27, 85, 36, 110, 117, 108, 108, 211, 13, 14, 15, 16, 19, 22, 87, 78, 83, 46, 107, 101, 121, 115, 90, 78, 83, 46, 111, 98, 106, 101, 99, 116, 115, 86, 36, 99, 108, 97, 115, 115, 162, 17, 18, 128, 2, 128, 3, 162, 20, 21, 128, 4, 128, 5, 128, 6, 84, 100, 97, 116, 97, 95, 16, 31, 78, 83, 85, 82, 76, 83, 101, 115, 115, 105, 111, 110, 82, 101, 115, 117, 109, 101, 73, 110, 102, 111, 76, 111, 99, 97, 108, 80, 97, 116, 104, 79, 17, 28, 216, 54, 21, 8, 37, 18, 7, 67, 95, 212, 0, 1, 0, 2, 0, 3, 0, 4, 0, 5, 0, 6, 0, 7, 0, 10, 88, 36, 118, 101, 114, 115, 105, 111, 110, 89, 36, 97, 114, 99, 104, 105, 118, 101, 114, 84, 36, 116, 111, 112, 88, 36, 111, 98, 106, 101, 99, 116, 115, 18, 0, 1, 134, 160, 95, 16, 15, 78, 83, 75, 101, 121, 101, 100, 65, 114, 99, 104, 105, 118, 101, 114, 209, 0, 8, 0, 9, 84, 114, 111, 111, 116, 128, 1, 175, 16, 79, 0, 11, 0, 12, 0, 43, 0, 31, 0, 153, 0, 159, 0, 160, 0, 166, 0, 107, 0, 167, 0, 171, 0, 121, 0, 173, 0, 42, 0, 174, 0, 142, 0, 175, 0, 176, 0, 196, 0, 197, 0, 198, 0, 199, 0, 200, 0, 201, 0, 202, 0, 203, 0, 204, 0, 205, 0, 206, 0, 207, 0, 208, 0, 209, 0, 210, 0, 214, 0, 228, 0, 229, 0, 230, 0, 231, 0, 232, 0, 233, 0, 234, 0, 235, 0, 236, 0, 242, 0, 243, 0, 244, 0, 247, 0, 252, 1, 44, 1, 62, 1, 63, 1, 64, 1, 78, 1, 84, 1, 99, 0, 28, 1, 100, 1, 101, 1, 121, 1, 122, 1, 123, 1, 124, 1, 125, 1, 126, 1, 127, 1, 128, 1, 129, 1, 130, 1, 131, 1, 132, 1, 133, 1, 134, 1, 135, 1, 136, 1, 140, 1, 144, 1, 149, 1, 153, 1, 154, 85, 36, 110, 117, 108, 108, 223, 16, 15, 0, 13, 0, 14, 0, 15, 0, 16, 0, 17, 0, 18, 0, 19, 0, 20, 0, 21, 0, 22, 0, 23, 0, 24, 0, 25, 0, 26, 0, 27, 0, 28, 0, 29, 0, 30, 0, 31, 0, 32, 0, 33, 0, 34, 0, 35, 0, 36, 0, 37, 0, 29, 0, 31, 0, 40, 0, 29, 0, 42, 94, 116, 97, 115, 107, 73, 100, 101, 110, 116, 105, 102, 105, 101, 114, 95, 16, 15, 116, 97, 115, 107, 68, 101, 115, 99, 114, 105, 112, 116, 105, 111, 110, 95, 16, 31, 99, 111, 117, 110, 116, 79, 102, 66, 121, 116, 101, 115, 67, 108, 105, 101, 110, 116, 69, 120, 112, 101, 99, 116, 115, 84, 111, 83, 101, 110, 100, 95, 16, 21, 95, 107, 101, 101, 112, 68, 111, 119, 110, 108, 111, 97, 100, 84, 97, 115, 107, 70, 105, 108, 101, 88, 112, 114, 105, 111, 114, 105, 116, 121, 87, 102, 105, 108, 101, 85, 82, 76, 95, 16, 34, 99, 111, 117, 110, 116, 79, 102, 66, 121, 116, 101, 115, 67, 108, 105, 101, 110, 116, 69, 120, 112, 101, 99, 116, 115, 84, 111, 82, 101, 99, 101, 105, 118, 101, 95, 16, 15, 111, 114, 105, 103, 105, 110, 97, 108, 82, 101, 113, 117, 101, 115, 116, 86, 36, 99, 108, 97, 115, 115, 94, 99, 117, 114, 114, 101, 110, 116, 82, 101, 113, 117, 101, 115, 116, 95, 16, 17, 101, 97, 114, 108, 105, 101, 115, 116, 66, 101, 103, 105, 110, 68, 97, 116, 101, 95, 16, 26, 112, 114, 101, 102, 101, 114, 115, 73, 110, 99, 114, 101, 109, 101, 110, 116, 97, 108, 68, 101, 108, 105, 118, 101, 114, 121, 88, 114, 101, 115, 112, 111, 110, 115, 101, 92, 116, 101, 109, 112, 70, 105, 108, 101, 78, 97, 109, 101, 89, 115, 116, 97, 114, 116, 84, 105, 109, 101, 16, 0, 128, 0, 19, 255, 255, 255, 255, 255, 255, 255, 255, 8, 34, 63, 128, 0, 0, 128, 76, 18, 0, 4, 0, 0, 128, 2, 128, 78, 128, 47, 128, 0, 8, 128, 53, 128, 0, 35, 0, 0, 0, 0, 0, 0, 0, 0, 223, 16, 58, 0, 44, 0, 45, 0, 46, 0, 47, 0, 48, 0, 49, 0, 50, 0, 51, 0, 52, 0, 53, 0, 54, 0, 55, 0, 56, 0, 57, 0, 58, 0, 59, 0, 60, 0, 61, 0, 62, 0, 63, 0, 64, 0, 65, 0, 66, 0, 67, 0, 68, 0, 69, 0, 70, 0, 71, 0, 72, 0, 73, 0, 74, 0, 75, 0, 76, 0, 77, 0, 78, 0, 79, 0, 80, 0, 81, 0, 82, 0, 21, 0, 83, 0, 84, 0, 85, 0, 86, 0, 87, 0, 88, 0, 89, 0, 90, 0, 91, 0, 92, 0, 93, 0, 94, 0, 95, 0, 96, 0, 97, 0, 98, 0, 99, 0, 100, 0, 28, 0, 31, 0, 102, 0, 28, 0, 31, 0, 28, 0, 31, 0, 105, 0, 106, 0, 107, 0, 108, 0, 29, 0, 110, 0, 29, 0, 108, 0, 106, 0, 114, 0, 29, 0, 31, 0, 117, 0, 118, 0, 31, 0, 120, 0, 121, 0, 31, 0, 105, 0, 31, 0, 31, 0, 42, 0, 126, 0, 127, 0, 31, 0, 129, 0, 29, 0, 28, 0, 31, 0, 106, 0, 121, 0, 31, 0, 135, 0, 136, 0, 29, 0, 28, 0, 102, 0, 42, 0, 31, 0, 140, 0, 29, 0, 142, 0, 31, 0, 31, 0, 31, 0, 146, 0, 31, 0, 29, 0, 149, 0, 31, 0, 29, 95, 16, 24, 114, 101, 113, 117, 105, 114, 101, 115, 68, 78, 83, 83, 69, 67, 86, 97, 108, 105, 100, 97, 116, 105, 111, 110, 95, 16, 18, 105, 115, 87, 101, 98, 83, 101, 97, 114, 99, 104, 67, 111, 110, 116, 101, 110, 116, 95, 16, 31, 95, 95, 110, 115, 117, 114, 108, 114, 101, 113, 117, 101, 115, 116, 95, 112, 114, 111, 116, 111, 95, 112, 114, 111, 112, 95, 111, 98, 106, 95, 57, 95, 16, 20, 97, 108, 108, 111, 119, 101, 100, 80, 114, 111, 116, 111, 99, 111, 108, 84, 121, 112, 101, 115, 93, 98, 108, 111, 99, 107, 84, 114, 97, 99, 107, 101, 114, 115, 95, 16, 30, 97, 108, 108, 111, 119, 115, 67, 111, 110, 115, 116, 114, 97, 105, 110, 101, 100, 78, 101, 116, 119, 111, 114, 107, 65, 99, 99, 101, 115, 115, 95, 16, 19, 97, 115, 115, 117, 109, 101, 115, 72, 84, 84, 80, 51, 67, 97, 112, 97, 98, 108, 101, 95, 16, 32, 95, 95, 110, 115, 117, 114, 108, 114, 101, 113, 117, 101, 115, 116, 95, 112, 114, 111, 116, 111, 95, 112, 114, 111, 112, 95, 111, 98, 106, 95, 49, 48, 95, 16, 32, 95, 95, 110, 115, 117, 114, 108, 114, 101, 113, 117, 101, 115, 116, 95, 112, 114, 111, 116, 111, 95, 112, 114, 111, 112, 95, 111, 98, 106, 95, 49, 49, 91, 97, 116, 116, 114, 105, 98, 117, 116, 105, 111, 110, 95, 16, 32, 95, 95, 110, 115, 117, 114, 108, 114, 101, 113, 117, 101, 115, 116, 95, 112, 114, 111, 116, 111, 95, 112, 114, 111, 112, 95, 111, 98, 106, 95, 49, 50, 95, 16, 32, 95, 95, 110, 115, 117, 114, 108, 114, 101, 113, 117, 101, 115, 116, 95, 112, 114, 111, 116, 111, 95, 112, 114, 111, 112, 95, 111, 98, 106, 95, 50, 48, 95, 16, 26, 95, 95, 110, 115, 117, 114, 108, 114, 101, 113, 117, 101, 115, 116, 95, 112, 114, 111, 116, 111, 95, 112, 114, 111, 112, 115, 95, 16, 32, 95, 95, 110, 115, 117, 114, 108, 114, 101, 113, 117, 101, 115, 116, 95, 112, 114, 111, 116, 111, 95, 112, 114, 111, 112, 95, 111, 98, 106, 95, 50, 49, 95, 16, 32, 95, 95, 110, 115, 117, 114, 108, 114, 101, 113, 117, 101, 115, 116, 95, 112, 114, 111, 116, 111, 95, 112, 114, 111, 112, 95, 111, 98, 106, 95, 49, 51, 95, 16, 32, 95, 95, 110, 115, 117, 114, 108, 114, 101, 113, 117, 101, 115, 116, 95, 112, 114, 111, 116, 111, 95, 112, 114, 111, 112, 95, 111, 98, 106, 95, 49, 52, 95, 16, 32, 95, 95, 110, 115, 117, 114, 108, 114, 101, 113, 117, 101, 115, 116, 95, 112, 114, 111, 116, 111, 95, 112, 114, 111, 112, 95, 111, 98, 106, 95, 49, 53, 95, 16, 32, 95, 95, 110, 115, 117, 114, 108, 114, 101, 113, 117, 101, 115, 116, 95, 112, 114, 111, 116, 111, 95, 112, 114, 111, 112, 95, 111, 98, 106, 95, 49, 54, 95, 16, 24, 117, 110, 115, 97, 102, 101, 65, 108, 108, 111, 119, 101, 100, 73, 110, 69, 97, 114, 108, 121, 68, 97, 116, 97, 95, 16, 32, 95, 95, 110, 115, 117, 114, 108, 114, 101, 113, 117, 101, 115, 116, 95, 112, 114, 111, 116, 111, 95, 112, 114, 111, 112, 95, 111, 98, 106, 95, 49, 55, 95, 16, 32, 95, 95, 110, 115, 117, 114, 108, 114, 101, 113, 117, 101, 115, 116, 95, 112, 114, 111, 116, 111, 95, 112, 114, 111, 112, 95, 111, 98, 106, 95, 49, 56, 95, 16, 22, 117, 115, 101, 69, 110, 104, 97, 110, 99, 101, 100, 80, 114, 105, 118, 97, 99, 121, 77, 111, 100, 101, 95, 16, 32, 95, 95, 110, 115, 117, 114, 108, 114, 101, 113, 117, 101, 115, 116, 95, 112, 114, 111, 116, 111, 95, 112, 114, 111, 112, 95, 111, 98, 106, 95, 49, 57, 95, 16, 37, 97, 108, 108, 111, 119, 80, 114, 105, 118, 97, 116, 101, 65, 99, 99, 101, 115, 115, 84, 111, 107, 101, 110, 115, 70, 111, 114, 84, 104, 105, 114, 100, 80, 97, 114, 116, 121, 95, 16, 19, 97, 108, 108, 111, 119, 115, 80, 101, 114, 115, 105, 115, 116, 101, 110, 116, 68, 78, 83, 95, 16, 31, 95, 95, 110, 115, 117, 114, 108, 114, 101, 113, 117, 101, 115, 116, 95, 112, 114, 111, 116, 111, 95, 112, 114, 111, 112, 95, 111, 98, 106, 95, 48, 95, 16, 30, 114, 101, 113, 117, 105, 114, 101, 115, 83, 104, 111, 114, 116, 67, 111, 110, 110, 101, 99, 116, 105, 111, 110, 84, 105, 109, 101, 111, 117, 116, 95, 16, 22, 112, 114, 105, 118, 97, 99, 121, 80, 114, 111, 120, 121, 70, 97, 105, 108, 67, 108, 111, 115, 101, 100, 95, 16, 26, 112, 97, 121, 108, 111, 97, 100, 84, 114, 97, 110, 115, 109, 105, 115, 115, 105, 111, 110, 84, 105, 109, 101, 111, 117, 116, 95, 16, 31, 95, 95, 110, 115, 117, 114, 108, 114, 101, 113, 117, 101, 115, 116, 95, 112, 114, 111, 116, 111, 95, 112, 114, 111, 112, 95, 111, 98, 106, 95, 49, 95, 16, 39, 99, 111, 110, 116, 101, 110, 116, 68, 105, 115, 112, 111, 115, 105, 116, 105, 111, 110, 69, 110, 99, 111, 100, 105, 110, 103, 70, 97, 108, 108, 98, 97, 99, 107, 65, 114, 114, 97, 121, 95, 16, 28, 112, 114, 105, 118, 97, 99, 121, 80, 114, 111, 120, 121, 83, 116, 114, 105, 99, 116, 70, 97, 105, 108, 67, 108, 111, 115, 101, 100, 95, 16, 31, 95, 95, 110, 115, 117, 114, 108, 114, 101, 113, 117, 101, 115, 116, 95, 112, 114, 111, 116, 111, 95, 112, 114, 111, 112, 95, 111, 98, 106, 95, 50, 94, 116, 114, 97, 99, 107, 101, 114, 67, 111, 110, 116, 101, 120, 116, 89, 97, 108, 108, 111, 119, 115, 85, 67, 65, 95, 16, 20, 112, 114, 111, 104, 105, 98, 105, 116, 80, 114, 105, 118, 97, 99, 121, 80, 114, 111, 120, 121, 95, 16, 31, 95, 95, 110, 115, 117, 114, 108, 114, 101, 113, 117, 101, 115, 116, 95, 112, 114, 111, 116, 111, 95, 112, 114, 111, 112, 95, 111, 98, 106, 95, 51, 95, 16, 48, 112, 114, 105, 118, 97, 99, 121, 80, 114, 111, 120, 121, 70, 97, 105, 108, 67, 108, 111, 115, 101, 100, 70, 111, 114, 85, 110, 114, 101, 97, 99, 104, 97, 98, 108, 101, 78, 111, 110, 77, 97, 105, 110, 72, 111, 115, 116, 115, 95, 16, 41, 112, 114, 105, 118, 97, 99, 121, 80, 114, 111, 120, 121, 70, 97, 105, 108, 67, 108, 111, 115, 101, 100, 70, 111, 114, 85, 110, 114, 101, 97, 99, 104, 97, 98, 108, 101, 72, 111, 115, 116, 115, 95, 16, 31, 95, 95, 110, 115, 117, 114, 108, 114, 101, 113, 117, 101, 115, 116, 95, 112, 114, 111, 116, 111, 95, 112, 114, 111, 112, 95, 111, 98, 106, 95, 52, 95, 16, 24, 98, 111, 117, 110, 100, 73, 110, 116, 101, 114, 102, 97, 99, 101, 73, 100, 101, 110, 116, 105, 102, 105, 101, 114, 95, 16, 28, 97, 108, 108, 111, 119, 115, 69, 120, 112, 101, 110, 115, 105, 118, 101, 78, 101, 116, 119, 111, 114, 107, 65, 99, 99, 101, 115, 115, 95, 16, 31, 95, 95, 110, 115, 117, 114, 108, 114, 101, 113, 117, 101, 115, 116, 95, 112, 114, 111, 116, 111, 95, 112, 114, 111, 112, 95, 111, 98, 106, 95, 53, 95, 16, 16, 115, 116, 97, 114, 116, 84, 105, 109, 101, 111, 117, 116, 84, 105, 109, 101, 95, 16, 18, 112, 114, 101, 118, 101, 110, 116, 72, 83, 84, 83, 83, 116, 111, 114, 97, 103, 101, 95, 16, 31, 95, 95, 110, 115, 117, 114, 108, 114, 101, 113, 117, 101, 115, 116, 95, 112, 114, 111, 116, 111, 95, 112, 114, 111, 112, 95, 111, 98, 106, 95, 54, 95, 16, 25, 99, 111, 111, 107, 105, 101, 80, 97, 114, 116, 105, 116, 105, 111, 110, 73, 100, 101, 110, 116, 105, 102, 105, 101, 114, 82, 36, 48, 95, 16, 34, 102, 97, 105, 108, 73, 110, 115, 101, 99, 117, 114, 101, 76, 111, 97, 100, 87, 105, 116, 104, 72, 84, 84, 80, 83, 68, 78, 83, 82, 101, 99, 111, 114, 100, 92, 107, 110, 111, 119, 110, 84, 114, 97, 99, 107, 101, 114, 90, 105, 103, 110, 111, 114, 101, 72, 83, 84, 83, 82, 36, 49, 95, 16, 27, 97, 108, 108, 111, 119, 79, 110, 108, 121, 80, 97, 114, 116, 105, 116, 105, 111, 110, 101, 100, 67, 111, 111, 107, 105, 101, 115, 95, 16, 31, 95, 95, 110, 115, 117, 114, 108, 114, 101, 113, 117, 101, 115, 116, 95, 112, 114, 111, 116, 111, 95, 112, 114, 111, 112, 95, 111, 98, 106, 95, 55, 82, 36, 50, 95, 16, 33, 115, 99, 104, 101, 109, 101, 87, 97, 115, 85, 112, 103, 114, 97, 100, 101, 100, 68, 117, 101, 84, 111, 68, 121, 110, 97, 109, 105, 99, 72, 83, 84, 83, 95, 16, 31, 95, 95, 110, 115, 117, 114, 108, 114, 101, 113, 117, 101, 115, 116, 95, 112, 114, 111, 116, 111, 95, 112, 114, 111, 112, 95, 111, 98, 106, 95, 56, 8, 128, 11, 8, 8, 128, 3, 128, 8, 16, 0, 128, 13, 128, 0, 128, 33, 128, 0, 128, 13, 128, 8, 128, 14, 128, 0, 8, 128, 15, 128, 16, 8, 128, 17, 9, 8, 128, 3, 8, 8, 128, 4, 128, 42, 8, 128, 7, 128, 0, 8, 128, 8, 9, 8, 128, 46, 128, 9, 128, 0, 128, 11, 8, 128, 12, 128, 0, 16, 2, 8, 8, 8, 16, 9, 8, 128, 0, 16, 22, 8, 128, 0, 8, 211, 0, 154, 0, 21, 0, 155, 0, 29, 0, 157, 0, 158, 87, 78, 83, 46, 98, 97, 115, 101, 91, 78, 83, 46, 114, 101, 108, 97, 116, 105, 118, 101, 128, 0, 128, 6, 128, 5, 95, 16, 36, 104, 116, 116, 112, 58, 47, 47, 49, 50, 55, 46, 48, 46, 48, 46, 49, 58, 53, 53, 57, 48, 53, 47, 100, 111, 119, 110, 108, 111, 97, 100, 45, 115, 108, 111, 119, 210, 0, 161, 0, 162, 0, 163, 0, 164, 90, 36, 99, 108, 97, 115, 115, 110, 97, 109, 101, 88, 36, 99, 108, 97, 115, 115, 101, 115, 85, 78, 83, 85, 82, 76, 162, 0, 163, 0, 165, 88, 78, 83, 79, 98, 106, 101, 99, 116, 35, 64, 78, 0, 0, 0, 0, 0, 0, 211, 0, 154, 0, 21, 0, 155, 0, 29, 0, 157, 0, 170, 128, 0, 128, 6, 128, 10, 95, 16, 36, 104, 116, 116, 112, 58, 47, 47, 49, 50, 55, 46, 48, 46, 48, 46, 49, 58, 53, 53, 57, 48, 53, 47, 100, 111, 119, 110, 108, 111, 97, 100, 45, 115, 108, 111, 119, 9, 17, 1, 134, 16, 4, 83, 71, 69, 84, 211, 0, 177, 0, 178, 0, 21, 0, 179, 0, 187, 0, 195, 87, 78, 83, 46, 107, 101, 121, 115, 90, 78, 83, 46, 111, 98, 106, 101, 99, 116, 115, 167, 0, 180, 0, 181, 0, 182, 0, 183, 0, 184, 0, 185, 0, 186, 128, 18, 128, 19, 128, 20, 128, 21, 128, 22, 128, 23, 128, 24, 167, 0, 188, 0, 189, 0, 190, 0, 191, 0, 192, 0, 193, 0, 194, 128, 25, 128, 26, 128, 27, 128, 28, 128, 29, 128, 30, 128, 31, 128, 32, 86, 65, 99, 99, 101, 112, 116, 94, 83, 101, 99, 45, 70, 101, 116, 99, 104, 45, 83, 105, 116, 101, 88, 95, 95, 104, 104, 97, 97, 95, 95, 95, 16, 25, 85, 112, 103, 114, 97, 100, 101, 45, 73, 110, 115, 101, 99, 117, 114, 101, 45, 82, 101, 113, 117, 101, 115, 116, 115, 94, 83, 101, 99, 45, 70, 101, 116, 99, 104, 45, 77, 111, 100, 101, 90, 85, 115, 101, 114, 45, 65, 103, 101, 110, 116, 94, 83, 101, 99, 45, 70, 101, 116, 99, 104, 45, 68, 101, 115, 116, 95, 16, 63, 116, 101, 120, 116, 47, 104, 116, 109, 108, 44, 97, 112, 112, 108, 105, 99, 97, 116, 105, 111, 110, 47, 120, 104, 116, 109, 108, 43, 120, 109, 108, 44, 97, 112, 112, 108, 105, 99, 97, 116, 105, 111, 110, 47, 120, 109, 108, 59, 113, 61, 48, 46, 57, 44, 42, 47, 42, 59, 113, 61, 48, 46, 56, 84, 110, 111, 110, 101, 95, 17, 1, 252, 13, 10, 13, 10, 89, 110, 66, 115, 97, 88, 78, 48, 77, 68, 68, 87, 65, 81, 73, 68, 66, 65, 85, 71, 66, 119, 107, 76, 68, 81, 56, 82, 88, 108, 78, 108, 89, 121, 49, 71, 90, 88, 82, 106, 97, 67, 49, 69, 90, 88, 78, 48, 87, 108, 86, 122, 90, 88, 73, 116, 81, 87, 100, 108, 98, 110, 82, 102, 69, 66, 108, 86, 99, 71, 100, 121, 89, 87, 82, 108, 76, 85, 108, 117, 99, 50, 86, 106, 100, 88, 74, 108, 76, 86, 74, 108, 99, 88, 86, 108, 99, 51, 82, 122, 86, 107, 70, 106, 89, 50, 86, 119, 100, 70, 53, 84, 90, 87, 77, 116, 82, 109, 86, 48, 89, 50, 103, 116, 85, 50, 108, 48, 90, 86, 53, 84, 90, 87, 77, 116, 82, 109, 86, 48, 89, 50, 103, 116, 84, 87, 57, 107, 90, 97, 69, 73, 87, 71, 82, 118, 89, 51, 86, 116, 90, 87, 53, 48, 111, 81, 112, 102, 69, 70, 104, 78, 98, 51, 112, 112, 98, 71, 120, 104, 76, 122, 85, 117, 77, 67, 65, 111, 84, 87, 70, 106, 97, 87, 53, 48, 98, 51, 78, 111, 79, 121, 66, 74, 98, 110, 82, 108, 98, 67, 66, 78, 89, 87, 77, 103, 84, 49, 77, 103, 87, 67, 65, 120, 77, 70, 56, 120, 78, 86, 56, 51, 75, 83, 66, 66, 99, 72, 66, 115, 90, 86, 100, 108, 89, 107, 116, 112, 100, 67, 56, 50, 77, 68, 85, 117, 77, 83, 52, 120, 78, 83, 65, 111, 83, 48, 104, 85, 84, 85, 119, 115, 73, 71, 120, 112, 97, 50, 85, 103, 82, 50, 86, 106, 97, 50, 56, 112, 111, 81, 120, 82, 77, 97, 69, 79, 88, 120, 65, 47, 100, 71, 86, 52, 100, 67, 57, 111, 100, 71, 49, 115, 76, 71, 70, 119, 99, 71, 120, 112, 89, 50, 70, 48, 97, 87, 57, 117, 76, 51, 104, 111, 100, 71, 49, 115, 75, 51, 104, 116, 98, 67, 120, 104, 99, 72, 66, 115, 97, 87, 78, 104, 100, 71, 108, 118, 98, 105, 57, 52, 98, 87, 119, 55, 99, 84, 48, 119, 76, 106, 107, 115, 75, 105, 56, 113, 79, 51, 69, 57, 77, 67, 52, 52, 111, 82, 66, 85, 98, 109, 57, 117, 90, 97, 69, 83, 87, 71, 53, 104, 100, 109, 108, 110, 89, 88, 82, 108, 65, 65, 103, 65, 70, 81, 65, 107, 65, 67, 56, 65, 83, 119, 66, 83, 65, 71, 69, 65, 99, 65, 66, 121, 65, 72, 115, 65, 102, 81, 68, 89, 65, 78, 111, 65, 51, 65, 68, 101, 65, 83, 65, 66, 73, 103, 69, 110, 65, 83, 107, 65, 65, 65, 65, 65, 65, 65, 65, 67, 65, 81, 65, 65, 65, 65, 65, 65, 65, 65, 65, 84, 65, 65, 65, 65, 65, 65, 65, 65, 65, 65, 65, 65, 65, 65, 65, 65, 65, 65, 65, 66, 77, 103, 61, 61, 81, 49, 88, 110, 97, 118, 105, 103, 97, 116, 101, 95, 16, 88, 77, 111, 122, 105, 108, 108, 97, 47, 53, 46, 48, 32, 40, 77, 97, 99, 105, 110, 116, 111, 115, 104, 59, 32, 73, 110, 116, 101, 108, 32, 77, 97, 99, 32, 79, 83, 32, 88, 32, 49, 48, 95, 49, 53, 95, 55, 41, 32, 65, 112, 112, 108, 101, 87, 101, 98, 75, 105, 116, 47, 54, 48, 53, 46, 49, 46, 49, 53, 32, 40, 75, 72, 84, 77, 76, 44, 32, 108, 105, 107, 101, 32, 71, 101, 99, 107, 111, 41, 88, 100, 111, 99, 117, 109, 101, 110, 116, 210, 0, 161, 0, 162, 0, 211, 0, 212, 95, 16, 19, 78, 83, 77, 117, 116, 97, 98, 108, 101, 68, 105, 99, 116, 105, 111, 110, 97, 114, 121, 163, 0, 211, 0, 213, 0, 165, 92, 78, 83, 68, 105, 99, 116, 105, 111, 110, 97, 114, 121, 211, 0, 177, 0, 178, 0, 21, 0, 215, 0, 221, 0, 195, 165, 0, 216, 0, 217, 0, 218, 0, 219, 0, 220, 128, 34, 128, 35, 128, 36, 128, 37, 128, 38, 165, 0, 222, 0, 223, 0, 223, 0, 225, 0, 223, 128, 39, 128, 40, 128, 40, 128, 41, 128, 40, 128, 32, 95, 16, 42, 95, 107, 67, 70, 72, 84, 84, 80, 67, 111, 111, 107, 105, 101, 80, 111, 108, 105, 99, 121, 80, 114, 111, 112, 101, 114, 116, 121, 83, 105, 116, 101, 70, 111, 114, 67, 111, 111, 107, 105, 101, 115, 95, 16, 48, 95, 107, 67, 70, 72, 84, 84, 80, 67, 111, 111, 107, 105, 101, 80, 111, 108, 105, 99, 121, 80, 114, 111, 112, 101, 114, 116, 121, 73, 115, 84, 111, 112, 76, 101, 118, 101, 108, 78, 97, 118, 105, 103, 97, 116, 105, 111, 110, 95, 16, 21, 87, 75, 86, 101, 114, 121, 76, 111, 119, 76, 111, 97, 100, 80, 114, 105, 111, 114, 105, 116, 121, 95, 16, 24, 95, 107, 67, 70, 85, 82, 76, 67, 97, 99, 104, 101, 80, 97, 114, 116, 105, 116, 105, 111, 110, 75, 101, 121, 95, 16, 32, 107, 67, 70, 85, 82, 76, 82, 101, 113, 117, 101, 115, 116, 65, 108, 108, 111, 119, 65, 108, 108, 80, 79, 83, 84, 67, 97, 99, 104, 105, 110, 103, 95, 16, 36, 104, 116, 116, 112, 58, 47, 47, 49, 50, 55, 46, 48, 46, 48, 46, 49, 58, 53, 53, 57, 48, 53, 47, 100, 111, 119, 110, 108, 111, 97, 100, 45, 115, 108, 111, 119, 16, 1, 89, 49, 50, 55, 46, 48, 46, 48, 46, 49, 210, 0, 178, 0, 21, 0, 237, 0, 241, 163, 0, 114, 0, 239, 0, 240, 128, 14, 128, 43, 128, 44, 128, 45, 16, 12, 16, 5, 210, 0, 161, 0, 162, 0, 245, 0, 246, 87, 78, 83, 65, 114, 114, 97, 121, 162, 0, 245, 0, 165, 210, 0, 161, 0, 162, 0, 248, 0, 249, 95, 16, 19, 78, 83, 77, 117, 116, 97, 98, 108, 101, 85, 82, 76, 82, 101, 113, 117, 101, 115, 116, 163, 0, 250, 0, 251, 0, 165, 95, 16, 19, 78, 83, 77, 117, 116, 97, 98, 108, 101, 85, 82, 76, 82, 101, 113, 117, 101, 115, 116, 92, 78, 83, 85, 82, 76, 82, 101, 113, 117, 101, 115, 116, 223, 16, 58, 0, 44, 0, 45, 0, 46, 0, 47, 0, 48, 0, 49, 0, 50, 0, 51, 0, 52, 0, 53, 0, 54, 0, 55, 0, 56, 0, 57, 0, 58, 0, 59, 0, 60, 0, 61, 0, 62, 0, 63, 0, 64, 0, 65, 0, 66, 0, 67, 0, 68, 0, 69, 0, 70, 0, 71, 0, 72, 0, 73, 0, 74, 0, 75, 0, 76, 0, 77, 0, 78, 0, 79, 0, 80, 0, 81, 0, 82, 0, 21, 0, 83, 0, 84, 0, 85, 0, 86, 0, 87, 0, 88, 0, 89, 0, 90, 0, 91, 0, 92, 0, 93, 0, 94, 0, 95, 0, 96, 0, 97, 0, 98, 0, 99, 0, 100, 0, 28, 0, 31, 0, 102, 0, 28, 0, 31, 0, 28, 0, 31, 0, 105, 0, 106, 0, 107, 0, 108, 0, 29, 1, 5, 0, 29, 0, 108, 0, 106, 0, 114, 0, 29, 0, 31, 0, 117, 0, 118, 0, 31, 1, 15, 0, 121, 0, 31, 0, 105, 0, 31, 0, 31, 0, 42, 0, 126, 1, 22, 0, 31, 0, 129, 0, 29, 0, 28, 0, 31, 0, 106, 0, 121, 0, 31, 0, 135, 0, 136, 0, 29, 0, 28, 0, 102, 0, 42, 0, 31, 0, 140, 0, 29, 0, 142, 0, 31, 0, 31, 0, 31, 0, 146, 0, 31, 0, 29, 0, 149, 0, 31, 0, 29, 8, 128, 11, 8, 8, 128, 3, 128, 8, 128, 13, 128, 0, 128, 51, 128, 0, 128, 13, 128, 8, 128, 14, 128, 0, 8, 128, 15, 128, 16, 8, 128, 48, 9, 8, 128, 3, 8, 8, 128, 4, 128, 52, 8, 128, 7, 128, 0, 8, 128, 8, 9, 8, 128, 46, 128, 9, 128, 0, 128, 11, 8, 128, 12, 128, 0, 8, 8, 8, 8, 128, 0, 8, 128, 0, 211, 0, 177, 0, 178, 0, 21, 1, 45, 1, 53, 0, 195, 167, 0, 180, 0, 181, 0, 182, 0, 183, 0, 184, 0, 185, 0, 186, 128, 18, 128, 19, 128, 20, 128, 21, 128, 22, 128, 23, 128, 24, 167, 0, 188, 0, 189, 1, 56, 0, 191, 0, 192, 1, 59, 0, 194, 128, 25, 128, 26, 128, 49, 128, 28, 128, 29, 128, 50, 128, 31, 128, 32, 95, 17, 1, 252, 13, 10, 13, 10, 89, 110, 66, 115, 97, 88, 78, 48, 77, 68, 68, 87, 65, 81, 73, 68, 66, 65, 85, 71, 66, 119, 107, 76, 68, 81, 56, 82, 88, 108, 78, 108, 89, 121, 49, 71, 90, 88, 82, 106, 97, 67, 49, 69, 90, 88, 78, 48, 87, 108, 86, 122, 90, 88, 73, 116, 81, 87, 100, 108, 98, 110, 82, 102, 69, 66, 108, 86, 99, 71, 100, 121, 89, 87, 82, 108, 76, 85, 108, 117, 99, 50, 86, 106, 100, 88, 74, 108, 76, 86, 74, 108, 99, 88, 86, 108, 99, 51, 82, 122, 86, 107, 70, 106, 89, 50, 86, 119, 100, 70, 53, 84, 90, 87, 77, 116, 82, 109, 86, 48, 89, 50, 103, 116, 85, 50, 108, 48, 90, 86, 53, 84, 90, 87, 77, 116, 82, 109, 86, 48, 89, 50, 103, 116, 84, 87, 57, 107, 90, 97, 69, 73, 87, 71, 82, 118, 89, 51, 86, 116, 90, 87, 53, 48, 111, 81, 112, 102, 69, 70, 104, 78, 98, 51, 112, 112, 98, 71, 120, 104, 76, 122, 85, 117, 77, 67, 65, 111, 84, 87, 70, 106, 97, 87, 53, 48, 98, 51, 78, 111, 79, 121, 66, 74, 98, 110, 82, 108, 98, 67, 66, 78, 89, 87, 77, 103, 84, 49, 77, 103, 87, 67, 65, 120, 77, 70, 56, 120, 78, 86, 56, 51, 75, 83, 66, 66, 99, 72, 66, 115, 90, 86, 100, 108, 89, 107, 116, 112, 100, 67, 56, 50, 77, 68, 85, 117, 77, 83, 52, 120, 78, 83, 65, 111, 83, 48, 104, 85, 84, 85, 119, 115, 73, 71, 120, 112, 97, 50, 85, 103, 82, 50, 86, 106, 97, 50, 56, 112, 111, 81, 120, 82, 77, 97, 69, 79, 88, 120, 65, 47, 100, 71, 86, 52, 100, 67, 57, 111, 100, 71, 49, 115, 76, 71, 70, 119, 99, 71, 120, 112, 89, 50, 70, 48, 97, 87, 57, 117, 76, 51, 104, 111, 100, 71, 49, 115, 75, 51, 104, 116, 98, 67, 120, 104, 99, 72, 66, 115, 97, 87, 78, 104, 100, 71, 108, 118, 98, 105, 57, 52, 98, 87, 119, 55, 99, 84, 48, 119, 76, 106, 107, 115, 75, 105, 56, 113, 79, 51, 69, 57, 77, 67, 52, 52, 111, 82, 66, 85, 98, 109, 57, 117, 90, 97, 69, 83, 87, 71, 53, 104, 100, 109, 108, 110, 89, 88, 82, 108, 65, 65, 103, 65, 70, 81, 65, 107, 65, 67, 56, 65, 83, 119, 66, 83, 65, 71, 69, 65, 99, 65, 66, 121, 65, 72, 115, 65, 102, 81, 68, 89, 65, 78, 111, 65, 51, 65, 68, 101, 65, 83, 65, 66, 73, 103, 69, 110, 65, 83, 107, 65, 65, 65, 65, 65, 65, 65, 65, 67, 65, 81, 65, 65, 65, 65, 65, 65, 65, 65, 65, 84, 65, 65, 65, 65, 65, 65, 65, 65, 65, 65, 65, 65, 65, 65, 65, 65, 65, 65, 65, 66, 77, 103, 61, 61, 95, 16, 88, 77, 111, 122, 105, 108, 108, 97, 47, 53, 46, 48, 32, 40, 77, 97, 99, 105, 110, 116, 111, 115, 104, 59, 32, 73, 110, 116, 101, 108, 32, 77, 97, 99, 32, 79, 83, 32, 88, 32, 49, 48, 95, 49, 53, 95, 55, 41, 32, 65, 112, 112, 108, 101, 87, 101, 98, 75, 105, 116, 47, 54, 48, 53, 46, 49, 46, 49, 53, 32, 40, 75, 72, 84, 77, 76, 44, 32, 108, 105, 107, 101, 32, 71, 101, 99, 107, 111, 41, 211, 0, 177, 0, 178, 0, 21, 1, 65, 1, 71, 0, 195, 165, 0, 216, 0, 217, 0, 218, 0, 219, 0, 220, 128, 34, 128, 35, 128, 36, 128, 37, 128, 38, 165, 0, 222, 0, 223, 0, 223, 0, 225, 0, 223, 128, 39, 128, 40, 128, 40, 128, 41, 128, 40, 128, 32, 210, 0, 178, 0, 21, 1, 79, 0, 241, 163, 0, 114, 0, 239, 0, 240, 128, 14, 128, 43, 128, 44, 128, 45, 221, 0, 89, 0, 80, 0, 98, 0, 69, 1, 85, 0, 83, 0, 21, 0, 73, 1, 86, 0, 91, 0, 86, 0, 76, 0, 95, 1, 87, 1, 88, 1, 89, 0, 126, 0, 146, 1, 91, 1, 92, 1, 93, 0, 31, 1, 95, 0, 29, 1, 97, 1, 98, 82, 36, 51, 82, 36, 52, 128, 73, 128, 56, 16, 7, 128, 4, 128, 57, 128, 75, 128, 54, 8, 16, 8, 128, 0, 128, 55, 16, 1, 35, 65, 200, 58, 203, 229, 149, 231, 167, 16, 200, 211, 0, 177, 0, 178, 0, 21, 1, 102, 1, 111, 0, 195, 168, 1, 103, 1, 104, 0, 182, 1, 106, 1, 107, 1, 108, 1, 109, 1, 110, 128, 58, 128, 59, 128, 20, 128, 60, 128, 61, 128, 62, 128, 63, 128, 64, 168, 1, 112, 1, 113, 1, 114, 1, 115, 1, 116, 1, 117, 1, 118, 1, 119, 128, 65, 128, 66, 128, 67, 128, 68, 128, 69, 128, 70, 128, 71, 128, 72, 128, 32, 84, 69, 116, 97, 103, 92, 67, 111, 110, 116, 101, 110, 116, 45, 84, 121, 112, 101, 93, 76, 97, 115, 116, 45, 77, 111, 100, 105, 102, 105, 101, 100, 93, 65, 99, 99, 101, 112, 116, 45, 82, 97, 110, 103, 101, 115, 95, 16, 19, 67, 111, 110, 116, 101, 110, 116, 45, 68, 105, 115, 112, 111, 115, 105, 116, 105, 111, 110, 94, 67, 111, 110, 116, 101, 110, 116, 45, 76, 101, 110, 103, 116, 104, 90, 67, 111, 110, 110, 101, 99, 116, 105, 111, 110, 95, 16, 28, 34, 115, 99, 114, 121, 105, 110, 103, 45, 116, 101, 115, 116, 45, 101, 116, 97, 103, 45, 100, 101, 97, 100, 98, 101, 101, 102, 34, 95, 16, 24, 97, 112, 112, 108, 105, 99, 97, 116, 105, 111, 110, 47, 111, 99, 116, 101, 116, 45, 115, 116, 114, 101, 97, 109, 95, 17, 1, 232, 13, 10, 13, 10, 89, 110, 66, 115, 97, 88, 78, 48, 77, 68, 68, 88, 65, 81, 73, 68, 66, 65, 85, 71, 66, 119, 103, 75, 68, 65, 52, 81, 69, 104, 82, 97, 81, 50, 57, 117, 98, 109, 86, 106, 100, 71, 108, 118, 98, 108, 120, 68, 98, 50, 53, 48, 90, 87, 53, 48, 76, 86, 82, 53, 99, 71, 86, 100, 84, 71, 70, 122, 100, 67, 49, 78, 98, 50, 82, 112, 90, 109, 108, 108, 90, 70, 49, 66, 89, 50, 78, 108, 99, 72, 81, 116, 85, 109, 70, 117, 90, 50, 86, 122, 88, 120, 65, 84, 81, 50, 57, 117, 100, 71, 86, 117, 100, 67, 49, 69, 97, 88, 78, 119, 98, 51, 78, 112, 100, 71, 108, 118, 98, 108, 53, 68, 98, 50, 53, 48, 90, 87, 53, 48, 76, 85, 120, 108, 98, 109, 100, 48, 97, 70, 82, 70, 100, 71, 70, 110, 111, 81, 108, 86, 89, 50, 120, 118, 99, 50, 87, 104, 67, 49, 56, 81, 71, 71, 70, 119, 99, 71, 120, 112, 89, 50, 70, 48, 97, 87, 57, 117, 76, 50, 57, 106, 100, 71, 86, 48, 76, 88, 78, 48, 99, 109, 86, 104, 98, 97, 69, 78, 88, 120, 65, 100, 84, 87, 57, 117, 76, 67, 65, 119, 77, 83, 66, 75, 89, 87, 52, 103, 77, 106, 65, 121, 78, 67, 65, 119, 77, 68, 111, 119, 77, 68, 111, 119, 77, 67, 66, 72, 84, 86, 83, 104, 68, 49, 86, 105, 101, 88, 82, 108, 99, 54, 69, 82, 88, 120, 65, 114, 89, 88, 82, 48, 89, 87, 78, 111, 98, 87, 86, 117, 100, 68, 115, 103, 90, 109, 108, 115, 90, 87, 53, 104, 98, 87, 85, 57, 73, 110, 78, 106, 99, 110, 108, 112, 98, 109, 99, 116, 90, 71, 57, 51, 98, 109, 120, 118, 89, 87, 81, 117, 89, 109, 108, 117, 73, 113, 69, 84, 86, 106, 73, 50, 77, 106, 69, 48, 78, 75, 69, 86, 88, 120, 65, 99, 73, 110, 78, 106, 99, 110, 108, 112, 98, 109, 99, 116, 100, 71, 86, 122, 100, 67, 49, 108, 100, 71, 70, 110, 76, 87, 82, 108, 89, 87, 82, 105, 90, 87, 86, 109, 73, 103, 65, 73, 65, 66, 99, 65, 73, 103, 65, 118, 65, 68, 48, 65, 83, 119, 66, 104, 65, 72, 65, 65, 100, 81, 66, 51, 65, 72, 48, 65, 102, 119, 67, 97, 65, 74, 119, 65, 118, 65, 67, 43, 65, 77, 81, 65, 120, 103, 68, 48, 65, 80, 89, 65, 47, 81, 68, 47, 65, 65, 65, 65, 65, 65, 65, 65, 65, 103, 69, 65, 65, 65, 65, 65, 65, 65, 65, 65, 70, 103, 65, 65, 65, 65, 65, 65, 65, 65, 65, 65, 65, 65, 65, 65, 65, 65, 65, 65, 65, 82, 52, 61, 95, 16, 29, 77, 111, 110, 44, 32, 48, 49, 32, 74, 97, 110, 32, 50, 48, 50, 52, 32, 48, 48, 58, 48, 48, 58, 48, 48, 32, 71, 77, 84, 85, 98, 121, 116, 101, 115, 95, 16, 43, 97, 116, 116, 97, 99, 104, 109, 101, 110, 116, 59, 32, 102, 105, 108, 101, 110, 97, 109, 101, 61, 34, 115, 99, 114, 121, 105, 110, 103, 45, 100, 111, 119, 110, 108, 111, 97, 100, 46, 98, 105, 110, 34, 86, 50, 54, 50, 49, 52, 52, 85, 99, 108, 111, 115, 101, 210, 0, 21, 1, 137, 1, 138, 1, 139, 89, 78, 83, 46, 115, 116, 114, 105, 110, 103, 128, 74, 95, 16, 24, 97, 112, 112, 108, 105, 99, 97, 116, 105, 111, 110, 47, 111, 99, 116, 101, 116, 45, 115, 116, 114, 101, 97, 109, 210, 0, 161, 0, 162, 1, 141, 1, 142, 95, 16, 15, 78, 83, 77, 117, 116, 97, 98, 108, 101, 83, 116, 114, 105, 110, 103, 163, 1, 141, 1, 143, 0, 165, 88, 78, 83, 83, 116, 114, 105, 110, 103, 210, 0, 161, 0, 162, 1, 145, 1, 146, 95, 16, 17, 78, 83, 72, 84, 84, 80, 85, 82, 76, 82, 101, 115, 112, 111, 110, 115, 101, 163, 1, 147, 1, 148, 0, 165, 95, 16, 17, 78, 83, 72, 84, 84, 80, 85, 82, 76, 82, 101, 115, 112, 111, 110, 115, 101, 93, 78, 83, 85, 82, 76, 82, 101, 115, 112, 111, 110, 115, 101, 211, 0, 154, 0, 21, 0, 155, 0, 29, 0, 157, 1, 152, 128, 0, 128, 6, 128, 77, 95, 16, 120, 102, 105, 108, 101, 58, 47, 47, 47, 85, 115, 101, 114, 115, 47, 109, 97, 114, 107, 105, 107, 47, 67, 111, 100, 101, 47, 116, 97, 114, 103, 101, 116, 115, 47, 119, 103, 112, 117, 45, 115, 99, 114, 121, 45, 104, 97, 114, 100, 119, 97, 114, 101, 47, 100, 101, 109, 111, 45, 109, 97, 99, 45, 100, 111, 119, 110, 108, 111, 97, 100, 45, 116, 101, 115, 116, 45, 54, 48, 50, 50, 56, 47, 100, 111, 119, 110, 108, 111, 97, 100, 45, 111, 117, 116, 112, 117, 116, 47, 115, 99, 114, 121, 105, 110, 103, 45, 100, 111, 119, 110, 108, 111, 97, 100, 45, 50, 46, 98, 105, 110, 210, 0, 161, 0, 162, 1, 155, 1, 156, 95, 16, 30, 78, 87, 85, 82, 76, 83, 101, 115, 115, 105, 111, 110, 68, 111, 119, 110, 108, 111, 97, 100, 82, 101, 115, 117, 109, 101, 73, 110, 102, 111, 163, 1, 157, 1, 158, 0, 165, 95, 16, 30, 78, 87, 85, 82, 76, 83, 101, 115, 115, 105, 111, 110, 68, 111, 119, 110, 108, 111, 97, 100, 82, 101, 115, 117, 109, 101, 73, 110, 102, 111, 95, 16, 22, 78, 87, 85, 82, 76, 83, 101, 115, 115, 105, 111, 110, 82, 101, 115, 117, 109, 101, 73, 110, 102, 111, 0, 8, 0, 25, 0, 34, 0, 44, 0, 49, 0, 58, 0, 63, 0, 81, 0, 86, 0, 91, 0, 93, 0, 254, 1, 4, 1, 67, 1, 82, 1, 100, 1, 134, 1, 158, 1, 167, 1, 175, 1, 212, 1, 230, 1, 237, 1, 252, 2, 16, 2, 45, 2, 54, 2, 67, 2, 77, 2, 79, 2, 81, 2, 90, 2, 91, 2, 96, 2, 98, 2, 103, 2, 105, 2, 107, 2, 109, 2, 111, 2, 112, 2, 114, 2, 116, 2, 125, 3, 104, 3, 131, 3, 152, 3, 186, 3, 209, 3, 223, 4, 0, 4, 22, 4, 57, 4, 92, 4, 104, 4, 139, 4, 174, 4, 203, 4, 238, 5, 17, 5, 52, 5, 87, 5, 122, 5, 149, 5, 184, 5, 219, 5, 244, 6, 23, 6, 63, 6, 85, 6, 119, 6, 152, 6, 177, 6, 206, 6, 240, 7, 26, 7, 57, 7, 91, 7, 106, 7, 116, 7, 139, 7, 173, 7, 224, 8, 12, 8, 46, 8, 73, 8, 104, 8, 138, 8, 157, 8, 178, 8, 212, 8, 240, 8, 243, 9, 24, 9, 37, 9, 48, 9, 51, 9, 81, 9, 115, 9, 118, 9, 154, 9, 188, 9, 189, 9, 191, 9, 192, 9, 193, 9, 195, 9, 197, 9, 199, 9, 201, 9, 203, 9, 205, 9, 207, 9, 209, 9, 211, 9, 213, 9, 215, 9, 216, 9, 218, 9, 220, 9, 221, 9, 223, 9, 224, 9, 225, 9, 227, 9, 228, 9, 229, 9, 231, 9, 233, 9, 234, 9, 236, 9, 238, 9, 239, 9, 241, 9, 242, 9, 243, 9, 245, 9, 247, 9, 249, 9, 251, 9, 252, 9, 254, 10, 0, 10, 2, 10, 3, 10, 4, 10, 5, 10, 7, 10, 8, 10, 10, 10, 12, 10, 13, 10, 15, 10, 16, 10, 29, 10, 37, 10, 49, 10, 51, 10, 53, 10, 55, 10, 94, 10, 103, 10, 114, 10, 123, 10, 129, 10, 134, 10, 143, 10, 152, 10, 165, 10, 167, 10, 169, 10, 171, 10, 210, 10, 211, 10, 214, 10, 216, 10, 220, 10, 233, 10, 241, 10, 252, 11, 11, 11, 13, 11, 15, 11, 17, 11, 19, 11, 21, 11, 23, 11, 25, 11, 40, 11, 42, 11, 44, 11, 46, 11, 48, 11, 50, 11, 52, 11, 54, 11, 56, 11, 63, 11, 78, 11, 87, 11, 115, 11, 130, 11, 141, 11, 156, 11, 222, 11, 227, 13, 227, 13, 229, 13, 238, 14, 73, 14, 82, 14, 91, 14, 113, 14, 120, 14, 133, 14, 146, 14, 157, 14, 159, 14, 161, 14, 163, 14, 165, 14, 167, 14, 178, 14, 180, 14, 182, 14, 184, 14, 186, 14, 188, 14, 190, 14, 235, 15, 30, 15, 54, 15, 81, 15, 116, 15, 155, 15, 157, 15, 167, 15, 176, 15, 183, 15, 185, 15, 187, 15, 189, 15, 191, 15, 193, 15, 195, 15, 204, 15, 212, 15, 217, 15, 226, 15, 248, 15, 255, 16, 21, 16, 34, 17, 13, 17, 14, 17, 16, 17, 17, 17, 18, 17, 20, 17, 22, 17, 24, 17, 26, 17, 28, 17, 30, 17, 32, 17, 34, 17, 36, 17, 38, 17, 39, 17, 41, 17, 43, 17, 44, 17, 46, 17, 47, 17, 48, 17, 50, 17, 51, 17, 52, 17, 54, 17, 56, 17, 57, 17, 59, 17, 61, 17, 62, 17, 64, 17, 65, 17, 66, 17, 68, 17, 70, 17, 72, 17, 74, 17, 75, 17, 77, 17, 79, 17, 80, 17, 81, 17, 82, 17, 83, 17, 85, 17, 86, 17, 88, 17, 101, 17, 116, 17, 118, 17, 120, 17, 122, 17, 124, 17, 126, 17, 128, 17, 130, 17, 145, 17, 147, 17, 149, 17, 151, 17, 153, 17, 155, 17, 157, 17, 159, 17, 161, 19, 161, 19, 252, 20, 9, 20, 20, 20, 22, 20, 24, 20, 26, 20, 28, 20, 30, 20, 41, 20, 43, 20, 45, 20, 47, 20, 49, 20, 51, 20, 53, 20, 62, 20, 69, 20, 71, 20, 73, 20, 75, 20, 77, 20, 130, 20, 133, 20, 136, 20, 138, 20, 140, 20, 142, 20, 144, 20, 146, 20, 148, 20, 150, 20, 151, 20, 153, 20, 155, 20, 157, 20, 159, 20, 168, 20, 170, 20, 183, 20, 200, 20, 202, 20, 204, 20, 206, 20, 208, 20, 210, 20, 212, 20, 214, 20, 216, 20, 233, 20, 235, 20, 237, 20, 239, 20, 241, 20, 243, 20, 245, 20, 247, 20, 249, 20, 251, 21, 0, 21, 13, 21, 27, 21, 41, 21, 63, 21, 78, 21, 89, 21, 120, 21, 147, 23, 127, 23, 159, 23, 165, 23, 211, 23, 218, 23, 224, 23, 233, 23, 243, 23, 245, 24, 16, 24, 25, 24, 43, 24, 50, 24, 59, 24, 68, 24, 88, 24, 95, 24, 115, 24, 129, 24, 142, 24, 144, 24, 146, 24, 148, 25, 15, 25, 24, 25, 57, 25, 64, 25, 97, 0, 0, 0, 0, 0, 0, 2, 2, 0, 0, 0, 0, 0, 0, 1, 159, 0, 0, 0, 0, 0, 0, 0, 0, 0, 0, 0, 0, 0, 0, 25, 122, 95, 16, 113, 47, 85, 115, 101, 114, 115, 47, 109, 97, 114, 107, 105, 107, 47, 67, 111, 100, 101, 47, 116, 97, 114, 103, 101, 116, 115, 47, 119, 103, 112, 117, 45, 115, 99, 114, 121, 45, 104, 97, 114, 100, 119, 97, 114, 101, 47, 100, 101, 109, 111, 45, 109, 97, 99, 45, 100, 111, 119, 110, 108, 111, 97, 100, 45, 116, 101, 115, 116, 45, 54, 48, 50, 50, 56, 47, 100, 111, 119, 110, 108, 111, 97, 100, 45, 111, 117, 116, 112, 117, 116, 47, 115, 99, 114, 121, 105, 110, 103, 45, 100, 111, 119, 110, 108, 111, 97, 100, 45, 50, 46, 98, 105, 110, 210, 28, 29, 30, 31, 90, 36, 99, 108, 97, 115, 115, 110, 97, 109, 101, 88, 36, 99, 108, 97, 115, 115, 101, 115, 92, 78, 83, 68, 105, 99, 116, 105, 111, 110, 97, 114, 121, 162, 30, 32, 88, 78, 83, 79, 98, 106, 101, 99, 116, 0, 8, 0, 17, 0, 26, 0, 36, 0, 41, 0, 50, 0, 55, 0, 73, 0, 76, 0, 106, 0, 108, 0, 116, 0, 122, 0, 129, 0, 137, 0, 148, 0, 155, 0, 158, 0, 160, 0, 162, 0, 165, 0, 167, 0, 169, 0, 171, 0, 176, 0, 210, 29, 174, 30, 34, 30, 39, 30, 50, 30, 59, 30, 72, 30, 75, 0, 0, 0, 0, 0, 0, 2, 1, 0, 0, 0, 0, 0, 0, 0, 33, 0, 0, 0, 0, 0, 0, 0, 0, 0, 0, 0, 0, 0, 0, 30, 84]) }
2026-10-06T20:55:45.5184070Z demo-mac: download-test: phase E: DownloadCancelled with 7862 bytes of resume_data
2026-10-06T20:55:45.5184330Z demo-mac: download-test: phase E: resume_download issued, resumed id = 5
2026-10-06T20:55:45.5184910Z demo-mac: nav event: DownloadStarted { id: DownloadId(5), url: "", suggested_filename: "scrying-download-2.bin", destination_path: "/Users/markik/Code/targets/wgpu-scry-hardware/demo-mac-download-test-60228/download-output/scrying-download-2.bin", total_bytes_expected: None }
2026-10-06T20:55:45.5185490Z demo-mac: nav event: DownloadProgress { id: DownloadId(5), bytes_written: 262144, total_bytes_expected: None }
2026-10-06T20:55:45.5186180Z demo-mac: nav event: DownloadFinished { id: DownloadId(5), destination_path: "/Users/markik/Code/targets/wgpu-scry-hardware/demo-mac-download-test-60228/download-output/scrying-download-2.bin", error: None }
2026-10-06T20:55:45.5186640Z demo-mac: download-test: phase E: resumed download produced 262144 bytes matching the expected payload
2026-10-06T20:55:45.5187000Z demo-mac: download-test: PASS — item 8 download pipeline verified
2026-10-06T20:55:45.5187250Z   - basic: DownloadStarted/Progress/Finished events landed with id 1 and bytes match served payload
2026-10-06T20:55:45.5187530Z   - host Cancel decision: DownloadCancelled fired (no Started, no Finished) for id 2
2026-10-06T20:55:45.5187750Z   - cancel_download(unknown_id): returned Ok(false) as expected
2026-10-06T20:55:45.5188060Z   - basic-auth download via start_download: shared auth handler supplied credentials, download succeeded (download-level auth callback fired = true)
2026-10-06T20:55:45.5188410Z   - resume: cancelled mid-stream (id 4), resume_download produced complete bytes (resumed id 5)
2026-10-06T20:55:45.5188640Z   -> PASS
2026-10-06T20:55:45.5188690Z 
2026-10-06T20:55:45.5188730Z ==> --profile-test
2026-10-06T20:55:46.2021430Z demo-mac: --profile-test: spun up persistent counterpart at same data_dir
2026-10-06T20:55:46.2021720Z demo-mac: profile-test: set_cookie 'scrying-profile-60407' on producer #1
2026-10-06T20:55:46.2021960Z demo-mac: profile-test: producer #1 store reports 1 cookie(s)
2026-10-06T20:55:46.2022160Z demo-mac: profile-test: producer #2 store reports 1 cookie(s)
2026-10-06T20:55:46.2022530Z demo-mac: profile-test: PASS — persistent stores at the same data_dir share cookies
2026-10-06T20:55:46.2022800Z   - set_cookie on producer #1 was visible to its own request_all_cookies
2026-10-06T20:55:46.2023060Z   - same cookie was visible to a separate persistent producer at the same data_dir
2026-10-06T20:55:46.2036990Z   -> PASS
2026-10-06T20:55:46.2049890Z 
2026-10-06T20:55:46.2050060Z ==> --two-tabs
2026-10-06T20:55:54.6813880Z demo-mac: --two-tabs: spun up second producer
2026-10-06T20:55:54.6814130Z demo-mac: nav event: Starting { url: "scrying-test://history-1" }
2026-10-06T20:55:54.6814390Z demo-mac: [tab2] nav event: Starting { url: "scrying-test://history-2" }
2026-10-06T20:55:54.6814630Z demo-mac: nav event: SourceChanged { url: "scrying-test://history-1" }
2026-10-06T20:55:54.6814870Z demo-mac: [tab2] nav event: SourceChanged { url: "scrying-test://history-2" }
2026-10-06T20:55:54.6815080Z demo-mac: js->host: loaded:history-1
2026-10-06T20:55:54.6815210Z demo-mac: [tab2] js->host: loaded:history-2
2026-10-06T20:55:54.6815620Z demo-mac: nav event: Completed { url: "scrying-test://history-1", success: true }
2026-10-06T20:55:54.6815970Z demo-mac: [tab2] nav event: Completed { url: "scrying-test://history-2", success: true }
2026-10-06T20:55:54.6816460Z demo-mac: two-tabs: PASS — multi-instance independence verified (3 tab-1 urls, 3 tab-2 urls, no cross-talk)
2026-10-06T20:55:54.6829720Z   -> PASS
2026-10-06T20:55:54.6843890Z 
2026-10-06T20:55:54.6844160Z ==> --capture-test
2026-10-06T20:56:00.1422020Z demo-mac: started loading scrying-test://capture
2026-10-06T20:56:00.1422220Z demo-mac: start_capture_async kicked off
2026-10-06T20:56:00.1422410Z demo-mac: nav event: Starting { url: "scrying-test://capture" }
2026-10-06T20:56:00.1422650Z demo-mac: nav event: SourceChanged { url: "scrying-test://capture" }
2026-10-06T20:56:00.1422890Z demo-mac: nav event: Completed { url: "scrying-test://capture", success: true }
2026-10-06T20:56:00.1423280Z demo-mac: capture-test: PASS — SCK pipeline delivered 5 frames across [1024x1536]
2026-10-06T20:56:00.1438670Z   -> PASS
2026-10-06T20:56:00.1464840Z 
2026-10-06T20:56:00.1464970Z ==> --capture-test+resize
2026-10-06T20:56:33.6218370Z demo-mac: started loading scrying-test://capture
2026-10-06T20:56:33.6218590Z demo-mac: start_capture_async kicked off
2026-10-06T20:56:33.6218780Z demo-mac: nav event: Starting { url: "scrying-test://capture" }
2026-10-06T20:56:33.6219010Z demo-mac: nav event: SourceChanged { url: "scrying-test://capture" }
2026-10-06T20:56:33.6219600Z demo-mac: nav event: Completed { url: "scrying-test://capture", success: true }
2026-10-06T20:56:33.6219980Z demo-mac: resize-test step 0 → request logical inner_size = 1280x800
2026-10-06T20:56:33.6220200Z demo-mac: resize-test step 1 → request logical inner_size = 768x600
2026-10-06T20:56:33.6220440Z demo-mac: resize-test step 2 → request logical inner_size = 1024x700
2026-10-06T20:56:33.6220670Z demo-mac: capture-test: FAIL
2026-10-06T20:56:33.6220860Z   - captured 11 frame(s) within 30s without observing 3 frame(s) at every expected size
2026-10-06T20:56:33.6221150Z   - observed 2 frame(s) at 1024x1536, expected at least 3
2026-10-06T20:56:33.6221530Z   - pre-import frame diagnostics: no-latest-sample=1292847, no-image-payload=0, config-revision-pending=0, source-dimension-mismatch=0, empty-crop=0
2026-10-06T20:56:33.6221980Z   - SCK frame statuses: missing=0, complete=11, idle=0, blank=0, suspended=0, started=0, stopped=0, unknown=0, last=Some(0)
2026-10-06T20:56:33.6222460Z   - capture revisions: requested=3, applied=3; last source dimensions=Some(PhysicalSize { width: 2048, height: 1464 }), expected host dimensions=Some(PhysicalSize { width: 2048, height: 1464 })
2026-10-06T20:56:33.6234380Z   -> FAIL (PASS receipt absent)
2026-10-06T20:56:33.6249190Z 
2026-10-06T20:56:33.6249350Z ==> summary
2026-10-06T20:56:33.6249480Z   passed: 9 / 10
2026-10-06T20:56:33.6249590Z   failed: 1
2026-10-06T20:56:33.6249710Z     - --capture-test+resize
2026-10-06T20:56:33.6758530Z ##[error]Process completed with exit code 1.
2026-10-06T20:56:33.6803060Z Post job cleanup.
2026-10-06T20:56:33.7898750Z Released host hardware lock at /var/folders/96/dck6q6xj3490x43zr8fb8pbm0000gp/T/merely-wgpu-hardware-lock/host.lock
2026-10-06T20:56:33.7965960Z Post job cleanup.
2026-10-06T20:56:33.8642120Z [command]/usr/bin/git version
2026-10-06T20:56:33.8734930Z git version 2.50.1 (Apple Git-155)
2026-10-06T20:56:33.8747080Z Copying '/Users/markik/.gitconfig' to '/Users/markik/actions-runner-wgpu/_work/_temp/87a178a7-9871-4ee5-886f-25fcbc3195a7/.gitconfig'
2026-10-06T20:56:33.8751910Z Temporarily overriding HOME='/Users/markik/actions-runner-wgpu/_work/_temp/87a178a7-9871-4ee5-886f-25fcbc3195a7' before making global git config changes
2026-10-06T20:56:33.8752380Z Adding repository directory to the temporary git global config as a safe directory
2026-10-06T20:56:33.8753760Z [command]/usr/bin/git config --global --add safe.directory /Users/markik/actions-runner-wgpu/_work/wgpu-scry/wgpu-scry/.host-hardware-lock
2026-10-06T20:56:33.9281840Z Removing SSH command configuration
2026-10-06T20:56:33.9284320Z [command]/usr/bin/git config --local --name-only --get-regexp core\.sshCommand
2026-10-06T20:56:33.9359290Z [command]/usr/bin/git submodule foreach --recursive sh -c "git config --local --name-only --get-regexp 'core\.sshCommand' && git config --local --unset-all 'core.sshCommand' || :"
2026-10-06T20:56:33.9883420Z Removing HTTP extra header
2026-10-06T20:56:33.9885510Z [command]/usr/bin/git config --local --name-only --get-regexp http\.https\:\/\/github\.com\/\.extraheader
2026-10-06T20:56:33.9955790Z [command]/usr/bin/git submodule foreach --recursive sh -c "git config --local --name-only --get-regexp 'http\.https\:\/\/github\.com\/\.extraheader' && git config --local --unset-all 'http.https://github.com/.extraheader' || :"
2026-10-06T20:56:34.0439160Z Removing includeIf entries pointing to credentials config files
2026-10-06T20:56:34.0441700Z [command]/usr/bin/git config --local --name-only --get-regexp ^includeIf\.gitdir:
2026-10-06T20:56:34.0510260Z includeif.gitdir:/Users/markik/actions-runner-wgpu/_work/wgpu-scry/wgpu-scry/.host-hardware-lock/.git.path
2026-10-06T20:56:34.0510690Z includeif.gitdir:/Users/markik/actions-runner-wgpu/_work/wgpu-scry/wgpu-scry/.host-hardware-lock/.git/worktrees/*.path
2026-10-06T20:56:34.0511030Z includeif.gitdir:/github/workspace/.host-hardware-lock/.git.path
2026-10-06T20:56:34.0511290Z includeif.gitdir:/github/workspace/.host-hardware-lock/.git/worktrees/*.path
2026-10-06T20:56:34.0514480Z [command]/usr/bin/git config --local --get-all includeif.gitdir:/Users/markik/actions-runner-wgpu/_work/wgpu-scry/wgpu-scry/.host-hardware-lock/.git.path
2026-10-06T20:56:34.0572040Z /Users/markik/actions-runner-wgpu/_work/_temp/git-credentials-4e8db796-5a34-4aea-97f5-20fb0642c780.config
2026-10-06T20:56:34.0576740Z [command]/usr/bin/git config --local --unset includeif.gitdir:/Users/markik/actions-runner-wgpu/_work/wgpu-scry/wgpu-scry/.host-hardware-lock/.git.path \/Users\/markik\/actions\-runner\-wgpu\/_work\/_temp\/git\-credentials\-4e8db796\-5a34\-4aea\-97f5\-20fb0642c780\.config
2026-10-06T20:56:34.0639620Z [command]/usr/bin/git config --local --get-all includeif.gitdir:/Users/markik/actions-runner-wgpu/_work/wgpu-scry/wgpu-scry/.host-hardware-lock/.git/worktrees/*.path
2026-10-06T20:56:34.0694900Z /Users/markik/actions-runner-wgpu/_work/_temp/git-credentials-4e8db796-5a34-4aea-97f5-20fb0642c780.config
2026-10-06T20:56:34.0699230Z [command]/usr/bin/git config --local --unset includeif.gitdir:/Users/markik/actions-runner-wgpu/_work/wgpu-scry/wgpu-scry/.host-hardware-lock/.git/worktrees/*.path \/Users\/markik\/actions\-runner\-wgpu\/_work\/_temp\/git\-credentials\-4e8db796\-5a34\-4aea\-97f5\-20fb0642c780\.config
2026-10-06T20:56:34.0758970Z [command]/usr/bin/git config --local --get-all includeif.gitdir:/github/workspace/.host-hardware-lock/.git.path
2026-10-06T20:56:34.0819180Z /github/runner_temp/git-credentials-4e8db796-5a34-4aea-97f5-20fb0642c780.config
2026-10-06T20:56:34.0822620Z [command]/usr/bin/git config --local --unset includeif.gitdir:/github/workspace/.host-hardware-lock/.git.path \/github\/runner_temp\/git\-credentials\-4e8db796\-5a34\-4aea\-97f5\-20fb0642c780\.config
2026-10-06T20:56:34.0886360Z [command]/usr/bin/git config --local --get-all includeif.gitdir:/github/workspace/.host-hardware-lock/.git/worktrees/*.path
2026-10-06T20:56:34.0952890Z /github/runner_temp/git-credentials-4e8db796-5a34-4aea-97f5-20fb0642c780.config
2026-10-06T20:56:34.0956480Z [command]/usr/bin/git config --local --unset includeif.gitdir:/github/workspace/.host-hardware-lock/.git/worktrees/*.path \/github\/runner_temp\/git\-credentials\-4e8db796\-5a34\-4aea\-97f5\-20fb0642c780\.config
2026-10-06T20:56:34.1026590Z [command]/usr/bin/git submodule foreach --recursive git config --local --show-origin --name-only --get-regexp remote.origin.url
2026-10-06T20:56:34.1534610Z Removing credentials config '/Users/markik/actions-runner-wgpu/_work/_temp/git-credentials-4e8db796-5a34-4aea-97f5-20fb0642c780.config'
2026-10-06T20:56:34.1601960Z Post job cleanup.
2026-10-06T20:56:34.2118400Z [command]/usr/bin/git version
2026-10-06T20:56:34.2197420Z git version 2.50.1 (Apple Git-155)
2026-10-06T20:56:34.2208180Z Copying '/Users/markik/.gitconfig' to '/Users/markik/actions-runner-wgpu/_work/_temp/3e342a1d-8eda-44da-9349-75043a1a7a40/.gitconfig'
2026-10-06T20:56:34.2212540Z Temporarily overriding HOME='/Users/markik/actions-runner-wgpu/_work/_temp/3e342a1d-8eda-44da-9349-75043a1a7a40' before making global git config changes
2026-10-06T20:56:34.2213010Z Adding repository directory to the temporary git global config as a safe directory
2026-10-06T20:56:34.2217270Z [command]/usr/bin/git config --global --add safe.directory /Users/markik/actions-runner-wgpu/_work/wgpu-scry/wgpu-scry
2026-10-06T20:56:34.2697630Z Removing SSH command configuration
2026-10-06T20:56:34.2699980Z [command]/usr/bin/git config --local --name-only --get-regexp core\.sshCommand
2026-10-06T20:56:34.2773070Z [command]/usr/bin/git submodule foreach --recursive sh -c "git config --local --name-only --get-regexp 'core\.sshCommand' && git config --local --unset-all 'core.sshCommand' || :"
2026-10-06T20:56:34.3255050Z Removing HTTP extra header
2026-10-06T20:56:34.3257040Z [command]/usr/bin/git config --local --name-only --get-regexp http\.https\:\/\/github\.com\/\.extraheader
2026-10-06T20:56:34.3329340Z [command]/usr/bin/git submodule foreach --recursive sh -c "git config --local --name-only --get-regexp 'http\.https\:\/\/github\.com\/\.extraheader' && git config --local --unset-all 'http.https://github.com/.extraheader' || :"
2026-10-06T20:56:34.3808150Z Removing includeIf entries pointing to credentials config files
2026-10-06T20:56:34.3810830Z [command]/usr/bin/git config --local --name-only --get-regexp ^includeIf\.gitdir:
2026-10-06T20:56:34.3875600Z includeif.gitdir:/Users/markik/actions-runner-wgpu/_work/wgpu-scry/wgpu-scry/.git.path
2026-10-06T20:56:34.3875970Z includeif.gitdir:/Users/markik/actions-runner-wgpu/_work/wgpu-scry/wgpu-scry/.git/worktrees/*.path
2026-10-06T20:56:34.3876240Z includeif.gitdir:/github/workspace/.git.path
2026-10-06T20:56:34.3876450Z includeif.gitdir:/github/workspace/.git/worktrees/*.path
2026-10-06T20:56:34.3879590Z [command]/usr/bin/git config --local --get-all includeif.gitdir:/Users/markik/actions-runner-wgpu/_work/wgpu-scry/wgpu-scry/.git.path
2026-10-06T20:56:34.3937390Z /Users/markik/actions-runner-wgpu/_work/_temp/git-credentials-b90ed264-842d-49c6-bc7e-862d2d466393.config
2026-10-06T20:56:34.3942280Z [command]/usr/bin/git config --local --unset includeif.gitdir:/Users/markik/actions-runner-wgpu/_work/wgpu-scry/wgpu-scry/.git.path \/Users\/markik\/actions\-runner\-wgpu\/_work\/_temp\/git\-credentials\-b90ed264\-842d\-49c6\-bc7e\-862d2d466393\.config
2026-10-06T20:56:34.4009280Z [command]/usr/bin/git config --local --get-all includeif.gitdir:/Users/markik/actions-runner-wgpu/_work/wgpu-scry/wgpu-scry/.git/worktrees/*.path
2026-10-06T20:56:34.4070400Z /Users/markik/actions-runner-wgpu/_work/_temp/git-credentials-b90ed264-842d-49c6-bc7e-862d2d466393.config
2026-10-06T20:56:34.4074690Z [command]/usr/bin/git config --local --unset includeif.gitdir:/Users/markik/actions-runner-wgpu/_work/wgpu-scry/wgpu-scry/.git/worktrees/*.path \/Users\/markik\/actions\-runner\-wgpu\/_work\/_temp\/git\-credentials\-b90ed264\-842d\-49c6\-bc7e\-862d2d466393\.config
2026-10-06T20:56:34.4135770Z [command]/usr/bin/git config --local --get-all includeif.gitdir:/github/workspace/.git.path
2026-10-06T20:56:34.4192250Z /github/runner_temp/git-credentials-b90ed264-842d-49c6-bc7e-862d2d466393.config
2026-10-06T20:56:34.4195800Z [command]/usr/bin/git config --local --unset includeif.gitdir:/github/workspace/.git.path \/github\/runner_temp\/git\-credentials\-b90ed264\-842d\-49c6\-bc7e\-862d2d466393\.config
2026-10-06T20:56:34.4260740Z [command]/usr/bin/git config --local --get-all includeif.gitdir:/github/workspace/.git/worktrees/*.path
2026-10-06T20:56:34.4321440Z /github/runner_temp/git-credentials-b90ed264-842d-49c6-bc7e-862d2d466393.config
2026-10-06T20:56:34.4325020Z [command]/usr/bin/git config --local --unset includeif.gitdir:/github/workspace/.git/worktrees/*.path \/github\/runner_temp\/git\-credentials\-b90ed264\-842d\-49c6\-bc7e\-862d2d466393\.config
2026-10-06T20:56:34.4389340Z [command]/usr/bin/git submodule foreach --recursive git config --local --show-origin --name-only --get-regexp remote.origin.url
2026-10-06T20:56:34.4865780Z Removing credentials config '/Users/markik/actions-runner-wgpu/_work/_temp/git-credentials-b90ed264-842d-49c6-bc7e-862d2d466393.config'
2026-10-06T20:56:34.4923820Z Cleaning up orphan processes
