2026-10-06T21:21:48.5950280Z Current runner version: '2.337.0'
2026-10-06T21:21:48.5952730Z Runner name: 'wgpu-imac-m4'
2026-10-06T21:21:48.5953040Z Runner group name: 'wgpu-hardware'
2026-10-06T21:21:48.5953450Z Machine name: 'Mayolas-iMac'
2026-10-06T21:21:48.5954650Z ##[group]GITHUB_TOKEN Permissions
2026-10-06T21:21:48.5955340Z Contents: read
2026-10-06T21:21:48.5955590Z Metadata: read
2026-10-06T21:21:48.5955820Z ##[endgroup]
2026-10-06T21:21:48.5956570Z Secret source: Actions
2026-10-06T21:21:48.5956940Z Cache mode: write
2026-10-06T21:21:48.5957230Z Prepare workflow directory
2026-10-06T21:21:48.6223510Z Prepare all required actions
2026-10-06T21:21:48.6246090Z Getting action download info
2026-10-06T21:21:48.9681500Z Download action repository 'actions/checkout@v7' (SHA:3d3c42e5aac5ba805825da76410c181273ba90b1)
2026-10-06T21:21:49.5067270Z Download action repository 'dtolnay/rust-toolchain@1.97.1' (SHA:9ca9f0b320e19763058bc9531663c225d20db487)
2026-10-06T21:21:49.8645460Z Complete job name: Apple M4 WKWebView and ScreenCaptureKit battery
2026-10-06T21:21:49.8950610Z ##[group]Run actions/checkout@v7
2026-10-06T21:21:49.8950960Z with:
2026-10-06T21:21:49.8951180Z   repository: merely-made/wgpu-scry
2026-10-06T21:21:49.8954370Z   token: ***
2026-10-06T21:21:49.8954570Z   ssh-strict: true
2026-10-06T21:21:49.8954790Z   ssh-user: git
2026-10-06T21:21:49.8955010Z   persist-credentials: true
2026-10-06T21:21:49.8955260Z   clean: true
2026-10-06T21:21:49.8955490Z   sparse-checkout-cone-mode: true
2026-10-06T21:21:49.8955770Z   fetch-depth: 1
2026-10-06T21:21:49.8955990Z   fetch-tags: false
2026-10-06T21:21:49.8956220Z   show-progress: true
2026-10-06T21:21:49.8956450Z   lfs: false
2026-10-06T21:21:49.8956660Z   submodules: false
2026-10-06T21:21:49.8956890Z   set-safe-directory: true
2026-10-06T21:21:49.8957160Z   allow-unsafe-pr-checkout: false
2026-10-06T21:21:49.8957500Z env:
2026-10-06T21:21:49.8957700Z   CARGO_NET_GIT_FETCH_WITH_CLI: true
2026-10-06T21:21:49.8958000Z   RUSTFLAGS: -D warnings
2026-10-06T21:21:49.8958360Z   CARGO_TARGET_DIR: /Users/markik/Code/targets/wgpu-scry-hardware
2026-10-06T21:21:49.8958760Z   CAPTURE: 1
2026-10-06T21:21:49.8958960Z   TIMEOUT: 90
2026-10-06T21:21:49.8959180Z   VISIBLE: 1
2026-10-06T21:21:49.8959450Z ##[endgroup]
2026-10-06T21:21:49.9557750Z Syncing repository: merely-made/wgpu-scry
2026-10-06T21:21:49.9558720Z ##[group]Getting Git version info
2026-10-06T21:21:49.9559270Z Working directory is '/Users/markik/actions-runner-wgpu/_work/wgpu-scry/wgpu-scry'
2026-10-06T21:21:49.9560060Z [command]/usr/bin/git version
2026-10-06T21:21:49.9615450Z git version 2.50.1 (Apple Git-155)
2026-10-06T21:21:49.9622820Z ##[endgroup]
2026-10-06T21:21:49.9625960Z Copying '/Users/markik/.gitconfig' to '/Users/markik/actions-runner-wgpu/_work/_temp/991641d6-1dec-4f2a-b897-9229096aaf7d/.gitconfig'
2026-10-06T21:21:49.9631610Z Temporarily overriding HOME='/Users/markik/actions-runner-wgpu/_work/_temp/991641d6-1dec-4f2a-b897-9229096aaf7d' before making global git config changes
2026-10-06T21:21:49.9632860Z Adding repository directory to the temporary git global config as a safe directory
2026-10-06T21:21:49.9633800Z [command]/usr/bin/git config --global --add safe.directory /Users/markik/actions-runner-wgpu/_work/wgpu-scry/wgpu-scry
2026-10-06T21:21:50.0483600Z [command]/usr/bin/git config --local --get remote.origin.url
2026-10-06T21:21:50.0549690Z https://github.com/merely-made/wgpu-scry
2026-10-06T21:21:50.0554820Z ##[group]Removing previously created refs, to avoid conflicts
2026-10-06T21:21:50.0556050Z [command]/usr/bin/git rev-parse --symbolic-full-name --verify --quiet HEAD
2026-10-06T21:21:50.0621650Z refs/heads/main
2026-10-06T21:21:50.0625610Z [command]/usr/bin/git checkout --detach
2026-10-06T21:21:50.0722950Z HEAD is now at 889d3b6 Check Mac capture size expectations in the native hardware lane
2026-10-06T21:21:50.0797650Z [command]/usr/bin/git branch --delete --force main
2026-10-06T21:21:50.0865110Z Deleted branch main (was 889d3b6).
2026-10-06T21:21:50.0940830Z ##[endgroup]
2026-10-06T21:21:50.0941520Z [command]/usr/bin/git submodule status
2026-10-06T21:21:50.1476030Z ##[group]Cleaning the repository
2026-10-06T21:21:50.1476780Z [command]/usr/bin/git clean -ffdx
2026-10-06T21:21:50.1574270Z Removing .host-hardware-lock/
2026-10-06T21:21:50.1579010Z [command]/usr/bin/git reset --hard HEAD
2026-10-06T21:21:50.1697710Z HEAD is now at 889d3b6 Check Mac capture size expectations in the native hardware lane
2026-10-06T21:21:50.1700460Z ##[endgroup]
2026-10-06T21:21:50.1701330Z ##[group]Disabling automatic garbage collection
2026-10-06T21:21:50.1702460Z [command]/usr/bin/git config --local gc.auto 0
2026-10-06T21:21:50.1769650Z ##[endgroup]
2026-10-06T21:21:50.1770110Z ##[group]Setting up auth
2026-10-06T21:21:50.1770460Z Removing SSH command configuration
2026-10-06T21:21:50.1772360Z [command]/usr/bin/git config --local --name-only --get-regexp core\.sshCommand
2026-10-06T21:21:50.1840360Z [command]/usr/bin/git submodule foreach --recursive sh -c "git config --local --name-only --get-regexp 'core\.sshCommand' && git config --local --unset-all 'core.sshCommand' || :"
2026-10-06T21:21:50.2386080Z Removing HTTP extra header
2026-10-06T21:21:50.2387180Z [command]/usr/bin/git config --local --name-only --get-regexp http\.https\:\/\/github\.com\/\.extraheader
2026-10-06T21:21:50.2465430Z [command]/usr/bin/git submodule foreach --recursive sh -c "git config --local --name-only --get-regexp 'http\.https\:\/\/github\.com\/\.extraheader' && git config --local --unset-all 'http.https://github.com/.extraheader' || :"
2026-10-06T21:21:50.2979160Z Removing includeIf entries pointing to credentials config files
2026-10-06T21:21:50.2980850Z [command]/usr/bin/git config --local --name-only --get-regexp ^includeIf\.gitdir:
2026-10-06T21:21:50.3049660Z [command]/usr/bin/git submodule foreach --recursive git config --local --show-origin --name-only --get-regexp remote.origin.url
2026-10-06T21:21:50.3568700Z [command]/usr/bin/git config --file /Users/markik/actions-runner-wgpu/_work/_temp/git-credentials-3cacf211-be51-4412-a5db-daaab02f4490.config http.https://github.com/.extraheader AUTHORIZATION: basic ***
2026-10-06T21:21:50.3644560Z [command]/usr/bin/git config --local includeIf.gitdir:/Users/markik/actions-runner-wgpu/_work/wgpu-scry/wgpu-scry/.git.path /Users/markik/actions-runner-wgpu/_work/_temp/git-credentials-3cacf211-be51-4412-a5db-daaab02f4490.config
2026-10-06T21:21:50.3712400Z [command]/usr/bin/git config --local includeIf.gitdir:/Users/markik/actions-runner-wgpu/_work/wgpu-scry/wgpu-scry/.git/worktrees/*.path /Users/markik/actions-runner-wgpu/_work/_temp/git-credentials-3cacf211-be51-4412-a5db-daaab02f4490.config
2026-10-06T21:21:50.3780830Z [command]/usr/bin/git config --local includeIf.gitdir:/github/workspace/.git.path /github/runner_temp/git-credentials-3cacf211-be51-4412-a5db-daaab02f4490.config
2026-10-06T21:21:50.3855470Z [command]/usr/bin/git config --local includeIf.gitdir:/github/workspace/.git/worktrees/*.path /github/runner_temp/git-credentials-3cacf211-be51-4412-a5db-daaab02f4490.config
2026-10-06T21:21:50.3930340Z ##[endgroup]
2026-10-06T21:21:50.3931360Z ##[group]Fetching the repository
2026-10-06T21:21:50.3933020Z [command]/usr/bin/git -c protocol.version=2 fetch --no-tags --prune --no-recurse-submodules --depth=1 origin +97b7579ca5e2818aff08a83b2f66d2ea4a82e77d:refs/remotes/origin/main
2026-10-06T21:21:50.8184800Z From https://github.com/merely-made/wgpu-scry
2026-10-06T21:21:50.8186360Z  + 889d3b6...97b7579 97b7579ca5e2818aff08a83b2f66d2ea4a82e77d -> origin/main  (forced update)
2026-10-06T21:21:50.8245460Z [command]/usr/bin/git branch --list --remote origin/main
2026-10-06T21:21:50.8340620Z   origin/main
2026-10-06T21:21:50.8346450Z [command]/usr/bin/git rev-parse refs/remotes/origin/main
2026-10-06T21:21:50.8421180Z 97b7579ca5e2818aff08a83b2f66d2ea4a82e77d
2026-10-06T21:21:50.8424100Z ##[endgroup]
2026-10-06T21:21:50.8425070Z ##[group]Determining the checkout info
2026-10-06T21:21:50.8426110Z ##[endgroup]
2026-10-06T21:21:50.8426760Z [command]/usr/bin/git sparse-checkout disable
2026-10-06T21:21:50.8518790Z [command]/usr/bin/git config --local --unset-all extensions.worktreeConfig
2026-10-06T21:21:50.8581790Z ##[group]Checking out the ref
2026-10-06T21:21:50.8582790Z [command]/usr/bin/git checkout --progress --force -B main refs/remotes/origin/main
2026-10-06T21:21:50.8667280Z Warning: you are leaving 1 commit behind, not connected to
2026-10-06T21:21:50.8667970Z any of your branches:
2026-10-06T21:21:50.8668270Z 
2026-10-06T21:21:50.8668630Z   889d3b6 Check Mac capture size expectations in the native hardware lane
2026-10-06T21:21:50.8669150Z 
2026-10-06T21:21:50.8669510Z If you want to keep it by creating a new branch, this may be a good time
2026-10-06T21:21:50.8670240Z to do so with:
2026-10-06T21:21:50.8670510Z 
2026-10-06T21:21:50.8670800Z  git branch <new-branch-name> 889d3b6
2026-10-06T21:21:50.8680620Z 
2026-10-06T21:21:50.8680920Z Switched to a new branch 'main'
2026-10-06T21:21:50.8684030Z branch 'main' set up to track 'origin/main'.
2026-10-06T21:21:50.8687220Z ##[endgroup]
2026-10-06T21:21:50.8756510Z [command]/usr/bin/git log -1 --format=%H
2026-10-06T21:21:50.8824140Z 97b7579ca5e2818aff08a83b2f66d2ea4a82e77d
2026-10-06T21:21:50.8979480Z ##[group]Run actions/checkout@v7
2026-10-06T21:21:50.8979910Z with:
2026-10-06T21:21:50.8980290Z   repository: merely-made/wgpu-graft
2026-10-06T21:21:50.8980780Z   ref: 781aa6aad3f63b83ad48b192a6a5d078be1d71b8
2026-10-06T21:21:50.8981260Z   path: .host-hardware-lock
2026-10-06T21:21:50.8981730Z   sparse-checkout: .github/actions/host-hardware-lock
2026-10-06T21:21:50.8982250Z   sparse-checkout-cone-mode: false
2026-10-06T21:21:50.8985470Z   token: ***
2026-10-06T21:21:50.8985840Z   ssh-strict: true
2026-10-06T21:21:50.8986190Z   ssh-user: git
2026-10-06T21:21:50.8986600Z   persist-credentials: true
2026-10-06T21:21:50.8986970Z   clean: true
2026-10-06T21:21:50.8987310Z   fetch-depth: 1
2026-10-06T21:21:50.8987660Z   fetch-tags: false
2026-10-06T21:21:50.8988010Z   show-progress: true
2026-10-06T21:21:50.8988370Z   lfs: false
2026-10-06T21:21:50.8988690Z   submodules: false
2026-10-06T21:21:50.8989070Z   set-safe-directory: true
2026-10-06T21:21:50.8989520Z   allow-unsafe-pr-checkout: false
2026-10-06T21:21:50.8989970Z env:
2026-10-06T21:21:50.8990340Z   CARGO_NET_GIT_FETCH_WITH_CLI: true
2026-10-06T21:21:50.8990780Z   RUSTFLAGS: -D warnings
2026-10-06T21:21:50.8991270Z   CARGO_TARGET_DIR: /Users/markik/Code/targets/wgpu-scry-hardware
2026-10-06T21:21:50.8991760Z   CAPTURE: 1
2026-10-06T21:21:50.8992090Z   TIMEOUT: 90
2026-10-06T21:21:50.8992410Z   VISIBLE: 1
2026-10-06T21:21:50.8992760Z ##[endgroup]
2026-10-06T21:21:50.9501970Z Syncing repository: merely-made/wgpu-graft
2026-10-06T21:21:50.9503170Z ##[group]Getting Git version info
2026-10-06T21:21:50.9503940Z Working directory is '/Users/markik/actions-runner-wgpu/_work/wgpu-scry/wgpu-scry/.host-hardware-lock'
2026-10-06T21:21:50.9510790Z [command]/usr/bin/git version
2026-10-06T21:21:50.9587710Z git version 2.50.1 (Apple Git-155)
2026-10-06T21:21:50.9594350Z ##[endgroup]
2026-10-06T21:21:50.9596240Z Copying '/Users/markik/.gitconfig' to '/Users/markik/actions-runner-wgpu/_work/_temp/637e9d2b-1554-4147-a22a-28d930459328/.gitconfig'
2026-10-06T21:21:50.9600210Z Temporarily overriding HOME='/Users/markik/actions-runner-wgpu/_work/_temp/637e9d2b-1554-4147-a22a-28d930459328' before making global git config changes
2026-10-06T21:21:50.9601410Z Adding repository directory to the temporary git global config as a safe directory
2026-10-06T21:21:50.9604620Z [command]/usr/bin/git config --global --add safe.directory /Users/markik/actions-runner-wgpu/_work/wgpu-scry/wgpu-scry/.host-hardware-lock
2026-10-06T21:21:51.0055580Z ##[group]Determining repository object format
2026-10-06T21:21:51.0056370Z ##[endgroup]
2026-10-06T21:21:51.0057630Z ##[group]Initializing the repository
2026-10-06T21:21:51.0058540Z [command]/usr/bin/git init /Users/markik/actions-runner-wgpu/_work/wgpu-scry/wgpu-scry/.host-hardware-lock
2026-10-06T21:21:51.0171080Z Initialized empty Git repository in /Users/markik/actions-runner-wgpu/_work/wgpu-scry/wgpu-scry/.host-hardware-lock/.git/
2026-10-06T21:21:51.0175340Z [command]/usr/bin/git remote add origin https://github.com/merely-made/wgpu-graft
2026-10-06T21:21:51.0248420Z ##[endgroup]
2026-10-06T21:21:51.0249200Z ##[group]Disabling automatic garbage collection
2026-10-06T21:21:51.0249840Z [command]/usr/bin/git config --local gc.auto 0
2026-10-06T21:21:51.0316520Z ##[endgroup]
2026-10-06T21:21:51.0317240Z ##[group]Setting up auth
2026-10-06T21:21:51.0317730Z Removing SSH command configuration
2026-10-06T21:21:51.0318450Z [command]/usr/bin/git config --local --name-only --get-regexp core\.sshCommand
2026-10-06T21:21:51.0379800Z [command]/usr/bin/git submodule foreach --recursive sh -c "git config --local --name-only --get-regexp 'core\.sshCommand' && git config --local --unset-all 'core.sshCommand' || :"
2026-10-06T21:21:51.0853070Z Removing HTTP extra header
2026-10-06T21:21:51.0855280Z [command]/usr/bin/git config --local --name-only --get-regexp http\.https\:\/\/github\.com\/\.extraheader
2026-10-06T21:21:51.0922090Z [command]/usr/bin/git submodule foreach --recursive sh -c "git config --local --name-only --get-regexp 'http\.https\:\/\/github\.com\/\.extraheader' && git config --local --unset-all 'http.https://github.com/.extraheader' || :"
2026-10-06T21:21:51.1400290Z Removing includeIf entries pointing to credentials config files
2026-10-06T21:21:51.1402130Z [command]/usr/bin/git config --local --name-only --get-regexp ^includeIf\.gitdir:
2026-10-06T21:21:51.1476240Z [command]/usr/bin/git submodule foreach --recursive git config --local --show-origin --name-only --get-regexp remote.origin.url
2026-10-06T21:21:51.1960440Z [command]/usr/bin/git config --file /Users/markik/actions-runner-wgpu/_work/_temp/git-credentials-ed7d2d50-b28b-46ba-890d-394aaddf59f3.config http.https://github.com/.extraheader AUTHORIZATION: basic ***
2026-10-06T21:21:51.2034030Z [command]/usr/bin/git config --local includeIf.gitdir:/Users/markik/actions-runner-wgpu/_work/wgpu-scry/wgpu-scry/.host-hardware-lock/.git.path /Users/markik/actions-runner-wgpu/_work/_temp/git-credentials-ed7d2d50-b28b-46ba-890d-394aaddf59f3.config
2026-10-06T21:21:51.2097000Z [command]/usr/bin/git config --local includeIf.gitdir:/Users/markik/actions-runner-wgpu/_work/wgpu-scry/wgpu-scry/.host-hardware-lock/.git/worktrees/*.path /Users/markik/actions-runner-wgpu/_work/_temp/git-credentials-ed7d2d50-b28b-46ba-890d-394aaddf59f3.config
2026-10-06T21:21:51.2156370Z [command]/usr/bin/git config --local includeIf.gitdir:/github/workspace/.host-hardware-lock/.git.path /github/runner_temp/git-credentials-ed7d2d50-b28b-46ba-890d-394aaddf59f3.config
2026-10-06T21:21:51.2215520Z [command]/usr/bin/git config --local includeIf.gitdir:/github/workspace/.host-hardware-lock/.git/worktrees/*.path /github/runner_temp/git-credentials-ed7d2d50-b28b-46ba-890d-394aaddf59f3.config
2026-10-06T21:21:51.2274510Z ##[endgroup]
2026-10-06T21:21:51.2275240Z ##[group]Fetching the repository
2026-10-06T21:21:51.2276980Z [command]/usr/bin/git -c protocol.version=2 fetch --no-tags --prune --no-recurse-submodules --filter=blob:none --depth=1 origin 781aa6aad3f63b83ad48b192a6a5d078be1d71b8
2026-10-06T21:21:51.5784090Z From https://github.com/merely-made/wgpu-graft
2026-10-06T21:21:51.5786190Z  * branch            781aa6aad3f63b83ad48b192a6a5d078be1d71b8 -> FETCH_HEAD
2026-10-06T21:21:51.5900610Z [command]/usr/bin/git rev-parse --verify --quiet 781aa6aad3f63b83ad48b192a6a5d078be1d71b8^{object}
2026-10-06T21:21:51.6026750Z 781aa6aad3f63b83ad48b192a6a5d078be1d71b8
2026-10-06T21:21:51.6030550Z ##[endgroup]
2026-10-06T21:21:51.6031720Z ##[group]Determining the checkout info
2026-10-06T21:21:51.6033040Z ##[endgroup]
2026-10-06T21:21:51.6034240Z ##[group]Setting up sparse checkout
2026-10-06T21:21:51.6035170Z [command]/usr/bin/git config core.sparseCheckout true
2026-10-06T21:21:51.6132430Z [command]/usr/bin/git rev-parse --git-path info/sparse-checkout
2026-10-06T21:21:51.6210450Z .git/info/sparse-checkout
2026-10-06T21:21:51.6217520Z ##[endgroup]
2026-10-06T21:21:51.6218400Z ##[group]Checking out the ref
2026-10-06T21:21:51.6219300Z [command]/usr/bin/git checkout --progress --force 781aa6aad3f63b83ad48b192a6a5d078be1d71b8
2026-10-06T21:21:52.4965580Z Note: switching to '781aa6aad3f63b83ad48b192a6a5d078be1d71b8'.
2026-10-06T21:21:52.4965890Z 
2026-10-06T21:21:52.4966070Z You are in 'detached HEAD' state. You can look around, make experimental
2026-10-06T21:21:52.4966440Z changes and commit them, and you can discard any commits you make in this
2026-10-06T21:21:52.4966850Z state without impacting any branches by switching back to a branch.
2026-10-06T21:21:52.4967080Z 
2026-10-06T21:21:52.4967220Z If you want to create a new branch to retain commits you create, you may
2026-10-06T21:21:52.4967600Z do so (now or later) by using -c with the switch command. Example:
2026-10-06T21:21:52.4967810Z 
2026-10-06T21:21:52.4967900Z   git switch -c <new-branch-name>
2026-10-06T21:21:52.4968030Z 
2026-10-06T21:21:52.4968140Z Or undo this operation with:
2026-10-06T21:21:52.4968270Z 
2026-10-06T21:21:52.4968350Z   git switch -
2026-10-06T21:21:52.4968460Z 
2026-10-06T21:21:52.4968850Z Turn off this advice by setting config variable advice.detachedHead to false
2026-10-06T21:21:52.4969120Z 
2026-10-06T21:21:52.4969240Z HEAD is now at 781aa6a Document-node24-host-lock
2026-10-06T21:21:52.4972900Z ##[endgroup]
2026-10-06T21:21:52.5087960Z [command]/usr/bin/git log -1 --format=%H
2026-10-06T21:21:52.5171730Z 781aa6aad3f63b83ad48b192a6a5d078be1d71b8
2026-10-06T21:21:52.5239500Z ##[group]Run ./.host-hardware-lock/.github/actions/host-hardware-lock
2026-10-06T21:21:52.5239740Z with:
2026-10-06T21:21:52.5239850Z   timeout_seconds: 7200
2026-10-06T21:21:52.5240010Z   stale_seconds: 14400
2026-10-06T21:21:52.5240160Z   poll_seconds: 5
2026-10-06T21:21:52.5240280Z env:
2026-10-06T21:21:52.5240400Z   CARGO_NET_GIT_FETCH_WITH_CLI: true
2026-10-06T21:21:52.5240550Z   RUSTFLAGS: -D warnings
2026-10-06T21:21:52.5240730Z   CARGO_TARGET_DIR: /Users/markik/Code/targets/wgpu-scry-hardware
2026-10-06T21:21:52.5240920Z   CAPTURE: 1
2026-10-06T21:21:52.5241040Z   TIMEOUT: 90
2026-10-06T21:21:52.5241160Z   VISIBLE: 1
2026-10-06T21:21:52.5241280Z ##[endgroup]
2026-10-06T21:21:52.5570160Z Acquired host hardware lock at /var/folders/96/dck6q6xj3490x43zr8fb8pbm0000gp/T/merely-wgpu-hardware-lock/host.lock
2026-10-06T21:21:52.5667850Z ##[group]Run dtolnay/rust-toolchain@1.97.1
2026-10-06T21:21:52.5667990Z with:
2026-10-06T21:21:52.5668090Z env:
2026-10-06T21:21:52.5668180Z   CARGO_NET_GIT_FETCH_WITH_CLI: true
2026-10-06T21:21:52.5668320Z   RUSTFLAGS: -D warnings
2026-10-06T21:21:52.5668460Z   CARGO_TARGET_DIR: /Users/markik/Code/targets/wgpu-scry-hardware
2026-10-06T21:21:52.5668630Z   CAPTURE: 1
2026-10-06T21:21:52.5668710Z   TIMEOUT: 90
2026-10-06T21:21:52.5668800Z   VISIBLE: 1
2026-10-06T21:21:52.5668890Z ##[endgroup]
2026-10-06T21:21:52.5700800Z ##[start-action display=Parse toolchain version;id=__dtolnay_rust-toolchain.parse]
2026-10-06T21:21:52.5724250Z ##[group]Run if [[ -z $toolchain ]]; then
2026-10-06T21:21:52.5724440Z [36;1mif [[ -z $toolchain ]]; then[0m
2026-10-06T21:21:52.5724700Z [36;1m  # GitHub does not enforce `required: true` inputs itself. https://github.com/actions/runner/issues/1070[0m
2026-10-06T21:21:52.5724960Z [36;1m  echo "'toolchain' is a required input" >&2[0m
2026-10-06T21:21:52.5725120Z [36;1m  exit 1[0m
2026-10-06T21:21:52.5725290Z [36;1melif [[ $toolchain =~ ^stable' '[0-9]+' '(year|month|week|day)s?' 'ago$ ]]; then[0m
2026-10-06T21:21:52.5725490Z [36;1m  if [[ macOS == macOS ]]; then[0m
2026-10-06T21:21:52.5725720Z [36;1m    echo "toolchain=1.$((($(date -v-$(sed 's/stable \([0-9]*\) \(.\).*/\1\2/' <<< $toolchain) +%s)/60/60/24-16569)/7/6))" >> $GITHUB_OUTPUT[0m
2026-10-06T21:21:52.5725960Z [36;1m  else[0m
2026-10-06T21:21:52.5726140Z [36;1m    echo "toolchain=1.$((($(date --date "${toolchain#stable }" +%s)/60/60/24-16569)/7/6))" >> $GITHUB_OUTPUT[0m
2026-10-06T21:21:52.5726360Z [36;1m  fi[0m
2026-10-06T21:21:52.5726520Z [36;1melif [[ $toolchain =~ ^stable' 'minus' '[0-9]+' 'releases?$ ]]; then[0m
2026-10-06T21:21:52.5726770Z [36;1m  echo "toolchain=1.$((($(date +%s)/60/60/24-16569)/7/6-${toolchain//[^0-9]/}))" >> $GITHUB_OUTPUT[0m
2026-10-06T21:21:52.5727150Z [36;1melif [[ $toolchain =~ ^1\.[0-9]+$ ]]; then[0m
2026-10-06T21:21:52.5727410Z [36;1m  echo "toolchain=1.$((i=${toolchain#1.}, c=($(date +%s)/60/60/24-16569)/7/6, i+9*i*(10*i<=c)+90*i*(100*i<=c)))" >> $GITHUB_OUTPUT[0m
2026-10-06T21:21:52.5727640Z [36;1melse[0m
2026-10-06T21:21:52.5727760Z [36;1m  echo "toolchain=$toolchain" >> $GITHUB_OUTPUT[0m
2026-10-06T21:21:52.5727910Z [36;1mfi[0m
2026-10-06T21:21:52.5736850Z shell: /bin/bash --noprofile --norc -e -o pipefail {0}
2026-10-06T21:21:52.5737000Z env:
2026-10-06T21:21:52.5737100Z   CARGO_NET_GIT_FETCH_WITH_CLI: true
2026-10-06T21:21:52.5737240Z   RUSTFLAGS: -D warnings
2026-10-06T21:21:52.5737380Z   CARGO_TARGET_DIR: /Users/markik/Code/targets/wgpu-scry-hardware
2026-10-06T21:21:52.5737550Z   CAPTURE: 1
2026-10-06T21:21:52.5737650Z   TIMEOUT: 90
2026-10-06T21:21:52.5737730Z   VISIBLE: 1
2026-10-06T21:21:52.5737830Z   toolchain: 1.97.1
2026-10-06T21:21:52.5737930Z ##[endgroup]
2026-10-06T21:21:52.5903560Z ##[end-action id=__dtolnay_rust-toolchain.parse;outcome=success;conclusion=success;duration_ms=20]
2026-10-06T21:21:52.5909100Z ##[start-action display=Construct rustup command line;id=__dtolnay_rust-toolchain.flags]
2026-10-06T21:21:52.5923360Z ##[group]Run echo "targets=$(for t in ${targets//,/ }; do echo -n ' --target' $t; done)" >> $GITHUB_OUTPUT
2026-10-06T21:21:52.5923680Z [36;1mecho "targets=$(for t in ${targets//,/ }; do echo -n ' --target' $t; done)" >> $GITHUB_OUTPUT[0m
2026-10-06T21:21:52.5923990Z [36;1mecho "components=$(for c in ${components//,/ }; do echo -n ' --component' $c; done)" >> $GITHUB_OUTPUT[0m
2026-10-06T21:21:52.5924220Z [36;1mecho "downgrade=" >> $GITHUB_OUTPUT[0m
2026-10-06T21:21:52.5931090Z shell: /bin/bash --noprofile --norc -e -o pipefail {0}
2026-10-06T21:21:52.5931260Z env:
2026-10-06T21:21:52.5931370Z   CARGO_NET_GIT_FETCH_WITH_CLI: true
2026-10-06T21:21:52.5931510Z   RUSTFLAGS: -D warnings
2026-10-06T21:21:52.5931690Z   CARGO_TARGET_DIR: /Users/markik/Code/targets/wgpu-scry-hardware
2026-10-06T21:21:52.5931860Z   CAPTURE: 1
2026-10-06T21:21:52.5931950Z   TIMEOUT: 90
2026-10-06T21:21:52.5932050Z   VISIBLE: 1
2026-10-06T21:21:52.5932400Z   targets: 
2026-10-06T21:21:52.5932520Z   components: 
2026-10-06T21:21:52.5932630Z ##[endgroup]
2026-10-06T21:21:52.6073870Z ##[end-action id=__dtolnay_rust-toolchain.flags;outcome=success;conclusion=success;duration_ms=16]
2026-10-06T21:21:52.6075210Z ##[start-action display=Set $CARGO_HOME;id=__dtolnay_rust-toolchain.__run]
2026-10-06T21:21:52.6087250Z ##[group]Run echo CARGO_HOME=${CARGO_HOME:-"$HOME/.cargo"} >> $GITHUB_ENV
2026-10-06T21:21:52.6087480Z [36;1mecho CARGO_HOME=${CARGO_HOME:-"$HOME/.cargo"} >> $GITHUB_ENV[0m
2026-10-06T21:21:52.6094130Z shell: /bin/bash --noprofile --norc -e -o pipefail {0}
2026-10-06T21:21:52.6094310Z env:
2026-10-06T21:21:52.6094420Z   CARGO_NET_GIT_FETCH_WITH_CLI: true
2026-10-06T21:21:52.6094550Z   RUSTFLAGS: -D warnings
2026-10-06T21:21:52.6094730Z   CARGO_TARGET_DIR: /Users/markik/Code/targets/wgpu-scry-hardware
2026-10-06T21:21:52.6094890Z   CAPTURE: 1
2026-10-06T21:21:52.6094990Z   TIMEOUT: 90
2026-10-06T21:21:52.6095080Z   VISIBLE: 1
2026-10-06T21:21:52.6095220Z ##[endgroup]
2026-10-06T21:21:52.6242280Z ##[end-action id=__dtolnay_rust-toolchain.__run;outcome=success;conclusion=success;duration_ms=16]
2026-10-06T21:21:52.6243560Z ##[start-action display=Install rustup if needed;id=__dtolnay_rust-toolchain.__run_2]
2026-10-06T21:21:52.6256830Z ##[group]Run if ! command -v rustup &>/dev/null; then
2026-10-06T21:21:52.6257030Z [36;1mif ! command -v rustup &>/dev/null; then[0m
2026-10-06T21:21:52.6257390Z [36;1m  curl --proto '=https' --tlsv1.2 --retry 10 --retry-connrefused --location --silent --show-error --fail https://sh.rustup.rs | sh -s -- --default-toolchain none -y[0m
2026-10-06T21:21:52.6257730Z [36;1m  echo "$CARGO_HOME/bin" >> $GITHUB_PATH[0m
2026-10-06T21:21:52.6257870Z [36;1mfi[0m
2026-10-06T21:21:52.6264500Z shell: /bin/bash --noprofile --norc -e -o pipefail {0}
2026-10-06T21:21:52.6264650Z env:
2026-10-06T21:21:52.6264760Z   CARGO_NET_GIT_FETCH_WITH_CLI: true
2026-10-06T21:21:52.6264890Z   RUSTFLAGS: -D warnings
2026-10-06T21:21:52.6265060Z   CARGO_TARGET_DIR: /Users/markik/Code/targets/wgpu-scry-hardware
2026-10-06T21:21:52.6265230Z   CAPTURE: 1
2026-10-06T21:21:52.6265330Z   TIMEOUT: 90
2026-10-06T21:21:52.6265420Z   VISIBLE: 1
2026-10-06T21:21:52.6265530Z   CARGO_HOME: /Users/markik/.cargo
2026-10-06T21:21:52.6265650Z ##[endgroup]
2026-10-06T21:21:52.7875980Z info: downloading installer
2026-10-06T21:21:53.5669800Z warn: it looks like you have an existing rustup settings file at:
2026-10-06T21:21:53.5670050Z warn: /Users/markik/.rustup/settings.toml
2026-10-06T21:21:53.5670290Z warn: rustup will install the default toolchain as specified in the settings file,
2026-10-06T21:21:53.5670560Z warn: instead of the one inferred from the default host tuple.
2026-10-06T21:21:53.5852960Z info: profile set to default
2026-10-06T21:21:53.5853130Z 
2026-10-06T21:21:53.5853580Z info: default host tuple is aarch64-apple-darwin
2026-10-06T21:21:53.5853770Z info: skipping toolchain installation
2026-10-06T21:21:53.5854190Z 
2026-10-06T21:21:53.5854410Z Rust is installed now. Great!
2026-10-06T21:21:53.5854520Z 
2026-10-06T21:21:53.5854690Z To get started you may need to restart your current shell.
2026-10-06T21:21:53.5854930Z This would reload your PATH environment variable to include
2026-10-06T21:21:53.5855130Z Cargo's bin directory ($HOME/.cargo/bin).
2026-10-06T21:21:53.5855230Z 
2026-10-06T21:21:53.5855310Z To configure your current shell, you need to source the
2026-10-06T21:21:53.5855490Z corresponding env file under $HOME/.cargo.
2026-10-06T21:21:53.5855580Z 
2026-10-06T21:21:53.5855690Z Consider running the right command for your shell (note the leading DOT):
2026-10-06T21:21:53.5855950Z . "$HOME/.cargo/env"           # For sh/ash/dash/pdksh/zsh
2026-10-06T21:21:53.5856120Z source "$HOME/.cargo/env.tcsh" # For tcsh
2026-10-06T21:21:53.5909190Z ##[end-action id=__dtolnay_rust-toolchain.__run_2;outcome=success;conclusion=success;duration_ms=966]
2026-10-06T21:21:53.5910740Z ##[start-action display=Install rustup if needed on windows;id=__dtolnay_rust-toolchain.__run_3]
2026-10-06T21:21:53.5914430Z ##[end-action id=__dtolnay_rust-toolchain.__run_3;outcome=skipped;conclusion=skipped;duration_ms=0]
2026-10-06T21:21:53.5918670Z ##[start-action display=rustup toolchain install 1.97.1;id=__dtolnay_rust-toolchain.__run_4]
2026-10-06T21:21:53.5929390Z ##[group]Run log=$(mktemp)
2026-10-06T21:21:53.5929550Z [36;1mlog=$(mktemp)[0m
2026-10-06T21:21:53.5929680Z [36;1mtrap 'rm -f "$log"' EXIT[0m
2026-10-06T21:21:53.5929820Z [36;1mfor attempt in 1 2 3 4 5; do[0m
2026-10-06T21:21:53.5930100Z [36;1m  if rustup toolchain install 1.97.1 --profile minimal --no-self-update --force-non-host 2>&1 | tee "$log"; then[0m
2026-10-06T21:21:53.5930340Z [36;1m    break[0m
2026-10-06T21:21:53.5930440Z [36;1m  else[0m
2026-10-06T21:21:53.5930540Z [36;1m    status=$?[0m
2026-10-06T21:21:53.5930650Z [36;1m  fi[0m
2026-10-06T21:21:53.5930790Z [36;1m  if [[ $attempt == 5 ]] || ! grep -Fq 'checksum failed for ' "$log" \[0m
2026-10-06T21:21:53.5931060Z [36;1m      || ! grep -Fq 'this is likely due to an ongoing update of the official release server' "$log"; then[0m
2026-10-06T21:21:53.5931290Z [36;1m    exit "$status"[0m
2026-10-06T21:21:53.5931390Z [36;1m  fi[0m
2026-10-06T21:21:53.5931550Z [36;1m  echo "Retrying rustup toolchain install in 30 seconds (retry $attempt of 4)" >&2[0m
2026-10-06T21:21:53.5931740Z [36;1m  sleep 30[0m
2026-10-06T21:21:53.5931840Z [36;1mdone[0m
2026-10-06T21:21:53.5939600Z shell: /bin/bash --noprofile --norc -e -o pipefail {0}
2026-10-06T21:21:53.5939770Z env:
2026-10-06T21:21:53.5939880Z   CARGO_NET_GIT_FETCH_WITH_CLI: true
2026-10-06T21:21:53.5940030Z   RUSTFLAGS: -D warnings
2026-10-06T21:21:53.5940190Z   CARGO_TARGET_DIR: /Users/markik/Code/targets/wgpu-scry-hardware
2026-10-06T21:21:53.5940370Z   CAPTURE: 1
2026-10-06T21:21:53.5940610Z   TIMEOUT: 90
2026-10-06T21:21:53.5940720Z   VISIBLE: 1
2026-10-06T21:21:53.5940830Z   CARGO_HOME: /Users/markik/.cargo
2026-10-06T21:21:53.5940970Z   RUSTUP_PERMIT_COPY_RENAME: 1
2026-10-06T21:21:53.5941100Z ##[endgroup]
2026-10-06T21:21:53.9599430Z info: syncing channel updates for 1.97.1-aarch64-apple-darwin
2026-10-06T21:21:54.0556410Z 
2026-10-06T21:21:54.0628280Z   1.97.1-aarch64-apple-darwin unchanged - rustc 1.97.1 (8bab26f4f 2026-07-14)
2026-10-06T21:21:54.0628480Z 
2026-10-06T21:21:54.0661570Z ##[end-action id=__dtolnay_rust-toolchain.__run_4;outcome=success;conclusion=success;duration_ms=474]
2026-10-06T21:21:54.0663810Z ##[start-action display=rustup default 1.97.1;id=__dtolnay_rust-toolchain.__run_5]
2026-10-06T21:21:54.0674500Z ##[group]Run rustup default 1.97.1 --force-non-host
2026-10-06T21:21:54.0674700Z [36;1mrustup default 1.97.1 --force-non-host[0m
2026-10-06T21:21:54.0682340Z shell: /bin/bash --noprofile --norc -e -o pipefail {0}
2026-10-06T21:21:54.0682530Z env:
2026-10-06T21:21:54.0682650Z   CARGO_NET_GIT_FETCH_WITH_CLI: true
2026-10-06T21:21:54.0682790Z   RUSTFLAGS: -D warnings
2026-10-06T21:21:54.0682980Z   CARGO_TARGET_DIR: /Users/markik/Code/targets/wgpu-scry-hardware
2026-10-06T21:21:54.0683160Z   CAPTURE: 1
2026-10-06T21:21:54.0683270Z   TIMEOUT: 90
2026-10-06T21:21:54.0683370Z   VISIBLE: 1
2026-10-06T21:21:54.0683490Z   CARGO_HOME: /Users/markik/.cargo
2026-10-06T21:21:54.0683640Z ##[endgroup]
2026-10-06T21:21:54.0880860Z info: using existing install for 1.97.1-aarch64-apple-darwin
2026-10-06T21:21:54.0920110Z info: default toolchain set to 1.97.1-aarch64-apple-darwin
2026-10-06T21:21:54.0920290Z 
2026-10-06T21:21:54.0983070Z   1.97.1-aarch64-apple-darwin unchanged - rustc 1.97.1 (8bab26f4f 2026-07-14)
2026-10-06T21:21:54.0983270Z 
2026-10-06T21:21:54.0986320Z info: note that the toolchain '1.97.1-aarch64-apple-darwin' is currently in use (overridden by '/Users/markik/actions-runner-wgpu/_work/wgpu-scry/wgpu-scry/rust-toolchain.toml')
2026-10-06T21:21:54.0995860Z ##[end-action id=__dtolnay_rust-toolchain.__run_5;outcome=success;conclusion=success;duration_ms=33]
2026-10-06T21:21:54.0997300Z ##[start-action display=Create cachekey;id=__dtolnay_rust-toolchain.rustc-version]
2026-10-06T21:21:54.1035480Z ##[group]Run DATE=$(rustc +1.97.1 --version --verbose | sed -ne 's/^commit-date: \(20[0-9][0-9]\)-\([01][0-9]\)-\([0-3][0-9]\)$/\1\2\3/p')
2026-10-06T21:21:54.1035890Z [36;1mDATE=$(rustc +1.97.1 --version --verbose | sed -ne 's/^commit-date: \(20[0-9][0-9]\)-\([01][0-9]\)-\([0-3][0-9]\)$/\1\2\3/p')[0m
2026-10-06T21:21:54.1036190Z [36;1mHASH=$(rustc +1.97.1 --version --verbose | sed -ne 's/^commit-hash: //p')[0m
2026-10-06T21:21:54.1036420Z [36;1mecho "cachekey=$(echo $DATE$HASH | head -c12)" >> $GITHUB_OUTPUT[0m
2026-10-06T21:21:54.1043450Z shell: /bin/bash --noprofile --norc -e -o pipefail {0}
2026-10-06T21:21:54.1043600Z env:
2026-10-06T21:21:54.1043700Z   CARGO_NET_GIT_FETCH_WITH_CLI: true
2026-10-06T21:21:54.1043820Z   RUSTFLAGS: -D warnings
2026-10-06T21:21:54.1043970Z   CARGO_TARGET_DIR: /Users/markik/Code/targets/wgpu-scry-hardware
2026-10-06T21:21:54.1044130Z   CAPTURE: 1
2026-10-06T21:21:54.1044220Z   TIMEOUT: 90
2026-10-06T21:21:54.1044300Z   VISIBLE: 1
2026-10-06T21:21:54.1044400Z   CARGO_HOME: /Users/markik/.cargo
2026-10-06T21:21:54.1044500Z ##[endgroup]
2026-10-06T21:21:54.1549070Z ##[end-action id=__dtolnay_rust-toolchain.rustc-version;outcome=success;conclusion=success;duration_ms=55]
2026-10-06T21:21:54.1550340Z ##[start-action display=Disable incremental compilation;id=__dtolnay_rust-toolchain.__run_6]
2026-10-06T21:21:54.1559440Z ##[group]Run if [ -z "${CARGO_INCREMENTAL+set}" ]; then
2026-10-06T21:21:54.1559630Z [36;1mif [ -z "${CARGO_INCREMENTAL+set}" ]; then[0m
2026-10-06T21:21:54.1559780Z [36;1m  echo CARGO_INCREMENTAL=0 >> $GITHUB_ENV[0m
2026-10-06T21:21:54.1559930Z [36;1mfi[0m
2026-10-06T21:21:54.1566620Z shell: /bin/bash --noprofile --norc -e -o pipefail {0}
2026-10-06T21:21:54.1566770Z env:
2026-10-06T21:21:54.1567010Z   CARGO_NET_GIT_FETCH_WITH_CLI: true
2026-10-06T21:21:54.1567130Z   RUSTFLAGS: -D warnings
2026-10-06T21:21:54.1567290Z   CARGO_TARGET_DIR: /Users/markik/Code/targets/wgpu-scry-hardware
2026-10-06T21:21:54.1567470Z   CAPTURE: 1
2026-10-06T21:21:54.1567560Z   TIMEOUT: 90
2026-10-06T21:21:54.1567660Z   VISIBLE: 1
2026-10-06T21:21:54.1567750Z   CARGO_HOME: /Users/markik/.cargo
2026-10-06T21:21:54.1567880Z ##[endgroup]
2026-10-06T21:21:54.1706720Z ##[end-action id=__dtolnay_rust-toolchain.__run_6;outcome=success;conclusion=success;duration_ms=15]
2026-10-06T21:21:54.1707900Z ##[start-action display=Enable colors in Cargo output;id=__dtolnay_rust-toolchain.__run_7]
2026-10-06T21:21:54.1717260Z ##[group]Run if [ -z "${CARGO_TERM_COLOR+set}" ]; then
2026-10-06T21:21:54.1717440Z [36;1mif [ -z "${CARGO_TERM_COLOR+set}" ]; then[0m
2026-10-06T21:21:54.1717610Z [36;1m  echo CARGO_TERM_COLOR=always >> $GITHUB_ENV[0m
2026-10-06T21:21:54.1717750Z [36;1mfi[0m
2026-10-06T21:21:54.1724490Z shell: /bin/bash --noprofile --norc -e -o pipefail {0}
2026-10-06T21:21:54.1724660Z env:
2026-10-06T21:21:54.1724750Z   CARGO_NET_GIT_FETCH_WITH_CLI: true
2026-10-06T21:21:54.1724880Z   RUSTFLAGS: -D warnings
2026-10-06T21:21:54.1725050Z   CARGO_TARGET_DIR: /Users/markik/Code/targets/wgpu-scry-hardware
2026-10-06T21:21:54.1725220Z   CAPTURE: 1
2026-10-06T21:21:54.1725310Z   TIMEOUT: 90
2026-10-06T21:21:54.1725410Z   VISIBLE: 1
2026-10-06T21:21:54.1725520Z   CARGO_HOME: /Users/markik/.cargo
2026-10-06T21:21:54.1725650Z   CARGO_INCREMENTAL: 0
2026-10-06T21:21:54.1725750Z ##[endgroup]
2026-10-06T21:21:54.1854360Z ##[end-action id=__dtolnay_rust-toolchain.__run_7;outcome=success;conclusion=success;duration_ms=14]
2026-10-06T21:21:54.1855490Z ##[start-action display=Enable Cargo sparse registry;id=__dtolnay_rust-toolchain.__run_8]
2026-10-06T21:21:54.1865570Z ##[group]Run # implemented in 1.66, stabilized in 1.68, made default in 1.70
2026-10-06T21:21:54.1865810Z [36;1m# implemented in 1.66, stabilized in 1.68, made default in 1.70[0m
2026-10-06T21:21:54.1866200Z [36;1mif [ -z "${CARGO_REGISTRIES_CRATES_IO_PROTOCOL+set}" -o -f "/Users/markik/actions-runner-wgpu/_work/_temp"/.implicit_cargo_registries_crates_io_protocol ]; then[0m
2026-10-06T21:21:54.1866690Z [36;1m  if rustc +1.97.1 --version --verbose | grep -q '^release: 1\.6[89]\.'; then[0m
2026-10-06T21:21:54.1867010Z [36;1m    touch "/Users/markik/actions-runner-wgpu/_work/_temp"/.implicit_cargo_registries_crates_io_protocol || true[0m
2026-10-06T21:21:54.1867300Z [36;1m    echo CARGO_REGISTRIES_CRATES_IO_PROTOCOL=sparse >> $GITHUB_ENV[0m
2026-10-06T21:21:54.1867530Z [36;1m  elif rustc +1.97.1 --version --verbose | grep -q '^release: 1\.6[67]\.'; then[0m
2026-10-06T21:21:54.1867820Z [36;1m    touch "/Users/markik/actions-runner-wgpu/_work/_temp"/.implicit_cargo_registries_crates_io_protocol || true[0m
2026-10-06T21:21:54.1868110Z [36;1m    echo CARGO_REGISTRIES_CRATES_IO_PROTOCOL=git >> $GITHUB_ENV[0m
2026-10-06T21:21:54.1868280Z [36;1m  fi[0m
2026-10-06T21:21:54.1868380Z [36;1mfi[0m
2026-10-06T21:21:54.1874990Z shell: /bin/bash --noprofile --norc -e -o pipefail {0}
2026-10-06T21:21:54.1875150Z env:
2026-10-06T21:21:54.1875250Z   CARGO_NET_GIT_FETCH_WITH_CLI: true
2026-10-06T21:21:54.1875390Z   RUSTFLAGS: -D warnings
2026-10-06T21:21:54.1875540Z   CARGO_TARGET_DIR: /Users/markik/Code/targets/wgpu-scry-hardware
2026-10-06T21:21:54.1875700Z   CAPTURE: 1
2026-10-06T21:21:54.1875790Z   TIMEOUT: 90
2026-10-06T21:21:54.1875880Z   VISIBLE: 1
2026-10-06T21:21:54.1875980Z   CARGO_HOME: /Users/markik/.cargo
2026-10-06T21:21:54.1876110Z   CARGO_INCREMENTAL: 0
2026-10-06T21:21:54.1876210Z   CARGO_TERM_COLOR: always
2026-10-06T21:21:54.1876320Z ##[endgroup]
2026-10-06T21:21:54.2274320Z ##[end-action id=__dtolnay_rust-toolchain.__run_8;outcome=success;conclusion=success;duration_ms=41]
2026-10-06T21:21:54.2275610Z ##[start-action display=Work around spurious network errors in curl 8.0;id=__dtolnay_rust-toolchain.__run_9]
2026-10-06T21:21:54.2294100Z ##[group]Run # https://rust-lang.zulipchat.com/#narrow/stream/246057-t-cargo/topic/timeout.20investigation
2026-10-06T21:21:54.2294620Z [36;1m# https://rust-lang.zulipchat.com/#narrow/stream/246057-t-cargo/topic/timeout.20investigation[0m
2026-10-06T21:21:54.2294910Z [36;1mif rustc +1.97.1 --version --verbose | grep -q '^release: 1\.7[01]\.'; then[0m
2026-10-06T21:21:54.2295120Z [36;1m  echo CARGO_HTTP_MULTIPLEXING=false >> $GITHUB_ENV[0m
2026-10-06T21:21:54.2295270Z [36;1mfi[0m
2026-10-06T21:21:54.2302500Z shell: /bin/bash --noprofile --norc -e -o pipefail {0}
2026-10-06T21:21:54.2302630Z env:
2026-10-06T21:21:54.2302750Z   CARGO_NET_GIT_FETCH_WITH_CLI: true
2026-10-06T21:21:54.2302870Z   RUSTFLAGS: -D warnings
2026-10-06T21:21:54.2303020Z   CARGO_TARGET_DIR: /Users/markik/Code/targets/wgpu-scry-hardware
2026-10-06T21:21:54.2303190Z   CAPTURE: 1
2026-10-06T21:21:54.2303290Z   TIMEOUT: 90
2026-10-06T21:21:54.2303380Z   VISIBLE: 1
2026-10-06T21:21:54.2303490Z   CARGO_HOME: /Users/markik/.cargo
2026-10-06T21:21:54.2303600Z   CARGO_INCREMENTAL: 0
2026-10-06T21:21:54.2303730Z   CARGO_TERM_COLOR: always
2026-10-06T21:21:54.2303850Z ##[endgroup]
2026-10-06T21:21:54.2565880Z ##[end-action id=__dtolnay_rust-toolchain.__run_9;outcome=success;conclusion=success;duration_ms=28]
2026-10-06T21:21:54.2567700Z ##[start-action display=rustc +1.97.1 --version --verbose;id=__dtolnay_rust-toolchain.__run_10]
2026-10-06T21:21:54.2577010Z ##[group]Run rustc +1.97.1 --version --verbose
2026-10-06T21:21:54.2577160Z [36;1mrustc +1.97.1 --version --verbose[0m
2026-10-06T21:21:54.2583710Z shell: /bin/bash --noprofile --norc -e -o pipefail {0}
2026-10-06T21:21:54.2583870Z env:
2026-10-06T21:21:54.2583960Z   CARGO_NET_GIT_FETCH_WITH_CLI: true
2026-10-06T21:21:54.2584090Z   RUSTFLAGS: -D warnings
2026-10-06T21:21:54.2584240Z   CARGO_TARGET_DIR: /Users/markik/Code/targets/wgpu-scry-hardware
2026-10-06T21:21:54.2584390Z   CAPTURE: 1
2026-10-06T21:21:54.2584500Z   TIMEOUT: 90
2026-10-06T21:21:54.2584580Z   VISIBLE: 1
2026-10-06T21:21:54.2584690Z   CARGO_HOME: /Users/markik/.cargo
2026-10-06T21:21:54.2584820Z   CARGO_INCREMENTAL: 0
2026-10-06T21:21:54.2584930Z   CARGO_TERM_COLOR: always
2026-10-06T21:21:54.2585040Z ##[endgroup]
2026-10-06T21:21:54.2829860Z rustc 1.97.1 (8bab26f4f 2026-07-14)
2026-10-06T21:21:54.2830340Z binary: rustc
2026-10-06T21:21:54.2830500Z commit-hash: 8bab26f4f68e0e26f0bb7960be334d5b520ea452
2026-10-06T21:21:54.2830680Z commit-date: 2026-07-14
2026-10-06T21:21:54.2830820Z host: aarch64-apple-darwin
2026-10-06T21:21:54.2830940Z release: 1.97.1
2026-10-06T21:21:54.2833030Z LLVM version: 22.1.6
2026-10-06T21:21:54.2843190Z ##[end-action id=__dtolnay_rust-toolchain.__run_10;outcome=success;conclusion=success;duration_ms=27]
2026-10-06T21:21:54.2871880Z ##[group]Run cargo test --locked -p demo-mac --bin demo-mac capture_size_tests
2026-10-06T21:21:54.2872130Z [36;1mcargo test --locked -p demo-mac --bin demo-mac capture_size_tests[0m
2026-10-06T21:21:54.2878960Z shell: /bin/bash -e {0}
2026-10-06T21:21:54.2879080Z env:
2026-10-06T21:21:54.2879180Z   CARGO_NET_GIT_FETCH_WITH_CLI: true
2026-10-06T21:21:54.2879330Z   RUSTFLAGS: -D warnings
2026-10-06T21:21:54.2879500Z   CARGO_TARGET_DIR: /Users/markik/Code/targets/wgpu-scry-hardware
2026-10-06T21:21:54.2879660Z   CAPTURE: 1
2026-10-06T21:21:54.2879770Z   TIMEOUT: 90
2026-10-06T21:21:54.2879860Z   VISIBLE: 1
2026-10-06T21:21:54.2879970Z   CARGO_HOME: /Users/markik/.cargo
2026-10-06T21:21:54.2880090Z   CARGO_INCREMENTAL: 0
2026-10-06T21:21:54.2880210Z   CARGO_TERM_COLOR: always
2026-10-06T21:21:54.2880320Z ##[endgroup]
2026-10-06T21:21:54.6064330Z [1m[92m   Compiling[0m scrying v0.7.1 (/Users/markik/actions-runner-wgpu/_work/wgpu-scry/wgpu-scry/scrying)
2026-10-06T21:21:56.3621240Z [1m[92m   Compiling[0m demo-mac v0.1.0 (/Users/markik/actions-runner-wgpu/_work/wgpu-scry/wgpu-scry/demo-mac)
2026-10-06T21:21:57.2066160Z [1m[92m    Finished[0m `test` profile [unoptimized + debuginfo] target(s) in 2.88s
2026-10-06T21:21:57.2130620Z [1m[92m     Running[0m unittests src/main.rs (/Users/markik/Code/targets/wgpu-scry-hardware/debug/deps/demo_mac-0640c1bcf540d6fd)
2026-10-06T21:21:57.4303310Z 
2026-10-06T21:21:57.4304220Z running 1 test
2026-10-06T21:21:57.4312580Z test capture_size_tests::capture_resize_expectations_follow_display_scale ... ok
2026-10-06T21:21:57.4313130Z 
2026-10-06T21:21:57.4313560Z test result: ok. 1 passed; 0 failed; 0 ignored; 0 measured; 0 filtered out; finished in 0.00s
2026-10-06T21:21:57.4314160Z 
2026-10-06T21:21:57.4440590Z ##[group]Run bash scripts/test-mac.sh
2026-10-06T21:21:57.4441080Z [36;1mbash scripts/test-mac.sh[0m
2026-10-06T21:21:57.4459240Z shell: /bin/bash -e {0}
2026-10-06T21:21:57.4459550Z env:
2026-10-06T21:21:57.4459790Z   CARGO_NET_GIT_FETCH_WITH_CLI: true
2026-10-06T21:21:57.4460130Z   RUSTFLAGS: -D warnings
2026-10-06T21:21:57.4460490Z   CARGO_TARGET_DIR: /Users/markik/Code/targets/wgpu-scry-hardware
2026-10-06T21:21:57.4460910Z   CAPTURE: 1
2026-10-06T21:21:57.4461170Z   TIMEOUT: 90
2026-10-06T21:21:57.4461390Z   VISIBLE: 1
2026-10-06T21:21:57.4461650Z   CARGO_HOME: /Users/markik/.cargo
2026-10-06T21:21:57.4461950Z   CARGO_INCREMENTAL: 0
2026-10-06T21:21:57.4462230Z   CARGO_TERM_COLOR: always
2026-10-06T21:21:57.4462500Z ##[endgroup]
2026-10-06T21:21:59.4853780Z ==> ScreenCaptureKit display-awake hold active
2026-10-06T21:21:59.4855100Z ==> building demo-mac
2026-10-06T21:22:00.8542370Z /Users/markik/Code/targets/wgpu-scry-hardware/debug/scry-demo-mac-hardware.app: replacing existing signature
2026-10-06T21:22:01.0147720Z ==> code-signing identity: -
2026-10-06T21:22:01.0184430Z Executable=/Users/markik/Code/targets/wgpu-scry-hardware/debug/scry-demo-mac-hardware.app/Contents/MacOS/demo-mac
2026-10-06T21:22:01.0184810Z designated => identifier "org.merely.scry.hardware-demo"
2026-10-06T21:22:01.0186730Z ==> LaunchServices app: /Users/markik/Code/targets/wgpu-scry-hardware/debug/scry-demo-mac-hardware.app
2026-10-06T21:22:01.0188020Z 
2026-10-06T21:22:01.0188210Z ==> --scripted
2026-10-06T21:22:06.0208560Z demo-mac: nav event: Starting { url: "about:blank" }
2026-10-06T21:22:06.0208890Z demo-mac: nav event: SourceChanged { url: "about:blank" }
2026-10-06T21:22:06.0215520Z demo-mac: js->host: ready
2026-10-06T21:22:06.0215720Z demo-mac: scripted: page ready
2026-10-06T21:22:06.0215920Z demo-mac: nav event: Completed { url: "about:blank", success: true }
2026-10-06T21:22:06.0216140Z demo-mac: nav event: TitleChanged { title: "scrying-test" }
2026-10-06T21:22:06.0216350Z demo-mac: js->host: echo:ping-from-host
2026-10-06T21:22:06.0216520Z demo-mac: scripted: JS echoed host message
2026-10-06T21:22:06.0216710Z demo-mac: scripted: 6 ScrollWheel events dispatched without error
2026-10-06T21:22:06.0216900Z demo-mac: cursor change: Default
2026-10-06T21:22:06.0217080Z demo-mac: scripted: 3 KeyDown/KeyUp pairs dispatched without error
2026-10-06T21:22:06.0217500Z demo-mac: scripted: PASS — slices E + G + I + cursor handler verified at runtime
2026-10-06T21:22:06.0217720Z   - cursor handler fired 1 time(s) over the run
2026-10-06T21:22:06.0223870Z   -> PASS
2026-10-06T21:22:06.0237260Z 
2026-10-06T21:22:06.0237420Z ==> --browser-test
2026-10-06T21:22:07.0839050Z demo-mac: nav event: Starting { url: "scrying-test://history-1" }
2026-10-06T21:22:07.0839320Z demo-mac: nav event: SourceChanged { url: "scrying-test://history-1" }
2026-10-06T21:22:07.0839860Z demo-mac: js->host: loaded:history-1
2026-10-06T21:22:07.0840090Z demo-mac: browser-test: history-1 loaded
2026-10-06T21:22:07.0840380Z demo-mac: nav event: Completed { url: "scrying-test://history-2", success: true }
2026-10-06T21:22:07.0840650Z demo-mac: nav event: Starting { url: "scrying-test://history-2" }
2026-10-06T21:22:07.0840900Z demo-mac: nav event: SourceChanged { url: "scrying-test://history-2" }
2026-10-06T21:22:07.0841110Z demo-mac: js->host: loaded:history-2
2026-10-06T21:22:07.0841250Z demo-mac: browser-test: history-2 loaded
2026-10-06T21:22:07.0841490Z demo-mac: nav event: Completed { url: "scrying-test://history-2", success: true }
2026-10-06T21:22:07.0841760Z demo-mac: nav event: Starting { url: "scrying-test://history-1" }
2026-10-06T21:22:07.0842340Z demo-mac: nav event: SourceChanged { url: "scrying-test://history-1" }
2026-10-06T21:22:07.0842650Z demo-mac: nav event: Completed { url: "scrying-test://history-1", success: true }
2026-10-06T21:22:07.0842890Z demo-mac: browser-test: go_back navigated to history-1
2026-10-06T21:22:07.0843110Z demo-mac: nav event: Starting { url: "scrying-test://history-2" }
2026-10-06T21:22:07.0843720Z demo-mac: nav event: SourceChanged { url: "scrying-test://history-2" }
2026-10-06T21:22:07.0844000Z demo-mac: nav event: Completed { url: "scrying-test://history-2", success: true }
2026-10-06T21:22:07.0844250Z demo-mac: browser-test: go_forward navigated to history-2
2026-10-06T21:22:07.0844440Z demo-mac: browser-test: apply_settings ok
2026-10-06T21:22:07.0844640Z demo-mac: nav event: Starting { url: "scrying-test://find-target" }
2026-10-06T21:22:07.0844900Z demo-mac: nav event: SourceChanged { url: "scrying-test://find-target" }
2026-10-06T21:22:07.0845100Z demo-mac: js->host: loaded:find-target
2026-10-06T21:22:07.0845330Z demo-mac: nav event: Completed { url: "scrying-test://find-target", success: true }
2026-10-06T21:22:07.0845550Z demo-mac: browser-test: find_in_page matched
2026-10-06T21:22:07.0845730Z demo-mac: browser-test: PDF rendered (12150 bytes)
2026-10-06T21:22:07.0846030Z demo-mac: browser-test: PASS — items 1, 3, 4, 9 verified at runtime
2026-10-06T21:22:07.0846270Z   - history controls (go_back/go_forward observed via SourceChanged events)
2026-10-06T21:22:07.0846470Z   - settings (apply_settings returned Ok)
2026-10-06T21:22:07.0846630Z   - URL schemes (scrying-test:// served 3 pages successfully)
2026-10-06T21:22:07.0846830Z   - find_in_page → Some(true), request_pdf → 12150 bytes
2026-10-06T21:22:07.0847040Z demo-mac: browser-test: PASS — items 1, 3, 4, 9 verified at runtime
2026-10-06T21:22:07.0847320Z   - history controls (go_back/go_forward observed via SourceChanged events)
2026-10-06T21:22:07.0847580Z   - settings (apply_settings returned Ok)
2026-10-06T21:22:07.0847770Z   - URL schemes (scrying-test:// served 3 pages successfully)
2026-10-06T21:22:07.0847970Z   - find_in_page → Some(true), request_pdf → 12150 bytes
2026-10-06T21:22:07.0848190Z demo-mac: browser-test: PASS — items 1, 3, 4, 9 verified at runtime
2026-10-06T21:22:07.0848510Z   - history controls (go_back/go_forward observed via SourceChanged events)
2026-10-06T21:22:07.0848710Z   - settings (apply_settings returned Ok)
2026-10-06T21:22:07.0848890Z   - URL schemes (scrying-test:// served 3 pages successfully)
2026-10-06T21:22:07.0849100Z   - find_in_page → Some(true), request_pdf → 12150 bytes
2026-10-06T21:22:07.0849310Z demo-mac: browser-test: PASS — items 1, 3, 4, 9 verified at runtime
2026-10-06T21:22:07.0849550Z   - history controls (go_back/go_forward observed via SourceChanged events)
2026-10-06T21:22:07.0849740Z   - settings (apply_settings returned Ok)
2026-10-06T21:22:07.0849900Z   - URL schemes (scrying-test:// served 3 pages successfully)
2026-10-06T21:22:07.0850110Z   - find_in_page → Some(true), request_pdf → 12150 bytes
2026-10-06T21:22:07.0850310Z demo-mac: browser-test: PASS — items 1, 3, 4, 9 verified at runtime
2026-10-06T21:22:07.0850540Z   - history controls (go_back/go_forward observed via SourceChanged events)
2026-10-06T21:22:07.0850730Z   - settings (apply_settings returned Ok)
2026-10-06T21:22:07.0850900Z   - URL schemes (scrying-test:// served 3 pages successfully)
2026-10-06T21:22:07.0851120Z   - find_in_page → Some(true), request_pdf → 12150 bytes
2026-10-06T21:22:07.0851320Z demo-mac: browser-test: PASS — items 1, 3, 4, 9 verified at runtime
2026-10-06T21:22:07.0851540Z   - history controls (go_back/go_forward observed via SourceChanged events)
2026-10-06T21:22:07.0851730Z   - settings (apply_settings returned Ok)
2026-10-06T21:22:07.0851900Z   - URL schemes (scrying-test:// served 3 pages successfully)
2026-10-06T21:22:07.0852100Z   - find_in_page → Some(true), request_pdf → 12150 bytes
2026-10-06T21:22:07.0852480Z demo-mac: browser-test: PASS — items 1, 3, 4, 9 verified at runtime
2026-10-06T21:22:07.0852880Z   - history controls (go_back/go_forward observed via SourceChanged events)
2026-10-06T21:22:07.0853070Z   - settings (apply_settings returned Ok)
2026-10-06T21:22:07.0853240Z   - URL schemes (scrying-test:// served 3 pages successfully)
2026-10-06T21:22:07.0853430Z   - find_in_page → Some(true), request_pdf → 12150 bytes
2026-10-06T21:22:07.0853730Z demo-mac: browser-test: PASS — items 1, 3, 4, 9 verified at runtime
2026-10-06T21:22:07.0853960Z   - history controls (go_back/go_forward observed via SourceChanged events)
2026-10-06T21:22:07.0854150Z   - settings (apply_settings returned Ok)
2026-10-06T21:22:07.0854330Z   - URL schemes (scrying-test:// served 3 pages successfully)
2026-10-06T21:22:07.0854540Z   - find_in_page → Some(true), request_pdf → 12150 bytes
2026-10-06T21:22:07.0854760Z demo-mac: browser-test: PASS — items 1, 3, 4, 9 verified at runtime
2026-10-06T21:22:07.0854970Z   - history controls (go_back/go_forward observed via SourceChanged events)
2026-10-06T21:22:07.0855190Z   - settings (apply_settings returned Ok)
2026-10-06T21:22:07.0855350Z   - URL schemes (scrying-test:// served 3 pages successfully)
2026-10-06T21:22:07.0855590Z   - find_in_page → Some(true), request_pdf → 12150 bytes
2026-10-06T21:22:07.0855820Z demo-mac: browser-test: PASS — items 1, 3, 4, 9 verified at runtime
2026-10-06T21:22:07.0856070Z   - history controls (go_back/go_forward observed via SourceChanged events)
2026-10-06T21:22:07.0856300Z   - settings (apply_settings returned Ok)
2026-10-06T21:22:07.0856480Z   - URL schemes (scrying-test:// served 3 pages successfully)
2026-10-06T21:22:07.0856720Z   - find_in_page → Some(true), request_pdf → 12150 bytes
2026-10-06T21:22:07.0856950Z demo-mac: browser-test: PASS — items 1, 3, 4, 9 verified at runtime
2026-10-06T21:22:07.0857200Z   - history controls (go_back/go_forward observed via SourceChanged events)
2026-10-06T21:22:07.0857440Z   - settings (apply_settings returned Ok)
2026-10-06T21:22:07.0857640Z   - URL schemes (scrying-test:// served 3 pages successfully)
2026-10-06T21:22:07.0857900Z   - find_in_page → Some(true), request_pdf → 12150 bytes
2026-10-06T21:22:07.0858140Z demo-mac: browser-test: PASS — items 1, 3, 4, 9 verified at runtime
2026-10-06T21:22:07.0858380Z   - history controls (go_back/go_forward observed via SourceChanged events)
2026-10-06T21:22:07.0858600Z   - settings (apply_settings returned Ok)
2026-10-06T21:22:07.0858790Z   - URL schemes (scrying-test:// served 3 pages successfully)
2026-10-06T21:22:07.0858980Z   - find_in_page → Some(true), request_pdf → 12150 bytes
2026-10-06T21:22:07.0859180Z demo-mac: browser-test: PASS — items 1, 3, 4, 9 verified at runtime
2026-10-06T21:22:07.0859410Z   - history controls (go_back/go_forward observed via SourceChanged events)
2026-10-06T21:22:07.0859610Z   - settings (apply_settings returned Ok)
2026-10-06T21:22:07.0859750Z   - URL schemes (scrying-test:// served 3 pages successfully)
2026-10-06T21:22:07.0859940Z   - find_in_page → Some(true), request_pdf → 12150 bytes
2026-10-06T21:22:07.0860150Z demo-mac: browser-test: PASS — items 1, 3, 4, 9 verified at runtime
2026-10-06T21:22:07.0860360Z   - history controls (go_back/go_forward observed via SourceChanged events)
2026-10-06T21:22:07.0860540Z   - settings (apply_settings returned Ok)
2026-10-06T21:22:07.0860700Z   - URL schemes (scrying-test:// served 3 pages successfully)
2026-10-06T21:22:07.0860950Z   - find_in_page → Some(true), request_pdf → 12150 bytes
2026-10-06T21:22:07.0861240Z demo-mac: browser-test: PASS — items 1, 3, 4, 9 verified at runtime
2026-10-06T21:22:07.0861450Z   - history controls (go_back/go_forward observed via SourceChanged events)
2026-10-06T21:22:07.0861640Z   - settings (apply_settings returned Ok)
2026-10-06T21:22:07.0861800Z   - URL schemes (scrying-test:// served 3 pages successfully)
2026-10-06T21:22:07.0862010Z   - find_in_page → Some(true), request_pdf → 12150 bytes
2026-10-06T21:22:07.0862210Z demo-mac: browser-test: PASS — items 1, 3, 4, 9 verified at runtime
2026-10-06T21:22:07.0862440Z   - history controls (go_back/go_forward observed via SourceChanged events)
2026-10-06T21:22:07.0862710Z   - settings (apply_settings returned Ok)
2026-10-06T21:22:07.0862890Z   - URL schemes (scrying-test:// served 3 pages successfully)
2026-10-06T21:22:07.0863100Z   - find_in_page → Some(true), request_pdf → 12150 bytes
2026-10-06T21:22:07.0863300Z demo-mac: browser-test: PASS — items 1, 3, 4, 9 verified at runtime
2026-10-06T21:22:07.0863600Z   - history controls (go_back/go_forward observed via SourceChanged events)
2026-10-06T21:22:07.0863790Z   - settings (apply_settings returned Ok)
2026-10-06T21:22:07.0863960Z   - URL schemes (scrying-test:// served 3 pages successfully)
2026-10-06T21:22:07.0864150Z   - find_in_page → Some(true), request_pdf → 12150 bytes
2026-10-06T21:22:07.0864360Z demo-mac: browser-test: PASS — items 1, 3, 4, 9 verified at runtime
2026-10-06T21:22:07.0864590Z   - history controls (go_back/go_forward observed via SourceChanged events)
2026-10-06T21:22:07.0864760Z   - settings (apply_settings returned Ok)
2026-10-06T21:22:07.0864920Z   - URL schemes (scrying-test:// served 3 pages successfully)
2026-10-06T21:22:07.0865140Z   - find_in_page → Some(true), request_pdf → 12150 bytes
2026-10-06T21:22:07.0865350Z demo-mac: browser-test: PASS — items 1, 3, 4, 9 verified at runtime
2026-10-06T21:22:07.0865560Z   - history controls (go_back/go_forward observed via SourceChanged events)
2026-10-06T21:22:07.0865760Z   - settings (apply_settings returned Ok)
2026-10-06T21:22:07.0865920Z   - URL schemes (scrying-test:// served 3 pages successfully)
2026-10-06T21:22:07.0866130Z   - find_in_page → Some(true), request_pdf → 12150 bytes
2026-10-06T21:22:07.0866350Z demo-mac: browser-test: PASS — items 1, 3, 4, 9 verified at runtime
2026-10-06T21:22:07.0866560Z   - history controls (go_back/go_forward observed via SourceChanged events)
2026-10-06T21:22:07.0866780Z   - settings (apply_settings returned Ok)
2026-10-06T21:22:07.0866940Z   - URL schemes (scrying-test:// served 3 pages successfully)
2026-10-06T21:22:07.0867170Z   - find_in_page → Some(true), request_pdf → 12150 bytes
2026-10-06T21:22:07.0867370Z demo-mac: browser-test: PASS — items 1, 3, 4, 9 verified at runtime
2026-10-06T21:22:07.0867590Z   - history controls (go_back/go_forward observed via SourceChanged events)
2026-10-06T21:22:07.0867770Z   - settings (apply_settings returned Ok)
2026-10-06T21:22:07.0867940Z   - URL schemes (scrying-test:// served 3 pages successfully)
2026-10-06T21:22:07.0868260Z   - find_in_page → Some(true), request_pdf → 12150 bytes
2026-10-06T21:22:07.0868530Z demo-mac: browser-test: PASS — items 1, 3, 4, 9 verified at runtime
2026-10-06T21:22:07.0868790Z   - history controls (go_back/go_forward observed via SourceChanged events)
2026-10-06T21:22:07.0868990Z   - settings (apply_settings returned Ok)
2026-10-06T21:22:07.0869170Z   - URL schemes (scrying-test:// served 3 pages successfully)
2026-10-06T21:22:07.0869400Z   - find_in_page → Some(true), request_pdf → 12150 bytes
2026-10-06T21:22:07.0869620Z demo-mac: browser-test: PASS — items 1, 3, 4, 9 verified at runtime
2026-10-06T21:22:07.0869860Z   - history controls (go_back/go_forward observed via SourceChanged events)
2026-10-06T21:22:07.0870090Z   - settings (apply_settings returned Ok)
2026-10-06T21:22:07.0870300Z   - URL schemes (scrying-test:// served 3 pages successfully)
2026-10-06T21:22:07.0870550Z   - find_in_page → Some(true), request_pdf → 12150 bytes
2026-10-06T21:22:07.0870780Z demo-mac: browser-test: PASS — items 1, 3, 4, 9 verified at runtime
2026-10-06T21:22:07.0871020Z   - history controls (go_back/go_forward observed via SourceChanged events)
2026-10-06T21:22:07.0871220Z   - settings (apply_settings returned Ok)
2026-10-06T21:22:07.0871390Z   - URL schemes (scrying-test:// served 3 pages successfully)
2026-10-06T21:22:07.0871690Z   - find_in_page → Some(true), request_pdf → 12150 bytes
2026-10-06T21:22:07.0871930Z demo-mac: browser-test: PASS — items 1, 3, 4, 9 verified at runtime
2026-10-06T21:22:07.0872170Z   - history controls (go_back/go_forward observed via SourceChanged events)
2026-10-06T21:22:07.0872470Z   - settings (apply_settings returned Ok)
2026-10-06T21:22:07.0872680Z   - URL schemes (scrying-test:// served 3 pages successfully)
2026-10-06T21:22:07.0872890Z   - find_in_page → Some(true), request_pdf → 12150 bytes
2026-10-06T21:22:07.0873100Z demo-mac: browser-test: PASS — items 1, 3, 4, 9 verified at runtime
2026-10-06T21:22:07.0873480Z   - history controls (go_back/go_forward observed via SourceChanged events)
2026-10-06T21:22:07.0873680Z   - settings (apply_settings returned Ok)
2026-10-06T21:22:07.0873830Z   - URL schemes (scrying-test:// served 3 pages successfully)
2026-10-06T21:22:07.0874010Z   - find_in_page → Some(true), request_pdf → 12150 bytes
2026-10-06T21:22:07.0874200Z demo-mac: browser-test: PASS — items 1, 3, 4, 9 verified at runtime
2026-10-06T21:22:07.0874410Z   - history controls (go_back/go_forward observed via SourceChanged events)
2026-10-06T21:22:07.0874620Z   - settings (apply_settings returned Ok)
2026-10-06T21:22:07.0874820Z   - URL schemes (scrying-test:// served 3 pages successfully)
2026-10-06T21:22:07.0875030Z   - find_in_page → Some(true), request_pdf → 12150 bytes
2026-10-06T21:22:07.0875240Z demo-mac: browser-test: PASS — items 1, 3, 4, 9 verified at runtime
2026-10-06T21:22:07.0875440Z   - history controls (go_back/go_forward observed via SourceChanged events)
2026-10-06T21:22:07.0875610Z   - settings (apply_settings returned Ok)
2026-10-06T21:22:07.0875810Z   - URL schemes (scrying-test:// served 3 pages successfully)
2026-10-06T21:22:07.0876080Z   - find_in_page → Some(true), request_pdf → 12150 bytes
2026-10-06T21:22:07.0876310Z demo-mac: browser-test: PASS — items 1, 3, 4, 9 verified at runtime
2026-10-06T21:22:07.0876520Z   - history controls (go_back/go_forward observed via SourceChanged events)
2026-10-06T21:22:07.0876700Z   - settings (apply_settings returned Ok)
2026-10-06T21:22:07.0876850Z   - URL schemes (scrying-test:// served 3 pages successfully)
2026-10-06T21:22:07.0877040Z   - find_in_page → Some(true), request_pdf → 12150 bytes
2026-10-06T21:22:07.0877240Z demo-mac: browser-test: PASS — items 1, 3, 4, 9 verified at runtime
2026-10-06T21:22:07.0877440Z   - history controls (go_back/go_forward observed via SourceChanged events)
2026-10-06T21:22:07.0877630Z   - settings (apply_settings returned Ok)
2026-10-06T21:22:07.0877820Z   - URL schemes (scrying-test:// served 3 pages successfully)
2026-10-06T21:22:07.0878060Z   - find_in_page → Some(true), request_pdf → 12150 bytes
2026-10-06T21:22:07.0878300Z demo-mac: browser-test: PASS — items 1, 3, 4, 9 verified at runtime
2026-10-06T21:22:07.0878520Z   - history controls (go_back/go_forward observed via SourceChanged events)
2026-10-06T21:22:07.0878740Z   - settings (apply_settings returned Ok)
2026-10-06T21:22:07.0878920Z   - URL schemes (scrying-test:// served 3 pages successfully)
2026-10-06T21:22:07.0879100Z   - find_in_page → Some(true), request_pdf → 12150 bytes
2026-10-06T21:22:07.0879340Z demo-mac: browser-test: PASS — items 1, 3, 4, 9 verified at runtime
2026-10-06T21:22:07.0879630Z   - history controls (go_back/go_forward observed via SourceChanged events)
2026-10-06T21:22:07.0879830Z   - settings (apply_settings returned Ok)
2026-10-06T21:22:07.0879990Z   - URL schemes (scrying-test:// served 3 pages successfully)
2026-10-06T21:22:07.0880170Z   - find_in_page → Some(true), request_pdf → 12150 bytes
2026-10-06T21:22:07.0880370Z demo-mac: browser-test: PASS — items 1, 3, 4, 9 verified at runtime
2026-10-06T21:22:07.0880580Z   - history controls (go_back/go_forward observed via SourceChanged events)
2026-10-06T21:22:07.0880810Z   - settings (apply_settings returned Ok)
2026-10-06T21:22:07.0881010Z   - URL schemes (scrying-test:// served 3 pages successfully)
2026-10-06T21:22:07.0881230Z   - find_in_page → Some(true), request_pdf → 12150 bytes
2026-10-06T21:22:07.0881440Z demo-mac: browser-test: PASS — items 1, 3, 4, 9 verified at runtime
2026-10-06T21:22:07.0881670Z   - history controls (go_back/go_forward observed via SourceChanged events)
2026-10-06T21:22:07.0881830Z   - settings (apply_settings returned Ok)
2026-10-06T21:22:07.0882100Z   - URL schemes (scrying-test:// served 3 pages successfully)
2026-10-06T21:22:07.0882290Z   - find_in_page → Some(true), request_pdf → 12150 bytes
2026-10-06T21:22:07.0882500Z demo-mac: browser-test: PASS — items 1, 3, 4, 9 verified at runtime
2026-10-06T21:22:07.0882730Z   - history controls (go_back/go_forward observed via SourceChanged events)
2026-10-06T21:22:07.0882970Z   - settings (apply_settings returned Ok)
2026-10-06T21:22:07.0883150Z   - URL schemes (scrying-test:// served 3 pages successfully)
2026-10-06T21:22:07.0883340Z   - find_in_page → Some(true), request_pdf → 12150 bytes
2026-10-06T21:22:07.0883530Z demo-mac: browser-test: PASS — items 1, 3, 4, 9 verified at runtime
2026-10-06T21:22:07.0883740Z   - history controls (go_back/go_forward observed via SourceChanged events)
2026-10-06T21:22:07.0883960Z   - settings (apply_settings returned Ok)
2026-10-06T21:22:07.0884180Z   - URL schemes (scrying-test:// served 3 pages successfully)
2026-10-06T21:22:07.0884430Z   - find_in_page → Some(true), request_pdf → 12150 bytes
2026-10-06T21:22:07.0884660Z demo-mac: browser-test: PASS — items 1, 3, 4, 9 verified at runtime
2026-10-06T21:22:07.0884860Z   - history controls (go_back/go_forward observed via SourceChanged events)
2026-10-06T21:22:07.0885040Z   - settings (apply_settings returned Ok)
2026-10-06T21:22:07.0885190Z   - URL schemes (scrying-test:// served 3 pages successfully)
2026-10-06T21:22:07.0885390Z   - find_in_page → Some(true), request_pdf → 12150 bytes
2026-10-06T21:22:07.0885590Z demo-mac: browser-test: PASS — items 1, 3, 4, 9 verified at runtime
2026-10-06T21:22:07.0885810Z   - history controls (go_back/go_forward observed via SourceChanged events)
2026-10-06T21:22:07.0885990Z   - settings (apply_settings returned Ok)
2026-10-06T21:22:07.0886150Z   - URL schemes (scrying-test:// served 3 pages successfully)
2026-10-06T21:22:07.0886370Z   - find_in_page → Some(true), request_pdf → 12150 bytes
2026-10-06T21:22:07.0886590Z demo-mac: browser-test: PASS — items 1, 3, 4, 9 verified at runtime
2026-10-06T21:22:07.0886820Z   - history controls (go_back/go_forward observed via SourceChanged events)
2026-10-06T21:22:07.0887000Z   - settings (apply_settings returned Ok)
2026-10-06T21:22:07.0887170Z   - URL schemes (scrying-test:// served 3 pages successfully)
2026-10-06T21:22:07.0887380Z   - find_in_page → Some(true), request_pdf → 12150 bytes
2026-10-06T21:22:07.0887600Z demo-mac: browser-test: PASS — items 1, 3, 4, 9 verified at runtime
2026-10-06T21:22:07.0887820Z   - history controls (go_back/go_forward observed via SourceChanged events)
2026-10-06T21:22:07.0888020Z   - settings (apply_settings returned Ok)
2026-10-06T21:22:07.0888210Z   - URL schemes (scrying-test:// served 3 pages successfully)
2026-10-06T21:22:07.0888410Z   - find_in_page → Some(true), request_pdf → 12150 bytes
2026-10-06T21:22:07.0888610Z demo-mac: browser-test: PASS — items 1, 3, 4, 9 verified at runtime
2026-10-06T21:22:07.0888810Z   - history controls (go_back/go_forward observed via SourceChanged events)
2026-10-06T21:22:07.0888990Z   - settings (apply_settings returned Ok)
2026-10-06T21:22:07.0889150Z   - URL schemes (scrying-test:// served 3 pages successfully)
2026-10-06T21:22:07.0889340Z   - find_in_page → Some(true), request_pdf → 12150 bytes
2026-10-06T21:22:07.0889540Z demo-mac: browser-test: PASS — items 1, 3, 4, 9 verified at runtime
2026-10-06T21:22:07.0889750Z   - history controls (go_back/go_forward observed via SourceChanged events)
2026-10-06T21:22:07.0889930Z   - settings (apply_settings returned Ok)
2026-10-06T21:22:07.0890090Z   - URL schemes (scrying-test:// served 3 pages successfully)
2026-10-06T21:22:07.0890280Z   - find_in_page → Some(true), request_pdf → 12150 bytes
2026-10-06T21:22:07.0890480Z demo-mac: browser-test: PASS — items 1, 3, 4, 9 verified at runtime
2026-10-06T21:22:07.0890690Z   - history controls (go_back/go_forward observed via SourceChanged events)
2026-10-06T21:22:07.0890890Z   - settings (apply_settings returned Ok)
2026-10-06T21:22:07.0891130Z   - URL schemes (scrying-test:// served 3 pages successfully)
2026-10-06T21:22:07.0891380Z   - find_in_page → Some(true), request_pdf → 12150 bytes
2026-10-06T21:22:07.0891620Z demo-mac: browser-test: PASS — items 1, 3, 4, 9 verified at runtime
2026-10-06T21:22:07.0891850Z   - history controls (go_back/go_forward observed via SourceChanged events)
2026-10-06T21:22:07.0892130Z   - settings (apply_settings returned Ok)
2026-10-06T21:22:07.0892310Z   - URL schemes (scrying-test:// served 3 pages successfully)
2026-10-06T21:22:07.0892530Z   - find_in_page → Some(true), request_pdf → 12150 bytes
2026-10-06T21:22:07.0892760Z demo-mac: browser-test: PASS — items 1, 3, 4, 9 verified at runtime
2026-10-06T21:22:07.0892990Z   - history controls (go_back/go_forward observed via SourceChanged events)
2026-10-06T21:22:07.0893190Z   - settings (apply_settings returned Ok)
2026-10-06T21:22:07.0893350Z   - URL schemes (scrying-test:// served 3 pages successfully)
2026-10-06T21:22:07.0893540Z   - find_in_page → Some(true), request_pdf → 12150 bytes
2026-10-06T21:22:07.0893740Z demo-mac: browser-test: PASS — items 1, 3, 4, 9 verified at runtime
2026-10-06T21:22:07.0893940Z   - history controls (go_back/go_forward observed via SourceChanged events)
2026-10-06T21:22:07.0894110Z   - settings (apply_settings returned Ok)
2026-10-06T21:22:07.0894280Z   - URL schemes (scrying-test:// served 3 pages successfully)
2026-10-06T21:22:07.0894470Z   - find_in_page → Some(true), request_pdf → 12150 bytes
2026-10-06T21:22:07.0894680Z demo-mac: browser-test: PASS — items 1, 3, 4, 9 verified at runtime
2026-10-06T21:22:07.0894880Z   - history controls (go_back/go_forward observed via SourceChanged events)
2026-10-06T21:22:07.0895060Z   - settings (apply_settings returned Ok)
2026-10-06T21:22:07.0895210Z   - URL schemes (scrying-test:// served 3 pages successfully)
2026-10-06T21:22:07.0895420Z   - find_in_page → Some(true), request_pdf → 12150 bytes
2026-10-06T21:22:07.0895610Z demo-mac: browser-test: PASS — items 1, 3, 4, 9 verified at runtime
2026-10-06T21:22:07.0895810Z   - history controls (go_back/go_forward observed via SourceChanged events)
2026-10-06T21:22:07.0895980Z   - settings (apply_settings returned Ok)
2026-10-06T21:22:07.0896150Z   - URL schemes (scrying-test:// served 3 pages successfully)
2026-10-06T21:22:07.0896350Z   - find_in_page → Some(true), request_pdf → 12150 bytes
2026-10-06T21:22:07.0896560Z demo-mac: browser-test: PASS — items 1, 3, 4, 9 verified at runtime
2026-10-06T21:22:07.0896780Z   - history controls (go_back/go_forward observed via SourceChanged events)
2026-10-06T21:22:07.0896970Z   - settings (apply_settings returned Ok)
2026-10-06T21:22:07.0897130Z   - URL schemes (scrying-test:// served 3 pages successfully)
2026-10-06T21:22:07.0897330Z   - find_in_page → Some(true), request_pdf → 12150 bytes
2026-10-06T21:22:07.0897540Z demo-mac: browser-test: PASS — items 1, 3, 4, 9 verified at runtime
2026-10-06T21:22:07.0897770Z   - history controls (go_back/go_forward observed via SourceChanged events)
2026-10-06T21:22:07.0897970Z   - settings (apply_settings returned Ok)
2026-10-06T21:22:07.0898130Z   - URL schemes (scrying-test:// served 3 pages successfully)
2026-10-06T21:22:07.0898320Z   - find_in_page → Some(true), request_pdf → 12150 bytes
2026-10-06T21:22:07.0898510Z demo-mac: browser-test: PASS — items 1, 3, 4, 9 verified at runtime
2026-10-06T21:22:07.0898710Z   - history controls (go_back/go_forward observed via SourceChanged events)
2026-10-06T21:22:07.0898880Z   - settings (apply_settings returned Ok)
2026-10-06T21:22:07.0899020Z   - URL schemes (scrying-test:// served 3 pages successfully)
2026-10-06T21:22:07.0899210Z   - find_in_page → Some(true), request_pdf → 12150 bytes
2026-10-06T21:22:07.0899400Z demo-mac: browser-test: PASS — items 1, 3, 4, 9 verified at runtime
2026-10-06T21:22:07.0899590Z   - history controls (go_back/go_forward observed via SourceChanged events)
2026-10-06T21:22:07.0899760Z   - settings (apply_settings returned Ok)
2026-10-06T21:22:07.0899910Z   - URL schemes (scrying-test:// served 3 pages successfully)
2026-10-06T21:22:07.0900180Z   - find_in_page → Some(true), request_pdf → 12150 bytes
2026-10-06T21:22:07.0900370Z demo-mac: browser-test: PASS — items 1, 3, 4, 9 verified at runtime
2026-10-06T21:22:07.0900570Z   - history controls (go_back/go_forward observed via SourceChanged events)
2026-10-06T21:22:07.0900740Z   - settings (apply_settings returned Ok)
2026-10-06T21:22:07.0900970Z   - URL schemes (scrying-test:// served 3 pages successfully)
2026-10-06T21:22:07.0901180Z   - find_in_page → Some(true), request_pdf → 12150 bytes
2026-10-06T21:22:07.0901380Z demo-mac: browser-test: PASS — items 1, 3, 4, 9 verified at runtime
2026-10-06T21:22:07.0901610Z   - history controls (go_back/go_forward observed via SourceChanged events)
2026-10-06T21:22:07.0901820Z   - settings (apply_settings returned Ok)
2026-10-06T21:22:07.0902010Z   - URL schemes (scrying-test:// served 3 pages successfully)
2026-10-06T21:22:07.0902230Z   - find_in_page → Some(true), request_pdf → 12150 bytes
2026-10-06T21:22:07.0902480Z demo-mac: browser-test: PASS — items 1, 3, 4, 9 verified at runtime
2026-10-06T21:22:07.0902710Z   - history controls (go_back/go_forward observed via SourceChanged events)
2026-10-06T21:22:07.0902930Z   - settings (apply_settings returned Ok)
2026-10-06T21:22:07.0903110Z   - URL schemes (scrying-test:// served 3 pages successfully)
2026-10-06T21:22:07.0903320Z   - find_in_page → Some(true), request_pdf → 12150 bytes
2026-10-06T21:22:07.0903560Z demo-mac: browser-test: PASS — items 1, 3, 4, 9 verified at runtime
2026-10-06T21:22:07.0908420Z   - history controls (go_back/go_forward observed via SourceChanged events)
2026-10-06T21:22:07.0908630Z   - settings (apply_settings returned Ok)
2026-10-06T21:22:07.0908780Z   - URL schemes (scrying-test:// served 3 pages successfully)
2026-10-06T21:22:07.0908970Z   - find_in_page → Some(true), request_pdf → 12150 bytes
2026-10-06T21:22:07.0909160Z demo-mac: browser-test: PASS — items 1, 3, 4, 9 verified at runtime
2026-10-06T21:22:07.0909360Z   - history controls (go_back/go_forward observed via SourceChanged events)
2026-10-06T21:22:07.0909570Z   - settings (apply_settings returned Ok)
2026-10-06T21:22:07.0909710Z   - URL schemes (scrying-test:// served 3 pages successfully)
2026-10-06T21:22:07.0909890Z   - find_in_page → Some(true), request_pdf → 12150 bytes
2026-10-06T21:22:07.0910080Z demo-mac: browser-test: PASS — items 1, 3, 4, 9 verified at runtime
2026-10-06T21:22:07.0910280Z   - history controls (go_back/go_forward observed via SourceChanged events)
2026-10-06T21:22:07.0910450Z   - settings (apply_settings returned Ok)
2026-10-06T21:22:07.0910590Z   - URL schemes (scrying-test:// served 3 pages successfully)
2026-10-06T21:22:07.0910770Z   - find_in_page → Some(true), request_pdf → 12150 bytes
2026-10-06T21:22:07.0910950Z demo-mac: browser-test: PASS — items 1, 3, 4, 9 verified at runtime
2026-10-06T21:22:07.0911150Z   - history controls (go_back/go_forward observed via SourceChanged events)
2026-10-06T21:22:07.0911310Z   - settings (apply_settings returned Ok)
2026-10-06T21:22:07.0911460Z   - URL schemes (scrying-test:// served 3 pages successfully)
2026-10-06T21:22:07.0911640Z   - find_in_page → Some(true), request_pdf → 12150 bytes
2026-10-06T21:22:07.0911830Z demo-mac: browser-test: PASS — items 1, 3, 4, 9 verified at runtime
2026-10-06T21:22:07.0912030Z   - history controls (go_back/go_forward observed via SourceChanged events)
2026-10-06T21:22:07.0912200Z   - settings (apply_settings returned Ok)
2026-10-06T21:22:07.0912340Z   - URL schemes (scrying-test:// served 3 pages successfully)
2026-10-06T21:22:07.0912520Z   - find_in_page → Some(true), request_pdf → 12150 bytes
2026-10-06T21:22:07.0912700Z demo-mac: browser-test: PASS — items 1, 3, 4, 9 verified at runtime
2026-10-06T21:22:07.0912900Z   - history controls (go_back/go_forward observed via SourceChanged events)
2026-10-06T21:22:07.0913060Z   - settings (apply_settings returned Ok)
2026-10-06T21:22:07.0913200Z   - URL schemes (scrying-test:// served 3 pages successfully)
2026-10-06T21:22:07.0913450Z   - find_in_page → Some(true), request_pdf → 12150 bytes
2026-10-06T21:22:07.0913640Z demo-mac: browser-test: PASS — items 1, 3, 4, 9 verified at runtime
2026-10-06T21:22:07.0913830Z   - history controls (go_back/go_forward observed via SourceChanged events)
2026-10-06T21:22:07.0914010Z   - settings (apply_settings returned Ok)
2026-10-06T21:22:07.0914250Z   - URL schemes (scrying-test:// served 3 pages successfully)
2026-10-06T21:22:07.0914460Z   - find_in_page → Some(true), request_pdf → 12150 bytes
2026-10-06T21:22:07.0914660Z demo-mac: browser-test: PASS — items 1, 3, 4, 9 verified at runtime
2026-10-06T21:22:07.0914880Z   - history controls (go_back/go_forward observed via SourceChanged events)
2026-10-06T21:22:07.0915060Z   - settings (apply_settings returned Ok)
2026-10-06T21:22:07.0915220Z   - URL schemes (scrying-test:// served 3 pages successfully)
2026-10-06T21:22:07.0915420Z   - find_in_page → Some(true), request_pdf → 12150 bytes
2026-10-06T21:22:07.0915630Z demo-mac: browser-test: PASS — items 1, 3, 4, 9 verified at runtime
2026-10-06T21:22:07.0915850Z   - history controls (go_back/go_forward observed via SourceChanged events)
2026-10-06T21:22:07.0916030Z   - settings (apply_settings returned Ok)
2026-10-06T21:22:07.0916190Z   - URL schemes (scrying-test:// served 3 pages successfully)
2026-10-06T21:22:07.0916380Z   - find_in_page → Some(true), request_pdf → 12150 bytes
2026-10-06T21:22:07.0916600Z demo-mac: browser-test: PASS — items 1, 3, 4, 9 verified at runtime
2026-10-06T21:22:07.0916810Z   - history controls (go_back/go_forward observed via SourceChanged events)
2026-10-06T21:22:07.0916990Z   - settings (apply_settings returned Ok)
2026-10-06T21:22:07.0917150Z   - URL schemes (scrying-test:// served 3 pages successfully)
2026-10-06T21:22:07.0917340Z   - find_in_page → Some(true), request_pdf → 12150 bytes
2026-10-06T21:22:07.0917550Z demo-mac: browser-test: PASS — items 1, 3, 4, 9 verified at runtime
2026-10-06T21:22:07.0917760Z   - history controls (go_back/go_forward observed via SourceChanged events)
2026-10-06T21:22:07.0917950Z   - settings (apply_settings returned Ok)
2026-10-06T21:22:07.0918120Z   - URL schemes (scrying-test:// served 3 pages successfully)
2026-10-06T21:22:07.0918310Z   - find_in_page → Some(true), request_pdf → 12150 bytes
2026-10-06T21:22:07.0918490Z demo-mac: browser-test: PASS — items 1, 3, 4, 9 verified at runtime
2026-10-06T21:22:07.0918690Z   - history controls (go_back/go_forward observed via SourceChanged events)
2026-10-06T21:22:07.0918860Z   - settings (apply_settings returned Ok)
2026-10-06T21:22:07.0919000Z   - URL schemes (scrying-test:// served 3 pages successfully)
2026-10-06T21:22:07.0919170Z   - find_in_page → Some(true), request_pdf → 12150 bytes
2026-10-06T21:22:07.0919360Z demo-mac: browser-test: PASS — items 1, 3, 4, 9 verified at runtime
2026-10-06T21:22:07.0919550Z   - history controls (go_back/go_forward observed via SourceChanged events)
2026-10-06T21:22:07.0919720Z   - settings (apply_settings returned Ok)
2026-10-06T21:22:07.0919870Z   - URL schemes (scrying-test:// served 3 pages successfully)
2026-10-06T21:22:07.0920040Z   - find_in_page → Some(true), request_pdf → 12150 bytes
2026-10-06T21:22:07.0920220Z demo-mac: browser-test: PASS — items 1, 3, 4, 9 verified at runtime
2026-10-06T21:22:07.0920430Z   - history controls (go_back/go_forward observed via SourceChanged events)
2026-10-06T21:22:07.0920620Z   - settings (apply_settings returned Ok)
2026-10-06T21:22:07.0920780Z   - URL schemes (scrying-test:// served 3 pages successfully)
2026-10-06T21:22:07.0920980Z   - find_in_page → Some(true), request_pdf → 12150 bytes
2026-10-06T21:22:07.0921180Z demo-mac: browser-test: PASS — items 1, 3, 4, 9 verified at runtime
2026-10-06T21:22:07.0921400Z   - history controls (go_back/go_forward observed via SourceChanged events)
2026-10-06T21:22:07.0921580Z   - settings (apply_settings returned Ok)
2026-10-06T21:22:07.0921740Z   - URL schemes (scrying-test:// served 3 pages successfully)
2026-10-06T21:22:07.0921960Z   - find_in_page → Some(true), request_pdf → 12150 bytes
2026-10-06T21:22:07.0922210Z demo-mac: browser-test: PASS — items 1, 3, 4, 9 verified at runtime
2026-10-06T21:22:07.0922430Z   - history controls (go_back/go_forward observed via SourceChanged events)
2026-10-06T21:22:07.0922610Z   - settings (apply_settings returned Ok)
2026-10-06T21:22:07.0922770Z   - URL schemes (scrying-test:// served 3 pages successfully)
2026-10-06T21:22:07.0923050Z   - find_in_page → Some(true), request_pdf → 12150 bytes
2026-10-06T21:22:07.0923260Z demo-mac: browser-test: PASS — items 1, 3, 4, 9 verified at runtime
2026-10-06T21:22:07.0923470Z   - history controls (go_back/go_forward observed via SourceChanged events)
2026-10-06T21:22:07.0923700Z   - settings (apply_settings returned Ok)
2026-10-06T21:22:07.0923860Z   - URL schemes (scrying-test:// served 3 pages successfully)
2026-10-06T21:22:07.0924060Z   - find_in_page → Some(true), request_pdf → 12150 bytes
2026-10-06T21:22:07.0924310Z demo-mac: browser-test: PASS — items 1, 3, 4, 9 verified at runtime
2026-10-06T21:22:07.0924530Z   - history controls (go_back/go_forward observed via SourceChanged events)
2026-10-06T21:22:07.0924710Z   - settings (apply_settings returned Ok)
2026-10-06T21:22:07.0924880Z   - URL schemes (scrying-test:// served 3 pages successfully)
2026-10-06T21:22:07.0925070Z   - find_in_page → Some(true), request_pdf → 12150 bytes
2026-10-06T21:22:07.0925280Z demo-mac: browser-test: PASS — items 1, 3, 4, 9 verified at runtime
2026-10-06T21:22:07.0925500Z   - history controls (go_back/go_forward observed via SourceChanged events)
2026-10-06T21:22:07.0925680Z   - settings (apply_settings returned Ok)
2026-10-06T21:22:07.0925820Z   - URL schemes (scrying-test:// served 3 pages successfully)
2026-10-06T21:22:07.0926000Z   - find_in_page → Some(true), request_pdf → 12150 bytes
2026-10-06T21:22:07.0926190Z demo-mac: browser-test: PASS — items 1, 3, 4, 9 verified at runtime
2026-10-06T21:22:07.0926400Z   - history controls (go_back/go_forward observed via SourceChanged events)
2026-10-06T21:22:07.0926580Z   - settings (apply_settings returned Ok)
2026-10-06T21:22:07.0926740Z   - URL schemes (scrying-test:// served 3 pages successfully)
2026-10-06T21:22:07.0926940Z   - find_in_page → Some(true), request_pdf → 12150 bytes
2026-10-06T21:22:07.0927140Z demo-mac: browser-test: PASS — items 1, 3, 4, 9 verified at runtime
2026-10-06T21:22:07.0927360Z   - history controls (go_back/go_forward observed via SourceChanged events)
2026-10-06T21:22:07.0927550Z   - settings (apply_settings returned Ok)
2026-10-06T21:22:07.0927710Z   - URL schemes (scrying-test:// served 3 pages successfully)
2026-10-06T21:22:07.0927900Z   - find_in_page → Some(true), request_pdf → 12150 bytes
2026-10-06T21:22:07.0928100Z demo-mac: browser-test: PASS — items 1, 3, 4, 9 verified at runtime
2026-10-06T21:22:07.0928310Z   - history controls (go_back/go_forward observed via SourceChanged events)
2026-10-06T21:22:07.0928470Z   - settings (apply_settings returned Ok)
2026-10-06T21:22:07.0928610Z   - URL schemes (scrying-test:// served 3 pages successfully)
2026-10-06T21:22:07.0928790Z   - find_in_page → Some(true), request_pdf → 12150 bytes
2026-10-06T21:22:07.0928980Z demo-mac: browser-test: PASS — items 1, 3, 4, 9 verified at runtime
2026-10-06T21:22:07.0929170Z   - history controls (go_back/go_forward observed via SourceChanged events)
2026-10-06T21:22:07.0929340Z   - settings (apply_settings returned Ok)
2026-10-06T21:22:07.0929480Z   - URL schemes (scrying-test:// served 3 pages successfully)
2026-10-06T21:22:07.0929660Z   - find_in_page → Some(true), request_pdf → 12150 bytes
2026-10-06T21:22:07.0929840Z demo-mac: browser-test: PASS — items 1, 3, 4, 9 verified at runtime
2026-10-06T21:22:07.0930040Z   - history controls (go_back/go_forward observed via SourceChanged events)
2026-10-06T21:22:07.0930200Z   - settings (apply_settings returned Ok)
2026-10-06T21:22:07.0930350Z   - URL schemes (scrying-test:// served 3 pages successfully)
2026-10-06T21:22:07.0930550Z   - find_in_page → Some(true), request_pdf → 12150 bytes
2026-10-06T21:22:07.0930790Z demo-mac: browser-test: PASS — items 1, 3, 4, 9 verified at runtime
2026-10-06T21:22:07.0931010Z   - history controls (go_back/go_forward observed via SourceChanged events)
2026-10-06T21:22:07.0931230Z   - settings (apply_settings returned Ok)
2026-10-06T21:22:07.0931390Z   - URL schemes (scrying-test:// served 3 pages successfully)
2026-10-06T21:22:07.0931660Z   - find_in_page → Some(true), request_pdf → 12150 bytes
2026-10-06T21:22:07.0931870Z demo-mac: browser-test: PASS — items 1, 3, 4, 9 verified at runtime
2026-10-06T21:22:07.0932090Z   - history controls (go_back/go_forward observed via SourceChanged events)
2026-10-06T21:22:07.0932270Z   - settings (apply_settings returned Ok)
2026-10-06T21:22:07.0932430Z   - URL schemes (scrying-test:// served 3 pages successfully)
2026-10-06T21:22:07.0932630Z   - find_in_page → Some(true), request_pdf → 12150 bytes
2026-10-06T21:22:07.0932830Z demo-mac: browser-test: PASS — items 1, 3, 4, 9 verified at runtime
2026-10-06T21:22:07.0933050Z   - history controls (go_back/go_forward observed via SourceChanged events)
2026-10-06T21:22:07.0933240Z   - settings (apply_settings returned Ok)
2026-10-06T21:22:07.0933380Z   - URL schemes (scrying-test:// served 3 pages successfully)
2026-10-06T21:22:07.0933560Z   - find_in_page → Some(true), request_pdf → 12150 bytes
2026-10-06T21:22:07.0933740Z demo-mac: browser-test: PASS — items 1, 3, 4, 9 verified at runtime
2026-10-06T21:22:07.0933940Z   - history controls (go_back/go_forward observed via SourceChanged events)
2026-10-06T21:22:07.0934110Z   - settings (apply_settings returned Ok)
2026-10-06T21:22:07.0934250Z   - URL schemes (scrying-test:// served 3 pages successfully)
2026-10-06T21:22:07.0934430Z   - find_in_page → Some(true), request_pdf → 12150 bytes
2026-10-06T21:22:07.0934620Z demo-mac: browser-test: PASS — items 1, 3, 4, 9 verified at runtime
2026-10-06T21:22:07.0934810Z   - history controls (go_back/go_forward observed via SourceChanged events)
2026-10-06T21:22:07.0934970Z   - settings (apply_settings returned Ok)
2026-10-06T21:22:07.0935120Z   - URL schemes (scrying-test:// served 3 pages successfully)
2026-10-06T21:22:07.0935290Z   - find_in_page → Some(true), request_pdf → 12150 bytes
2026-10-06T21:22:07.0935500Z demo-mac: browser-test: PASS — items 1, 3, 4, 9 verified at runtime
2026-10-06T21:22:07.0935710Z   - history controls (go_back/go_forward observed via SourceChanged events)
2026-10-06T21:22:07.0935900Z   - settings (apply_settings returned Ok)
2026-10-06T21:22:07.0936060Z   - URL schemes (scrying-test:// served 3 pages successfully)
2026-10-06T21:22:07.0936250Z   - find_in_page → Some(true), request_pdf → 12150 bytes
2026-10-06T21:22:07.0936450Z demo-mac: browser-test: PASS — items 1, 3, 4, 9 verified at runtime
2026-10-06T21:22:07.0936670Z   - history controls (go_back/go_forward observed via SourceChanged events)
2026-10-06T21:22:07.0936850Z   - settings (apply_settings returned Ok)
2026-10-06T21:22:07.0937010Z   - URL schemes (scrying-test:// served 3 pages successfully)
2026-10-06T21:22:07.0937210Z   - find_in_page → Some(true), request_pdf → 12150 bytes
2026-10-06T21:22:07.0937420Z demo-mac: browser-test: PASS — items 1, 3, 4, 9 verified at runtime
2026-10-06T21:22:07.0937630Z   - history controls (go_back/go_forward observed via SourceChanged events)
2026-10-06T21:22:07.0937810Z   - settings (apply_settings returned Ok)
2026-10-06T21:22:07.0937980Z   - URL schemes (scrying-test:// served 3 pages successfully)
2026-10-06T21:22:07.0938170Z   - find_in_page → Some(true), request_pdf → 12150 bytes
2026-10-06T21:22:07.0938370Z demo-mac: browser-test: PASS — items 1, 3, 4, 9 verified at runtime
2026-10-06T21:22:07.0938560Z   - history controls (go_back/go_forward observed via SourceChanged events)
2026-10-06T21:22:07.0938790Z   - settings (apply_settings returned Ok)
2026-10-06T21:22:07.0938930Z   - URL schemes (scrying-test:// served 3 pages successfully)
2026-10-06T21:22:07.0939110Z   - find_in_page → Some(true), request_pdf → 12150 bytes
2026-10-06T21:22:07.0939290Z demo-mac: browser-test: PASS — items 1, 3, 4, 9 verified at runtime
2026-10-06T21:22:07.0939540Z   - history controls (go_back/go_forward observed via SourceChanged events)
2026-10-06T21:22:07.0939720Z   - settings (apply_settings returned Ok)
2026-10-06T21:22:07.0939860Z   - URL schemes (scrying-test:// served 3 pages successfully)
2026-10-06T21:22:07.0940050Z   - find_in_page → Some(true), request_pdf → 12150 bytes
2026-10-06T21:22:07.0940330Z demo-mac: browser-test: PASS — items 1, 3, 4, 9 verified at runtime
2026-10-06T21:22:07.0940550Z   - history controls (go_back/go_forward observed via SourceChanged events)
2026-10-06T21:22:07.0940740Z   - settings (apply_settings returned Ok)
2026-10-06T21:22:07.0940900Z   - URL schemes (scrying-test:// served 3 pages successfully)
2026-10-06T21:22:07.0941090Z   - find_in_page → Some(true), request_pdf → 12150 bytes
2026-10-06T21:22:07.0941310Z demo-mac: browser-test: PASS — items 1, 3, 4, 9 verified at runtime
2026-10-06T21:22:07.0941520Z   - history controls (go_back/go_forward observed via SourceChanged events)
2026-10-06T21:22:07.0941710Z   - settings (apply_settings returned Ok)
2026-10-06T21:22:07.0941870Z   - URL schemes (scrying-test:// served 3 pages successfully)
2026-10-06T21:22:07.0942060Z   - find_in_page → Some(true), request_pdf → 12150 bytes
2026-10-06T21:22:07.0942270Z demo-mac: browser-test: PASS — items 1, 3, 4, 9 verified at runtime
2026-10-06T21:22:07.0942480Z   - history controls (go_back/go_forward observed via SourceChanged events)
2026-10-06T21:22:07.0942670Z   - settings (apply_settings returned Ok)
2026-10-06T21:22:07.0942830Z   - URL schemes (scrying-test:// served 3 pages successfully)
2026-10-06T21:22:07.0943020Z   - find_in_page → Some(true), request_pdf → 12150 bytes
2026-10-06T21:22:07.0943230Z demo-mac: browser-test: PASS — items 1, 3, 4, 9 verified at runtime
2026-10-06T21:22:07.0943420Z   - history controls (go_back/go_forward observed via SourceChanged events)
2026-10-06T21:22:07.0943590Z   - settings (apply_settings returned Ok)
2026-10-06T21:22:07.0943730Z   - URL schemes (scrying-test:// served 3 pages successfully)
2026-10-06T21:22:07.0943910Z   - find_in_page → Some(true), request_pdf → 12150 bytes
2026-10-06T21:22:07.0944100Z demo-mac: browser-test: PASS — items 1, 3, 4, 9 verified at runtime
2026-10-06T21:22:07.0944300Z   - history controls (go_back/go_forward observed via SourceChanged events)
2026-10-06T21:22:07.0944530Z   - settings (apply_settings returned Ok)
2026-10-06T21:22:07.0944730Z   - URL schemes (scrying-test:// served 3 pages successfully)
2026-10-06T21:22:07.0944920Z   - find_in_page → Some(true), request_pdf → 12150 bytes
2026-10-06T21:22:07.0945110Z demo-mac: browser-test: PASS — items 1, 3, 4, 9 verified at runtime
2026-10-06T21:22:07.0945300Z   - history controls (go_back/go_forward observed via SourceChanged events)
2026-10-06T21:22:07.0945480Z   - settings (apply_settings returned Ok)
2026-10-06T21:22:07.0945640Z   - URL schemes (scrying-test:// served 3 pages successfully)
2026-10-06T21:22:07.0945840Z   - find_in_page → Some(true), request_pdf → 12150 bytes
2026-10-06T21:22:07.0946050Z demo-mac: browser-test: PASS — items 1, 3, 4, 9 verified at runtime
2026-10-06T21:22:07.0946260Z   - history controls (go_back/go_forward observed via SourceChanged events)
2026-10-06T21:22:07.0946440Z   - settings (apply_settings returned Ok)
2026-10-06T21:22:07.0946600Z   - URL schemes (scrying-test:// served 3 pages successfully)
2026-10-06T21:22:07.0946800Z   - find_in_page → Some(true), request_pdf → 12150 bytes
2026-10-06T21:22:07.0947010Z demo-mac: browser-test: PASS — items 1, 3, 4, 9 verified at runtime
2026-10-06T21:22:07.0947220Z   - history controls (go_back/go_forward observed via SourceChanged events)
2026-10-06T21:22:07.0947410Z   - settings (apply_settings returned Ok)
2026-10-06T21:22:07.0947570Z   - URL schemes (scrying-test:// served 3 pages successfully)
2026-10-06T21:22:07.0947760Z   - find_in_page → Some(true), request_pdf → 12150 bytes
2026-10-06T21:22:07.0947960Z demo-mac: browser-test: PASS — items 1, 3, 4, 9 verified at runtime
2026-10-06T21:22:07.0948210Z   - history controls (go_back/go_forward observed via SourceChanged events)
2026-10-06T21:22:07.0948380Z   - settings (apply_settings returned Ok)
2026-10-06T21:22:07.0948520Z   - URL schemes (scrying-test:// served 3 pages successfully)
2026-10-06T21:22:07.0948700Z   - find_in_page → Some(true), request_pdf → 12150 bytes
2026-10-06T21:22:07.0948940Z demo-mac: browser-test: PASS — items 1, 3, 4, 9 verified at runtime
2026-10-06T21:22:07.0949150Z   - history controls (go_back/go_forward observed via SourceChanged events)
2026-10-06T21:22:07.0949310Z   - settings (apply_settings returned Ok)
2026-10-06T21:22:07.0949460Z   - URL schemes (scrying-test:// served 3 pages successfully)
2026-10-06T21:22:07.0949630Z   - find_in_page → Some(true), request_pdf → 12150 bytes
2026-10-06T21:22:07.0949830Z demo-mac: browser-test: PASS — items 1, 3, 4, 9 verified at runtime
2026-10-06T21:22:07.0950050Z   - history controls (go_back/go_forward observed via SourceChanged events)
2026-10-06T21:22:07.0950230Z   - settings (apply_settings returned Ok)
2026-10-06T21:22:07.0950390Z   - URL schemes (scrying-test:// served 3 pages successfully)
2026-10-06T21:22:07.0950580Z   - find_in_page → Some(true), request_pdf → 12150 bytes
2026-10-06T21:22:07.0950790Z demo-mac: browser-test: PASS — items 1, 3, 4, 9 verified at runtime
2026-10-06T21:22:07.0951000Z   - history controls (go_back/go_forward observed via SourceChanged events)
2026-10-06T21:22:07.0951190Z   - settings (apply_settings returned Ok)
2026-10-06T21:22:07.0951340Z   - URL schemes (scrying-test:// served 3 pages successfully)
2026-10-06T21:22:07.0951540Z   - find_in_page → Some(true), request_pdf → 12150 bytes
2026-10-06T21:22:07.0951740Z demo-mac: browser-test: PASS — items 1, 3, 4, 9 verified at runtime
2026-10-06T21:22:07.0951960Z   - history controls (go_back/go_forward observed via SourceChanged events)
2026-10-06T21:22:07.0952140Z   - settings (apply_settings returned Ok)
2026-10-06T21:22:07.0952300Z   - URL schemes (scrying-test:// served 3 pages successfully)
2026-10-06T21:22:07.0952500Z   - find_in_page → Some(true), request_pdf → 12150 bytes
2026-10-06T21:22:07.0952700Z demo-mac: browser-test: PASS — items 1, 3, 4, 9 verified at runtime
2026-10-06T21:22:07.0952920Z   - history controls (go_back/go_forward observed via SourceChanged events)
2026-10-06T21:22:07.0953100Z   - settings (apply_settings returned Ok)
2026-10-06T21:22:07.0953260Z   - URL schemes (scrying-test:// served 3 pages successfully)
2026-10-06T21:22:07.0953440Z   - find_in_page → Some(true), request_pdf → 12150 bytes
2026-10-06T21:22:07.0953620Z demo-mac: browser-test: PASS — items 1, 3, 4, 9 verified at runtime
2026-10-06T21:22:07.0953810Z   - history controls (go_back/go_forward observed via SourceChanged events)
2026-10-06T21:22:07.0953980Z   - settings (apply_settings returned Ok)
2026-10-06T21:22:07.0954120Z   - URL schemes (scrying-test:// served 3 pages successfully)
2026-10-06T21:22:07.0954300Z   - find_in_page → Some(true), request_pdf → 12150 bytes
2026-10-06T21:22:07.0954490Z demo-mac: browser-test: PASS — items 1, 3, 4, 9 verified at runtime
2026-10-06T21:22:07.0954680Z   - history controls (go_back/go_forward observed via SourceChanged events)
2026-10-06T21:22:07.0954850Z   - settings (apply_settings returned Ok)
2026-10-06T21:22:07.0954990Z   - URL schemes (scrying-test:// served 3 pages successfully)
2026-10-06T21:22:07.0955170Z   - find_in_page → Some(true), request_pdf → 12150 bytes
2026-10-06T21:22:07.0955370Z demo-mac: browser-test: PASS — items 1, 3, 4, 9 verified at runtime
2026-10-06T21:22:07.0955630Z   - history controls (go_back/go_forward observed via SourceChanged events)
2026-10-06T21:22:07.0955820Z   - settings (apply_settings returned Ok)
2026-10-06T21:22:07.0955980Z   - URL schemes (scrying-test:// served 3 pages successfully)
2026-10-06T21:22:07.0956170Z   - find_in_page → Some(true), request_pdf → 12150 bytes
2026-10-06T21:22:07.0956370Z demo-mac: browser-test: PASS — items 1, 3, 4, 9 verified at runtime
2026-10-06T21:22:07.0956580Z   - history controls (go_back/go_forward observed via SourceChanged events)
2026-10-06T21:22:07.0956810Z   - settings (apply_settings returned Ok)
2026-10-06T21:22:07.0956970Z   - URL schemes (scrying-test:// served 3 pages successfully)
2026-10-06T21:22:07.0957160Z   - find_in_page → Some(true), request_pdf → 12150 bytes
2026-10-06T21:22:07.0957370Z demo-mac: browser-test: PASS — items 1, 3, 4, 9 verified at runtime
2026-10-06T21:22:07.0957670Z   - history controls (go_back/go_forward observed via SourceChanged events)
2026-10-06T21:22:07.0957860Z   - settings (apply_settings returned Ok)
2026-10-06T21:22:07.0958020Z   - URL schemes (scrying-test:// served 3 pages successfully)
2026-10-06T21:22:07.0958210Z   - find_in_page → Some(true), request_pdf → 12150 bytes
2026-10-06T21:22:07.0958400Z demo-mac: browser-test: PASS — items 1, 3, 4, 9 verified at runtime
2026-10-06T21:22:07.0958590Z   - history controls (go_back/go_forward observed via SourceChanged events)
2026-10-06T21:22:07.0958760Z   - settings (apply_settings returned Ok)
2026-10-06T21:22:07.0958900Z   - URL schemes (scrying-test:// served 3 pages successfully)
2026-10-06T21:22:07.0959080Z   - find_in_page → Some(true), request_pdf → 12150 bytes
2026-10-06T21:22:07.0959260Z demo-mac: browser-test: PASS — items 1, 3, 4, 9 verified at runtime
2026-10-06T21:22:07.0959460Z   - history controls (go_back/go_forward observed via SourceChanged events)
2026-10-06T21:22:07.0959630Z   - settings (apply_settings returned Ok)
2026-10-06T21:22:07.0959770Z   - URL schemes (scrying-test:// served 3 pages successfully)
2026-10-06T21:22:07.0959970Z   - find_in_page → Some(true), request_pdf → 12150 bytes
2026-10-06T21:22:07.0960170Z demo-mac: browser-test: PASS — items 1, 3, 4, 9 verified at runtime
2026-10-06T21:22:07.0960390Z   - history controls (go_back/go_forward observed via SourceChanged events)
2026-10-06T21:22:07.0960570Z   - settings (apply_settings returned Ok)
2026-10-06T21:22:07.0960730Z   - URL schemes (scrying-test:// served 3 pages successfully)
2026-10-06T21:22:07.0960920Z   - find_in_page → Some(true), request_pdf → 12150 bytes
2026-10-06T21:22:07.0961130Z demo-mac: browser-test: PASS — items 1, 3, 4, 9 verified at runtime
2026-10-06T21:22:07.0961340Z   - history controls (go_back/go_forward observed via SourceChanged events)
2026-10-06T21:22:07.0961520Z   - settings (apply_settings returned Ok)
2026-10-06T21:22:07.0961680Z   - URL schemes (scrying-test:// served 3 pages successfully)
2026-10-06T21:22:07.0961880Z   - find_in_page → Some(true), request_pdf → 12150 bytes
2026-10-06T21:22:07.0962090Z demo-mac: browser-test: PASS — items 1, 3, 4, 9 verified at runtime
2026-10-06T21:22:07.0962310Z   - history controls (go_back/go_forward observed via SourceChanged events)
2026-10-06T21:22:07.0962490Z   - settings (apply_settings returned Ok)
2026-10-06T21:22:07.0962650Z   - URL schemes (scrying-test:// served 3 pages successfully)
2026-10-06T21:22:07.0962840Z   - find_in_page → Some(true), request_pdf → 12150 bytes
2026-10-06T21:22:07.0963040Z demo-mac: browser-test: PASS — items 1, 3, 4, 9 verified at runtime
2026-10-06T21:22:07.0963260Z   - history controls (go_back/go_forward observed via SourceChanged events)
2026-10-06T21:22:07.0963430Z   - settings (apply_settings returned Ok)
2026-10-06T21:22:07.0963570Z   - URL schemes (scrying-test:// served 3 pages successfully)
2026-10-06T21:22:07.0963750Z   - find_in_page → Some(true), request_pdf → 12150 bytes
2026-10-06T21:22:07.0963940Z demo-mac: browser-test: PASS — items 1, 3, 4, 9 verified at runtime
2026-10-06T21:22:07.0964130Z   - history controls (go_back/go_forward observed via SourceChanged events)
2026-10-06T21:22:07.0964290Z   - settings (apply_settings returned Ok)
2026-10-06T21:22:07.0964430Z   - URL schemes (scrying-test:// served 3 pages successfully)
2026-10-06T21:22:07.0964610Z   - find_in_page → Some(true), request_pdf → 12150 bytes
2026-10-06T21:22:07.0964800Z demo-mac: browser-test: PASS — items 1, 3, 4, 9 verified at runtime
2026-10-06T21:22:07.0965020Z   - history controls (go_back/go_forward observed via SourceChanged events)
2026-10-06T21:22:07.0965240Z   - settings (apply_settings returned Ok)
2026-10-06T21:22:07.0965400Z   - URL schemes (scrying-test:// served 3 pages successfully)
2026-10-06T21:22:07.0965590Z   - find_in_page → Some(true), request_pdf → 12150 bytes
2026-10-06T21:22:07.0965800Z demo-mac: browser-test: PASS — items 1, 3, 4, 9 verified at runtime
2026-10-06T21:22:07.0966080Z   - history controls (go_back/go_forward observed via SourceChanged events)
2026-10-06T21:22:07.0966270Z   - settings (apply_settings returned Ok)
2026-10-06T21:22:07.0966430Z   - URL schemes (scrying-test:// served 3 pages successfully)
2026-10-06T21:22:07.0966620Z   - find_in_page → Some(true), request_pdf → 12150 bytes
2026-10-06T21:22:07.0966830Z demo-mac: browser-test: PASS — items 1, 3, 4, 9 verified at runtime
2026-10-06T21:22:07.0967040Z   - history controls (go_back/go_forward observed via SourceChanged events)
2026-10-06T21:22:07.0967220Z   - settings (apply_settings returned Ok)
2026-10-06T21:22:07.0967380Z   - URL schemes (scrying-test:// served 3 pages successfully)
2026-10-06T21:22:07.0967580Z   - find_in_page → Some(true), request_pdf → 12150 bytes
2026-10-06T21:22:07.0967780Z demo-mac: browser-test: PASS — items 1, 3, 4, 9 verified at runtime
2026-10-06T21:22:07.0968000Z   - history controls (go_back/go_forward observed via SourceChanged events)
2026-10-06T21:22:07.0968180Z   - settings (apply_settings returned Ok)
2026-10-06T21:22:07.0968340Z   - URL schemes (scrying-test:// served 3 pages successfully)
2026-10-06T21:22:07.0968520Z   - find_in_page → Some(true), request_pdf → 12150 bytes
2026-10-06T21:22:07.0968700Z demo-mac: browser-test: PASS — items 1, 3, 4, 9 verified at runtime
2026-10-06T21:22:07.0968920Z   - history controls (go_back/go_forward observed via SourceChanged events)
2026-10-06T21:22:07.0969130Z   - settings (apply_settings returned Ok)
2026-10-06T21:22:07.0969310Z   - URL schemes (scrying-test:// served 3 pages successfully)
2026-10-06T21:22:07.0969510Z   - find_in_page → Some(true), request_pdf → 12150 bytes
2026-10-06T21:22:07.0969810Z demo-mac: browser-test: PASS — items 1, 3, 4, 9 verified at runtime
2026-10-06T21:22:07.0970070Z   - history controls (go_back/go_forward observed via SourceChanged events)
2026-10-06T21:22:07.0970270Z   - settings (apply_settings returned Ok)
2026-10-06T21:22:07.0970460Z   - URL schemes (scrying-test:// served 3 pages successfully)
2026-10-06T21:22:07.0974110Z   - find_in_page → Some(true), request_pdf → 12150 bytes
2026-10-06T21:22:07.0974300Z demo-mac: browser-test: PASS — items 1, 3, 4, 9 verified at runtime
2026-10-06T21:22:07.0974490Z   - history controls (go_back/go_forward observed via SourceChanged events)
2026-10-06T21:22:07.0974660Z   - settings (apply_settings returned Ok)
2026-10-06T21:22:07.0974800Z   - URL schemes (scrying-test:// served 3 pages successfully)
2026-10-06T21:22:07.0974980Z   - find_in_page → Some(true), request_pdf → 12150 bytes
2026-10-06T21:22:07.0975160Z demo-mac: browser-test: PASS — items 1, 3, 4, 9 verified at runtime
2026-10-06T21:22:07.0975360Z   - history controls (go_back/go_forward observed via SourceChanged events)
2026-10-06T21:22:07.0975520Z   - settings (apply_settings returned Ok)
2026-10-06T21:22:07.0975670Z   - URL schemes (scrying-test:// served 3 pages successfully)
2026-10-06T21:22:07.0975850Z   - find_in_page → Some(true), request_pdf → 12150 bytes
2026-10-06T21:22:07.0976040Z demo-mac: browser-test: PASS — items 1, 3, 4, 9 verified at runtime
2026-10-06T21:22:07.0976230Z   - history controls (go_back/go_forward observed via SourceChanged events)
2026-10-06T21:22:07.0976390Z   - settings (apply_settings returned Ok)
2026-10-06T21:22:07.0976540Z   - URL schemes (scrying-test:// served 3 pages successfully)
2026-10-06T21:22:07.0976710Z   - find_in_page → Some(true), request_pdf → 12150 bytes
2026-10-06T21:22:07.0976900Z demo-mac: browser-test: PASS — items 1, 3, 4, 9 verified at runtime
2026-10-06T21:22:07.0977090Z   - history controls (go_back/go_forward observed via SourceChanged events)
2026-10-06T21:22:07.0977260Z   - settings (apply_settings returned Ok)
2026-10-06T21:22:07.0977490Z   - URL schemes (scrying-test:// served 3 pages successfully)
2026-10-06T21:22:07.0977670Z   - find_in_page → Some(true), request_pdf → 12150 bytes
2026-10-06T21:22:07.0977860Z demo-mac: browser-test: PASS — items 1, 3, 4, 9 verified at runtime
2026-10-06T21:22:07.0978050Z   - history controls (go_back/go_forward observed via SourceChanged events)
2026-10-06T21:22:07.0978330Z   - settings (apply_settings returned Ok)
2026-10-06T21:22:07.0978530Z   - URL schemes (scrying-test:// served 3 pages successfully)
2026-10-06T21:22:07.0978730Z   - find_in_page → Some(true), request_pdf → 12150 bytes
2026-10-06T21:22:07.0978930Z demo-mac: browser-test: PASS — items 1, 3, 4, 9 verified at runtime
2026-10-06T21:22:07.0979140Z   - history controls (go_back/go_forward observed via SourceChanged events)
2026-10-06T21:22:07.0979310Z   - settings (apply_settings returned Ok)
2026-10-06T21:22:07.0979470Z   - URL schemes (scrying-test:// served 3 pages successfully)
2026-10-06T21:22:07.0979670Z   - find_in_page → Some(true), request_pdf → 12150 bytes
2026-10-06T21:22:07.0979870Z demo-mac: browser-test: PASS — items 1, 3, 4, 9 verified at runtime
2026-10-06T21:22:07.0980090Z   - history controls (go_back/go_forward observed via SourceChanged events)
2026-10-06T21:22:07.0980280Z   - settings (apply_settings returned Ok)
2026-10-06T21:22:07.0980440Z   - URL schemes (scrying-test:// served 3 pages successfully)
2026-10-06T21:22:07.0980640Z   - find_in_page → Some(true), request_pdf → 12150 bytes
2026-10-06T21:22:07.0980840Z demo-mac: browser-test: PASS — items 1, 3, 4, 9 verified at runtime
2026-10-06T21:22:07.0981050Z   - history controls (go_back/go_forward observed via SourceChanged events)
2026-10-06T21:22:07.0981240Z   - settings (apply_settings returned Ok)
2026-10-06T21:22:07.0981390Z   - URL schemes (scrying-test:// served 3 pages successfully)
2026-10-06T21:22:07.0981590Z   - find_in_page → Some(true), request_pdf → 12150 bytes
2026-10-06T21:22:07.0981790Z demo-mac: browser-test: PASS — items 1, 3, 4, 9 verified at runtime
2026-10-06T21:22:07.0982010Z   - history controls (go_back/go_forward observed via SourceChanged events)
2026-10-06T21:22:07.0982200Z   - settings (apply_settings returned Ok)
2026-10-06T21:22:07.0982360Z   - URL schemes (scrying-test:// served 3 pages successfully)
2026-10-06T21:22:07.0982550Z   - find_in_page → Some(true), request_pdf → 12150 bytes
2026-10-06T21:22:07.0982770Z demo-mac: browser-test: PASS — items 1, 3, 4, 9 verified at runtime
2026-10-06T21:22:07.0983010Z   - history controls (go_back/go_forward observed via SourceChanged events)
2026-10-06T21:22:07.0983190Z   - settings (apply_settings returned Ok)
2026-10-06T21:22:07.0983350Z   - URL schemes (scrying-test:// served 3 pages successfully)
2026-10-06T21:22:07.0983530Z   - find_in_page → Some(true), request_pdf → 12150 bytes
2026-10-06T21:22:07.0983720Z demo-mac: browser-test: PASS — items 1, 3, 4, 9 verified at runtime
2026-10-06T21:22:07.0983910Z   - history controls (go_back/go_forward observed via SourceChanged events)
2026-10-06T21:22:07.0984080Z   - settings (apply_settings returned Ok)
2026-10-06T21:22:07.0984230Z   - URL schemes (scrying-test:// served 3 pages successfully)
2026-10-06T21:22:07.0984400Z   - find_in_page → Some(true), request_pdf → 12150 bytes
2026-10-06T21:22:07.0984590Z demo-mac: browser-test: PASS — items 1, 3, 4, 9 verified at runtime
2026-10-06T21:22:07.0984800Z   - history controls (go_back/go_forward observed via SourceChanged events)
2026-10-06T21:22:07.0984980Z   - settings (apply_settings returned Ok)
2026-10-06T21:22:07.0985140Z   - URL schemes (scrying-test:// served 3 pages successfully)
2026-10-06T21:22:07.0985340Z   - find_in_page → Some(true), request_pdf → 12150 bytes
2026-10-06T21:22:07.0985550Z demo-mac: browser-test: PASS — items 1, 3, 4, 9 verified at runtime
2026-10-06T21:22:07.0985760Z   - history controls (go_back/go_forward observed via SourceChanged events)
2026-10-06T21:22:07.0985940Z   - settings (apply_settings returned Ok)
2026-10-06T21:22:07.0986180Z   - URL schemes (scrying-test:// served 3 pages successfully)
2026-10-06T21:22:07.0986380Z   - find_in_page → Some(true), request_pdf → 12150 bytes
2026-10-06T21:22:07.0986580Z demo-mac: browser-test: PASS — items 1, 3, 4, 9 verified at runtime
2026-10-06T21:22:07.0986800Z   - history controls (go_back/go_forward observed via SourceChanged events)
2026-10-06T21:22:07.0987050Z   - settings (apply_settings returned Ok)
2026-10-06T21:22:07.0987220Z   - URL schemes (scrying-test:// served 3 pages successfully)
2026-10-06T21:22:07.0987410Z   - find_in_page → Some(true), request_pdf → 12150 bytes
2026-10-06T21:22:07.0987620Z demo-mac: browser-test: PASS — items 1, 3, 4, 9 verified at runtime
2026-10-06T21:22:07.0987830Z   - history controls (go_back/go_forward observed via SourceChanged events)
2026-10-06T21:22:07.0988010Z   - settings (apply_settings returned Ok)
2026-10-06T21:22:07.0988170Z   - URL schemes (scrying-test:// served 3 pages successfully)
2026-10-06T21:22:07.0988360Z   - find_in_page → Some(true), request_pdf → 12150 bytes
2026-10-06T21:22:07.0988540Z demo-mac: browser-test: PASS — items 1, 3, 4, 9 verified at runtime
2026-10-06T21:22:07.0988740Z   - history controls (go_back/go_forward observed via SourceChanged events)
2026-10-06T21:22:07.0988910Z   - settings (apply_settings returned Ok)
2026-10-06T21:22:07.0989050Z   - URL schemes (scrying-test:// served 3 pages successfully)
2026-10-06T21:22:07.0989230Z   - find_in_page → Some(true), request_pdf → 12150 bytes
2026-10-06T21:22:07.0989420Z demo-mac: browser-test: PASS — items 1, 3, 4, 9 verified at runtime
2026-10-06T21:22:07.0989610Z   - history controls (go_back/go_forward observed via SourceChanged events)
2026-10-06T21:22:07.0989790Z   - settings (apply_settings returned Ok)
2026-10-06T21:22:07.0989940Z   - URL schemes (scrying-test:// served 3 pages successfully)
2026-10-06T21:22:07.0990140Z   - find_in_page → Some(true), request_pdf → 12150 bytes
2026-10-06T21:22:07.0990340Z demo-mac: browser-test: PASS — items 1, 3, 4, 9 verified at runtime
2026-10-06T21:22:07.0990560Z   - history controls (go_back/go_forward observed via SourceChanged events)
2026-10-06T21:22:07.0990750Z   - settings (apply_settings returned Ok)
2026-10-06T21:22:07.0990910Z   - URL schemes (scrying-test:// served 3 pages successfully)
2026-10-06T21:22:07.0991100Z   - find_in_page → Some(true), request_pdf → 12150 bytes
2026-10-06T21:22:07.0991310Z demo-mac: browser-test: PASS — items 1, 3, 4, 9 verified at runtime
2026-10-06T21:22:07.0991530Z   - history controls (go_back/go_forward observed via SourceChanged events)
2026-10-06T21:22:07.0991710Z   - settings (apply_settings returned Ok)
2026-10-06T21:22:07.0991870Z   - URL schemes (scrying-test:// served 3 pages successfully)
2026-10-06T21:22:07.0992060Z   - find_in_page → Some(true), request_pdf → 12150 bytes
2026-10-06T21:22:07.0992270Z demo-mac: browser-test: PASS — items 1, 3, 4, 9 verified at runtime
2026-10-06T21:22:07.0992480Z   - history controls (go_back/go_forward observed via SourceChanged events)
2026-10-06T21:22:07.0992670Z   - settings (apply_settings returned Ok)
2026-10-06T21:22:07.0992830Z   - URL schemes (scrying-test:// served 3 pages successfully)
2026-10-06T21:22:07.0993020Z   - find_in_page → Some(true), request_pdf → 12150 bytes
2026-10-06T21:22:07.0993220Z demo-mac: browser-test: PASS — items 1, 3, 4, 9 verified at runtime
2026-10-06T21:22:07.0993420Z   - history controls (go_back/go_forward observed via SourceChanged events)
2026-10-06T21:22:07.0993590Z   - settings (apply_settings returned Ok)
2026-10-06T21:22:07.0993730Z   - URL schemes (scrying-test:// served 3 pages successfully)
2026-10-06T21:22:07.0993910Z   - find_in_page → Some(true), request_pdf → 12150 bytes
2026-10-06T21:22:07.0994090Z demo-mac: browser-test: PASS — items 1, 3, 4, 9 verified at runtime
2026-10-06T21:22:07.0994290Z   - history controls (go_back/go_forward observed via SourceChanged events)
2026-10-06T21:22:07.0994450Z   - settings (apply_settings returned Ok)
2026-10-06T21:22:07.0994600Z   - URL schemes (scrying-test:// served 3 pages successfully)
2026-10-06T21:22:07.0994850Z   - find_in_page → Some(true), request_pdf → 12150 bytes
2026-10-06T21:22:07.0995050Z demo-mac: browser-test: PASS — items 1, 3, 4, 9 verified at runtime
2026-10-06T21:22:07.0995270Z   - history controls (go_back/go_forward observed via SourceChanged events)
2026-10-06T21:22:07.0995450Z   - settings (apply_settings returned Ok)
2026-10-06T21:22:07.0995710Z   - URL schemes (scrying-test:// served 3 pages successfully)
2026-10-06T21:22:07.0995920Z   - find_in_page → Some(true), request_pdf → 12150 bytes
2026-10-06T21:22:07.0996120Z demo-mac: browser-test: PASS — items 1, 3, 4, 9 verified at runtime
2026-10-06T21:22:07.0996330Z   - history controls (go_back/go_forward observed via SourceChanged events)
2026-10-06T21:22:07.0996520Z   - settings (apply_settings returned Ok)
2026-10-06T21:22:07.0996680Z   - URL schemes (scrying-test:// served 3 pages successfully)
2026-10-06T21:22:07.0996870Z   - find_in_page → Some(true), request_pdf → 12150 bytes
2026-10-06T21:22:07.0997080Z demo-mac: browser-test: PASS — items 1, 3, 4, 9 verified at runtime
2026-10-06T21:22:07.0997300Z   - history controls (go_back/go_forward observed via SourceChanged events)
2026-10-06T21:22:07.0997480Z   - settings (apply_settings returned Ok)
2026-10-06T21:22:07.0997640Z   - URL schemes (scrying-test:// served 3 pages successfully)
2026-10-06T21:22:07.0997840Z   - find_in_page → Some(true), request_pdf → 12150 bytes
2026-10-06T21:22:07.0998050Z demo-mac: browser-test: PASS — items 1, 3, 4, 9 verified at runtime
2026-10-06T21:22:07.0998260Z   - history controls (go_back/go_forward observed via SourceChanged events)
2026-10-06T21:22:07.0998420Z   - settings (apply_settings returned Ok)
2026-10-06T21:22:07.0998570Z   - URL schemes (scrying-test:// served 3 pages successfully)
2026-10-06T21:22:07.0998740Z   - find_in_page → Some(true), request_pdf → 12150 bytes
2026-10-06T21:22:07.0998930Z demo-mac: browser-test: PASS — items 1, 3, 4, 9 verified at runtime
2026-10-06T21:22:07.0999120Z   - history controls (go_back/go_forward observed via SourceChanged events)
2026-10-06T21:22:07.0999290Z   - settings (apply_settings returned Ok)
2026-10-06T21:22:07.0999440Z   - URL schemes (scrying-test:// served 3 pages successfully)
2026-10-06T21:22:07.0999610Z   - find_in_page → Some(true), request_pdf → 12150 bytes
2026-10-06T21:22:07.0999810Z demo-mac: browser-test: PASS — items 1, 3, 4, 9 verified at runtime
2026-10-06T21:22:07.1000020Z   - history controls (go_back/go_forward observed via SourceChanged events)
2026-10-06T21:22:07.1000210Z   - settings (apply_settings returned Ok)
2026-10-06T21:22:07.1000370Z   - URL schemes (scrying-test:// served 3 pages successfully)
2026-10-06T21:22:07.1000570Z   - find_in_page → Some(true), request_pdf → 12150 bytes
2026-10-06T21:22:07.1000770Z demo-mac: browser-test: PASS — items 1, 3, 4, 9 verified at runtime
2026-10-06T21:22:07.1000990Z   - history controls (go_back/go_forward observed via SourceChanged events)
2026-10-06T21:22:07.1001170Z   - settings (apply_settings returned Ok)
2026-10-06T21:22:07.1001330Z   - URL schemes (scrying-test:// served 3 pages successfully)
2026-10-06T21:22:07.1001530Z   - find_in_page → Some(true), request_pdf → 12150 bytes
2026-10-06T21:22:07.1001740Z demo-mac: browser-test: PASS — items 1, 3, 4, 9 verified at runtime
2026-10-06T21:22:07.1001950Z   - history controls (go_back/go_forward observed via SourceChanged events)
2026-10-06T21:22:07.1002140Z   - settings (apply_settings returned Ok)
2026-10-06T21:22:07.1002290Z   - URL schemes (scrying-test:// served 3 pages successfully)
2026-10-06T21:22:07.1002490Z   - find_in_page → Some(true), request_pdf → 12150 bytes
2026-10-06T21:22:07.1002690Z demo-mac: browser-test: PASS — items 1, 3, 4, 9 verified at runtime
2026-10-06T21:22:07.1002910Z   - history controls (go_back/go_forward observed via SourceChanged events)
2026-10-06T21:22:07.1003090Z   - settings (apply_settings returned Ok)
2026-10-06T21:22:07.1003250Z   - URL schemes (scrying-test:// served 3 pages successfully)
2026-10-06T21:22:07.1003470Z   - find_in_page → Some(true), request_pdf → 12150 bytes
2026-10-06T21:22:07.1003650Z demo-mac: browser-test: PASS — items 1, 3, 4, 9 verified at runtime
2026-10-06T21:22:07.1003850Z   - history controls (go_back/go_forward observed via SourceChanged events)
2026-10-06T21:22:07.1004010Z   - settings (apply_settings returned Ok)
2026-10-06T21:22:07.1004190Z   - URL schemes (scrying-test:// served 3 pages successfully)
2026-10-06T21:22:07.1004370Z   - find_in_page → Some(true), request_pdf → 12150 bytes
2026-10-06T21:22:07.1004550Z demo-mac: browser-test: PASS — items 1, 3, 4, 9 verified at runtime
2026-10-06T21:22:07.1004750Z   - history controls (go_back/go_forward observed via SourceChanged events)
2026-10-06T21:22:07.1004940Z   - settings (apply_settings returned Ok)
2026-10-06T21:22:07.1005090Z   - URL schemes (scrying-test:// served 3 pages successfully)
2026-10-06T21:22:07.1005290Z   - find_in_page → Some(true), request_pdf → 12150 bytes
2026-10-06T21:22:07.1005490Z demo-mac: browser-test: PASS — items 1, 3, 4, 9 verified at runtime
2026-10-06T21:22:07.1005710Z   - history controls (go_back/go_forward observed via SourceChanged events)
2026-10-06T21:22:07.1005890Z   - settings (apply_settings returned Ok)
2026-10-06T21:22:07.1006050Z   - URL schemes (scrying-test:// served 3 pages successfully)
2026-10-06T21:22:07.1006250Z   - find_in_page → Some(true), request_pdf → 12150 bytes
2026-10-06T21:22:07.1006460Z demo-mac: browser-test: PASS — items 1, 3, 4, 9 verified at runtime
2026-10-06T21:22:07.1006670Z   - history controls (go_back/go_forward observed via SourceChanged events)
2026-10-06T21:22:07.1006850Z   - settings (apply_settings returned Ok)
2026-10-06T21:22:07.1007010Z   - URL schemes (scrying-test:// served 3 pages successfully)
2026-10-06T21:22:07.1007210Z   - find_in_page → Some(true), request_pdf → 12150 bytes
2026-10-06T21:22:07.1007420Z demo-mac: browser-test: PASS — items 1, 3, 4, 9 verified at runtime
2026-10-06T21:22:07.1007630Z   - history controls (go_back/go_forward observed via SourceChanged events)
2026-10-06T21:22:07.1007820Z   - settings (apply_settings returned Ok)
2026-10-06T21:22:07.1007980Z   - URL schemes (scrying-test:// served 3 pages successfully)
2026-10-06T21:22:07.1008170Z   - find_in_page → Some(true), request_pdf → 12150 bytes
2026-10-06T21:22:07.1008360Z demo-mac: browser-test: PASS — items 1, 3, 4, 9 verified at runtime
2026-10-06T21:22:07.1008560Z   - history controls (go_back/go_forward observed via SourceChanged events)
2026-10-06T21:22:07.1008730Z   - settings (apply_settings returned Ok)
2026-10-06T21:22:07.1008870Z   - URL schemes (scrying-test:// served 3 pages successfully)
2026-10-06T21:22:07.1009050Z   - find_in_page → Some(true), request_pdf → 12150 bytes
2026-10-06T21:22:07.1009230Z demo-mac: browser-test: PASS — items 1, 3, 4, 9 verified at runtime
2026-10-06T21:22:07.1009420Z   - history controls (go_back/go_forward observed via SourceChanged events)
2026-10-06T21:22:07.1009590Z   - settings (apply_settings returned Ok)
2026-10-06T21:22:07.1009730Z   - URL schemes (scrying-test:// served 3 pages successfully)
2026-10-06T21:22:07.1009930Z   - find_in_page → Some(true), request_pdf → 12150 bytes
2026-10-06T21:22:07.1010130Z demo-mac: browser-test: PASS — items 1, 3, 4, 9 verified at runtime
2026-10-06T21:22:07.1010350Z   - history controls (go_back/go_forward observed via SourceChanged events)
2026-10-06T21:22:07.1010530Z   - settings (apply_settings returned Ok)
2026-10-06T21:22:07.1010700Z   - URL schemes (scrying-test:// served 3 pages successfully)
2026-10-06T21:22:07.1010890Z   - find_in_page → Some(true), request_pdf → 12150 bytes
2026-10-06T21:22:07.1011090Z demo-mac: browser-test: PASS — items 1, 3, 4, 9 verified at runtime
2026-10-06T21:22:07.1011310Z   - history controls (go_back/go_forward observed via SourceChanged events)
2026-10-06T21:22:07.1011490Z   - settings (apply_settings returned Ok)
2026-10-06T21:22:07.1011650Z   - URL schemes (scrying-test:// served 3 pages successfully)
2026-10-06T21:22:07.1011850Z   - find_in_page → Some(true), request_pdf → 12150 bytes
2026-10-06T21:22:07.1012090Z demo-mac: browser-test: PASS — items 1, 3, 4, 9 verified at runtime
2026-10-06T21:22:07.1012310Z   - history controls (go_back/go_forward observed via SourceChanged events)
2026-10-06T21:22:07.1012490Z   - settings (apply_settings returned Ok)
2026-10-06T21:22:07.1012650Z   - URL schemes (scrying-test:// served 3 pages successfully)
2026-10-06T21:22:07.1012880Z   - find_in_page → Some(true), request_pdf → 12150 bytes
2026-10-06T21:22:07.1013090Z demo-mac: browser-test: PASS — items 1, 3, 4, 9 verified at runtime
2026-10-06T21:22:07.1013300Z   - history controls (go_back/go_forward observed via SourceChanged events)
2026-10-06T21:22:07.1013540Z   - settings (apply_settings returned Ok)
2026-10-06T21:22:07.1013700Z   - URL schemes (scrying-test:// served 3 pages successfully)
2026-10-06T21:22:07.1013900Z   - find_in_page → Some(true), request_pdf → 12150 bytes
2026-10-06T21:22:07.1014110Z demo-mac: browser-test: PASS — items 1, 3, 4, 9 verified at runtime
2026-10-06T21:22:07.1014300Z   - history controls (go_back/go_forward observed via SourceChanged events)
2026-10-06T21:22:07.1014470Z   - settings (apply_settings returned Ok)
2026-10-06T21:22:07.1014610Z   - URL schemes (scrying-test:// served 3 pages successfully)
2026-10-06T21:22:07.1014790Z   - find_in_page → Some(true), request_pdf → 12150 bytes
2026-10-06T21:22:07.1014970Z demo-mac: browser-test: PASS — items 1, 3, 4, 9 verified at runtime
2026-10-06T21:22:07.1015170Z   - history controls (go_back/go_forward observed via SourceChanged events)
2026-10-06T21:22:07.1015350Z   - settings (apply_settings returned Ok)
2026-10-06T21:22:07.1015510Z   - URL schemes (scrying-test:// served 3 pages successfully)
2026-10-06T21:22:07.1015710Z   - find_in_page → Some(true), request_pdf → 12150 bytes
2026-10-06T21:22:07.1015910Z demo-mac: browser-test: PASS — items 1, 3, 4, 9 verified at runtime
2026-10-06T21:22:07.1016130Z   - history controls (go_back/go_forward observed via SourceChanged events)
2026-10-06T21:22:07.1016310Z   - settings (apply_settings returned Ok)
2026-10-06T21:22:07.1016470Z   - URL schemes (scrying-test:// served 3 pages successfully)
2026-10-06T21:22:07.1016670Z   - find_in_page → Some(true), request_pdf → 12150 bytes
2026-10-06T21:22:07.1016870Z demo-mac: browser-test: PASS — items 1, 3, 4, 9 verified at runtime
2026-10-06T21:22:07.1017090Z   - history controls (go_back/go_forward observed via SourceChanged events)
2026-10-06T21:22:07.1017270Z   - settings (apply_settings returned Ok)
2026-10-06T21:22:07.1017430Z   - URL schemes (scrying-test:// served 3 pages successfully)
2026-10-06T21:22:07.1017630Z   - find_in_page → Some(true), request_pdf → 12150 bytes
2026-10-06T21:22:07.1017830Z demo-mac: browser-test: PASS — items 1, 3, 4, 9 verified at runtime
2026-10-06T21:22:07.1018040Z   - history controls (go_back/go_forward observed via SourceChanged events)
2026-10-06T21:22:07.1018230Z   - settings (apply_settings returned Ok)
2026-10-06T21:22:07.1018400Z   - URL schemes (scrying-test:// served 3 pages successfully)
2026-10-06T21:22:07.1018640Z   - find_in_page → Some(true), request_pdf → 12150 bytes
2026-10-06T21:22:07.1018840Z demo-mac: browser-test: PASS — items 1, 3, 4, 9 verified at runtime
2026-10-06T21:22:07.1019060Z   - history controls (go_back/go_forward observed via SourceChanged events)
2026-10-06T21:22:07.1019230Z   - settings (apply_settings returned Ok)
2026-10-06T21:22:07.1019370Z   - URL schemes (scrying-test:// served 3 pages successfully)
2026-10-06T21:22:07.1019550Z   - find_in_page → Some(true), request_pdf → 12150 bytes
2026-10-06T21:22:07.1019730Z demo-mac: browser-test: PASS — items 1, 3, 4, 9 verified at runtime
2026-10-06T21:22:07.1019930Z   - history controls (go_back/go_forward observed via SourceChanged events)
2026-10-06T21:22:07.1020090Z   - settings (apply_settings returned Ok)
2026-10-06T21:22:07.1020240Z   - URL schemes (scrying-test:// served 3 pages successfully)
2026-10-06T21:22:07.1020440Z   - find_in_page → Some(true), request_pdf → 12150 bytes
2026-10-06T21:22:07.1020640Z demo-mac: browser-test: PASS — items 1, 3, 4, 9 verified at runtime
2026-10-06T21:22:07.1020890Z   - history controls (go_back/go_forward observed via SourceChanged events)
2026-10-06T21:22:07.1021080Z   - settings (apply_settings returned Ok)
2026-10-06T21:22:07.1021240Z   - URL schemes (scrying-test:// served 3 pages successfully)
2026-10-06T21:22:07.1021460Z   - find_in_page → Some(true), request_pdf → 12150 bytes
2026-10-06T21:22:07.1021670Z demo-mac: browser-test: PASS — items 1, 3, 4, 9 verified at runtime
2026-10-06T21:22:07.1021880Z   - history controls (go_back/go_forward observed via SourceChanged events)
2026-10-06T21:22:07.1022070Z   - settings (apply_settings returned Ok)
2026-10-06T21:22:07.1022230Z   - URL schemes (scrying-test:// served 3 pages successfully)
2026-10-06T21:22:07.1022420Z   - find_in_page → Some(true), request_pdf → 12150 bytes
2026-10-06T21:22:07.1022620Z demo-mac: browser-test: PASS — items 1, 3, 4, 9 verified at runtime
2026-10-06T21:22:07.1022840Z   - history controls (go_back/go_forward observed via SourceChanged events)
2026-10-06T21:22:07.1023030Z   - settings (apply_settings returned Ok)
2026-10-06T21:22:07.1023180Z   - URL schemes (scrying-test:// served 3 pages successfully)
2026-10-06T21:22:07.1023370Z   - find_in_page → Some(true), request_pdf → 12150 bytes
2026-10-06T21:22:07.1023550Z demo-mac: browser-test: PASS — items 1, 3, 4, 9 verified at runtime
2026-10-06T21:22:07.1023750Z   - history controls (go_back/go_forward observed via SourceChanged events)
2026-10-06T21:22:07.1023910Z   - settings (apply_settings returned Ok)
2026-10-06T21:22:07.1024050Z   - URL schemes (scrying-test:// served 3 pages successfully)
2026-10-06T21:22:07.1024230Z   - find_in_page → Some(true), request_pdf → 12150 bytes
2026-10-06T21:22:07.1024410Z demo-mac: browser-test: PASS — items 1, 3, 4, 9 verified at runtime
2026-10-06T21:22:07.1024610Z   - history controls (go_back/go_forward observed via SourceChanged events)
2026-10-06T21:22:07.1024790Z   - settings (apply_settings returned Ok)
2026-10-06T21:22:07.1024950Z   - URL schemes (scrying-test:// served 3 pages successfully)
2026-10-06T21:22:07.1025150Z   - find_in_page → Some(true), request_pdf → 12150 bytes
2026-10-06T21:22:07.1025350Z demo-mac: browser-test: PASS — items 1, 3, 4, 9 verified at runtime
2026-10-06T21:22:07.1025570Z   - history controls (go_back/go_forward observed via SourceChanged events)
2026-10-06T21:22:07.1025750Z   - settings (apply_settings returned Ok)
2026-10-06T21:22:07.1025910Z   - URL schemes (scrying-test:// served 3 pages successfully)
2026-10-06T21:22:07.1026110Z   - find_in_page → Some(true), request_pdf → 12150 bytes
2026-10-06T21:22:07.1026310Z demo-mac: browser-test: PASS — items 1, 3, 4, 9 verified at runtime
2026-10-06T21:22:07.1026530Z   - history controls (go_back/go_forward observed via SourceChanged events)
2026-10-06T21:22:07.1026710Z   - settings (apply_settings returned Ok)
2026-10-06T21:22:07.1026870Z   - URL schemes (scrying-test:// served 3 pages successfully)
2026-10-06T21:22:07.1027070Z   - find_in_page → Some(true), request_pdf → 12150 bytes
2026-10-06T21:22:07.1027330Z demo-mac: browser-test: PASS — items 1, 3, 4, 9 verified at runtime
2026-10-06T21:22:07.1027550Z   - history controls (go_back/go_forward observed via SourceChanged events)
2026-10-06T21:22:07.1027730Z   - settings (apply_settings returned Ok)
2026-10-06T21:22:07.1027890Z   - URL schemes (scrying-test:// served 3 pages successfully)
2026-10-06T21:22:07.1028150Z   - find_in_page → Some(true), request_pdf → 12150 bytes
2026-10-06T21:22:07.1028360Z demo-mac: browser-test: PASS — items 1, 3, 4, 9 verified at runtime
2026-10-06T21:22:07.1028550Z   - history controls (go_back/go_forward observed via SourceChanged events)
2026-10-06T21:22:07.1028720Z   - settings (apply_settings returned Ok)
2026-10-06T21:22:07.1028860Z   - URL schemes (scrying-test:// served 3 pages successfully)
2026-10-06T21:22:07.1029040Z   - find_in_page → Some(true), request_pdf → 12150 bytes
2026-10-06T21:22:07.1029220Z demo-mac: browser-test: PASS — items 1, 3, 4, 9 verified at runtime
2026-10-06T21:22:07.1029420Z   - history controls (go_back/go_forward observed via SourceChanged events)
2026-10-06T21:22:07.1029590Z   - settings (apply_settings returned Ok)
2026-10-06T21:22:07.1029730Z   - URL schemes (scrying-test:// served 3 pages successfully)
2026-10-06T21:22:07.1029920Z   - find_in_page → Some(true), request_pdf → 12150 bytes
2026-10-06T21:22:07.1030130Z demo-mac: browser-test: PASS — items 1, 3, 4, 9 verified at runtime
2026-10-06T21:22:07.1030350Z   - history controls (go_back/go_forward observed via SourceChanged events)
2026-10-06T21:22:07.1030530Z   - settings (apply_settings returned Ok)
2026-10-06T21:22:07.1030690Z   - URL schemes (scrying-test:// served 3 pages successfully)
2026-10-06T21:22:07.1030880Z   - find_in_page → Some(true), request_pdf → 12150 bytes
2026-10-06T21:22:07.1031080Z demo-mac: browser-test: PASS — items 1, 3, 4, 9 verified at runtime
2026-10-06T21:22:07.1031300Z   - history controls (go_back/go_forward observed via SourceChanged events)
2026-10-06T21:22:07.1031480Z   - settings (apply_settings returned Ok)
2026-10-06T21:22:07.1031640Z   - URL schemes (scrying-test:// served 3 pages successfully)
2026-10-06T21:22:07.1031830Z   - find_in_page → Some(true), request_pdf → 12150 bytes
2026-10-06T21:22:07.1032030Z demo-mac: browser-test: PASS — items 1, 3, 4, 9 verified at runtime
2026-10-06T21:22:07.1032250Z   - history controls (go_back/go_forward observed via SourceChanged events)
2026-10-06T21:22:07.1032430Z   - settings (apply_settings returned Ok)
2026-10-06T21:22:07.1032590Z   - URL schemes (scrying-test:// served 3 pages successfully)
2026-10-06T21:22:07.1032790Z   - find_in_page → Some(true), request_pdf → 12150 bytes
2026-10-06T21:22:07.1032990Z demo-mac: browser-test: PASS — items 1, 3, 4, 9 verified at runtime
2026-10-06T21:22:07.1033210Z   - history controls (go_back/go_forward observed via SourceChanged events)
2026-10-06T21:22:07.1033380Z   - settings (apply_settings returned Ok)
2026-10-06T21:22:07.1033520Z   - URL schemes (scrying-test:// served 3 pages successfully)
2026-10-06T21:22:07.1033700Z   - find_in_page → Some(true), request_pdf → 12150 bytes
2026-10-06T21:22:07.1033880Z demo-mac: browser-test: PASS — items 1, 3, 4, 9 verified at runtime
2026-10-06T21:22:07.1034080Z   - history controls (go_back/go_forward observed via SourceChanged events)
2026-10-06T21:22:07.1034240Z   - settings (apply_settings returned Ok)
2026-10-06T21:22:07.1034380Z   - URL schemes (scrying-test:// served 3 pages successfully)
2026-10-06T21:22:07.1034560Z   - find_in_page → Some(true), request_pdf → 12150 bytes
2026-10-06T21:22:07.1034750Z demo-mac: browser-test: PASS — items 1, 3, 4, 9 verified at runtime
2026-10-06T21:22:07.1034960Z   - history controls (go_back/go_forward observed via SourceChanged events)
2026-10-06T21:22:07.1035140Z   - settings (apply_settings returned Ok)
2026-10-06T21:22:07.1035300Z   - URL schemes (scrying-test:// served 3 pages successfully)
2026-10-06T21:22:07.1035490Z   - find_in_page → Some(true), request_pdf → 12150 bytes
2026-10-06T21:22:07.1035820Z demo-mac: browser-test: PASS — items 1, 3, 4, 9 verified at runtime
2026-10-06T21:22:07.1039510Z   - history controls (go_back/go_forward observed via SourceChanged events)
2026-10-06T21:22:07.1039680Z   - settings (apply_settings returned Ok)
2026-10-06T21:22:07.1039830Z   - URL schemes (scrying-test:// served 3 pages successfully)
2026-10-06T21:22:07.1040100Z   - find_in_page → Some(true), request_pdf → 12150 bytes
2026-10-06T21:22:07.1040290Z demo-mac: browser-test: PASS — items 1, 3, 4, 9 verified at runtime
2026-10-06T21:22:07.1040480Z   - history controls (go_back/go_forward observed via SourceChanged events)
2026-10-06T21:22:07.1040650Z   - settings (apply_settings returned Ok)
2026-10-06T21:22:07.1040790Z   - URL schemes (scrying-test:// served 3 pages successfully)
2026-10-06T21:22:07.1040970Z   - find_in_page → Some(true), request_pdf → 12150 bytes
2026-10-06T21:22:07.1041150Z demo-mac: browser-test: PASS — items 1, 3, 4, 9 verified at runtime
2026-10-06T21:22:07.1041360Z   - history controls (go_back/go_forward observed via SourceChanged events)
2026-10-06T21:22:07.1041550Z   - settings (apply_settings returned Ok)
2026-10-06T21:22:07.1041700Z   - URL schemes (scrying-test:// served 3 pages successfully)
2026-10-06T21:22:07.1041900Z   - find_in_page → Some(true), request_pdf → 12150 bytes
2026-10-06T21:22:07.1042110Z demo-mac: browser-test: PASS — items 1, 3, 4, 9 verified at runtime
2026-10-06T21:22:07.1042320Z   - history controls (go_back/go_forward observed via SourceChanged events)
2026-10-06T21:22:07.1042500Z   - settings (apply_settings returned Ok)
2026-10-06T21:22:07.1042660Z   - URL schemes (scrying-test:// served 3 pages successfully)
2026-10-06T21:22:07.1042860Z   - find_in_page → Some(true), request_pdf → 12150 bytes
2026-10-06T21:22:07.1043060Z demo-mac: browser-test: PASS — items 1, 3, 4, 9 verified at runtime
2026-10-06T21:22:07.1043270Z   - history controls (go_back/go_forward observed via SourceChanged events)
2026-10-06T21:22:07.1043440Z   - settings (apply_settings returned Ok)
2026-10-06T21:22:07.1043580Z   - URL schemes (scrying-test:// served 3 pages successfully)
2026-10-06T21:22:07.1043760Z   - find_in_page → Some(true), request_pdf → 12150 bytes
2026-10-06T21:22:07.1043940Z demo-mac: browser-test: PASS — items 1, 3, 4, 9 verified at runtime
2026-10-06T21:22:07.1044140Z   - history controls (go_back/go_forward observed via SourceChanged events)
2026-10-06T21:22:07.1044310Z   - settings (apply_settings returned Ok)
2026-10-06T21:22:07.1044470Z   - URL schemes (scrying-test:// served 3 pages successfully)
2026-10-06T21:22:07.1044660Z   - find_in_page → Some(true), request_pdf → 12150 bytes
2026-10-06T21:22:07.1044870Z demo-mac: browser-test: PASS — items 1, 3, 4, 9 verified at runtime
2026-10-06T21:22:07.1045080Z   - history controls (go_back/go_forward observed via SourceChanged events)
2026-10-06T21:22:07.1045270Z   - settings (apply_settings returned Ok)
2026-10-06T21:22:07.1045430Z   - URL schemes (scrying-test:// served 3 pages successfully)
2026-10-06T21:22:07.1045630Z   - find_in_page → Some(true), request_pdf → 12150 bytes
2026-10-06T21:22:07.1045830Z demo-mac: browser-test: PASS — items 1, 3, 4, 9 verified at runtime
2026-10-06T21:22:07.1046050Z   - history controls (go_back/go_forward observed via SourceChanged events)
2026-10-06T21:22:07.1046230Z   - settings (apply_settings returned Ok)
2026-10-06T21:22:07.1046390Z   - URL schemes (scrying-test:// served 3 pages successfully)
2026-10-06T21:22:07.1046590Z   - find_in_page → Some(true), request_pdf → 12150 bytes
2026-10-06T21:22:07.1046790Z demo-mac: browser-test: PASS — items 1, 3, 4, 9 verified at runtime
2026-10-06T21:22:07.1047000Z   - history controls (go_back/go_forward observed via SourceChanged events)
2026-10-06T21:22:07.1047190Z   - settings (apply_settings returned Ok)
2026-10-06T21:22:07.1047350Z   - URL schemes (scrying-test:// served 3 pages successfully)
2026-10-06T21:22:07.1047540Z   - find_in_page → Some(true), request_pdf → 12150 bytes
2026-10-06T21:22:07.1047740Z demo-mac: browser-test: PASS — items 1, 3, 4, 9 verified at runtime
2026-10-06T21:22:07.1048090Z   - history controls (go_back/go_forward observed via SourceChanged events)
2026-10-06T21:22:07.1048270Z   - settings (apply_settings returned Ok)
2026-10-06T21:22:07.1048420Z   - URL schemes (scrying-test:// served 3 pages successfully)
2026-10-06T21:22:07.1048600Z   - find_in_page → Some(true), request_pdf → 12150 bytes
2026-10-06T21:22:07.1048820Z demo-mac: browser-test: PASS — items 1, 3, 4, 9 verified at runtime
2026-10-06T21:22:07.1049020Z   - history controls (go_back/go_forward observed via SourceChanged events)
2026-10-06T21:22:07.1049190Z   - settings (apply_settings returned Ok)
2026-10-06T21:22:07.1049330Z   - URL schemes (scrying-test:// served 3 pages successfully)
2026-10-06T21:22:07.1049510Z   - find_in_page → Some(true), request_pdf → 12150 bytes
2026-10-06T21:22:07.1049690Z demo-mac: browser-test: PASS — items 1, 3, 4, 9 verified at runtime
2026-10-06T21:22:07.1049900Z   - history controls (go_back/go_forward observed via SourceChanged events)
2026-10-06T21:22:07.1050090Z   - settings (apply_settings returned Ok)
2026-10-06T21:22:07.1050250Z   - URL schemes (scrying-test:// served 3 pages successfully)
2026-10-06T21:22:07.1050450Z   - find_in_page → Some(true), request_pdf → 12150 bytes
2026-10-06T21:22:07.1050650Z demo-mac: browser-test: PASS — items 1, 3, 4, 9 verified at runtime
2026-10-06T21:22:07.1050860Z   - history controls (go_back/go_forward observed via SourceChanged events)
2026-10-06T21:22:07.1051050Z   - settings (apply_settings returned Ok)
2026-10-06T21:22:07.1051210Z   - URL schemes (scrying-test:// served 3 pages successfully)
2026-10-06T21:22:07.1051400Z   - find_in_page → Some(true), request_pdf → 12150 bytes
2026-10-06T21:22:07.1051610Z demo-mac: browser-test: PASS — items 1, 3, 4, 9 verified at runtime
2026-10-06T21:22:07.1051820Z   - history controls (go_back/go_forward observed via SourceChanged events)
2026-10-06T21:22:07.1052000Z   - settings (apply_settings returned Ok)
2026-10-06T21:22:07.1052170Z   - URL schemes (scrying-test:// served 3 pages successfully)
2026-10-06T21:22:07.1052360Z   - find_in_page → Some(true), request_pdf → 12150 bytes
2026-10-06T21:22:07.1052460Z demo-mac: browser-test: PASS — items 1, 3, 4, 9 verified at runtime
2026-10-06T21:22:07.1052550Z   - history controls (go_back/go_forward observed via SourceChanged events)
2026-10-06T21:22:07.1052600Z   - settings (apply_settings returned Ok)
2026-10-06T21:22:07.1052680Z   - URL schemes (scrying-test:// served 3 pages successfully)
2026-10-06T21:22:07.1052760Z   - find_in_page → Some(true), request_pdf → 12150 bytes
2026-10-06T21:22:07.1052860Z demo-mac: browser-test: PASS — items 1, 3, 4, 9 verified at runtime
2026-10-06T21:22:07.1052950Z   - history controls (go_back/go_forward observed via SourceChanged events)
2026-10-06T21:22:07.1053000Z   - settings (apply_settings returned Ok)
2026-10-06T21:22:07.1053070Z   - URL schemes (scrying-test:// served 3 pages successfully)
2026-10-06T21:22:07.1053150Z   - find_in_page → Some(true), request_pdf → 12150 bytes
2026-10-06T21:22:07.1053250Z demo-mac: browser-test: PASS — items 1, 3, 4, 9 verified at runtime
2026-10-06T21:22:07.1053340Z   - history controls (go_back/go_forward observed via SourceChanged events)
2026-10-06T21:22:07.1053380Z   - settings (apply_settings returned Ok)
2026-10-06T21:22:07.1053450Z   - URL schemes (scrying-test:// served 3 pages successfully)
2026-10-06T21:22:07.1053520Z   - find_in_page → Some(true), request_pdf → 12150 bytes
2026-10-06T21:22:07.1053610Z demo-mac: browser-test: PASS — items 1, 3, 4, 9 verified at runtime
2026-10-06T21:22:07.1053690Z   - history controls (go_back/go_forward observed via SourceChanged events)
2026-10-06T21:22:07.1053730Z   - settings (apply_settings returned Ok)
2026-10-06T21:22:07.1053800Z   - URL schemes (scrying-test:// served 3 pages successfully)
2026-10-06T21:22:07.1053870Z   - find_in_page → Some(true), request_pdf → 12150 bytes
2026-10-06T21:22:07.1053960Z demo-mac: browser-test: PASS — items 1, 3, 4, 9 verified at runtime
2026-10-06T21:22:07.1054070Z   - history controls (go_back/go_forward observed via SourceChanged events)
2026-10-06T21:22:07.1054120Z   - settings (apply_settings returned Ok)
2026-10-06T21:22:07.1054190Z   - URL schemes (scrying-test:// served 3 pages successfully)
2026-10-06T21:22:07.1054260Z   - find_in_page → Some(true), request_pdf → 12150 bytes
2026-10-06T21:22:07.1054380Z demo-mac: browser-test: PASS — items 1, 3, 4, 9 verified at runtime
2026-10-06T21:22:07.1054460Z   - history controls (go_back/go_forward observed via SourceChanged events)
2026-10-06T21:22:07.1054510Z   - settings (apply_settings returned Ok)
2026-10-06T21:22:07.1054570Z   - URL schemes (scrying-test:// served 3 pages successfully)
2026-10-06T21:22:07.1054640Z   - find_in_page → Some(true), request_pdf → 12150 bytes
2026-10-06T21:22:07.1054740Z demo-mac: browser-test: PASS — items 1, 3, 4, 9 verified at runtime
2026-10-06T21:22:07.1054820Z   - history controls (go_back/go_forward observed via SourceChanged events)
2026-10-06T21:22:07.1054880Z   - settings (apply_settings returned Ok)
2026-10-06T21:22:07.1054950Z   - URL schemes (scrying-test:// served 3 pages successfully)
2026-10-06T21:22:07.1055030Z   - find_in_page → Some(true), request_pdf → 12150 bytes
2026-10-06T21:22:07.1055130Z demo-mac: browser-test: PASS — items 1, 3, 4, 9 verified at runtime
2026-10-06T21:22:07.1055230Z   - history controls (go_back/go_forward observed via SourceChanged events)
2026-10-06T21:22:07.1055290Z   - settings (apply_settings returned Ok)
2026-10-06T21:22:07.1055380Z   - URL schemes (scrying-test:// served 3 pages successfully)
2026-10-06T21:22:07.1055470Z   - find_in_page → Some(true), request_pdf → 12150 bytes
2026-10-06T21:22:07.1055570Z demo-mac: browser-test: PASS — items 1, 3, 4, 9 verified at runtime
2026-10-06T21:22:07.1055660Z   - history controls (go_back/go_forward observed via SourceChanged events)
2026-10-06T21:22:07.1055700Z   - settings (apply_settings returned Ok)
2026-10-06T21:22:07.1055780Z   - URL schemes (scrying-test:// served 3 pages successfully)
2026-10-06T21:22:07.1055860Z   - find_in_page → Some(true), request_pdf → 12150 bytes
2026-10-06T21:22:07.1055960Z demo-mac: browser-test: PASS — items 1, 3, 4, 9 verified at runtime
2026-10-06T21:22:07.1056050Z   - history controls (go_back/go_forward observed via SourceChanged events)
2026-10-06T21:22:07.1056100Z   - settings (apply_settings returned Ok)
2026-10-06T21:22:07.1056180Z   - URL schemes (scrying-test:// served 3 pages successfully)
2026-10-06T21:22:07.1056250Z   - find_in_page → Some(true), request_pdf → 12150 bytes
2026-10-06T21:22:07.1056360Z demo-mac: browser-test: PASS — items 1, 3, 4, 9 verified at runtime
2026-10-06T21:22:07.1056450Z   - history controls (go_back/go_forward observed via SourceChanged events)
2026-10-06T21:22:07.1056490Z   - settings (apply_settings returned Ok)
2026-10-06T21:22:07.1056560Z   - URL schemes (scrying-test:// served 3 pages successfully)
2026-10-06T21:22:07.1056640Z   - find_in_page → Some(true), request_pdf → 12150 bytes
2026-10-06T21:22:07.1056750Z demo-mac: browser-test: PASS — items 1, 3, 4, 9 verified at runtime
2026-10-06T21:22:07.1056840Z   - history controls (go_back/go_forward observed via SourceChanged events)
2026-10-06T21:22:07.1056880Z   - settings (apply_settings returned Ok)
2026-10-06T21:22:07.1056960Z   - URL schemes (scrying-test:// served 3 pages successfully)
2026-10-06T21:22:07.1057040Z   - find_in_page → Some(true), request_pdf → 12150 bytes
2026-10-06T21:22:07.1057140Z demo-mac: browser-test: PASS — items 1, 3, 4, 9 verified at runtime
2026-10-06T21:22:07.1057230Z   - history controls (go_back/go_forward observed via SourceChanged events)
2026-10-06T21:22:07.1057280Z   - settings (apply_settings returned Ok)
2026-10-06T21:22:07.1057350Z   - URL schemes (scrying-test:// served 3 pages successfully)
2026-10-06T21:22:07.1057430Z   - find_in_page → Some(true), request_pdf → 12150 bytes
2026-10-06T21:22:07.1057530Z demo-mac: browser-test: PASS — items 1, 3, 4, 9 verified at runtime
2026-10-06T21:22:07.1057620Z   - history controls (go_back/go_forward observed via SourceChanged events)
2026-10-06T21:22:07.1057730Z   - settings (apply_settings returned Ok)
2026-10-06T21:22:07.1057800Z   - URL schemes (scrying-test:// served 3 pages successfully)
2026-10-06T21:22:07.1057880Z   - find_in_page → Some(true), request_pdf → 12150 bytes
2026-10-06T21:22:07.1057980Z demo-mac: browser-test: PASS — items 1, 3, 4, 9 verified at runtime
2026-10-06T21:22:07.1058120Z   - history controls (go_back/go_forward observed via SourceChanged events)
2026-10-06T21:22:07.1058170Z   - settings (apply_settings returned Ok)
2026-10-06T21:22:07.1058240Z   - URL schemes (scrying-test:// served 3 pages successfully)
2026-10-06T21:22:07.1058320Z   - find_in_page → Some(true), request_pdf → 12150 bytes
2026-10-06T21:22:07.1058370Z   -> PASS
2026-10-06T21:22:07.1058370Z 
2026-10-06T21:22:07.1058420Z ==> --interaction-state-test
2026-10-06T21:22:08.5008140Z demo-mac: nav event: Starting { url: "scrying-test://history-1" }
2026-10-06T21:22:08.5008410Z demo-mac: nav event: SourceChanged { url: "scrying-test://history-1" }
2026-10-06T21:22:08.5008630Z demo-mac: js->host: loaded:history-1
2026-10-06T21:22:08.5008830Z demo-mac: nav event: Completed { url: "scrying-test://history-1", success: true }
2026-10-06T21:22:08.5009080Z demo-mac: nav event: Starting { url: "scrying-test://history-2" }
2026-10-06T21:22:08.5009310Z demo-mac: nav event: SourceChanged { url: "scrying-test://history-2" }
2026-10-06T21:22:08.5009500Z demo-mac: js->host: loaded:history-2
2026-10-06T21:22:08.5009700Z demo-mac: nav event: Completed { url: "scrying-test://history-2", success: true }
2026-10-06T21:22:08.5009950Z demo-mac: nav event: Starting { url: "scrying-test://find-target" }
2026-10-06T21:22:08.5010180Z demo-mac: nav event: SourceChanged { url: "scrying-test://find-target" }
2026-10-06T21:22:08.5010370Z demo-mac: js->host: loaded:find-target
2026-10-06T21:22:08.5010570Z demo-mac: nav event: Completed { url: "scrying-test://find-target", success: true }
2026-10-06T21:22:08.5010810Z demo-mac: interaction-state-test: serialized 1024 bytes at C
2026-10-06T21:22:08.5011030Z demo-mac: nav event: Starting { url: "scrying-test://history-2" }
2026-10-06T21:22:08.5011250Z demo-mac: nav event: SourceChanged { url: "scrying-test://history-2" }
2026-10-06T21:22:08.5011490Z demo-mac: nav event: Completed { url: "scrying-test://history-2", success: true }
2026-10-06T21:22:08.5011730Z demo-mac: nav event: Starting { url: "scrying-test://history-1" }
2026-10-06T21:22:08.5011940Z demo-mac: nav event: SourceChanged { url: "scrying-test://history-1" }
2026-10-06T21:22:08.5012150Z demo-mac: nav event: Completed { url: "scrying-test://history-1", success: true }
2026-10-06T21:22:08.5012360Z demo-mac: interaction-state-test: restore_interaction_state ok
2026-10-06T21:22:08.5012550Z demo-mac: nav event: Starting { url: "scrying-test://find-target" }
2026-10-06T21:22:08.5012760Z demo-mac: nav event: SourceChanged { url: "scrying-test://find-target" }
2026-10-06T21:22:08.5012930Z demo-mac: js->host: loaded:find-target
2026-10-06T21:22:08.5013100Z demo-mac: nav event: Completed { url: "scrying-test://find-target", success: true }
2026-10-06T21:22:08.5013300Z demo-mac: interaction-state-test: restored to C
2026-10-06T21:22:08.5013640Z demo-mac: interaction-state-test: PASS — serialize/restore round-trip verified
2026-10-06T21:22:08.5013920Z   - serialized at C (1024 bytes), navigated back to A, restore landed on C
2026-10-06T21:22:08.5014140Z   - post-restore can_go_back == true, can_go_forward == false
2026-10-06T21:22:08.5023750Z   -> PASS
2026-10-06T21:22:08.5037890Z 
2026-10-06T21:22:08.5037990Z ==> --pointer-input-test
2026-10-06T21:22:09.5711340Z demo-mac: nav event: Starting { url: "scrying-test://pointer" }
2026-10-06T21:22:09.5711610Z demo-mac: nav event: SourceChanged { url: "scrying-test://pointer" }
2026-10-06T21:22:09.5711800Z demo-mac: js->host: ready
2026-10-06T21:22:09.5711940Z demo-mac: pointer-input-test: page ready
2026-10-06T21:22:09.5712150Z demo-mac: nav event: Completed { url: "scrying-test://pointer", success: true }
2026-10-06T21:22:09.5712500Z demo-mac: js->host: ptr:down:50,718:mouse
2026-10-06T21:22:09.5712640Z demo-mac: cursor change: Default
2026-10-06T21:22:09.5712810Z demo-mac: js->host: ptr:move:75,693:mouse
2026-10-06T21:22:09.5712980Z demo-mac: js->host: ptr:up:75,693:mouse
2026-10-06T21:22:09.5713330Z demo-mac: pointer-input-test: PASS — Down/Update/Up reached JS pointer listeners
2026-10-06T21:22:09.5713660Z   - JS observed: down=true move=true up=true leave=false
2026-10-06T21:22:09.5713950Z   - WebKit reported pointerType = Some("mouse") (macOS collapses every device to mouse)
2026-10-06T21:22:09.5728070Z   -> PASS
2026-10-06T21:22:09.5744460Z 
2026-10-06T21:22:09.5744920Z ==> --incognito-test
2026-10-06T21:22:10.2714790Z demo-mac: --incognito-test: spun up persistent comparison producer
2026-10-06T21:22:10.2715080Z demo-mac: incognito-test: set_cookie 'scrying-incognito-69275' on incognito producer
2026-10-06T21:22:10.2715340Z demo-mac: incognito-test: incognito store reports 1 cookie(s)
2026-10-06T21:22:10.2715570Z demo-mac: incognito-test: persistent store reports 0 cookie(s)
2026-10-06T21:22:10.2715920Z demo-mac: incognito-test: PASS — non_persistent stores stay isolated from persistent ones
2026-10-06T21:22:10.2716170Z   - set_cookie on incognito producer was visible to its own request_all_cookies
2026-10-06T21:22:10.2716450Z   - same cookie was absent from a separate persistent producer's store
2026-10-06T21:22:10.2729240Z   -> PASS
2026-10-06T21:22:10.2743060Z 
2026-10-06T21:22:10.2743170Z ==> --download-test
2026-10-06T21:22:17.3838070Z demo-mac: download-test: serving payload at http://127.0.0.1:56103/download
2026-10-06T21:22:17.3838390Z demo-mac: download-test: auth-required payload at http://127.0.0.1:56103/download-auth
2026-10-06T21:22:17.3838660Z demo-mac: nav event: Starting { url: "http://127.0.0.1:56103/download" }
2026-10-06T21:22:17.3839310Z demo-mac: nav event: DownloadStarted { id: DownloadId(1), url: "http://127.0.0.1:56103/download", suggested_filename: "scrying-download.bin", destination_path: "/Users/markik/Code/targets/wgpu-scry-hardware/demo-mac-download-test-69300/download-output/scrying-download.bin", total_bytes_expected: Some(262144) }
2026-10-06T21:22:17.3839940Z demo-mac: nav event: Completed { url: "", success: false }
2026-10-06T21:22:17.3840230Z demo-mac: nav event: DownloadProgress { id: DownloadId(1), bytes_written: 262144, total_bytes_expected: Some(262144) }
2026-10-06T21:22:17.3840760Z demo-mac: nav event: DownloadFinished { id: DownloadId(1), destination_path: "/Users/markik/Code/targets/wgpu-scry-hardware/demo-mac-download-test-69300/download-output/scrying-download.bin", error: None }
2026-10-06T21:22:17.3841420Z demo-mac: download-test: phase A: 262144 bytes landed at /Users/markik/Code/targets/wgpu-scry-hardware/demo-mac-download-test-69300/download-output/scrying-download.bin (matches served payload)
2026-10-06T21:22:17.3841860Z demo-mac: nav event: Starting { url: "http://127.0.0.1:56103/download" }
2026-10-06T21:22:17.3842060Z demo-mac: nav event: Completed { url: "", success: false }
2026-10-06T21:22:17.3842310Z demo-mac: nav event: DownloadCancelled { id: DownloadId(2), destination_path: "", resume_data: None }
2026-10-06T21:22:17.3842630Z demo-mac: download-test: phase B: DownloadCancelled fired for id 2 after host Cancel decision
2026-10-06T21:22:17.3842920Z demo-mac: download-test: phase C: cancel_download(unknown) returned Ok(false) as expected
2026-10-06T21:22:17.3843230Z demo-mac: download-test: auth challenge for host '127.0.0.1' method 'NSURLAuthenticationMethodHTTPBasic'
2026-10-06T21:22:17.3843680Z demo-mac: nav event: AuthChallenged { url: "http://127.0.0.1:56103/download-auth", host: "127.0.0.1", auth_method: "NSURLAuthenticationMethodHTTPBasic", source: Download }
2026-10-06T21:22:17.3844460Z demo-mac: nav event: DownloadStarted { id: DownloadId(3), url: "http://127.0.0.1:56103/download-auth", suggested_filename: "scrying-download.bin", destination_path: "/Users/markik/Code/targets/wgpu-scry-hardware/demo-mac-download-test-69300/download-output/scrying-download-1.bin", total_bytes_expected: Some(262144) }
2026-10-06T21:22:17.3845380Z demo-mac: nav event: DownloadProgress { id: DownloadId(3), bytes_written: 262144, total_bytes_expected: Some(262144) }
2026-10-06T21:22:17.3845960Z demo-mac: nav event: DownloadFinished { id: DownloadId(3), destination_path: "/Users/markik/Code/targets/wgpu-scry-hardware/demo-mac-download-test-69300/download-output/scrying-download-1.bin", error: None }
2026-10-06T21:22:17.3846430Z demo-mac: download-test: phase D: auth-protected download succeeded with 262144 bytes after credentials supplied
2026-10-06T21:22:17.3846710Z demo-mac: nav event: Starting { url: "http://127.0.0.1:56103/download-slow" }
2026-10-06T21:22:17.3846890Z demo-mac: nav event: Completed { url: "", success: false }
2026-10-06T21:22:17.3847430Z demo-mac: nav event: DownloadStarted { id: DownloadId(4), url: "http://127.0.0.1:56103/download-slow", suggested_filename: "scrying-download.bin", destination_path: "/Users/markik/Code/targets/wgpu-scry-hardware/demo-mac-download-test-69300/download-output/scrying-download-2.bin", total_bytes_expected: Some(262144) }
2026-10-06T21:22:17.3848160Z demo-mac: download-test: phase E: cancel_download(4) -> Ok(true), awaiting resume_data
2026-10-06T21:22:17.3878240Z demo-mac: nav event: DownloadCancelled { id: DownloadId(4), destination_path: "/Users/markik/Code/targets/wgpu-scry-hardware/demo-mac-download-test-69300/download-output/scrying-download-2.bin", resume_data: Some([98, 112, 108, 105, 115, 116, 48, 48, 212, 1, 2, 3, 4, 5, 6, 7, 10, 88, 36, 118, 101, 114, 115, 105, 111, 110, 89, 36, 97, 114, 99, 104, 105, 118, 101, 114, 84, 36, 116, 111, 112, 88, 36, 111, 98, 106, 101, 99, 116, 115, 18, 0, 1, 134, 160, 95, 16, 15, 78, 83, 75, 101, 121, 101, 100, 65, 114, 99, 104, 105, 118, 101, 114, 209, 8, 9, 95, 16, 27, 78, 83, 75, 101, 121, 101, 100, 65, 114, 99, 104, 105, 118, 101, 82, 111, 111, 116, 79, 98, 106, 101, 99, 116, 75, 101, 121, 128, 1, 167, 11, 12, 23, 24, 25, 26, 27, 85, 36, 110, 117, 108, 108, 211, 13, 14, 15, 16, 19, 22, 87, 78, 83, 46, 107, 101, 121, 115, 90, 78, 83, 46, 111, 98, 106, 101, 99, 116, 115, 86, 36, 99, 108, 97, 115, 115, 162, 17, 18, 128, 2, 128, 3, 162, 20, 21, 128, 4, 128, 5, 128, 6, 84, 100, 97, 116, 97, 95, 16, 31, 78, 83, 85, 82, 76, 83, 101, 115, 115, 105, 111, 110, 82, 101, 115, 117, 109, 101, 73, 110, 102, 111, 76, 111, 99, 97, 108, 80, 97, 116, 104, 79, 17, 28, 216, 54, 21, 8, 37, 18, 7, 67, 95, 212, 0, 1, 0, 2, 0, 3, 0, 4, 0, 5, 0, 6, 0, 7, 0, 10, 88, 36, 118, 101, 114, 115, 105, 111, 110, 89, 36, 97, 114, 99, 104, 105, 118, 101, 114, 84, 36, 116, 111, 112, 88, 36, 111, 98, 106, 101, 99, 116, 115, 18, 0, 1, 134, 160, 95, 16, 15, 78, 83, 75, 101, 121, 101, 100, 65, 114, 99, 104, 105, 118, 101, 114, 209, 0, 8, 0, 9, 84, 114, 111, 111, 116, 128, 1, 175, 16, 79, 0, 11, 0, 12, 0, 43, 0, 31, 0, 153, 0, 159, 0, 160, 0, 166, 0, 107, 0, 167, 0, 171, 0, 121, 0, 173, 0, 42, 0, 174, 0, 142, 0, 175, 0, 176, 0, 196, 0, 197, 0, 198, 0, 199, 0, 200, 0, 201, 0, 202, 0, 203, 0, 204, 0, 205, 0, 206, 0, 207, 0, 208, 0, 209, 0, 210, 0, 214, 0, 228, 0, 229, 0, 230, 0, 231, 0, 232, 0, 233, 0, 234, 0, 235, 0, 236, 0, 242, 0, 243, 0, 244, 0, 247, 0, 252, 1, 44, 1, 62, 1, 63, 1, 64, 1, 78, 1, 84, 1, 99, 0, 28, 1, 100, 1, 101, 1, 121, 1, 122, 1, 123, 1, 124, 1, 125, 1, 126, 1, 127, 1, 128, 1, 129, 1, 130, 1, 131, 1, 132, 1, 133, 1, 134, 1, 135, 1, 136, 1, 140, 1, 144, 1, 149, 1, 153, 1, 154, 85, 36, 110, 117, 108, 108, 223, 16, 15, 0, 13, 0, 14, 0, 15, 0, 16, 0, 17, 0, 18, 0, 19, 0, 20, 0, 21, 0, 22, 0, 23, 0, 24, 0, 25, 0, 26, 0, 27, 0, 28, 0, 29, 0, 30, 0, 31, 0, 32, 0, 33, 0, 34, 0, 35, 0, 36, 0, 37, 0, 29, 0, 31, 0, 40, 0, 29, 0, 42, 94, 116, 97, 115, 107, 73, 100, 101, 110, 116, 105, 102, 105, 101, 114, 95, 16, 15, 116, 97, 115, 107, 68, 101, 115, 99, 114, 105, 112, 116, 105, 111, 110, 95, 16, 31, 99, 111, 117, 110, 116, 79, 102, 66, 121, 116, 101, 115, 67, 108, 105, 101, 110, 116, 69, 120, 112, 101, 99, 116, 115, 84, 111, 83, 101, 110, 100, 95, 16, 21, 95, 107, 101, 101, 112, 68, 111, 119, 110, 108, 111, 97, 100, 84, 97, 115, 107, 70, 105, 108, 101, 88, 112, 114, 105, 111, 114, 105, 116, 121, 87, 102, 105, 108, 101, 85, 82, 76, 95, 16, 34, 99, 111, 117, 110, 116, 79, 102, 66, 121, 116, 101, 115, 67, 108, 105, 101, 110, 116, 69, 120, 112, 101, 99, 116, 115, 84, 111, 82, 101, 99, 101, 105, 118, 101, 95, 16, 15, 111, 114, 105, 103, 105, 110, 97, 108, 82, 101, 113, 117, 101, 115, 116, 86, 36, 99, 108, 97, 115, 115, 94, 99, 117, 114, 114, 101, 110, 116, 82, 101, 113, 117, 101, 115, 116, 95, 16, 17, 101, 97, 114, 108, 105, 101, 115, 116, 66, 101, 103, 105, 110, 68, 97, 116, 101, 95, 16, 26, 112, 114, 101, 102, 101, 114, 115, 73, 110, 99, 114, 101, 109, 101, 110, 116, 97, 108, 68, 101, 108, 105, 118, 101, 114, 121, 88, 114, 101, 115, 112, 111, 110, 115, 101, 92, 116, 101, 109, 112, 70, 105, 108, 101, 78, 97, 109, 101, 89, 115, 116, 97, 114, 116, 84, 105, 109, 101, 16, 0, 128, 0, 19, 255, 255, 255, 255, 255, 255, 255, 255, 8, 34, 63, 128, 0, 0, 128, 76, 18, 0, 4, 0, 0, 128, 2, 128, 78, 128, 47, 128, 0, 8, 128, 53, 128, 0, 35, 0, 0, 0, 0, 0, 0, 0, 0, 223, 16, 58, 0, 44, 0, 45, 0, 46, 0, 47, 0, 48, 0, 49, 0, 50, 0, 51, 0, 52, 0, 53, 0, 54, 0, 55, 0, 56, 0, 57, 0, 58, 0, 59, 0, 60, 0, 61, 0, 62, 0, 63, 0, 64, 0, 65, 0, 66, 0, 67, 0, 68, 0, 69, 0, 70, 0, 71, 0, 72, 0, 73, 0, 74, 0, 75, 0, 76, 0, 77, 0, 78, 0, 79, 0, 80, 0, 81, 0, 82, 0, 21, 0, 83, 0, 84, 0, 85, 0, 86, 0, 87, 0, 88, 0, 89, 0, 90, 0, 91, 0, 92, 0, 93, 0, 94, 0, 95, 0, 96, 0, 97, 0, 98, 0, 99, 0, 100, 0, 28, 0, 31, 0, 102, 0, 28, 0, 31, 0, 28, 0, 31, 0, 105, 0, 106, 0, 107, 0, 108, 0, 29, 0, 110, 0, 29, 0, 108, 0, 106, 0, 114, 0, 29, 0, 31, 0, 117, 0, 118, 0, 31, 0, 120, 0, 121, 0, 31, 0, 105, 0, 31, 0, 31, 0, 42, 0, 126, 0, 127, 0, 31, 0, 129, 0, 29, 0, 28, 0, 31, 0, 106, 0, 121, 0, 31, 0, 135, 0, 136, 0, 29, 0, 28, 0, 102, 0, 42, 0, 31, 0, 140, 0, 29, 0, 142, 0, 31, 0, 31, 0, 31, 0, 146, 0, 31, 0, 29, 0, 149, 0, 31, 0, 29, 95, 16, 24, 114, 101, 113, 117, 105, 114, 101, 115, 68, 78, 83, 83, 69, 67, 86, 97, 108, 105, 100, 97, 116, 105, 111, 110, 95, 16, 18, 105, 115, 87, 101, 98, 83, 101, 97, 114, 99, 104, 67, 111, 110, 116, 101, 110, 116, 95, 16, 31, 95, 95, 110, 115, 117, 114, 108, 114, 101, 113, 117, 101, 115, 116, 95, 112, 114, 111, 116, 111, 95, 112, 114, 111, 112, 95, 111, 98, 106, 95, 57, 95, 16, 20, 97, 108, 108, 111, 119, 101, 100, 80, 114, 111, 116, 111, 99, 111, 108, 84, 121, 112, 101, 115, 93, 98, 108, 111, 99, 107, 84, 114, 97, 99, 107, 101, 114, 115, 95, 16, 30, 97, 108, 108, 111, 119, 115, 67, 111, 110, 115, 116, 114, 97, 105, 110, 101, 100, 78, 101, 116, 119, 111, 114, 107, 65, 99, 99, 101, 115, 115, 95, 16, 19, 97, 115, 115, 117, 109, 101, 115, 72, 84, 84, 80, 51, 67, 97, 112, 97, 98, 108, 101, 95, 16, 32, 95, 95, 110, 115, 117, 114, 108, 114, 101, 113, 117, 101, 115, 116, 95, 112, 114, 111, 116, 111, 95, 112, 114, 111, 112, 95, 111, 98, 106, 95, 49, 48, 95, 16, 32, 95, 95, 110, 115, 117, 114, 108, 114, 101, 113, 117, 101, 115, 116, 95, 112, 114, 111, 116, 111, 95, 112, 114, 111, 112, 95, 111, 98, 106, 95, 49, 49, 91, 97, 116, 116, 114, 105, 98, 117, 116, 105, 111, 110, 95, 16, 32, 95, 95, 110, 115, 117, 114, 108, 114, 101, 113, 117, 101, 115, 116, 95, 112, 114, 111, 116, 111, 95, 112, 114, 111, 112, 95, 111, 98, 106, 95, 49, 50, 95, 16, 32, 95, 95, 110, 115, 117, 114, 108, 114, 101, 113, 117, 101, 115, 116, 95, 112, 114, 111, 116, 111, 95, 112, 114, 111, 112, 95, 111, 98, 106, 95, 50, 48, 95, 16, 26, 95, 95, 110, 115, 117, 114, 108, 114, 101, 113, 117, 101, 115, 116, 95, 112, 114, 111, 116, 111, 95, 112, 114, 111, 112, 115, 95, 16, 32, 95, 95, 110, 115, 117, 114, 108, 114, 101, 113, 117, 101, 115, 116, 95, 112, 114, 111, 116, 111, 95, 112, 114, 111, 112, 95, 111, 98, 106, 95, 50, 49, 95, 16, 32, 95, 95, 110, 115, 117, 114, 108, 114, 101, 113, 117, 101, 115, 116, 95, 112, 114, 111, 116, 111, 95, 112, 114, 111, 112, 95, 111, 98, 106, 95, 49, 51, 95, 16, 32, 95, 95, 110, 115, 117, 114, 108, 114, 101, 113, 117, 101, 115, 116, 95, 112, 114, 111, 116, 111, 95, 112, 114, 111, 112, 95, 111, 98, 106, 95, 49, 52, 95, 16, 32, 95, 95, 110, 115, 117, 114, 108, 114, 101, 113, 117, 101, 115, 116, 95, 112, 114, 111, 116, 111, 95, 112, 114, 111, 112, 95, 111, 98, 106, 95, 49, 53, 95, 16, 32, 95, 95, 110, 115, 117, 114, 108, 114, 101, 113, 117, 101, 115, 116, 95, 112, 114, 111, 116, 111, 95, 112, 114, 111, 112, 95, 111, 98, 106, 95, 49, 54, 95, 16, 24, 117, 110, 115, 97, 102, 101, 65, 108, 108, 111, 119, 101, 100, 73, 110, 69, 97, 114, 108, 121, 68, 97, 116, 97, 95, 16, 32, 95, 95, 110, 115, 117, 114, 108, 114, 101, 113, 117, 101, 115, 116, 95, 112, 114, 111, 116, 111, 95, 112, 114, 111, 112, 95, 111, 98, 106, 95, 49, 55, 95, 16, 32, 95, 95, 110, 115, 117, 114, 108, 114, 101, 113, 117, 101, 115, 116, 95, 112, 114, 111, 116, 111, 95, 112, 114, 111, 112, 95, 111, 98, 106, 95, 49, 56, 95, 16, 22, 117, 115, 101, 69, 110, 104, 97, 110, 99, 101, 100, 80, 114, 105, 118, 97, 99, 121, 77, 111, 100, 101, 95, 16, 32, 95, 95, 110, 115, 117, 114, 108, 114, 101, 113, 117, 101, 115, 116, 95, 112, 114, 111, 116, 111, 95, 112, 114, 111, 112, 95, 111, 98, 106, 95, 49, 57, 95, 16, 37, 97, 108, 108, 111, 119, 80, 114, 105, 118, 97, 116, 101, 65, 99, 99, 101, 115, 115, 84, 111, 107, 101, 110, 115, 70, 111, 114, 84, 104, 105, 114, 100, 80, 97, 114, 116, 121, 95, 16, 19, 97, 108, 108, 111, 119, 115, 80, 101, 114, 115, 105, 115, 116, 101, 110, 116, 68, 78, 83, 95, 16, 31, 95, 95, 110, 115, 117, 114, 108, 114, 101, 113, 117, 101, 115, 116, 95, 112, 114, 111, 116, 111, 95, 112, 114, 111, 112, 95, 111, 98, 106, 95, 48, 95, 16, 30, 114, 101, 113, 117, 105, 114, 101, 115, 83, 104, 111, 114, 116, 67, 111, 110, 110, 101, 99, 116, 105, 111, 110, 84, 105, 109, 101, 111, 117, 116, 95, 16, 22, 112, 114, 105, 118, 97, 99, 121, 80, 114, 111, 120, 121, 70, 97, 105, 108, 67, 108, 111, 115, 101, 100, 95, 16, 26, 112, 97, 121, 108, 111, 97, 100, 84, 114, 97, 110, 115, 109, 105, 115, 115, 105, 111, 110, 84, 105, 109, 101, 111, 117, 116, 95, 16, 31, 95, 95, 110, 115, 117, 114, 108, 114, 101, 113, 117, 101, 115, 116, 95, 112, 114, 111, 116, 111, 95, 112, 114, 111, 112, 95, 111, 98, 106, 95, 49, 95, 16, 39, 99, 111, 110, 116, 101, 110, 116, 68, 105, 115, 112, 111, 115, 105, 116, 105, 111, 110, 69, 110, 99, 111, 100, 105, 110, 103, 70, 97, 108, 108, 98, 97, 99, 107, 65, 114, 114, 97, 121, 95, 16, 28, 112, 114, 105, 118, 97, 99, 121, 80, 114, 111, 120, 121, 83, 116, 114, 105, 99, 116, 70, 97, 105, 108, 67, 108, 111, 115, 101, 100, 95, 16, 31, 95, 95, 110, 115, 117, 114, 108, 114, 101, 113, 117, 101, 115, 116, 95, 112, 114, 111, 116, 111, 95, 112, 114, 111, 112, 95, 111, 98, 106, 95, 50, 94, 116, 114, 97, 99, 107, 101, 114, 67, 111, 110, 116, 101, 120, 116, 89, 97, 108, 108, 111, 119, 115, 85, 67, 65, 95, 16, 20, 112, 114, 111, 104, 105, 98, 105, 116, 80, 114, 105, 118, 97, 99, 121, 80, 114, 111, 120, 121, 95, 16, 31, 95, 95, 110, 115, 117, 114, 108, 114, 101, 113, 117, 101, 115, 116, 95, 112, 114, 111, 116, 111, 95, 112, 114, 111, 112, 95, 111, 98, 106, 95, 51, 95, 16, 48, 112, 114, 105, 118, 97, 99, 121, 80, 114, 111, 120, 121, 70, 97, 105, 108, 67, 108, 111, 115, 101, 100, 70, 111, 114, 85, 110, 114, 101, 97, 99, 104, 97, 98, 108, 101, 78, 111, 110, 77, 97, 105, 110, 72, 111, 115, 116, 115, 95, 16, 41, 112, 114, 105, 118, 97, 99, 121, 80, 114, 111, 120, 121, 70, 97, 105, 108, 67, 108, 111, 115, 101, 100, 70, 111, 114, 85, 110, 114, 101, 97, 99, 104, 97, 98, 108, 101, 72, 111, 115, 116, 115, 95, 16, 31, 95, 95, 110, 115, 117, 114, 108, 114, 101, 113, 117, 101, 115, 116, 95, 112, 114, 111, 116, 111, 95, 112, 114, 111, 112, 95, 111, 98, 106, 95, 52, 95, 16, 24, 98, 111, 117, 110, 100, 73, 110, 116, 101, 114, 102, 97, 99, 101, 73, 100, 101, 110, 116, 105, 102, 105, 101, 114, 95, 16, 28, 97, 108, 108, 111, 119, 115, 69, 120, 112, 101, 110, 115, 105, 118, 101, 78, 101, 116, 119, 111, 114, 107, 65, 99, 99, 101, 115, 115, 95, 16, 31, 95, 95, 110, 115, 117, 114, 108, 114, 101, 113, 117, 101, 115, 116, 95, 112, 114, 111, 116, 111, 95, 112, 114, 111, 112, 95, 111, 98, 106, 95, 53, 95, 16, 16, 115, 116, 97, 114, 116, 84, 105, 109, 101, 111, 117, 116, 84, 105, 109, 101, 95, 16, 18, 112, 114, 101, 118, 101, 110, 116, 72, 83, 84, 83, 83, 116, 111, 114, 97, 103, 101, 95, 16, 31, 95, 95, 110, 115, 117, 114, 108, 114, 101, 113, 117, 101, 115, 116, 95, 112, 114, 111, 116, 111, 95, 112, 114, 111, 112, 95, 111, 98, 106, 95, 54, 95, 16, 25, 99, 111, 111, 107, 105, 101, 80, 97, 114, 116, 105, 116, 105, 111, 110, 73, 100, 101, 110, 116, 105, 102, 105, 101, 114, 82, 36, 48, 95, 16, 34, 102, 97, 105, 108, 73, 110, 115, 101, 99, 117, 114, 101, 76, 111, 97, 100, 87, 105, 116, 104, 72, 84, 84, 80, 83, 68, 78, 83, 82, 101, 99, 111, 114, 100, 92, 107, 110, 111, 119, 110, 84, 114, 97, 99, 107, 101, 114, 90, 105, 103, 110, 111, 114, 101, 72, 83, 84, 83, 82, 36, 49, 95, 16, 27, 97, 108, 108, 111, 119, 79, 110, 108, 121, 80, 97, 114, 116, 105, 116, 105, 111, 110, 101, 100, 67, 111, 111, 107, 105, 101, 115, 95, 16, 31, 95, 95, 110, 115, 117, 114, 108, 114, 101, 113, 117, 101, 115, 116, 95, 112, 114, 111, 116, 111, 95, 112, 114, 111, 112, 95, 111, 98, 106, 95, 55, 82, 36, 50, 95, 16, 33, 115, 99, 104, 101, 109, 101, 87, 97, 115, 85, 112, 103, 114, 97, 100, 101, 100, 68, 117, 101, 84, 111, 68, 121, 110, 97, 109, 105, 99, 72, 83, 84, 83, 95, 16, 31, 95, 95, 110, 115, 117, 114, 108, 114, 101, 113, 117, 101, 115, 116, 95, 112, 114, 111, 116, 111, 95, 112, 114, 111, 112, 95, 111, 98, 106, 95, 56, 8, 128, 11, 8, 8, 128, 3, 128, 8, 16, 0, 128, 13, 128, 0, 128, 33, 128, 0, 128, 13, 128, 8, 128, 14, 128, 0, 8, 128, 15, 128, 16, 8, 128, 17, 9, 8, 128, 3, 8, 8, 128, 4, 128, 42, 8, 128, 7, 128, 0, 8, 128, 8, 9, 8, 128, 46, 128, 9, 128, 0, 128, 11, 8, 128, 12, 128, 0, 16, 2, 8, 8, 8, 16, 9, 8, 128, 0, 16, 22, 8, 128, 0, 8, 211, 0, 154, 0, 21, 0, 155, 0, 29, 0, 157, 0, 158, 87, 78, 83, 46, 98, 97, 115, 101, 91, 78, 83, 46, 114, 101, 108, 97, 116, 105, 118, 101, 128, 0, 128, 6, 128, 5, 95, 16, 36, 104, 116, 116, 112, 58, 47, 47, 49, 50, 55, 46, 48, 46, 48, 46, 49, 58, 53, 54, 49, 48, 51, 47, 100, 111, 119, 110, 108, 111, 97, 100, 45, 115, 108, 111, 119, 210, 0, 161, 0, 162, 0, 163, 0, 164, 90, 36, 99, 108, 97, 115, 115, 110, 97, 109, 101, 88, 36, 99, 108, 97, 115, 115, 101, 115, 85, 78, 83, 85, 82, 76, 162, 0, 163, 0, 165, 88, 78, 83, 79, 98, 106, 101, 99, 116, 35, 64, 78, 0, 0, 0, 0, 0, 0, 211, 0, 154, 0, 21, 0, 155, 0, 29, 0, 157, 0, 170, 128, 0, 128, 6, 128, 10, 95, 16, 36, 104, 116, 116, 112, 58, 47, 47, 49, 50, 55, 46, 48, 46, 48, 46, 49, 58, 53, 54, 49, 48, 51, 47, 100, 111, 119, 110, 108, 111, 97, 100, 45, 115, 108, 111, 119, 9, 17, 1, 134, 16, 4, 83, 71, 69, 84, 211, 0, 177, 0, 178, 0, 21, 0, 179, 0, 187, 0, 195, 87, 78, 83, 46, 107, 101, 121, 115, 90, 78, 83, 46, 111, 98, 106, 101, 99, 116, 115, 167, 0, 180, 0, 181, 0, 182, 0, 183, 0, 184, 0, 185, 0, 186, 128, 18, 128, 19, 128, 20, 128, 21, 128, 22, 128, 23, 128, 24, 167, 0, 188, 0, 189, 0, 190, 0, 191, 0, 192, 0, 193, 0, 194, 128, 25, 128, 26, 128, 27, 128, 28, 128, 29, 128, 30, 128, 31, 128, 32, 86, 65, 99, 99, 101, 112, 116, 94, 83, 101, 99, 45, 70, 101, 116, 99, 104, 45, 83, 105, 116, 101, 88, 95, 95, 104, 104, 97, 97, 95, 95, 95, 16, 25, 85, 112, 103, 114, 97, 100, 101, 45, 73, 110, 115, 101, 99, 117, 114, 101, 45, 82, 101, 113, 117, 101, 115, 116, 115, 94, 83, 101, 99, 45, 70, 101, 116, 99, 104, 45, 77, 111, 100, 101, 90, 85, 115, 101, 114, 45, 65, 103, 101, 110, 116, 94, 83, 101, 99, 45, 70, 101, 116, 99, 104, 45, 68, 101, 115, 116, 95, 16, 63, 116, 101, 120, 116, 47, 104, 116, 109, 108, 44, 97, 112, 112, 108, 105, 99, 97, 116, 105, 111, 110, 47, 120, 104, 116, 109, 108, 43, 120, 109, 108, 44, 97, 112, 112, 108, 105, 99, 97, 116, 105, 111, 110, 47, 120, 109, 108, 59, 113, 61, 48, 46, 57, 44, 42, 47, 42, 59, 113, 61, 48, 46, 56, 84, 110, 111, 110, 101, 95, 17, 1, 252, 13, 10, 13, 10, 89, 110, 66, 115, 97, 88, 78, 48, 77, 68, 68, 87, 65, 81, 73, 68, 66, 65, 85, 71, 66, 119, 107, 76, 68, 81, 56, 82, 88, 108, 78, 108, 89, 121, 49, 71, 90, 88, 82, 106, 97, 67, 49, 69, 90, 88, 78, 48, 87, 108, 86, 122, 90, 88, 73, 116, 81, 87, 100, 108, 98, 110, 82, 102, 69, 66, 108, 86, 99, 71, 100, 121, 89, 87, 82, 108, 76, 85, 108, 117, 99, 50, 86, 106, 100, 88, 74, 108, 76, 86, 74, 108, 99, 88, 86, 108, 99, 51, 82, 122, 86, 107, 70, 106, 89, 50, 86, 119, 100, 70, 53, 84, 90, 87, 77, 116, 82, 109, 86, 48, 89, 50, 103, 116, 85, 50, 108, 48, 90, 86, 53, 84, 90, 87, 77, 116, 82, 109, 86, 48, 89, 50, 103, 116, 84, 87, 57, 107, 90, 97, 69, 73, 87, 71, 82, 118, 89, 51, 86, 116, 90, 87, 53, 48, 111, 81, 112, 102, 69, 70, 104, 78, 98, 51, 112, 112, 98, 71, 120, 104, 76, 122, 85, 117, 77, 67, 65, 111, 84, 87, 70, 106, 97, 87, 53, 48, 98, 51, 78, 111, 79, 121, 66, 74, 98, 110, 82, 108, 98, 67, 66, 78, 89, 87, 77, 103, 84, 49, 77, 103, 87, 67, 65, 120, 77, 70, 56, 120, 78, 86, 56, 51, 75, 83, 66, 66, 99, 72, 66, 115, 90, 86, 100, 108, 89, 107, 116, 112, 100, 67, 56, 50, 77, 68, 85, 117, 77, 83, 52, 120, 78, 83, 65, 111, 83, 48, 104, 85, 84, 85, 119, 115, 73, 71, 120, 112, 97, 50, 85, 103, 82, 50, 86, 106, 97, 50, 56, 112, 111, 81, 120, 82, 77, 97, 69, 79, 88, 120, 65, 47, 100, 71, 86, 52, 100, 67, 57, 111, 100, 71, 49, 115, 76, 71, 70, 119, 99, 71, 120, 112, 89, 50, 70, 48, 97, 87, 57, 117, 76, 51, 104, 111, 100, 71, 49, 115, 75, 51, 104, 116, 98, 67, 120, 104, 99, 72, 66, 115, 97, 87, 78, 104, 100, 71, 108, 118, 98, 105, 57, 52, 98, 87, 119, 55, 99, 84, 48, 119, 76, 106, 107, 115, 75, 105, 56, 113, 79, 51, 69, 57, 77, 67, 52, 52, 111, 82, 66, 85, 98, 109, 57, 117, 90, 97, 69, 83, 87, 71, 53, 104, 100, 109, 108, 110, 89, 88, 82, 108, 65, 65, 103, 65, 70, 81, 65, 107, 65, 67, 56, 65, 83, 119, 66, 83, 65, 71, 69, 65, 99, 65, 66, 121, 65, 72, 115, 65, 102, 81, 68, 89, 65, 78, 111, 65, 51, 65, 68, 101, 65, 83, 65, 66, 73, 103, 69, 110, 65, 83, 107, 65, 65, 65, 65, 65, 65, 65, 65, 67, 65, 81, 65, 65, 65, 65, 65, 65, 65, 65, 65, 84, 65, 65, 65, 65, 65, 65, 65, 65, 65, 65, 65, 65, 65, 65, 65, 65, 65, 65, 65, 66, 77, 103, 61, 61, 81, 49, 88, 110, 97, 118, 105, 103, 97, 116, 101, 95, 16, 88, 77, 111, 122, 105, 108, 108, 97, 47, 53, 46, 48, 32, 40, 77, 97, 99, 105, 110, 116, 111, 115, 104, 59, 32, 73, 110, 116, 101, 108, 32, 77, 97, 99, 32, 79, 83, 32, 88, 32, 49, 48, 95, 49, 53, 95, 55, 41, 32, 65, 112, 112, 108, 101, 87, 101, 98, 75, 105, 116, 47, 54, 48, 53, 46, 49, 46, 49, 53, 32, 40, 75, 72, 84, 77, 76, 44, 32, 108, 105, 107, 101, 32, 71, 101, 99, 107, 111, 41, 88, 100, 111, 99, 117, 109, 101, 110, 116, 210, 0, 161, 0, 162, 0, 211, 0, 212, 95, 16, 19, 78, 83, 77, 117, 116, 97, 98, 108, 101, 68, 105, 99, 116, 105, 111, 110, 97, 114, 121, 163, 0, 211, 0, 213, 0, 165, 92, 78, 83, 68, 105, 99, 116, 105, 111, 110, 97, 114, 121, 211, 0, 177, 0, 178, 0, 21, 0, 215, 0, 221, 0, 195, 165, 0, 216, 0, 217, 0, 218, 0, 219, 0, 220, 128, 34, 128, 35, 128, 36, 128, 37, 128, 38, 165, 0, 222, 0, 223, 0, 223, 0, 225, 0, 223, 128, 39, 128, 40, 128, 40, 128, 41, 128, 40, 128, 32, 95, 16, 42, 95, 107, 67, 70, 72, 84, 84, 80, 67, 111, 111, 107, 105, 101, 80, 111, 108, 105, 99, 121, 80, 114, 111, 112, 101, 114, 116, 121, 83, 105, 116, 101, 70, 111, 114, 67, 111, 111, 107, 105, 101, 115, 95, 16, 48, 95, 107, 67, 70, 72, 84, 84, 80, 67, 111, 111, 107, 105, 101, 80, 111, 108, 105, 99, 121, 80, 114, 111, 112, 101, 114, 116, 121, 73, 115, 84, 111, 112, 76, 101, 118, 101, 108, 78, 97, 118, 105, 103, 97, 116, 105, 111, 110, 95, 16, 21, 87, 75, 86, 101, 114, 121, 76, 111, 119, 76, 111, 97, 100, 80, 114, 105, 111, 114, 105, 116, 121, 95, 16, 24, 95, 107, 67, 70, 85, 82, 76, 67, 97, 99, 104, 101, 80, 97, 114, 116, 105, 116, 105, 111, 110, 75, 101, 121, 95, 16, 32, 107, 67, 70, 85, 82, 76, 82, 101, 113, 117, 101, 115, 116, 65, 108, 108, 111, 119, 65, 108, 108, 80, 79, 83, 84, 67, 97, 99, 104, 105, 110, 103, 95, 16, 36, 104, 116, 116, 112, 58, 47, 47, 49, 50, 55, 46, 48, 46, 48, 46, 49, 58, 53, 54, 49, 48, 51, 47, 100, 111, 119, 110, 108, 111, 97, 100, 45, 115, 108, 111, 119, 16, 1, 89, 49, 50, 55, 46, 48, 46, 48, 46, 49, 210, 0, 178, 0, 21, 0, 237, 0, 241, 163, 0, 114, 0, 239, 0, 240, 128, 14, 128, 43, 128, 44, 128, 45, 16, 12, 16, 5, 210, 0, 161, 0, 162, 0, 245, 0, 246, 87, 78, 83, 65, 114, 114, 97, 121, 162, 0, 245, 0, 165, 210, 0, 161, 0, 162, 0, 248, 0, 249, 95, 16, 19, 78, 83, 77, 117, 116, 97, 98, 108, 101, 85, 82, 76, 82, 101, 113, 117, 101, 115, 116, 163, 0, 250, 0, 251, 0, 165, 95, 16, 19, 78, 83, 77, 117, 116, 97, 98, 108, 101, 85, 82, 76, 82, 101, 113, 117, 101, 115, 116, 92, 78, 83, 85, 82, 76, 82, 101, 113, 117, 101, 115, 116, 223, 16, 58, 0, 44, 0, 45, 0, 46, 0, 47, 0, 48, 0, 49, 0, 50, 0, 51, 0, 52, 0, 53, 0, 54, 0, 55, 0, 56, 0, 57, 0, 58, 0, 59, 0, 60, 0, 61, 0, 62, 0, 63, 0, 64, 0, 65, 0, 66, 0, 67, 0, 68, 0, 69, 0, 70, 0, 71, 0, 72, 0, 73, 0, 74, 0, 75, 0, 76, 0, 77, 0, 78, 0, 79, 0, 80, 0, 81, 0, 82, 0, 21, 0, 83, 0, 84, 0, 85, 0, 86, 0, 87, 0, 88, 0, 89, 0, 90, 0, 91, 0, 92, 0, 93, 0, 94, 0, 95, 0, 96, 0, 97, 0, 98, 0, 99, 0, 100, 0, 28, 0, 31, 0, 102, 0, 28, 0, 31, 0, 28, 0, 31, 0, 105, 0, 106, 0, 107, 0, 108, 0, 29, 1, 5, 0, 29, 0, 108, 0, 106, 0, 114, 0, 29, 0, 31, 0, 117, 0, 118, 0, 31, 1, 15, 0, 121, 0, 31, 0, 105, 0, 31, 0, 31, 0, 42, 0, 126, 1, 22, 0, 31, 0, 129, 0, 29, 0, 28, 0, 31, 0, 106, 0, 121, 0, 31, 0, 135, 0, 136, 0, 29, 0, 28, 0, 102, 0, 42, 0, 31, 0, 140, 0, 29, 0, 142, 0, 31, 0, 31, 0, 31, 0, 146, 0, 31, 0, 29, 0, 149, 0, 31, 0, 29, 8, 128, 11, 8, 8, 128, 3, 128, 8, 128, 13, 128, 0, 128, 51, 128, 0, 128, 13, 128, 8, 128, 14, 128, 0, 8, 128, 15, 128, 16, 8, 128, 48, 9, 8, 128, 3, 8, 8, 128, 4, 128, 52, 8, 128, 7, 128, 0, 8, 128, 8, 9, 8, 128, 46, 128, 9, 128, 0, 128, 11, 8, 128, 12, 128, 0, 8, 8, 8, 8, 128, 0, 8, 128, 0, 211, 0, 177, 0, 178, 0, 21, 1, 45, 1, 53, 0, 195, 167, 0, 180, 0, 181, 0, 182, 0, 183, 0, 184, 0, 185, 0, 186, 128, 18, 128, 19, 128, 20, 128, 21, 128, 22, 128, 23, 128, 24, 167, 0, 188, 0, 189, 1, 56, 0, 191, 0, 192, 1, 59, 0, 194, 128, 25, 128, 26, 128, 49, 128, 28, 128, 29, 128, 50, 128, 31, 128, 32, 95, 17, 1, 252, 13, 10, 13, 10, 89, 110, 66, 115, 97, 88, 78, 48, 77, 68, 68, 87, 65, 81, 73, 68, 66, 65, 85, 71, 66, 119, 107, 76, 68, 81, 56, 82, 88, 108, 78, 108, 89, 121, 49, 71, 90, 88, 82, 106, 97, 67, 49, 69, 90, 88, 78, 48, 87, 108, 86, 122, 90, 88, 73, 116, 81, 87, 100, 108, 98, 110, 82, 102, 69, 66, 108, 86, 99, 71, 100, 121, 89, 87, 82, 108, 76, 85, 108, 117, 99, 50, 86, 106, 100, 88, 74, 108, 76, 86, 74, 108, 99, 88, 86, 108, 99, 51, 82, 122, 86, 107, 70, 106, 89, 50, 86, 119, 100, 70, 53, 84, 90, 87, 77, 116, 82, 109, 86, 48, 89, 50, 103, 116, 85, 50, 108, 48, 90, 86, 53, 84, 90, 87, 77, 116, 82, 109, 86, 48, 89, 50, 103, 116, 84, 87, 57, 107, 90, 97, 69, 73, 87, 71, 82, 118, 89, 51, 86, 116, 90, 87, 53, 48, 111, 81, 112, 102, 69, 70, 104, 78, 98, 51, 112, 112, 98, 71, 120, 104, 76, 122, 85, 117, 77, 67, 65, 111, 84, 87, 70, 106, 97, 87, 53, 48, 98, 51, 78, 111, 79, 121, 66, 74, 98, 110, 82, 108, 98, 67, 66, 78, 89, 87, 77, 103, 84, 49, 77, 103, 87, 67, 65, 120, 77, 70, 56, 120, 78, 86, 56, 51, 75, 83, 66, 66, 99, 72, 66, 115, 90, 86, 100, 108, 89, 107, 116, 112, 100, 67, 56, 50, 77, 68, 85, 117, 77, 83, 52, 120, 78, 83, 65, 111, 83, 48, 104, 85, 84, 85, 119, 115, 73, 71, 120, 112, 97, 50, 85, 103, 82, 50, 86, 106, 97, 50, 56, 112, 111, 81, 120, 82, 77, 97, 69, 79, 88, 120, 65, 47, 100, 71, 86, 52, 100, 67, 57, 111, 100, 71, 49, 115, 76, 71, 70, 119, 99, 71, 120, 112, 89, 50, 70, 48, 97, 87, 57, 117, 76, 51, 104, 111, 100, 71, 49, 115, 75, 51, 104, 116, 98, 67, 120, 104, 99, 72, 66, 115, 97, 87, 78, 104, 100, 71, 108, 118, 98, 105, 57, 52, 98, 87, 119, 55, 99, 84, 48, 119, 76, 106, 107, 115, 75, 105, 56, 113, 79, 51, 69, 57, 77, 67, 52, 52, 111, 82, 66, 85, 98, 109, 57, 117, 90, 97, 69, 83, 87, 71, 53, 104, 100, 109, 108, 110, 89, 88, 82, 108, 65, 65, 103, 65, 70, 81, 65, 107, 65, 67, 56, 65, 83, 119, 66, 83, 65, 71, 69, 65, 99, 65, 66, 121, 65, 72, 115, 65, 102, 81, 68, 89, 65, 78, 111, 65, 51, 65, 68, 101, 65, 83, 65, 66, 73, 103, 69, 110, 65, 83, 107, 65, 65, 65, 65, 65, 65, 65, 65, 67, 65, 81, 65, 65, 65, 65, 65, 65, 65, 65, 65, 84, 65, 65, 65, 65, 65, 65, 65, 65, 65, 65, 65, 65, 65, 65, 65, 65, 65, 65, 65, 66, 77, 103, 61, 61, 95, 16, 88, 77, 111, 122, 105, 108, 108, 97, 47, 53, 46, 48, 32, 40, 77, 97, 99, 105, 110, 116, 111, 115, 104, 59, 32, 73, 110, 116, 101, 108, 32, 77, 97, 99, 32, 79, 83, 32, 88, 32, 49, 48, 95, 49, 53, 95, 55, 41, 32, 65, 112, 112, 108, 101, 87, 101, 98, 75, 105, 116, 47, 54, 48, 53, 46, 49, 46, 49, 53, 32, 40, 75, 72, 84, 77, 76, 44, 32, 108, 105, 107, 101, 32, 71, 101, 99, 107, 111, 41, 211, 0, 177, 0, 178, 0, 21, 1, 65, 1, 71, 0, 195, 165, 0, 216, 0, 217, 0, 218, 0, 219, 0, 220, 128, 34, 128, 35, 128, 36, 128, 37, 128, 38, 165, 0, 222, 0, 223, 0, 223, 0, 225, 0, 223, 128, 39, 128, 40, 128, 40, 128, 41, 128, 40, 128, 32, 210, 0, 178, 0, 21, 1, 79, 0, 241, 163, 0, 114, 0, 239, 0, 240, 128, 14, 128, 43, 128, 44, 128, 45, 221, 0, 89, 0, 80, 0, 98, 0, 69, 1, 85, 0, 83, 0, 21, 0, 73, 1, 86, 0, 91, 0, 86, 0, 76, 0, 95, 1, 87, 1, 88, 1, 89, 0, 126, 0, 146, 1, 91, 1, 92, 1, 93, 0, 31, 1, 95, 0, 29, 1, 97, 1, 98, 82, 36, 51, 82, 36, 52, 128, 73, 128, 56, 16, 7, 128, 4, 128, 57, 128, 75, 128, 54, 8, 16, 8, 128, 0, 128, 55, 16, 1, 35, 65, 200, 58, 207, 1, 142, 227, 231, 16, 200, 211, 0, 177, 0, 178, 0, 21, 1, 102, 1, 111, 0, 195, 168, 1, 103, 1, 104, 0, 182, 1, 106, 1, 107, 1, 108, 1, 109, 1, 110, 128, 58, 128, 59, 128, 20, 128, 60, 128, 61, 128, 62, 128, 63, 128, 64, 168, 1, 112, 1, 113, 1, 114, 1, 115, 1, 116, 1, 117, 1, 118, 1, 119, 128, 65, 128, 66, 128, 67, 128, 68, 128, 69, 128, 70, 128, 71, 128, 72, 128, 32, 84, 69, 116, 97, 103, 92, 67, 111, 110, 116, 101, 110, 116, 45, 84, 121, 112, 101, 93, 76, 97, 115, 116, 45, 77, 111, 100, 105, 102, 105, 101, 100, 93, 65, 99, 99, 101, 112, 116, 45, 82, 97, 110, 103, 101, 115, 95, 16, 19, 67, 111, 110, 116, 101, 110, 116, 45, 68, 105, 115, 112, 111, 115, 105, 116, 105, 111, 110, 94, 67, 111, 110, 116, 101, 110, 116, 45, 76, 101, 110, 103, 116, 104, 90, 67, 111, 110, 110, 101, 99, 116, 105, 111, 110, 95, 16, 28, 34, 115, 99, 114, 121, 105, 110, 103, 45, 116, 101, 115, 116, 45, 101, 116, 97, 103, 45, 100, 101, 97, 100, 98, 101, 101, 102, 34, 95, 16, 24, 97, 112, 112, 108, 105, 99, 97, 116, 105, 111, 110, 47, 111, 99, 116, 101, 116, 45, 115, 116, 114, 101, 97, 109, 95, 17, 1, 232, 13, 10, 13, 10, 89, 110, 66, 115, 97, 88, 78, 48, 77, 68, 68, 88, 65, 81, 73, 68, 66, 65, 85, 71, 66, 119, 103, 75, 68, 65, 52, 81, 69, 104, 82, 97, 81, 50, 57, 117, 98, 109, 86, 106, 100, 71, 108, 118, 98, 108, 120, 68, 98, 50, 53, 48, 90, 87, 53, 48, 76, 86, 82, 53, 99, 71, 86, 100, 84, 71, 70, 122, 100, 67, 49, 78, 98, 50, 82, 112, 90, 109, 108, 108, 90, 70, 49, 66, 89, 50, 78, 108, 99, 72, 81, 116, 85, 109, 70, 117, 90, 50, 86, 122, 88, 120, 65, 84, 81, 50, 57, 117, 100, 71, 86, 117, 100, 67, 49, 69, 97, 88, 78, 119, 98, 51, 78, 112, 100, 71, 108, 118, 98, 108, 53, 68, 98, 50, 53, 48, 90, 87, 53, 48, 76, 85, 120, 108, 98, 109, 100, 48, 97, 70, 82, 70, 100, 71, 70, 110, 111, 81, 108, 86, 89, 50, 120, 118, 99, 50, 87, 104, 67, 49, 56, 81, 71, 71, 70, 119, 99, 71, 120, 112, 89, 50, 70, 48, 97, 87, 57, 117, 76, 50, 57, 106, 100, 71, 86, 48, 76, 88, 78, 48, 99, 109, 86, 104, 98, 97, 69, 78, 88, 120, 65, 100, 84, 87, 57, 117, 76, 67, 65, 119, 77, 83, 66, 75, 89, 87, 52, 103, 77, 106, 65, 121, 78, 67, 65, 119, 77, 68, 111, 119, 77, 68, 111, 119, 77, 67, 66, 72, 84, 86, 83, 104, 68, 49, 86, 105, 101, 88, 82, 108, 99, 54, 69, 82, 88, 120, 65, 114, 89, 88, 82, 48, 89, 87, 78, 111, 98, 87, 86, 117, 100, 68, 115, 103, 90, 109, 108, 115, 90, 87, 53, 104, 98, 87, 85, 57, 73, 110, 78, 106, 99, 110, 108, 112, 98, 109, 99, 116, 90, 71, 57, 51, 98, 109, 120, 118, 89, 87, 81, 117, 89, 109, 108, 117, 73, 113, 69, 84, 86, 106, 73, 50, 77, 106, 69, 48, 78, 75, 69, 86, 88, 120, 65, 99, 73, 110, 78, 106, 99, 110, 108, 112, 98, 109, 99, 116, 100, 71, 86, 122, 100, 67, 49, 108, 100, 71, 70, 110, 76, 87, 82, 108, 89, 87, 82, 105, 90, 87, 86, 109, 73, 103, 65, 73, 65, 66, 99, 65, 73, 103, 65, 118, 65, 68, 48, 65, 83, 119, 66, 104, 65, 72, 65, 65, 100, 81, 66, 51, 65, 72, 48, 65, 102, 119, 67, 97, 65, 74, 119, 65, 118, 65, 67, 43, 65, 77, 81, 65, 120, 103, 68, 48, 65, 80, 89, 65, 47, 81, 68, 47, 65, 65, 65, 65, 65, 65, 65, 65, 65, 103, 69, 65, 65, 65, 65, 65, 65, 65, 65, 65, 70, 103, 65, 65, 65, 65, 65, 65, 65, 65, 65, 65, 65, 65, 65, 65, 65, 65, 65, 65, 65, 82, 52, 61, 95, 16, 29, 77, 111, 110, 44, 32, 48, 49, 32, 74, 97, 110, 32, 50, 48, 50, 52, 32, 48, 48, 58, 48, 48, 58, 48, 48, 32, 71, 77, 84, 85, 98, 121, 116, 101, 115, 95, 16, 43, 97, 116, 116, 97, 99, 104, 109, 101, 110, 116, 59, 32, 102, 105, 108, 101, 110, 97, 109, 101, 61, 34, 115, 99, 114, 121, 105, 110, 103, 45, 100, 111, 119, 110, 108, 111, 97, 100, 46, 98, 105, 110, 34, 86, 50, 54, 50, 49, 52, 52, 85, 99, 108, 111, 115, 101, 210, 0, 21, 1, 137, 1, 138, 1, 139, 89, 78, 83, 46, 115, 116, 114, 105, 110, 103, 128, 74, 95, 16, 24, 97, 112, 112, 108, 105, 99, 97, 116, 105, 111, 110, 47, 111, 99, 116, 101, 116, 45, 115, 116, 114, 101, 97, 109, 210, 0, 161, 0, 162, 1, 141, 1, 142, 95, 16, 15, 78, 83, 77, 117, 116, 97, 98, 108, 101, 83, 116, 114, 105, 110, 103, 163, 1, 141, 1, 143, 0, 165, 88, 78, 83, 83, 116, 114, 105, 110, 103, 210, 0, 161, 0, 162, 1, 145, 1, 146, 95, 16, 17, 78, 83, 72, 84, 84, 80, 85, 82, 76, 82, 101, 115, 112, 111, 110, 115, 101, 163, 1, 147, 1, 148, 0, 165, 95, 16, 17, 78, 83, 72, 84, 84, 80, 85, 82, 76, 82, 101, 115, 112, 111, 110, 115, 101, 93, 78, 83, 85, 82, 76, 82, 101, 115, 112, 111, 110, 115, 101, 211, 0, 154, 0, 21, 0, 155, 0, 29, 0, 157, 1, 152, 128, 0, 128, 6, 128, 77, 95, 16, 120, 102, 105, 108, 101, 58, 47, 47, 47, 85, 115, 101, 114, 115, 47, 109, 97, 114, 107, 105, 107, 47, 67, 111, 100, 101, 47, 116, 97, 114, 103, 101, 116, 115, 47, 119, 103, 112, 117, 45, 115, 99, 114, 121, 45, 104, 97, 114, 100, 119, 97, 114, 101, 47, 100, 101, 109, 111, 45, 109, 97, 99, 45, 100, 111, 119, 110, 108, 111, 97, 100, 45, 116, 101, 115, 116, 45, 54, 57, 51, 48, 48, 47, 100, 111, 119, 110, 108, 111, 97, 100, 45, 111, 117, 116, 112, 117, 116, 47, 115, 99, 114, 121, 105, 110, 103, 45, 100, 111, 119, 110, 108, 111, 97, 100, 45, 50, 46, 98, 105, 110, 210, 0, 161, 0, 162, 1, 155, 1, 156, 95, 16, 30, 78, 87, 85, 82, 76, 83, 101, 115, 115, 105, 111, 110, 68, 111, 119, 110, 108, 111, 97, 100, 82, 101, 115, 117, 109, 101, 73, 110, 102, 111, 163, 1, 157, 1, 158, 0, 165, 95, 16, 30, 78, 87, 85, 82, 76, 83, 101, 115, 115, 105, 111, 110, 68, 111, 119, 110, 108, 111, 97, 100, 82, 101, 115, 117, 109, 101, 73, 110, 102, 111, 95, 16, 22, 78, 87, 85, 82, 76, 83, 101, 115, 115, 105, 111, 110, 82, 101, 115, 117, 109, 101, 73, 110, 102, 111, 0, 8, 0, 25, 0, 34, 0, 44, 0, 49, 0, 58, 0, 63, 0, 81, 0, 86, 0, 91, 0, 93, 0, 254, 1, 4, 1, 67, 1, 82, 1, 100, 1, 134, 1, 158, 1, 167, 1, 175, 1, 212, 1, 230, 1, 237, 1, 252, 2, 16, 2, 45, 2, 54, 2, 67, 2, 77, 2, 79, 2, 81, 2, 90, 2, 91, 2, 96, 2, 98, 2, 103, 2, 105, 2, 107, 2, 109, 2, 111, 2, 112, 2, 114, 2, 116, 2, 125, 3, 104, 3, 131, 3, 152, 3, 186, 3, 209, 3, 223, 4, 0, 4, 22, 4, 57, 4, 92, 4, 104, 4, 139, 4, 174, 4, 203, 4, 238, 5, 17, 5, 52, 5, 87, 5, 122, 5, 149, 5, 184, 5, 219, 5, 244, 6, 23, 6, 63, 6, 85, 6, 119, 6, 152, 6, 177, 6, 206, 6, 240, 7, 26, 7, 57, 7, 91, 7, 106, 7, 116, 7, 139, 7, 173, 7, 224, 8, 12, 8, 46, 8, 73, 8, 104, 8, 138, 8, 157, 8, 178, 8, 212, 8, 240, 8, 243, 9, 24, 9, 37, 9, 48, 9, 51, 9, 81, 9, 115, 9, 118, 9, 154, 9, 188, 9, 189, 9, 191, 9, 192, 9, 193, 9, 195, 9, 197, 9, 199, 9, 201, 9, 203, 9, 205, 9, 207, 9, 209, 9, 211, 9, 213, 9, 215, 9, 216, 9, 218, 9, 220, 9, 221, 9, 223, 9, 224, 9, 225, 9, 227, 9, 228, 9, 229, 9, 231, 9, 233, 9, 234, 9, 236, 9, 238, 9, 239, 9, 241, 9, 242, 9, 243, 9, 245, 9, 247, 9, 249, 9, 251, 9, 252, 9, 254, 10, 0, 10, 2, 10, 3, 10, 4, 10, 5, 10, 7, 10, 8, 10, 10, 10, 12, 10, 13, 10, 15, 10, 16, 10, 29, 10, 37, 10, 49, 10, 51, 10, 53, 10, 55, 10, 94, 10, 103, 10, 114, 10, 123, 10, 129, 10, 134, 10, 143, 10, 152, 10, 165, 10, 167, 10, 169, 10, 171, 10, 210, 10, 211, 10, 214, 10, 216, 10, 220, 10, 233, 10, 241, 10, 252, 11, 11, 11, 13, 11, 15, 11, 17, 11, 19, 11, 21, 11, 23, 11, 25, 11, 40, 11, 42, 11, 44, 11, 46, 11, 48, 11, 50, 11, 52, 11, 54, 11, 56, 11, 63, 11, 78, 11, 87, 11, 115, 11, 130, 11, 141, 11, 156, 11, 222, 11, 227, 13, 227, 13, 229, 13, 238, 14, 73, 14, 82, 14, 91, 14, 113, 14, 120, 14, 133, 14, 146, 14, 157, 14, 159, 14, 161, 14, 163, 14, 165, 14, 167, 14, 178, 14, 180, 14, 182, 14, 184, 14, 186, 14, 188, 14, 190, 14, 235, 15, 30, 15, 54, 15, 81, 15, 116, 15, 155, 15, 157, 15, 167, 15, 176, 15, 183, 15, 185, 15, 187, 15, 189, 15, 191, 15, 193, 15, 195, 15, 204, 15, 212, 15, 217, 15, 226, 15, 248, 15, 255, 16, 21, 16, 34, 17, 13, 17, 14, 17, 16, 17, 17, 17, 18, 17, 20, 17, 22, 17, 24, 17, 26, 17, 28, 17, 30, 17, 32, 17, 34, 17, 36, 17, 38, 17, 39, 17, 41, 17, 43, 17, 44, 17, 46, 17, 47, 17, 48, 17, 50, 17, 51, 17, 52, 17, 54, 17, 56, 17, 57, 17, 59, 17, 61, 17, 62, 17, 64, 17, 65, 17, 66, 17, 68, 17, 70, 17, 72, 17, 74, 17, 75, 17, 77, 17, 79, 17, 80, 17, 81, 17, 82, 17, 83, 17, 85, 17, 86, 17, 88, 17, 101, 17, 116, 17, 118, 17, 120, 17, 122, 17, 124, 17, 126, 17, 128, 17, 130, 17, 145, 17, 147, 17, 149, 17, 151, 17, 153, 17, 155, 17, 157, 17, 159, 17, 161, 19, 161, 19, 252, 20, 9, 20, 20, 20, 22, 20, 24, 20, 26, 20, 28, 20, 30, 20, 41, 20, 43, 20, 45, 20, 47, 20, 49, 20, 51, 20, 53, 20, 62, 20, 69, 20, 71, 20, 73, 20, 75, 20, 77, 20, 130, 20, 133, 20, 136, 20, 138, 20, 140, 20, 142, 20, 144, 20, 146, 20, 148, 20, 150, 20, 151, 20, 153, 20, 155, 20, 157, 20, 159, 20, 168, 20, 170, 20, 183, 20, 200, 20, 202, 20, 204, 20, 206, 20, 208, 20, 210, 20, 212, 20, 214, 20, 216, 20, 233, 20, 235, 20, 237, 20, 239, 20, 241, 20, 243, 20, 245, 20, 247, 20, 249, 20, 251, 21, 0, 21, 13, 21, 27, 21, 41, 21, 63, 21, 78, 21, 89, 21, 120, 21, 147, 23, 127, 23, 159, 23, 165, 23, 211, 23, 218, 23, 224, 23, 233, 23, 243, 23, 245, 24, 16, 24, 25, 24, 43, 24, 50, 24, 59, 24, 68, 24, 88, 24, 95, 24, 115, 24, 129, 24, 142, 24, 144, 24, 146, 24, 148, 25, 15, 25, 24, 25, 57, 25, 64, 25, 97, 0, 0, 0, 0, 0, 0, 2, 2, 0, 0, 0, 0, 0, 0, 1, 159, 0, 0, 0, 0, 0, 0, 0, 0, 0, 0, 0, 0, 0, 0, 25, 122, 95, 16, 113, 47, 85, 115, 101, 114, 115, 47, 109, 97, 114, 107, 105, 107, 47, 67, 111, 100, 101, 47, 116, 97, 114, 103, 101, 116, 115, 47, 119, 103, 112, 117, 45, 115, 99, 114, 121, 45, 104, 97, 114, 100, 119, 97, 114, 101, 47, 100, 101, 109, 111, 45, 109, 97, 99, 45, 100, 111, 119, 110, 108, 111, 97, 100, 45, 116, 101, 115, 116, 45, 54, 57, 51, 48, 48, 47, 100, 111, 119, 110, 108, 111, 97, 100, 45, 111, 117, 116, 112, 117, 116, 47, 115, 99, 114, 121, 105, 110, 103, 45, 100, 111, 119, 110, 108, 111, 97, 100, 45, 50, 46, 98, 105, 110, 210, 28, 29, 30, 31, 90, 36, 99, 108, 97, 115, 115, 110, 97, 109, 101, 88, 36, 99, 108, 97, 115, 115, 101, 115, 92, 78, 83, 68, 105, 99, 116, 105, 111, 110, 97, 114, 121, 162, 30, 32, 88, 78, 83, 79, 98, 106, 101, 99, 116, 0, 8, 0, 17, 0, 26, 0, 36, 0, 41, 0, 50, 0, 55, 0, 73, 0, 76, 0, 106, 0, 108, 0, 116, 0, 122, 0, 129, 0, 137, 0, 148, 0, 155, 0, 158, 0, 160, 0, 162, 0, 165, 0, 167, 0, 169, 0, 171, 0, 176, 0, 210, 29, 174, 30, 34, 30, 39, 30, 50, 30, 59, 30, 72, 30, 75, 0, 0, 0, 0, 0, 0, 2, 1, 0, 0, 0, 0, 0, 0, 0, 33, 0, 0, 0, 0, 0, 0, 0, 0, 0, 0, 0, 0, 0, 0, 30, 84]) }
2026-10-06T21:22:17.3909050Z demo-mac: download-test: phase E: DownloadCancelled with 7862 bytes of resume_data
2026-10-06T21:22:17.3909300Z demo-mac: download-test: phase E: resume_download issued, resumed id = 5
2026-10-06T21:22:17.3909870Z demo-mac: nav event: DownloadStarted { id: DownloadId(5), url: "", suggested_filename: "scrying-download-2.bin", destination_path: "/Users/markik/Code/targets/wgpu-scry-hardware/demo-mac-download-test-69300/download-output/scrying-download-2.bin", total_bytes_expected: None }
2026-10-06T21:22:17.3910490Z demo-mac: nav event: DownloadProgress { id: DownloadId(5), bytes_written: 262144, total_bytes_expected: None }
2026-10-06T21:22:17.3911000Z demo-mac: nav event: DownloadFinished { id: DownloadId(5), destination_path: "/Users/markik/Code/targets/wgpu-scry-hardware/demo-mac-download-test-69300/download-output/scrying-download-2.bin", error: None }
2026-10-06T21:22:17.3911490Z demo-mac: download-test: phase E: resumed download produced 262144 bytes matching the expected payload
2026-10-06T21:22:17.3911900Z demo-mac: download-test: PASS — item 8 download pipeline verified
2026-10-06T21:22:17.3912170Z   - basic: DownloadStarted/Progress/Finished events landed with id 1 and bytes match served payload
2026-10-06T21:22:17.3912470Z   - host Cancel decision: DownloadCancelled fired (no Started, no Finished) for id 2
2026-10-06T21:22:17.3912680Z   - cancel_download(unknown_id): returned Ok(false) as expected
2026-10-06T21:22:17.3912980Z   - basic-auth download via start_download: shared auth handler supplied credentials, download succeeded (download-level auth callback fired = true)
2026-10-06T21:22:17.3913420Z   - resume: cancelled mid-stream (id 4), resume_download produced complete bytes (resumed id 5)
2026-10-06T21:22:17.3913630Z   -> PASS
2026-10-06T21:22:17.3913700Z 
2026-10-06T21:22:17.3913740Z ==> --profile-test
2026-10-06T21:22:18.0775280Z demo-mac: --profile-test: spun up persistent counterpart at same data_dir
2026-10-06T21:22:18.0775580Z demo-mac: profile-test: set_cookie 'scrying-profile-69476' on producer #1
2026-10-06T21:22:18.0775810Z demo-mac: profile-test: producer #1 store reports 1 cookie(s)
2026-10-06T21:22:18.0776010Z demo-mac: profile-test: producer #2 store reports 1 cookie(s)
2026-10-06T21:22:18.0776360Z demo-mac: profile-test: PASS — persistent stores at the same data_dir share cookies
2026-10-06T21:22:18.0776610Z   - set_cookie on producer #1 was visible to its own request_all_cookies
2026-10-06T21:22:18.0776840Z   - same cookie was visible to a separate persistent producer at the same data_dir
2026-10-06T21:22:18.0791310Z   -> PASS
2026-10-06T21:22:18.0805270Z 
2026-10-06T21:22:18.0805480Z ==> --two-tabs
2026-10-06T21:22:26.5357250Z demo-mac: --two-tabs: spun up second producer
2026-10-06T21:22:26.5357500Z demo-mac: [tab2] nav event: Starting { url: "scrying-test://history-2" }
2026-10-06T21:22:26.5357790Z demo-mac: [tab2] nav event: SourceChanged { url: "scrying-test://history-2" }
2026-10-06T21:22:26.5358000Z demo-mac: [tab2] js->host: loaded:history-2
2026-10-06T21:22:26.5358210Z demo-mac: [tab2] nav event: Completed { url: "scrying-test://history-2", success: true }
2026-10-06T21:22:26.5358470Z demo-mac: nav event: Starting { url: "scrying-test://history-1" }
2026-10-06T21:22:26.5358700Z demo-mac: nav event: SourceChanged { url: "scrying-test://history-1" }
2026-10-06T21:22:26.5358890Z demo-mac: js->host: loaded:history-1
2026-10-06T21:22:26.5359080Z demo-mac: nav event: Completed { url: "scrying-test://history-1", success: true }
2026-10-06T21:22:26.5359580Z demo-mac: two-tabs: PASS — multi-instance independence verified (3 tab-1 urls, 3 tab-2 urls, no cross-talk)
2026-10-06T21:22:26.5372540Z   -> PASS
2026-10-06T21:22:26.5385890Z 
2026-10-06T21:22:26.5386010Z ==> --capture-test
2026-10-06T21:23:00.0572950Z demo-mac: started loading scrying-test://capture
2026-10-06T21:23:00.0573150Z demo-mac: start_capture_async kicked off
2026-10-06T21:23:00.0573370Z demo-mac: nav event: Starting { url: "scrying-test://capture" }
2026-10-06T21:23:00.0573600Z demo-mac: nav event: SourceChanged { url: "scrying-test://capture" }
2026-10-06T21:23:00.0573860Z demo-mac: nav event: Completed { url: "scrying-test://capture", success: true }
2026-10-06T21:23:00.0574060Z demo-mac: capture-test: FAIL
2026-10-06T21:23:00.0574250Z   - captured 3 frame(s) within 30s without observing 5 frame(s) at every expected size
2026-10-06T21:23:00.0574480Z   - observed 3 frame(s) at 1024x1536, expected at least 5
2026-10-06T21:23:00.0574840Z   - pre-import frame diagnostics: no-latest-sample=1318997, no-image-payload=0, config-revision-pending=0, source-dimension-mismatch=0, empty-crop=0
2026-10-06T21:23:00.0575290Z   - SCK frame statuses: missing=0, complete=3, idle=0, blank=0, suspended=0, started=0, stopped=0, unknown=0, last=Some(0)
2026-10-06T21:23:00.0575780Z   - capture revisions: requested=0, applied=0; last source dimensions=Some(PhysicalSize { width: 2048, height: 1600 }), expected host dimensions=Some(PhysicalSize { width: 2048, height: 1600 })
2026-10-06T21:23:00.0588850Z   -> FAIL (PASS receipt absent)
2026-10-06T21:23:00.0602700Z 
2026-10-06T21:23:00.0602880Z ==> --capture-test+resize
2026-10-06T21:23:33.4519260Z demo-mac: started loading scrying-test://capture
2026-10-06T21:23:33.4520130Z demo-mac: start_capture_async kicked off
2026-10-06T21:23:33.4520390Z demo-mac: nav event: Starting { url: "scrying-test://capture" }
2026-10-06T21:23:33.4520640Z demo-mac: nav event: SourceChanged { url: "scrying-test://capture" }
2026-10-06T21:23:33.4520890Z demo-mac: nav event: Completed { url: "scrying-test://capture", success: true }
2026-10-06T21:23:33.4521430Z demo-mac: resize-test step 0 → request logical inner_size = 1280x800
2026-10-06T21:23:33.4521680Z demo-mac: resize-test step 1 → request logical inner_size = 768x600
2026-10-06T21:23:33.4521920Z demo-mac: resize-test step 2 → request logical inner_size = 1024x700
2026-10-06T21:23:33.4522110Z demo-mac: capture-test: FAIL
2026-10-06T21:23:33.4522500Z   - captured 11 frame(s) within 30s without observing 3 frame(s) at every expected size
2026-10-06T21:23:33.4522750Z   - observed 2 frame(s) at 1024x1536, expected at least 3
2026-10-06T21:23:33.4523110Z   - pre-import frame diagnostics: no-latest-sample=1300571, no-image-payload=0, config-revision-pending=0, source-dimension-mismatch=0, empty-crop=0
2026-10-06T21:23:33.4523570Z   - SCK frame statuses: missing=0, complete=11, idle=0, blank=0, suspended=0, started=0, stopped=0, unknown=0, last=Some(0)
2026-10-06T21:23:33.4524150Z   - capture revisions: requested=3, applied=3; last source dimensions=Some(PhysicalSize { width: 2048, height: 1464 }), expected host dimensions=Some(PhysicalSize { width: 2048, height: 1464 })
2026-10-06T21:23:33.4535850Z   -> FAIL (PASS receipt absent)
2026-10-06T21:23:33.4552510Z 
2026-10-06T21:23:33.4552600Z ==> summary
2026-10-06T21:23:33.4553010Z   passed: 8 / 10
2026-10-06T21:23:33.4553320Z   failed: 2
2026-10-06T21:23:33.4553710Z     - --capture-test
2026-10-06T21:23:33.4558380Z     - --capture-test+resize
2026-10-06T21:23:33.5160320Z ##[error]Process completed with exit code 1.
2026-10-06T21:23:33.5198150Z Post job cleanup.
2026-10-06T21:23:33.5531640Z Released host hardware lock at /var/folders/96/dck6q6xj3490x43zr8fb8pbm0000gp/T/merely-wgpu-hardware-lock/host.lock
2026-10-06T21:23:33.5579880Z Post job cleanup.
2026-10-06T21:23:33.6118090Z [command]/usr/bin/git version
2026-10-06T21:23:33.6199410Z git version 2.50.1 (Apple Git-155)
2026-10-06T21:23:33.6210650Z Copying '/Users/markik/.gitconfig' to '/Users/markik/actions-runner-wgpu/_work/_temp/94fb7ee5-24ca-4ce4-97df-d27c3bcae513/.gitconfig'
2026-10-06T21:23:33.6214570Z Temporarily overriding HOME='/Users/markik/actions-runner-wgpu/_work/_temp/94fb7ee5-24ca-4ce4-97df-d27c3bcae513' before making global git config changes
2026-10-06T21:23:33.6215020Z Adding repository directory to the temporary git global config as a safe directory
2026-10-06T21:23:33.6216710Z [command]/usr/bin/git config --global --add safe.directory /Users/markik/actions-runner-wgpu/_work/wgpu-scry/wgpu-scry/.host-hardware-lock
2026-10-06T21:23:33.7041850Z Removing SSH command configuration
2026-10-06T21:23:33.7044180Z [command]/usr/bin/git config --local --name-only --get-regexp core\.sshCommand
2026-10-06T21:23:33.7117250Z [command]/usr/bin/git submodule foreach --recursive sh -c "git config --local --name-only --get-regexp 'core\.sshCommand' && git config --local --unset-all 'core.sshCommand' || :"
2026-10-06T21:23:33.7636090Z Removing HTTP extra header
2026-10-06T21:23:33.7638040Z [command]/usr/bin/git config --local --name-only --get-regexp http\.https\:\/\/github\.com\/\.extraheader
2026-10-06T21:23:33.7712760Z [command]/usr/bin/git submodule foreach --recursive sh -c "git config --local --name-only --get-regexp 'http\.https\:\/\/github\.com\/\.extraheader' && git config --local --unset-all 'http.https://github.com/.extraheader' || :"
2026-10-06T21:23:33.8231200Z Removing includeIf entries pointing to credentials config files
2026-10-06T21:23:33.8234080Z [command]/usr/bin/git config --local --name-only --get-regexp ^includeIf\.gitdir:
2026-10-06T21:23:33.8305560Z includeif.gitdir:/Users/markik/actions-runner-wgpu/_work/wgpu-scry/wgpu-scry/.host-hardware-lock/.git.path
2026-10-06T21:23:33.8306020Z includeif.gitdir:/Users/markik/actions-runner-wgpu/_work/wgpu-scry/wgpu-scry/.host-hardware-lock/.git/worktrees/*.path
2026-10-06T21:23:33.8306370Z includeif.gitdir:/github/workspace/.host-hardware-lock/.git.path
2026-10-06T21:23:33.8306640Z includeif.gitdir:/github/workspace/.host-hardware-lock/.git/worktrees/*.path
2026-10-06T21:23:33.8309700Z [command]/usr/bin/git config --local --get-all includeif.gitdir:/Users/markik/actions-runner-wgpu/_work/wgpu-scry/wgpu-scry/.host-hardware-lock/.git.path
2026-10-06T21:23:33.8370750Z /Users/markik/actions-runner-wgpu/_work/_temp/git-credentials-ed7d2d50-b28b-46ba-890d-394aaddf59f3.config
2026-10-06T21:23:33.8375510Z [command]/usr/bin/git config --local --unset includeif.gitdir:/Users/markik/actions-runner-wgpu/_work/wgpu-scry/wgpu-scry/.host-hardware-lock/.git.path \/Users\/markik\/actions\-runner\-wgpu\/_work\/_temp\/git\-credentials\-ed7d2d50\-b28b\-46ba\-890d\-394aaddf59f3\.config
2026-10-06T21:23:33.8441850Z [command]/usr/bin/git config --local --get-all includeif.gitdir:/Users/markik/actions-runner-wgpu/_work/wgpu-scry/wgpu-scry/.host-hardware-lock/.git/worktrees/*.path
2026-10-06T21:23:33.8503710Z /Users/markik/actions-runner-wgpu/_work/_temp/git-credentials-ed7d2d50-b28b-46ba-890d-394aaddf59f3.config
2026-10-06T21:23:33.8508040Z [command]/usr/bin/git config --local --unset includeif.gitdir:/Users/markik/actions-runner-wgpu/_work/wgpu-scry/wgpu-scry/.host-hardware-lock/.git/worktrees/*.path \/Users\/markik\/actions\-runner\-wgpu\/_work\/_temp\/git\-credentials\-ed7d2d50\-b28b\-46ba\-890d\-394aaddf59f3\.config
2026-10-06T21:23:33.8570780Z [command]/usr/bin/git config --local --get-all includeif.gitdir:/github/workspace/.host-hardware-lock/.git.path
2026-10-06T21:23:33.8632530Z /github/runner_temp/git-credentials-ed7d2d50-b28b-46ba-890d-394aaddf59f3.config
2026-10-06T21:23:33.8636240Z [command]/usr/bin/git config --local --unset includeif.gitdir:/github/workspace/.host-hardware-lock/.git.path \/github\/runner_temp\/git\-credentials\-ed7d2d50\-b28b\-46ba\-890d\-394aaddf59f3\.config
2026-10-06T21:23:33.8701480Z [command]/usr/bin/git config --local --get-all includeif.gitdir:/github/workspace/.host-hardware-lock/.git/worktrees/*.path
2026-10-06T21:23:33.8767140Z /github/runner_temp/git-credentials-ed7d2d50-b28b-46ba-890d-394aaddf59f3.config
2026-10-06T21:23:33.8770580Z [command]/usr/bin/git config --local --unset includeif.gitdir:/github/workspace/.host-hardware-lock/.git/worktrees/*.path \/github\/runner_temp\/git\-credentials\-ed7d2d50\-b28b\-46ba\-890d\-394aaddf59f3\.config
2026-10-06T21:23:33.8835790Z [command]/usr/bin/git submodule foreach --recursive git config --local --show-origin --name-only --get-regexp remote.origin.url
2026-10-06T21:23:33.9324650Z Removing credentials config '/Users/markik/actions-runner-wgpu/_work/_temp/git-credentials-ed7d2d50-b28b-46ba-890d-394aaddf59f3.config'
2026-10-06T21:23:33.9392780Z Post job cleanup.
2026-10-06T21:23:33.9927690Z [command]/usr/bin/git version
2026-10-06T21:23:34.0006940Z git version 2.50.1 (Apple Git-155)
2026-10-06T21:23:34.0017220Z Copying '/Users/markik/.gitconfig' to '/Users/markik/actions-runner-wgpu/_work/_temp/a7f5b51f-6fcb-4c56-be6f-100db36e736c/.gitconfig'
2026-10-06T21:23:34.0021890Z Temporarily overriding HOME='/Users/markik/actions-runner-wgpu/_work/_temp/a7f5b51f-6fcb-4c56-be6f-100db36e736c' before making global git config changes
2026-10-06T21:23:34.0022390Z Adding repository directory to the temporary git global config as a safe directory
2026-10-06T21:23:34.0024220Z [command]/usr/bin/git config --global --add safe.directory /Users/markik/actions-runner-wgpu/_work/wgpu-scry/wgpu-scry
2026-10-06T21:23:34.0511690Z Removing SSH command configuration
2026-10-06T21:23:34.0513950Z [command]/usr/bin/git config --local --name-only --get-regexp core\.sshCommand
2026-10-06T21:23:34.0586520Z [command]/usr/bin/git submodule foreach --recursive sh -c "git config --local --name-only --get-regexp 'core\.sshCommand' && git config --local --unset-all 'core.sshCommand' || :"
2026-10-06T21:23:34.1083630Z Removing HTTP extra header
2026-10-06T21:23:34.1085690Z [command]/usr/bin/git config --local --name-only --get-regexp http\.https\:\/\/github\.com\/\.extraheader
2026-10-06T21:23:34.1159850Z [command]/usr/bin/git submodule foreach --recursive sh -c "git config --local --name-only --get-regexp 'http\.https\:\/\/github\.com\/\.extraheader' && git config --local --unset-all 'http.https://github.com/.extraheader' || :"
2026-10-06T21:23:34.1651180Z Removing includeIf entries pointing to credentials config files
2026-10-06T21:23:34.1654020Z [command]/usr/bin/git config --local --name-only --get-regexp ^includeIf\.gitdir:
2026-10-06T21:23:34.1723470Z includeif.gitdir:/Users/markik/actions-runner-wgpu/_work/wgpu-scry/wgpu-scry/.git.path
2026-10-06T21:23:34.1723890Z includeif.gitdir:/Users/markik/actions-runner-wgpu/_work/wgpu-scry/wgpu-scry/.git/worktrees/*.path
2026-10-06T21:23:34.1724620Z includeif.gitdir:/github/workspace/.git.path
2026-10-06T21:23:34.1725180Z includeif.gitdir:/github/workspace/.git/worktrees/*.path
2026-10-06T21:23:34.1728360Z [command]/usr/bin/git config --local --get-all includeif.gitdir:/Users/markik/actions-runner-wgpu/_work/wgpu-scry/wgpu-scry/.git.path
2026-10-06T21:23:34.1795830Z /Users/markik/actions-runner-wgpu/_work/_temp/git-credentials-3cacf211-be51-4412-a5db-daaab02f4490.config
2026-10-06T21:23:34.1800180Z [command]/usr/bin/git config --local --unset includeif.gitdir:/Users/markik/actions-runner-wgpu/_work/wgpu-scry/wgpu-scry/.git.path \/Users\/markik\/actions\-runner\-wgpu\/_work\/_temp\/git\-credentials\-3cacf211\-be51\-4412\-a5db\-daaab02f4490\.config
2026-10-06T21:23:34.1870880Z [command]/usr/bin/git config --local --get-all includeif.gitdir:/Users/markik/actions-runner-wgpu/_work/wgpu-scry/wgpu-scry/.git/worktrees/*.path
2026-10-06T21:23:34.1935110Z /Users/markik/actions-runner-wgpu/_work/_temp/git-credentials-3cacf211-be51-4412-a5db-daaab02f4490.config
2026-10-06T21:23:34.1938820Z [command]/usr/bin/git config --local --unset includeif.gitdir:/Users/markik/actions-runner-wgpu/_work/wgpu-scry/wgpu-scry/.git/worktrees/*.path \/Users\/markik\/actions\-runner\-wgpu\/_work\/_temp\/git\-credentials\-3cacf211\-be51\-4412\-a5db\-daaab02f4490\.config
2026-10-06T21:23:34.2009160Z [command]/usr/bin/git config --local --get-all includeif.gitdir:/github/workspace/.git.path
2026-10-06T21:23:34.2073250Z /github/runner_temp/git-credentials-3cacf211-be51-4412-a5db-daaab02f4490.config
2026-10-06T21:23:34.2076600Z [command]/usr/bin/git config --local --unset includeif.gitdir:/github/workspace/.git.path \/github\/runner_temp\/git\-credentials\-3cacf211\-be51\-4412\-a5db\-daaab02f4490\.config
2026-10-06T21:23:34.2147340Z [command]/usr/bin/git config --local --get-all includeif.gitdir:/github/workspace/.git/worktrees/*.path
2026-10-06T21:23:34.2214890Z /github/runner_temp/git-credentials-3cacf211-be51-4412-a5db-daaab02f4490.config
2026-10-06T21:23:34.2218870Z [command]/usr/bin/git config --local --unset includeif.gitdir:/github/workspace/.git/worktrees/*.path \/github\/runner_temp\/git\-credentials\-3cacf211\-be51\-4412\-a5db\-daaab02f4490\.config
2026-10-06T21:23:34.2281220Z [command]/usr/bin/git submodule foreach --recursive git config --local --show-origin --name-only --get-regexp remote.origin.url
2026-10-06T21:23:34.2775200Z Removing credentials config '/Users/markik/actions-runner-wgpu/_work/_temp/git-credentials-3cacf211-be51-4412-a5db-daaab02f4490.config'
2026-10-06T21:23:34.2831540Z Cleaning up orphan processes
