turnstone v0.1.0 (C:\Users\mark_\Code\repos\turnstone)
├── accesskit v0.24.1
│   ├── enumn v0.1.14 (proc-macro)
│   │   ├── proc-macro2 v1.0.107
│   │   │   └── unicode-ident v1.0.26
│   │   ├── quote v1.0.47
│   │   │   └── proc-macro2 v1.0.107 (*)
│   │   └── syn v2.0.119
│   │       ├── proc-macro2 v1.0.107 (*)
│   │       ├── quote v1.0.47 (*)
│   │       └── unicode-ident v1.0.26
│   ├── serde v1.0.229
│   │   ├── serde_core v1.0.229
│   │   └── serde_derive v1.0.229 (proc-macro)
│   │       ├── proc-macro2 v1.0.107 (*)
│   │       ├── quote v1.0.47 (*)
│   │       └── syn v3.0.6
│   │           ├── proc-macro2 v1.0.107 (*)
│   │           ├── quote v1.0.47 (*)
│   │           └── unicode-ident v1.0.26
│   └── uuid v1.27.0
│       ├── getrandom v0.4.3
│       │   ├── cfg-if v1.0.5
│       │   └── rand_core v0.10.1
│       ├── serde_core v1.0.229
│       └── sha1_smol v1.0.1
├── accesskit_winit v0.32.2
│   ├── accesskit v0.24.1 (*)
│   ├── accesskit_windows v0.32.1
│   │   ├── accesskit v0.24.1 (*)
│   │   ├── accesskit_consumer v0.35.0
│   │   │   ├── accesskit v0.24.1 (*)
│   │   │   └── hashbrown v0.16.1
│   │   │       ├── allocator-api2 v0.2.21
│   │   │       │   └── serde v1.0.229 (*)
│   │   │       ├── equivalent v1.0.2
│   │   │       └── foldhash v0.2.0
│   │   ├── hashbrown v0.16.1 (*)
│   │   ├── static_assertions v1.1.0
│   │   ├── windows v0.62.2
│   │   │   ├── windows-collections v0.3.2
│   │   │   │   └── windows-core v0.62.2
│   │   │   │       ├── windows-implement v0.60.2 (proc-macro)
│   │   │   │       │   ├── proc-macro2 v1.0.107 (*)
│   │   │   │       │   ├── quote v1.0.47 (*)
│   │   │   │       │   └── syn v2.0.119 (*)
│   │   │   │       ├── windows-interface v0.59.3 (proc-macro)
│   │   │   │       │   ├── proc-macro2 v1.0.107 (*)
│   │   │   │       │   ├── quote v1.0.47 (*)
│   │   │   │       │   └── syn v2.0.119 (*)
│   │   │   │       ├── windows-link v0.2.1
│   │   │   │       ├── windows-result v0.4.1
│   │   │   │       │   └── windows-link v0.2.1
│   │   │   │       └── windows-strings v0.5.1
│   │   │   │           └── windows-link v0.2.1
│   │   │   ├── windows-core v0.62.2 (*)
│   │   │   ├── windows-future v0.3.2
│   │   │   │   ├── windows-core v0.62.2 (*)
│   │   │   │   ├── windows-link v0.2.1
│   │   │   │   └── windows-threading v0.2.1
│   │   │   │       └── windows-link v0.2.1
│   │   │   └── windows-numerics v0.3.1
│   │   │       ├── windows-core v0.62.2 (*)
│   │   │       └── windows-link v0.2.1
│   │   └── windows-core v0.62.2 (*)
│   ├── raw-window-handle v0.6.2
│   └── winit v0.30.13
│       ├── bitflags v2.13.2
│       │   └── serde_core v1.0.229
│       ├── cursor-icon v1.2.0
│       ├── dpi v0.1.2
│       ├── raw-window-handle v0.6.2
│       ├── smol_str v0.2.2
│       ├── tracing v0.1.44
│       │   ├── log v0.4.34
│       │   ├── pin-project-lite v0.2.17
│       │   ├── tracing-attributes v0.1.31 (proc-macro)
│       │   │   ├── proc-macro2 v1.0.107 (*)
│       │   │   ├── quote v1.0.47 (*)
│       │   │   └── syn v2.0.119 (*)
│       │   └── tracing-core v0.1.36
│       │       └── once_cell v1.21.4
│       │           ├── critical-section v1.2.0
│       │           └── portable-atomic v1.15.0
│       │               └── serde v1.0.229 (*)
│       ├── unicode-segmentation v1.13.3
│       └── windows-sys v0.52.0
│           └── windows-targets v0.52.6
│               └── windows_x86_64_msvc v0.52.6
│       [build-dependencies]
│       └── cfg_aliases v0.2.2
├── armillary v0.1.1 (https://github.com/merely-made/mere.git?rev=57b4893db6909d5ed9c4ccae30216f0d8164201a#57b4893d)
│   └── tracing v0.1.44 (*)
├── base64 v0.22.1
├── blake3 v1.8.7
│   ├── arrayvec v0.7.8
│   ├── cfg-if v1.0.5
│   ├── constant_time_eq v0.4.2
│   └── cpufeatures v0.3.1
│   [build-dependencies]
│   └── cc v1.6.0
│       ├── find-msvc-tools v0.1.14
│       ├── jobserver v0.1.35
│       │   └── getrandom v0.4.3
│       │       └── cfg-if v1.0.5
│       └── shlex v2.0.1
├── cambium v0.3.3 (https://github.com/merely-made/mere.git?rev=57b4893db6909d5ed9c4ccae30216f0d8164201a#57b4893d)
│   ├── genet-scripted-dom v0.1.2 (https://github.com/merely-made/genet.git?rev=965b64e206a47d1c8808472de9aa461233638768#965b64e2)
│   │   ├── engine-observables-api v0.2.0 (https://github.com/merely-made/genet.git?rev=965b64e206a47d1c8808472de9aa461233638768#965b64e2)
│   │   │   ├── genet-paint-types v0.2.0 (https://github.com/merely-made/genet.git?rev=965b64e206a47d1c8808472de9aa461233638768#965b64e2)
│   │   │   │   ├── app_units v0.7.8
│   │   │   │   │   ├── num-traits v0.2.19
│   │   │   │   │   │   └── libm v0.2.16
│   │   │   │   │   │   [build-dependencies]
│   │   │   │   │   │   └── autocfg v1.5.1
│   │   │   │   │   └── serde v1.0.229 (*)
│   │   │   │   ├── euclid v0.22.14
│   │   │   │   │   ├── num-traits v0.2.19 (*)
│   │   │   │   │   └── serde v1.0.229 (*)
│   │   │   │   └── serde v1.0.229 (*)
│   │   │   └── serde v1.0.229 (*)
│   │   ├── genet-static-dom v0.1.1 (https://github.com/merely-made/genet.git?rev=965b64e206a47d1c8808472de9aa461233638768#965b64e2)
│   │   │   ├── html5ever v0.39.0
│   │   │   │   ├── log v0.4.34
│   │   │   │   └── markup5ever v0.39.0
│   │   │   │       ├── log v0.4.34
│   │   │   │       ├── tendril v0.5.1
│   │   │   │       │   ├── encoding_rs v0.8.41
│   │   │   │       │   │   ├── cfg-if v1.0.5
│   │   │   │       │   │   ├── core_detect v1.0.0
│   │   │   │       │   │   ├── multiversion v0.9.0
│   │   │   │       │   │   │   └── multiversion-macros v0.9.0 (proc-macro)
│   │   │   │       │   │   │       ├── proc-macro2 v1.0.107 (*)
│   │   │   │       │   │   │       ├── quote v1.0.47 (*)
│   │   │   │       │   │   │       ├── rustversion v1.0.23 (proc-macro)
│   │   │   │       │   │   │       └── syn v3.0.6 (*)
│   │   │   │       │   │   ├── multiversion_no_op v1.0.0 (proc-macro)
│   │   │   │       │   │   ├── scopeguard v1.2.0
│   │   │   │       │   │   ├── serde v1.0.229 (*)
│   │   │   │       │   │   └── simdutf8 v0.1.5
│   │   │   │       │   │   [build-dependencies]
│   │   │   │       │   │   └── rustversion v1.0.23 (proc-macro)
│   │   │   │       │   └── new_debug_unreachable v1.0.6
│   │   │   │       └── web_atoms v0.2.6
│   │   │   │           ├── phf v0.13.1
│   │   │   │           │   ├── phf_macros v0.13.1 (proc-macro)
│   │   │   │           │   │   ├── phf_generator v0.13.1
│   │   │   │           │   │   │   ├── fastrand v2.5.0
│   │   │   │           │   │   │   └── phf_shared v0.13.1
│   │   │   │           │   │   │       └── siphasher v1.0.3
│   │   │   │           │   │   ├── phf_shared v0.13.1 (*)
│   │   │   │           │   │   ├── proc-macro2 v1.0.107 (*)
│   │   │   │           │   │   ├── quote v1.0.47 (*)
│   │   │   │           │   │   └── syn v2.0.119 (*)
│   │   │   │           │   └── phf_shared v0.13.1 (*)
│   │   │   │           └── string_cache v0.9.0
│   │   │   │               ├── new_debug_unreachable v1.0.6
│   │   │   │               ├── parking_lot v0.12.5
│   │   │   │               │   ├── lock_api v0.4.14
│   │   │   │               │   │   ├── scopeguard v1.2.0
│   │   │   │               │   │   └── serde v1.0.229 (*)
│   │   │   │               │   └── parking_lot_core v0.9.12
│   │   │   │               │       ├── cfg-if v1.0.5
│   │   │   │               │       ├── smallvec v1.16.1
│   │   │   │               │       │   └── serde v1.0.229 (*)
│   │   │   │               │       └── windows-link v0.2.1
│   │   │   │               ├── phf_shared v0.13.1 (*)
│   │   │   │               └── precomputed-hash v0.1.1
│   │   │   │           [build-dependencies]
│   │   │   │           ├── phf_codegen v0.13.1
│   │   │   │           │   ├── phf_generator v0.13.1 (*)
│   │   │   │           │   └── phf_shared v0.13.1 (*)
│   │   │   │           └── string_cache_codegen v0.6.1
│   │   │   │               ├── phf_generator v0.13.1 (*)
│   │   │   │               ├── phf_shared v0.13.1 (*)
│   │   │   │               ├── proc-macro2 v1.0.107 (*)
│   │   │   │               └── quote v1.0.47 (*)
│   │   │   ├── layout-dom-api v0.1.1 (https://github.com/merely-made/genet.git?rev=965b64e206a47d1c8808472de9aa461233638768#965b64e2)
│   │   │   │   ├── markup5ever v0.39.0 (*)
│   │   │   │   └── serde v1.0.229 (*)
│   │   │   └── xml5ever v0.39.0
│   │   │       ├── log v0.4.34
│   │   │       └── markup5ever v0.39.0 (*)
│   │   ├── html5ever v0.39.0 (*)
│   │   ├── layout-dom-api v0.1.1 (https://github.com/merely-made/genet.git?rev=965b64e206a47d1c8808472de9aa461233638768#965b64e2) (*)
│   │   ├── markup5ever v0.39.0 (*)
│   │   └── serde v1.0.229 (*)
│   ├── genet-text v0.1.0 (https://github.com/merely-made/genet.git?rev=965b64e206a47d1c8808472de9aa461233638768#965b64e2)
│   │   └── unicode-segmentation v1.13.3
│   ├── layout-dom-api v0.1.1 (https://github.com/merely-made/genet.git?rev=965b64e206a47d1c8808472de9aa461233638768#965b64e2) (*)
│   ├── mere-surface-api v0.1.0 (https://github.com/merely-made/mere.git?rev=57b4893db6909d5ed9c4ccae30216f0d8164201a#57b4893d)
│   │   └── workbench v0.1.0 (https://github.com/merely-made/mere.git?rev=57b4893db6909d5ed9c4ccae30216f0d8164201a#57b4893d)
│   ├── meristem v0.2.0 (https://github.com/merely-made/mere.git?rev=57b4893db6909d5ed9c4ccae30216f0d8164201a#57b4893d)
│   │   ├── anymore v1.0.0
│   │   └── tracing v0.1.44 (*)
│   ├── sceno v0.0.4 (https://github.com/merely-made/mere.git?rev=57b4893db6909d5ed9c4ccae30216f0d8164201a#57b4893d)
│   │   ├── serde v1.0.229 (*)
│   │   └── serde_json v1.0.151
│   │       ├── indexmap v2.14.2
│   │       │   ├── equivalent v1.0.2
│   │       │   └── hashbrown v0.17.1
│   │       │       ├── allocator-api2 v0.2.21 (*)
│   │       │       ├── equivalent v1.0.2
│   │       │       └── foldhash v0.2.0
│   │       ├── itoa v1.0.18
│   │       ├── memchr v2.8.3
│   │       ├── serde_core v1.0.229
│   │       └── zmij v1.0.23
│   ├── sprigging v0.2.1 (https://github.com/merely-made/mere.git?rev=57b4893db6909d5ed9c4ccae30216f0d8164201a#57b4893d)
│   │   ├── accesskit v0.24.1 (*)
│   │   ├── paint_list_api v0.1.2 (https://github.com/merely-made/netrender.git?rev=9607d16f1907f6c2085648ae96abcaa30d7c3d41#9607d16f)
│   │   │   ├── euclid v0.22.14 (*)
│   │   │   └── serde v1.0.229 (*)
│   │   └── vello v0.10.0 (https://github.com/mark-ik/vello.git?tag=vello-0.10.0#4354955e)
│   │       ├── bytemuck v1.25.2
│   │       │   └── bytemuck_derive v1.12.1 (proc-macro)
│   │       │       ├── proc-macro2 v1.0.107 (*)
│   │       │       ├── quote v1.0.47 (*)
│   │       │       └── syn v3.0.6 (*)
│   │       ├── log v0.4.34
│   │       ├── peniko v0.6.1
│   │       │   ├── bytemuck v1.25.2 (*)
│   │       │   ├── color v0.3.3
│   │       │   │   └── bytemuck v1.25.2 (*)
│   │       │   ├── kurbo v0.13.1
│   │       │   │   ├── arrayvec v0.7.8
│   │       │   │   ├── euclid v0.22.14 (*)
│   │       │   │   ├── polycool v0.4.0
│   │       │   │   │   └── arrayvec v0.7.8
│   │       │   │   ├── serde v1.0.229 (*)
│   │       │   │   └── smallvec v1.16.1 (*)
│   │       │   ├── linebender_resource_handle v0.1.1
│   │       │   └── smallvec v1.16.1 (*)
│   │       ├── png v0.18.1
│   │       │   ├── bitflags v2.13.2 (*)
│   │       │   ├── crc32fast v1.5.2
│   │       │   │   └── cfg-if v1.0.5
│   │       │   ├── fdeflate v0.3.7
│   │       │   │   └── simd-adler32 v0.3.10
│   │       │   ├── flate2 v1.1.10
│   │       │   │   ├── crc32fast v1.5.2 (*)
│   │       │   │   └── miniz_oxide v0.9.1
│   │       │   │       ├── adler2 v2.0.1
│   │       │   │       └── simd-adler32 v0.3.10
│   │       │   └── miniz_oxide v0.8.9
│   │       │       ├── adler2 v2.0.1
│   │       │       └── simd-adler32 v0.3.10
│   │       ├── skrifa v0.44.0
│   │       │   ├── bytemuck v1.25.2 (*)
│   │       │   └── read-fonts v0.41.0
│   │       │       ├── bytemuck v1.25.2 (*)
│   │       │       ├── font-types v0.12.5
│   │       │       │   └── bytemuck v1.25.2 (*)
│   │       │       └── once_cell v1.21.4 (*)
│   │       ├── static_assertions v1.1.0
│   │       ├── thiserror v2.0.20
│   │       │   └── thiserror-impl v2.0.20 (proc-macro)
│   │       │       ├── proc-macro2 v1.0.107 (*)
│   │       │       ├── quote v1.0.47 (*)
│   │       │       └── syn v3.0.6 (*)
│   │       └── vello_encoding v0.10.0 (https://github.com/mark-ik/vello.git?tag=vello-0.10.0#4354955e)
│   │           ├── bytemuck v1.25.2 (*)
│   │           ├── guillotiere v0.7.0
│   │           │   ├── euclid v0.22.14 (*)
│   │           │   └── svg_fmt v0.4.5
│   │           ├── peniko v0.6.1 (*)
│   │           ├── skrifa v0.44.0 (*)
│   │           └── smallvec v1.16.1 (*)
│   └── workbench v0.1.0 (https://github.com/merely-made/mere.git?rev=57b4893db6909d5ed9c4ccae30216f0d8164201a#57b4893d)
├── cambium-winit v0.3.0 (https://github.com/merely-made/mere.git?rev=57b4893db6909d5ed9c4ccae30216f0d8164201a#57b4893d)
│   ├── cambium v0.3.3 (https://github.com/merely-made/mere.git?rev=57b4893db6909d5ed9c4ccae30216f0d8164201a#57b4893d) (*)
│   ├── web-time v1.1.0
│   └── winit v0.30.13 (*)
├── chartulary v0.2.2 (https://github.com/merely-made/mere.git?rev=57b4893db6909d5ed9c4ccae30216f0d8164201a#57b4893d)
│   ├── muniment v0.1.2 (https://github.com/merely-made/mere.git?rev=57b4893db6909d5ed9c4ccae30216f0d8164201a#57b4893d)
│   │   ├── async-trait v0.1.92 (proc-macro)
│   │   │   ├── proc-macro2 v1.0.107 (*)
│   │   │   ├── quote v1.0.47 (*)
│   │   │   └── syn v3.0.6 (*)
│   │   ├── blake3 v1.8.7 (*)
│   │   ├── redb v2.6.3
│   │   ├── serde v1.0.229 (*)
│   │   └── serde_json v1.0.151 (*)
│   ├── petgraph v0.8.3
│   │   ├── fixedbitset v0.5.7
│   │   ├── hashbrown v0.15.5
│   │   │   └── foldhash v0.1.5
│   │   ├── indexmap v2.14.2 (*)
│   │   ├── serde v1.0.229 (*)
│   │   └── serde_derive v1.0.229 (proc-macro) (*)
│   ├── rkyv v0.8.18
│   │   ├── bytecheck v0.8.3
│   │   │   ├── bytecheck_derive v0.8.3 (proc-macro)
│   │   │   │   ├── proc-macro2 v1.0.107 (*)
│   │   │   │   ├── quote v1.0.47 (*)
│   │   │   │   └── syn v3.0.6 (*)
│   │   │   ├── ptr_meta v0.3.2
│   │   │   │   └── ptr_meta_derive v0.3.2 (proc-macro)
│   │   │   │       ├── proc-macro2 v1.0.107 (*)
│   │   │   │       ├── quote v1.0.47 (*)
│   │   │   │       └── syn v3.0.6 (*)
│   │   │   ├── rancor v0.1.3
│   │   │   │   └── ptr_meta v0.3.2 (*)
│   │   │   └── simdutf8 v0.1.5
│   │   ├── hashbrown v0.17.1 (*)
│   │   ├── munge v0.4.7
│   │   │   └── munge_macro v0.4.7 (proc-macro)
│   │   │       ├── proc-macro2 v1.0.107 (*)
│   │   │       ├── quote v1.0.47 (*)
│   │   │       └── syn v2.0.119 (*)
│   │   ├── ptr_meta v0.3.2 (*)
│   │   ├── rancor v0.1.3 (*)
│   │   ├── rend v0.5.4
│   │   │   └── bytecheck v0.8.3 (*)
│   │   └── rkyv_derive v0.8.18 (proc-macro)
│   │       ├── proc-macro2 v1.0.107 (*)
│   │       ├── quote v1.0.47 (*)
│   │       └── syn v3.0.6 (*)
│   ├── serde v1.0.229 (*)
│   ├── serde_json v1.0.151 (*)
│   └── slotmap v1.1.1
│       └── serde v1.0.229 (*)
│       [build-dependencies]
│       └── version_check v0.9.5
├── chirograph v0.0.2 (https://github.com/merely-made/mere.git?rev=57b4893db6909d5ed9c4ccae30216f0d8164201a#57b4893d)
│   ├── base64 v0.22.1
│   ├── blake3 v1.8.7 (*)
│   ├── sceno v0.0.4 (https://github.com/merely-made/mere.git?rev=57b4893db6909d5ed9c4ccae30216f0d8164201a#57b4893d) (*)
│   ├── scenotime v0.0.4 (https://github.com/merely-made/mere.git?rev=57b4893db6909d5ed9c4ccae30216f0d8164201a#57b4893d)
│   │   ├── sceno v0.0.4 (https://github.com/merely-made/mere.git?rev=57b4893db6909d5ed9c4ccae30216f0d8164201a#57b4893d) (*)
│   │   └── serde v1.0.229 (*)
│   ├── serde v1.0.229 (*)
│   ├── serde_json v1.0.151 (*)
│   └── sha2 v0.11.0
│       ├── cfg-if v1.0.5
│       ├── cpufeatures v0.3.1
│       └── digest v0.11.3
│           ├── block-buffer v0.12.1
│           │   └── hybrid-array v0.4.15
│           │       └── typenum v1.20.1
│           ├── const-oid v0.10.2
│           ├── crypto-common v0.2.2
│           │   ├── getrandom v0.4.3 (*)
│           │   ├── hybrid-array v0.4.15 (*)
│           │   └── rand_core v0.10.1
│           └── ctutils v0.4.2
│               └── cmov v0.5.4
├── commons-spine v0.0.1 (https://github.com/merely-made/mere.git?rev=57b4893db6909d5ed9c4ccae30216f0d8164201a#57b4893d)
│   ├── chartulary v0.2.2 (https://github.com/merely-made/mere.git?rev=57b4893db6909d5ed9c4ccae30216f0d8164201a#57b4893d) (*)
│   ├── gemot v0.1.1 (https://github.com/merely-made/mere.git?rev=57b4893db6909d5ed9c4ccae30216f0d8164201a#57b4893d)
│   │   ├── insigne v0.0.1 (https://github.com/merely-made/mere.git?rev=57b4893db6909d5ed9c4ccae30216f0d8164201a#57b4893d)
│   │   │   ├── blake3 v1.8.7 (*)
│   │   │   ├── ed25519-dalek v3.0.0
│   │   │   │   ├── curve25519-dalek v5.0.0
│   │   │   │   │   ├── cfg-if v1.0.5
│   │   │   │   │   ├── cpufeatures v0.3.1
│   │   │   │   │   ├── curve25519-dalek-derive v0.1.1 (proc-macro)
│   │   │   │   │   │   ├── proc-macro2 v1.0.107 (*)
│   │   │   │   │   │   ├── quote v1.0.47 (*)
│   │   │   │   │   │   └── syn v2.0.119 (*)
│   │   │   │   │   ├── digest v0.11.3 (*)
│   │   │   │   │   ├── rand_core v0.10.1
│   │   │   │   │   ├── serde v1.0.229 (*)
│   │   │   │   │   ├── subtle v2.6.1
│   │   │   │   │   └── zeroize v1.9.0
│   │   │   │   │       └── zeroize_derive v1.5.0 (proc-macro)
│   │   │   │   │           ├── proc-macro2 v1.0.107 (*)
│   │   │   │   │           ├── quote v1.0.47 (*)
│   │   │   │   │           └── syn v2.0.119 (*)
│   │   │   │   │   [build-dependencies]
│   │   │   │   │   └── rustc_version v0.4.1
│   │   │   │   │       └── semver v1.0.28
│   │   │   │   ├── ed25519 v3.0.0
│   │   │   │   │   ├── pkcs8 v0.11.0
│   │   │   │   │   │   ├── der v0.8.2
│   │   │   │   │   │   │   ├── const-oid v0.10.2
│   │   │   │   │   │   │   ├── pem-rfc7468 v1.0.0
│   │   │   │   │   │   │   │   └── base64ct v1.8.3
│   │   │   │   │   │   │   └── zeroize v1.9.0 (*)
│   │   │   │   │   │   └── spki v0.8.0
│   │   │   │   │   │       └── der v0.8.2 (*)
│   │   │   │   │   ├── serdect v0.4.3
│   │   │   │   │   │   ├── base16ct v1.0.0
│   │   │   │   │   │   └── serde v1.0.229 (*)
│   │   │   │   │   └── signature v3.0.0
│   │   │   │   │       └── rand_core v0.10.1
│   │   │   │   ├── rand_core v0.10.1
│   │   │   │   ├── serde v1.0.229 (*)
│   │   │   │   ├── sha2 v0.11.0 (*)
│   │   │   │   ├── signature v3.0.0 (*)
│   │   │   │   ├── subtle v2.6.1
│   │   │   │   └── zeroize v1.9.0 (*)
│   │   │   └── serde v1.0.229 (*)
│   │   ├── mere-proofs v0.1.0 (https://github.com/merely-made/mere.git?rev=57b4893db6909d5ed9c4ccae30216f0d8164201a#57b4893d)
│   │   │   ├── blake3 v1.8.7 (*)
│   │   │   ├── serde v1.0.229 (*)
│   │   │   └── thiserror v1.0.69
│   │   │       └── thiserror-impl v1.0.69 (proc-macro)
│   │   │           ├── proc-macro2 v1.0.107 (*)
│   │   │           ├── quote v1.0.47 (*)
│   │   │           └── syn v2.0.119 (*)
│   │   ├── mien v0.0.1 (https://github.com/merely-made/mere.git?rev=57b4893db6909d5ed9c4ccae30216f0d8164201a#57b4893d)
│   │   │   ├── insigne v0.0.1 (https://github.com/merely-made/mere.git?rev=57b4893db6909d5ed9c4ccae30216f0d8164201a#57b4893d) (*)
│   │   │   ├── muniment v0.1.2 (https://github.com/merely-made/mere.git?rev=57b4893db6909d5ed9c4ccae30216f0d8164201a#57b4893d) (*)
│   │   │   ├── p2panda-core v0.7.1 (https://github.com/mark-ik/p2panda.git?tag=mere-p2panda-net-0.7.5#1bec457e)
│   │   │   │   ├── blake3 v1.8.7 (*)
│   │   │   │   ├── cbor-core v0.10.1
│   │   │   │   │   └── serde v1.0.229 (*)
│   │   │   │   ├── ed25519-dalek v3.0.0 (*)
│   │   │   │   ├── hex v0.4.3
│   │   │   │   │   └── serde v1.0.229 (*)
│   │   │   │   ├── rand v0.8.8
│   │   │   │   │   ├── rand_chacha v0.3.1
│   │   │   │   │   │   ├── ppv-lite86 v0.2.21
│   │   │   │   │   │   │   └── zerocopy v0.8.57
│   │   │   │   │   │   │       └── zerocopy-derive v0.8.57 (proc-macro)
│   │   │   │   │   │   │           ├── proc-macro2 v1.0.107 (*)
│   │   │   │   │   │   │           ├── quote v1.0.47 (*)
│   │   │   │   │   │   │           └── syn v2.0.119 (*)
│   │   │   │   │   │   └── rand_core v0.6.4
│   │   │   │   │   │       └── getrandom v0.2.17
│   │   │   │   │   │           └── cfg-if v1.0.5
│   │   │   │   │   └── rand_core v0.6.4 (*)
│   │   │   │   ├── serde v1.0.229 (*)
│   │   │   │   ├── serde_bytes v0.11.19
│   │   │   │   │   └── serde_core v1.0.229
│   │   │   │   └── thiserror v2.0.20 (*)
│   │   │   ├── p2panda-store v0.7.1 (https://github.com/mark-ik/p2panda.git?tag=mere-p2panda-net-0.7.5#1bec457e)
│   │   │   │   ├── async-stream v0.3.6
│   │   │   │   │   ├── async-stream-impl v0.3.6 (proc-macro)
│   │   │   │   │   │   ├── proc-macro2 v1.0.107 (*)
│   │   │   │   │   │   ├── quote v1.0.47 (*)
│   │   │   │   │   │   └── syn v2.0.119 (*)
│   │   │   │   │   ├── futures-core v0.3.34
│   │   │   │   │   └── pin-project-lite v0.2.17
│   │   │   │   ├── futures-util v0.3.34
│   │   │   │   │   ├── futures-channel v0.3.34
│   │   │   │   │   │   ├── futures-core v0.3.34
│   │   │   │   │   │   └── futures-sink v0.3.34
│   │   │   │   │   ├── futures-core v0.3.34
│   │   │   │   │   ├── futures-io v0.3.34
│   │   │   │   │   ├── futures-macro v0.3.34 (proc-macro)
│   │   │   │   │   │   ├── proc-macro2 v1.0.107 (*)
│   │   │   │   │   │   ├── quote v1.0.47 (*)
│   │   │   │   │   │   └── syn v3.0.6 (*)
│   │   │   │   │   ├── futures-sink v0.3.34
│   │   │   │   │   ├── futures-task v0.3.34
│   │   │   │   │   ├── memchr v2.8.3
│   │   │   │   │   ├── pin-project-lite v0.2.17
│   │   │   │   │   └── slab v0.4.12
│   │   │   │   └── p2panda-core v0.7.1 (https://github.com/mark-ik/p2panda.git?tag=mere-p2panda-net-0.7.5#1bec457e) (*)
│   │   │   ├── personae v0.2.1 (https://github.com/merely-made/mere.git?rev=57b4893db6909d5ed9c4ccae30216f0d8164201a#57b4893d)
│   │   │   │   ├── argon2 v0.5.3
│   │   │   │   │   ├── base64ct v1.8.3
│   │   │   │   │   ├── blake2 v0.10.6
│   │   │   │   │   │   └── digest v0.10.7
│   │   │   │   │   │       ├── block-buffer v0.10.4
│   │   │   │   │   │       │   └── generic-array v0.14.7
│   │   │   │   │   │       │       ├── typenum v1.20.1
│   │   │   │   │   │       │       └── zeroize v1.9.0 (*)
│   │   │   │   │   │       │       [build-dependencies]
│   │   │   │   │   │       │       └── version_check v0.9.5
│   │   │   │   │   │       ├── const-oid v0.9.6
│   │   │   │   │   │       ├── crypto-common v0.1.7
│   │   │   │   │   │       │   ├── generic-array v0.14.7 (*)
│   │   │   │   │   │       │   └── typenum v1.20.1
│   │   │   │   │   │       └── subtle v2.6.1
│   │   │   │   │   ├── cpufeatures v0.2.17
│   │   │   │   │   ├── password-hash v0.5.0
│   │   │   │   │   │   ├── base64ct v1.8.3
│   │   │   │   │   │   ├── rand_core v0.6.4 (*)
│   │   │   │   │   │   └── subtle v2.6.1
│   │   │   │   │   └── zeroize v1.9.0 (*)
│   │   │   │   ├── blake3 v1.8.7 (*)
│   │   │   │   ├── chacha20poly1305 v0.11.0
│   │   │   │   │   ├── aead v0.6.1
│   │   │   │   │   │   ├── crypto-common v0.2.2 (*)
│   │   │   │   │   │   └── inout v0.2.2
│   │   │   │   │   │       ├── block-padding v0.4.2
│   │   │   │   │   │       │   └── hybrid-array v0.4.15 (*)
│   │   │   │   │   │       └── hybrid-array v0.4.15 (*)
│   │   │   │   │   ├── chacha20 v0.10.2
│   │   │   │   │   │   ├── cfg-if v1.0.5
│   │   │   │   │   │   ├── cipher v0.5.2
│   │   │   │   │   │   │   ├── block-buffer v0.12.1 (*)
│   │   │   │   │   │   │   ├── crypto-common v0.2.2 (*)
│   │   │   │   │   │   │   └── inout v0.2.2 (*)
│   │   │   │   │   │   ├── cpufeatures v0.3.1
│   │   │   │   │   │   ├── rand_core v0.10.1
│   │   │   │   │   │   └── zeroize v1.9.0 (*)
│   │   │   │   │   ├── cipher v0.5.2 (*)
│   │   │   │   │   ├── poly1305 v0.9.1
│   │   │   │   │   │   ├── cpufeatures v0.3.1
│   │   │   │   │   │   └── universal-hash v0.6.1
│   │   │   │   │   │       ├── crypto-common v0.2.2 (*)
│   │   │   │   │   │       └── ctutils v0.4.2 (*)
│   │   │   │   │   └── zeroize v1.9.0 (*)
│   │   │   │   ├── ed25519-dalek v3.0.0 (*)
│   │   │   │   ├── gethostname v1.1.0
│   │   │   │   │   └── windows-link v0.2.1
│   │   │   │   ├── getrandom v0.3.4
│   │   │   │   │   └── cfg-if v1.0.5
│   │   │   │   ├── insigne v0.0.1 (https://github.com/merely-made/mere.git?rev=57b4893db6909d5ed9c4ccae30216f0d8164201a#57b4893d) (*)
│   │   │   │   ├── ring v0.17.14
│   │   │   │   │   ├── cfg-if v1.0.5
│   │   │   │   │   ├── getrandom v0.2.17 (*)
│   │   │   │   │   └── untrusted v0.9.0
│   │   │   │   │   [build-dependencies]
│   │   │   │   │   └── cc v1.6.0 (*)
│   │   │   │   ├── rsa v0.9.10
│   │   │   │   │   ├── const-oid v0.9.6
│   │   │   │   │   ├── digest v0.10.7 (*)
│   │   │   │   │   ├── num-bigint-dig v0.8.6
│   │   │   │   │   │   ├── lazy_static v1.5.0
│   │   │   │   │   │   │   └── spin v0.9.9
│   │   │   │   │   │   │       └── lock_api v0.4.14 (*)
│   │   │   │   │   │   ├── libm v0.2.16
│   │   │   │   │   │   ├── num-integer v0.1.47
│   │   │   │   │   │   │   └── num-traits v0.2.19 (*)
│   │   │   │   │   │   ├── num-iter v0.1.46
│   │   │   │   │   │   │   ├── num-integer v0.1.47 (*)
│   │   │   │   │   │   │   └── num-traits v0.2.19 (*)
│   │   │   │   │   │   ├── num-traits v0.2.19 (*)
│   │   │   │   │   │   ├── rand v0.8.8 (*)
│   │   │   │   │   │   ├── smallvec v1.16.1 (*)
│   │   │   │   │   │   └── zeroize v1.9.0 (*)
│   │   │   │   │   ├── num-integer v0.1.47 (*)
│   │   │   │   │   ├── num-traits v0.2.19 (*)
│   │   │   │   │   ├── pkcs1 v0.7.5
│   │   │   │   │   │   ├── der v0.7.10
│   │   │   │   │   │   │   ├── const-oid v0.9.6
│   │   │   │   │   │   │   └── zeroize v1.9.0 (*)
│   │   │   │   │   │   ├── pkcs8 v0.10.2
│   │   │   │   │   │   │   ├── der v0.7.10 (*)
│   │   │   │   │   │   │   └── spki v0.7.3
│   │   │   │   │   │   │       └── der v0.7.10 (*)
│   │   │   │   │   │   └── spki v0.7.3 (*)
│   │   │   │   │   ├── pkcs8 v0.10.2 (*)
│   │   │   │   │   ├── rand_core v0.6.4 (*)
│   │   │   │   │   ├── sha2 v0.10.9
│   │   │   │   │   │   ├── cfg-if v1.0.5
│   │   │   │   │   │   ├── cpufeatures v0.2.17
│   │   │   │   │   │   └── digest v0.10.7 (*)
│   │   │   │   │   ├── signature v2.2.0
│   │   │   │   │   │   ├── digest v0.10.7 (*)
│   │   │   │   │   │   └── rand_core v0.6.4 (*)
│   │   │   │   │   ├── spki v0.7.3 (*)
│   │   │   │   │   ├── subtle v2.6.1
│   │   │   │   │   └── zeroize v1.9.0 (*)
│   │   │   │   ├── serde v1.0.229 (*)
│   │   │   │   ├── serde_json v1.0.151 (*)
│   │   │   │   ├── signature v2.2.0 (*)
│   │   │   │   ├── ssh-agent-lib v0.6.0
│   │   │   │   │   ├── async-trait v0.1.92 (proc-macro) (*)
│   │   │   │   │   ├── byteorder v1.5.0
│   │   │   │   │   ├── futures v0.3.34
│   │   │   │   │   │   ├── futures-channel v0.3.34 (*)
│   │   │   │   │   │   ├── futures-core v0.3.34
│   │   │   │   │   │   ├── futures-executor v0.3.34
│   │   │   │   │   │   │   ├── futures-core v0.3.34
│   │   │   │   │   │   │   ├── futures-task v0.3.34
│   │   │   │   │   │   │   └── futures-util v0.3.34 (*)
│   │   │   │   │   │   ├── futures-io v0.3.34
│   │   │   │   │   │   ├── futures-sink v0.3.34
│   │   │   │   │   │   ├── futures-task v0.3.34
│   │   │   │   │   │   └── futures-util v0.3.34 (*)
│   │   │   │   │   ├── log v0.4.34
│   │   │   │   │   ├── secrecy v0.10.3
│   │   │   │   │   │   └── zeroize v1.9.0 (*)
│   │   │   │   │   ├── service-binding v3.0.0
│   │   │   │   │   ├── signature v2.2.0 (*)
│   │   │   │   │   ├── ssh-encoding v0.2.0
│   │   │   │   │   │   ├── base64ct v1.8.3
│   │   │   │   │   │   ├── pem-rfc7468 v0.7.0
│   │   │   │   │   │   │   └── base64ct v1.8.3
│   │   │   │   │   │   └── sha2 v0.10.9 (*)
│   │   │   │   │   ├── ssh-key v0.6.7
│   │   │   │   │   │   ├── bcrypt-pbkdf v0.10.0
│   │   │   │   │   │   │   ├── blowfish v0.9.1
│   │   │   │   │   │   │   │   ├── byteorder v1.5.0
│   │   │   │   │   │   │   │   └── cipher v0.4.4
│   │   │   │   │   │   │   │       ├── crypto-common v0.1.7 (*)
│   │   │   │   │   │   │   │       ├── inout v0.1.4
│   │   │   │   │   │   │   │       │   ├── block-padding v0.3.3
│   │   │   │   │   │   │   │       │   │   └── generic-array v0.14.7 (*)
│   │   │   │   │   │   │   │       │   └── generic-array v0.14.7 (*)
│   │   │   │   │   │   │   │       └── zeroize v1.9.0 (*)
│   │   │   │   │   │   │   ├── pbkdf2 v0.12.2
│   │   │   │   │   │   │   │   └── digest v0.10.7 (*)
│   │   │   │   │   │   │   └── sha2 v0.10.9 (*)
│   │   │   │   │   │   ├── ed25519-dalek v2.2.0
│   │   │   │   │   │   │   ├── curve25519-dalek v4.1.3
│   │   │   │   │   │   │   │   ├── cfg-if v1.0.5
│   │   │   │   │   │   │   │   ├── cpufeatures v0.2.17
│   │   │   │   │   │   │   │   ├── curve25519-dalek-derive v0.1.1 (proc-macro) (*)
│   │   │   │   │   │   │   │   ├── digest v0.10.7 (*)
│   │   │   │   │   │   │   │   ├── subtle v2.6.1
│   │   │   │   │   │   │   │   └── zeroize v1.9.0 (*)
│   │   │   │   │   │   │   │   [build-dependencies]
│   │   │   │   │   │   │   │   └── rustc_version v0.4.1 (*)
│   │   │   │   │   │   │   ├── ed25519 v2.2.3
│   │   │   │   │   │   │   │   └── signature v2.2.0 (*)
│   │   │   │   │   │   │   ├── sha2 v0.10.9 (*)
│   │   │   │   │   │   │   └── subtle v2.6.1
│   │   │   │   │   │   ├── num-bigint-dig v0.8.6 (*)
│   │   │   │   │   │   ├── p256 v0.13.2
│   │   │   │   │   │   │   ├── ecdsa v0.16.9
│   │   │   │   │   │   │   │   ├── der v0.7.10 (*)
│   │   │   │   │   │   │   │   ├── digest v0.10.7 (*)
│   │   │   │   │   │   │   │   ├── elliptic-curve v0.13.8
│   │   │   │   │   │   │   │   │   ├── base16ct v0.2.0
│   │   │   │   │   │   │   │   │   ├── crypto-bigint v0.5.5
│   │   │   │   │   │   │   │   │   │   ├── generic-array v0.14.7 (*)
│   │   │   │   │   │   │   │   │   │   ├── rand_core v0.6.4 (*)
│   │   │   │   │   │   │   │   │   │   ├── subtle v2.6.1
│   │   │   │   │   │   │   │   │   │   └── zeroize v1.9.0 (*)
│   │   │   │   │   │   │   │   │   ├── digest v0.10.7 (*)
│   │   │   │   │   │   │   │   │   ├── ff v0.13.1
│   │   │   │   │   │   │   │   │   │   ├── rand_core v0.6.4 (*)
│   │   │   │   │   │   │   │   │   │   └── subtle v2.6.1
│   │   │   │   │   │   │   │   │   ├── generic-array v0.14.7 (*)
│   │   │   │   │   │   │   │   │   ├── group v0.13.0
│   │   │   │   │   │   │   │   │   │   ├── ff v0.13.1 (*)
│   │   │   │   │   │   │   │   │   │   ├── rand_core v0.6.4 (*)
│   │   │   │   │   │   │   │   │   │   └── subtle v2.6.1
│   │   │   │   │   │   │   │   │   ├── hkdf v0.12.4
│   │   │   │   │   │   │   │   │   │   └── hmac v0.12.1
│   │   │   │   │   │   │   │   │   │       └── digest v0.10.7 (*)
│   │   │   │   │   │   │   │   │   ├── rand_core v0.6.4 (*)
│   │   │   │   │   │   │   │   │   ├── sec1 v0.7.3
│   │   │   │   │   │   │   │   │   │   ├── base16ct v0.2.0
│   │   │   │   │   │   │   │   │   │   ├── der v0.7.10 (*)
│   │   │   │   │   │   │   │   │   │   ├── generic-array v0.14.7 (*)
│   │   │   │   │   │   │   │   │   │   ├── subtle v2.6.1
│   │   │   │   │   │   │   │   │   │   └── zeroize v1.9.0 (*)
│   │   │   │   │   │   │   │   │   ├── subtle v2.6.1
│   │   │   │   │   │   │   │   │   └── zeroize v1.9.0 (*)
│   │   │   │   │   │   │   │   ├── rfc6979 v0.4.0
│   │   │   │   │   │   │   │   │   ├── hmac v0.12.1 (*)
│   │   │   │   │   │   │   │   │   └── subtle v2.6.1
│   │   │   │   │   │   │   │   ├── signature v2.2.0 (*)
│   │   │   │   │   │   │   │   └── spki v0.7.3 (*)
│   │   │   │   │   │   │   ├── elliptic-curve v0.13.8 (*)
│   │   │   │   │   │   │   ├── primeorder v0.13.6
│   │   │   │   │   │   │   │   └── elliptic-curve v0.13.8 (*)
│   │   │   │   │   │   │   └── sha2 v0.10.9 (*)
│   │   │   │   │   │   ├── p384 v0.13.1
│   │   │   │   │   │   │   ├── ecdsa v0.16.9 (*)
│   │   │   │   │   │   │   ├── elliptic-curve v0.13.8 (*)
│   │   │   │   │   │   │   ├── primeorder v0.13.6 (*)
│   │   │   │   │   │   │   └── sha2 v0.10.9 (*)
│   │   │   │   │   │   ├── p521 v0.13.3
│   │   │   │   │   │   │   ├── base16ct v0.2.0
│   │   │   │   │   │   │   ├── ecdsa v0.16.9 (*)
│   │   │   │   │   │   │   ├── elliptic-curve v0.13.8 (*)
│   │   │   │   │   │   │   ├── primeorder v0.13.6 (*)
│   │   │   │   │   │   │   ├── rand_core v0.6.4 (*)
│   │   │   │   │   │   │   └── sha2 v0.10.9 (*)
│   │   │   │   │   │   ├── rand_core v0.6.4 (*)
│   │   │   │   │   │   ├── rsa v0.9.10 (*)
│   │   │   │   │   │   ├── sec1 v0.7.3 (*)
│   │   │   │   │   │   ├── sha2 v0.10.9 (*)
│   │   │   │   │   │   ├── signature v2.2.0 (*)
│   │   │   │   │   │   ├── ssh-cipher v0.2.0
│   │   │   │   │   │   │   ├── aes v0.8.4
│   │   │   │   │   │   │   │   ├── cfg-if v1.0.5
│   │   │   │   │   │   │   │   ├── cipher v0.4.4 (*)
│   │   │   │   │   │   │   │   └── cpufeatures v0.2.17
│   │   │   │   │   │   │   ├── aes-gcm v0.10.3
│   │   │   │   │   │   │   │   ├── aead v0.5.2
│   │   │   │   │   │   │   │   │   ├── crypto-common v0.1.7 (*)
│   │   │   │   │   │   │   │   │   └── generic-array v0.14.7 (*)
│   │   │   │   │   │   │   │   ├── aes v0.8.4 (*)
│   │   │   │   │   │   │   │   ├── cipher v0.4.4 (*)
│   │   │   │   │   │   │   │   ├── ctr v0.9.2
│   │   │   │   │   │   │   │   │   └── cipher v0.4.4 (*)
│   │   │   │   │   │   │   │   ├── ghash v0.5.1
│   │   │   │   │   │   │   │   │   ├── opaque-debug v0.3.1
│   │   │   │   │   │   │   │   │   └── polyval v0.6.2
│   │   │   │   │   │   │   │   │       ├── cfg-if v1.0.5
│   │   │   │   │   │   │   │   │       ├── cpufeatures v0.2.17
│   │   │   │   │   │   │   │   │       ├── opaque-debug v0.3.1
│   │   │   │   │   │   │   │   │       └── universal-hash v0.5.1
│   │   │   │   │   │   │   │   │           ├── crypto-common v0.1.7 (*)
│   │   │   │   │   │   │   │   │           └── subtle v2.6.1
│   │   │   │   │   │   │   │   └── subtle v2.6.1
│   │   │   │   │   │   │   ├── cbc v0.1.2
│   │   │   │   │   │   │   │   └── cipher v0.4.4 (*)
│   │   │   │   │   │   │   ├── chacha20 v0.9.1
│   │   │   │   │   │   │   │   ├── cfg-if v1.0.5
│   │   │   │   │   │   │   │   ├── cipher v0.4.4 (*)
│   │   │   │   │   │   │   │   └── cpufeatures v0.2.17
│   │   │   │   │   │   │   ├── cipher v0.4.4 (*)
│   │   │   │   │   │   │   ├── ctr v0.9.2 (*)
│   │   │   │   │   │   │   ├── poly1305 v0.8.0
│   │   │   │   │   │   │   │   ├── cpufeatures v0.2.17
│   │   │   │   │   │   │   │   ├── opaque-debug v0.3.1
│   │   │   │   │   │   │   │   └── universal-hash v0.5.1 (*)
│   │   │   │   │   │   │   ├── ssh-encoding v0.2.0 (*)
│   │   │   │   │   │   │   └── subtle v2.6.1
│   │   │   │   │   │   ├── ssh-encoding v0.2.0 (*)
│   │   │   │   │   │   ├── subtle v2.6.1
│   │   │   │   │   │   └── zeroize v1.9.0 (*)
│   │   │   │   │   ├── subtle v2.6.1
│   │   │   │   │   ├── thiserror v2.0.20 (*)
│   │   │   │   │   ├── tokio v1.53.1
│   │   │   │   │   │   ├── bytes v1.12.1
│   │   │   │   │   │   │   └── serde v1.0.229 (*)
│   │   │   │   │   │   ├── mio v1.2.3
│   │   │   │   │   │   │   └── windows-sys v0.61.2
│   │   │   │   │   │   │       └── windows-link v0.2.1
│   │   │   │   │   │   ├── pin-project-lite v0.2.17
│   │   │   │   │   │   ├── socket2 v0.6.5
│   │   │   │   │   │   │   └── windows-sys v0.61.2 (*)
│   │   │   │   │   │   ├── tokio-macros v2.7.2 (proc-macro)
│   │   │   │   │   │   │   ├── proc-macro2 v1.0.107 (*)
│   │   │   │   │   │   │   ├── quote v1.0.47 (*)
│   │   │   │   │   │   │   └── syn v3.0.6 (*)
│   │   │   │   │   │   └── windows-sys v0.61.2 (*)
│   │   │   │   │   └── tokio-util v0.7.19
│   │   │   │   │       ├── bytes v1.12.1 (*)
│   │   │   │   │       ├── futures-core v0.3.34
│   │   │   │   │       ├── futures-io v0.3.34
│   │   │   │   │       ├── futures-sink v0.3.34
│   │   │   │   │       ├── futures-util v0.3.34 (*)
│   │   │   │   │       ├── pin-project-lite v0.2.17
│   │   │   │   │       └── tokio v1.53.1 (*)
│   │   │   │   ├── ssh-key v0.6.7 (*)
│   │   │   │   ├── thiserror v1.0.69 (*)
│   │   │   │   ├── tokio v1.53.1 (*)
│   │   │   │   ├── tracing v0.1.44 (*)
│   │   │   │   ├── tracing-subscriber v0.3.23
│   │   │   │   │   ├── matchers v0.2.0
│   │   │   │   │   │   └── regex-automata v0.4.18
│   │   │   │   │   │       ├── aho-corasick v1.1.5
│   │   │   │   │   │       │   └── memchr v2.8.3
│   │   │   │   │   │       ├── memchr v2.8.3
│   │   │   │   │   │       └── regex-syntax v0.8.11
│   │   │   │   │   ├── nu-ansi-term v0.50.3
│   │   │   │   │   │   └── windows-sys v0.61.2 (*)
│   │   │   │   │   ├── once_cell v1.21.4 (*)
│   │   │   │   │   ├── regex-automata v0.4.18 (*)
│   │   │   │   │   ├── sharded-slab v0.1.7
│   │   │   │   │   │   └── lazy_static v1.5.0 (*)
│   │   │   │   │   ├── smallvec v1.16.1 (*)
│   │   │   │   │   ├── thread_local v1.1.10
│   │   │   │   │   │   └── cfg-if v1.0.5
│   │   │   │   │   ├── tracing v0.1.44 (*)
│   │   │   │   │   ├── tracing-core v0.1.36 (*)
│   │   │   │   │   └── tracing-log v0.2.0
│   │   │   │   │       ├── log v0.4.34
│   │   │   │   │       ├── once_cell v1.21.4 (*)
│   │   │   │   │       └── tracing-core v0.1.36 (*)
│   │   │   │   ├── uuid v1.27.0 (*)
│   │   │   │   ├── windows-sys v0.59.0
│   │   │   │   │   └── windows-targets v0.52.6 (*)
│   │   │   │   └── zeroize v1.9.0 (*)
│   │   │   ├── serde v1.0.229 (*)
│   │   │   ├── stickleback v0.1.1 (https://github.com/merely-made/mere.git?rev=57b4893db6909d5ed9c4ccae30216f0d8164201a#57b4893d)
│   │   │   │   ├── blake3 v1.8.7 (*)
│   │   │   │   ├── futures-util v0.3.34 (*)
│   │   │   │   ├── hex v0.4.3 (*)
│   │   │   │   ├── insigne v0.0.1 (https://github.com/merely-made/mere.git?rev=57b4893db6909d5ed9c4ccae30216f0d8164201a#57b4893d) (*)
│   │   │   │   ├── mere-p2panda-net v0.7.5 (https://github.com/mark-ik/p2panda.git?tag=mere-p2panda-net-0.7.5#1bec457e)
│   │   │   │   │   ├── futures-channel v0.3.34 (*)
│   │   │   │   │   ├── futures-util v0.3.34 (*)
│   │   │   │   │   ├── hex v0.4.3 (*)
│   │   │   │   │   ├── iroh v1.3.0
│   │   │   │   │   │   ├── backon v1.6.0
│   │   │   │   │   │   │   ├── fastrand v2.5.0
│   │   │   │   │   │   │   └── tokio v1.53.1 (*)
│   │   │   │   │   │   ├── blake3 v1.8.7 (*)
│   │   │   │   │   │   ├── bytes v1.12.1 (*)
│   │   │   │   │   │   ├── ctutils v0.4.2 (*)
│   │   │   │   │   │   ├── data-encoding v2.11.1
│   │   │   │   │   │   ├── derive_more v2.1.1
│   │   │   │   │   │   │   └── derive_more-impl v2.1.1 (proc-macro)
│   │   │   │   │   │   │       ├── convert_case v0.10.0
│   │   │   │   │   │   │       │   └── unicode-segmentation v1.13.3
│   │   │   │   │   │   │       ├── proc-macro2 v1.0.107 (*)
│   │   │   │   │   │   │       ├── quote v1.0.47 (*)
│   │   │   │   │   │   │       ├── syn v2.0.119 (*)
│   │   │   │   │   │   │       └── unicode-xid v0.2.6
│   │   │   │   │   │   │       [build-dependencies]
│   │   │   │   │   │   │       └── rustc_version v0.4.1 (*)
│   │   │   │   │   │   ├── ed25519-dalek v3.0.0 (*)
│   │   │   │   │   │   ├── futures-util v0.3.34 (*)
│   │   │   │   │   │   ├── http v1.5.0
│   │   │   │   │   │   │   ├── bytes v1.12.1 (*)
│   │   │   │   │   │   │   └── itoa v1.0.18
│   │   │   │   │   │   ├── ipnet v2.12.2
│   │   │   │   │   │   ├── iroh-base v1.3.0
│   │   │   │   │   │   │   ├── curve25519-dalek v5.0.0 (*)
│   │   │   │   │   │   │   ├── data-encoding v2.11.1
│   │   │   │   │   │   │   ├── data-encoding-macro v0.1.21
│   │   │   │   │   │   │   │   ├── data-encoding v2.11.1
│   │   │   │   │   │   │   │   └── data-encoding-macro-internal v0.1.19 (proc-macro)
│   │   │   │   │   │   │   │       ├── data-encoding v2.11.1
│   │   │   │   │   │   │   │       └── syn v3.0.6 (*)
│   │   │   │   │   │   │   ├── derive_more v2.1.1 (*)
│   │   │   │   │   │   │   ├── ed25519-dalek v3.0.0 (*)
│   │   │   │   │   │   │   ├── n0-error v1.0.1
│   │   │   │   │   │   │   │   ├── anyhow v1.0.104
│   │   │   │   │   │   │   │   ├── n0-error-macros v1.0.1 (proc-macro)
│   │   │   │   │   │   │   │   │   ├── proc-macro2 v1.0.107 (*)
│   │   │   │   │   │   │   │   │   ├── quote v1.0.47 (*)
│   │   │   │   │   │   │   │   │   └── syn v2.0.119 (*)
│   │   │   │   │   │   │   │   └── spez v0.1.2 (proc-macro)
│   │   │   │   │   │   │   │       ├── proc-macro2 v1.0.107 (*)
│   │   │   │   │   │   │   │       ├── quote v1.0.47 (*)
│   │   │   │   │   │   │   │       └── syn v2.0.119 (*)
│   │   │   │   │   │   │   ├── rand v0.10.3
│   │   │   │   │   │   │   │   ├── chacha20 v0.10.2 (*)
│   │   │   │   │   │   │   │   ├── getrandom v0.4.3 (*)
│   │   │   │   │   │   │   │   └── rand_core v0.10.1
│   │   │   │   │   │   │   ├── serde v1.0.229 (*)
│   │   │   │   │   │   │   ├── url v2.5.8
│   │   │   │   │   │   │   │   ├── form_urlencoded v1.2.2
│   │   │   │   │   │   │   │   │   └── percent-encoding v2.3.2
│   │   │   │   │   │   │   │   ├── idna v1.1.0
│   │   │   │   │   │   │   │   │   ├── idna_adapter v1.2.2
│   │   │   │   │   │   │   │   │   │   ├── icu_normalizer v2.3.0
│   │   │   │   │   │   │   │   │   │   │   ├── icu_collections v2.3.0
│   │   │   │   │   │   │   │   │   │   │   │   ├── displaydoc v0.2.7 (proc-macro)
│   │   │   │   │   │   │   │   │   │   │   │   │   ├── proc-macro2 v1.0.107 (*)
│   │   │   │   │   │   │   │   │   │   │   │   │   ├── quote v1.0.47 (*)
│   │   │   │   │   │   │   │   │   │   │   │   │   └── syn v3.0.6 (*)
│   │   │   │   │   │   │   │   │   │   │   │   ├── potential_utf v0.1.6
│   │   │   │   │   │   │   │   │   │   │   │   │   ├── writeable v0.6.4
│   │   │   │   │   │   │   │   │   │   │   │   │   └── zerovec v0.11.8
│   │   │   │   │   │   │   │   │   │   │   │   │       ├── yoke v0.8.3
│   │   │   │   │   │   │   │   │   │   │   │   │       │   ├── stable_deref_trait v1.2.1
│   │   │   │   │   │   │   │   │   │   │   │   │       │   ├── yoke-derive v0.8.3 (proc-macro)
│   │   │   │   │   │   │   │   │   │   │   │   │       │   │   ├── proc-macro2 v1.0.107 (*)
│   │   │   │   │   │   │   │   │   │   │   │   │       │   │   ├── quote v1.0.47 (*)
│   │   │   │   │   │   │   │   │   │   │   │   │       │   │   ├── syn v3.0.6 (*)
│   │   │   │   │   │   │   │   │   │   │   │   │       │   │   └── synstructure v0.14.0
│   │   │   │   │   │   │   │   │   │   │   │   │       │   │       ├── proc-macro2 v1.0.107 (*)
│   │   │   │   │   │   │   │   │   │   │   │   │       │   │       ├── quote v1.0.47 (*)
│   │   │   │   │   │   │   │   │   │   │   │   │       │   │       └── syn v3.0.6 (*)
│   │   │   │   │   │   │   │   │   │   │   │   │       │   └── zerofrom v0.1.8
│   │   │   │   │   │   │   │   │   │   │   │   │       │       └── zerofrom-derive v0.1.8 (proc-macro)
│   │   │   │   │   │   │   │   │   │   │   │   │       │           ├── proc-macro2 v1.0.107 (*)
│   │   │   │   │   │   │   │   │   │   │   │   │       │           ├── quote v1.0.47 (*)
│   │   │   │   │   │   │   │   │   │   │   │   │       │           ├── syn v3.0.6 (*)
│   │   │   │   │   │   │   │   │   │   │   │   │       │           └── synstructure v0.14.0 (*)
│   │   │   │   │   │   │   │   │   │   │   │   │       ├── zerofrom v0.1.8 (*)
│   │   │   │   │   │   │   │   │   │   │   │   │       └── zerovec-derive v0.11.6 (proc-macro)
│   │   │   │   │   │   │   │   │   │   │   │   │           ├── proc-macro2 v1.0.107 (*)
│   │   │   │   │   │   │   │   │   │   │   │   │           ├── quote v1.0.47 (*)
│   │   │   │   │   │   │   │   │   │   │   │   │           └── syn v3.0.6 (*)
│   │   │   │   │   │   │   │   │   │   │   │   ├── utf8_iter v1.0.4
│   │   │   │   │   │   │   │   │   │   │   │   ├── yoke v0.8.3 (*)
│   │   │   │   │   │   │   │   │   │   │   │   ├── zerofrom v0.1.8 (*)
│   │   │   │   │   │   │   │   │   │   │   │   └── zerovec v0.11.8 (*)
│   │   │   │   │   │   │   │   │   │   │   ├── icu_normalizer_data v2.3.0
│   │   │   │   │   │   │   │   │   │   │   ├── icu_provider v2.3.1
│   │   │   │   │   │   │   │   │   │   │   │   ├── displaydoc v0.2.7 (proc-macro) (*)
│   │   │   │   │   │   │   │   │   │   │   │   ├── icu_locale_core v2.3.0
│   │   │   │   │   │   │   │   │   │   │   │   │   ├── displaydoc v0.2.7 (proc-macro) (*)
│   │   │   │   │   │   │   │   │   │   │   │   │   ├── litemap v0.8.3
│   │   │   │   │   │   │   │   │   │   │   │   │   ├── tinystr v0.8.4
│   │   │   │   │   │   │   │   │   │   │   │   │   │   ├── displaydoc v0.2.7 (proc-macro) (*)
│   │   │   │   │   │   │   │   │   │   │   │   │   │   └── zerovec v0.11.8 (*)
│   │   │   │   │   │   │   │   │   │   │   │   │   ├── writeable v0.6.4
│   │   │   │   │   │   │   │   │   │   │   │   │   └── zerovec v0.11.8 (*)
│   │   │   │   │   │   │   │   │   │   │   │   ├── stable_deref_trait v1.2.1
│   │   │   │   │   │   │   │   │   │   │   │   ├── writeable v0.6.4
│   │   │   │   │   │   │   │   │   │   │   │   ├── yoke v0.8.3 (*)
│   │   │   │   │   │   │   │   │   │   │   │   ├── zerofrom v0.1.8 (*)
│   │   │   │   │   │   │   │   │   │   │   │   ├── zerotrie v0.2.5
│   │   │   │   │   │   │   │   │   │   │   │   │   ├── displaydoc v0.2.7 (proc-macro) (*)
│   │   │   │   │   │   │   │   │   │   │   │   │   ├── yoke v0.8.3 (*)
│   │   │   │   │   │   │   │   │   │   │   │   │   └── zerofrom v0.1.8 (*)
│   │   │   │   │   │   │   │   │   │   │   │   └── zerovec v0.11.8 (*)
│   │   │   │   │   │   │   │   │   │   │   ├── smallvec v1.16.1 (*)
│   │   │   │   │   │   │   │   │   │   │   └── zerovec v0.11.8 (*)
│   │   │   │   │   │   │   │   │   │   └── icu_properties v2.3.0
│   │   │   │   │   │   │   │   │   │       ├── displaydoc v0.2.7 (proc-macro) (*)
│   │   │   │   │   │   │   │   │   │       ├── icu_collections v2.3.0 (*)
│   │   │   │   │   │   │   │   │   │       ├── icu_locale_core v2.3.0 (*)
│   │   │   │   │   │   │   │   │   │       ├── icu_properties_data v2.3.0
│   │   │   │   │   │   │   │   │   │       ├── icu_provider v2.3.1 (*)
│   │   │   │   │   │   │   │   │   │       ├── unicode-bidi v0.3.18
│   │   │   │   │   │   │   │   │   │       │   └── smallvec v1.16.1 (*)
│   │   │   │   │   │   │   │   │   │       ├── zerotrie v0.2.5 (*)
│   │   │   │   │   │   │   │   │   │       └── zerovec v0.11.8 (*)
│   │   │   │   │   │   │   │   │   ├── smallvec v1.16.1 (*)
│   │   │   │   │   │   │   │   │   └── utf8_iter v1.0.4
│   │   │   │   │   │   │   │   ├── percent-encoding v2.3.2
│   │   │   │   │   │   │   │   ├── serde v1.0.229 (*)
│   │   │   │   │   │   │   │   └── serde_derive v1.0.229 (proc-macro) (*)
│   │   │   │   │   │   │   └── zeroize v1.9.0 (*)
│   │   │   │   │   │   ├── iroh-dns v1.3.0
│   │   │   │   │   │   │   ├── arc-swap v1.9.2
│   │   │   │   │   │   │   │   └── rustversion v1.0.23 (proc-macro)
│   │   │   │   │   │   │   ├── derive_more v2.1.1 (*)
│   │   │   │   │   │   │   ├── iroh-base v1.3.0 (*)
│   │   │   │   │   │   │   ├── n0-dns-resolver v0.1.0
│   │   │   │   │   │   │   │   ├── derive_more v2.1.1 (*)
│   │   │   │   │   │   │   │   ├── ipconfig v0.3.4
│   │   │   │   │   │   │   │   │   ├── socket2 v0.6.5 (*)
│   │   │   │   │   │   │   │   │   ├── widestring v1.2.1
│   │   │   │   │   │   │   │   │   ├── windows-registry v0.6.1
│   │   │   │   │   │   │   │   │   │   ├── windows-link v0.2.1
│   │   │   │   │   │   │   │   │   │   ├── windows-result v0.4.1 (*)
│   │   │   │   │   │   │   │   │   │   └── windows-strings v0.5.1 (*)
│   │   │   │   │   │   │   │   │   ├── windows-result v0.4.1 (*)
│   │   │   │   │   │   │   │   │   └── windows-sys v0.61.2 (*)
│   │   │   │   │   │   │   │   ├── lru v0.18.4
│   │   │   │   │   │   │   │   │   └── hashbrown v0.17.1 (*)
│   │   │   │   │   │   │   │   ├── n0-error v1.0.1 (*)
│   │   │   │   │   │   │   │   ├── n0-future v0.3.2
│   │   │   │   │   │   │   │   │   ├── derive_more v2.1.1 (*)
│   │   │   │   │   │   │   │   │   ├── futures-buffered v0.2.13
│   │   │   │   │   │   │   │   │   │   ├── cordyceps v0.3.5
│   │   │   │   │   │   │   │   │   │   ├── diatomic-waker v0.2.3
│   │   │   │   │   │   │   │   │   │   ├── futures-core v0.3.34
│   │   │   │   │   │   │   │   │   │   ├── pin-project-lite v0.2.17
│   │   │   │   │   │   │   │   │   │   └── spin v0.10.1
│   │   │   │   │   │   │   │   │   ├── futures-lite v2.6.1
│   │   │   │   │   │   │   │   │   │   ├── fastrand v2.5.0
│   │   │   │   │   │   │   │   │   │   ├── futures-core v0.3.34
│   │   │   │   │   │   │   │   │   │   ├── futures-io v0.3.34
│   │   │   │   │   │   │   │   │   │   ├── parking v2.2.1
│   │   │   │   │   │   │   │   │   │   └── pin-project-lite v0.2.17
│   │   │   │   │   │   │   │   │   ├── futures-util v0.3.34 (*)
│   │   │   │   │   │   │   │   │   ├── pin-project v1.1.13
│   │   │   │   │   │   │   │   │   │   └── pin-project-internal v1.1.13 (proc-macro)
│   │   │   │   │   │   │   │   │   │       ├── proc-macro2 v1.0.107 (*)
│   │   │   │   │   │   │   │   │   │       ├── quote v1.0.47 (*)
│   │   │   │   │   │   │   │   │   │       └── syn v2.0.119 (*)
│   │   │   │   │   │   │   │   │   ├── tokio v1.53.1 (*)
│   │   │   │   │   │   │   │   │   └── tokio-util v0.7.19 (*)
│   │   │   │   │   │   │   │   │   [build-dependencies]
│   │   │   │   │   │   │   │   │   └── cfg_aliases v0.2.2
│   │   │   │   │   │   │   │   ├── rand v0.10.3 (*)
│   │   │   │   │   │   │   │   ├── reqwest v0.13.5
│   │   │   │   │   │   │   │   │   ├── base64 v0.23.1
│   │   │   │   │   │   │   │   │   ├── bytes v1.12.1 (*)
│   │   │   │   │   │   │   │   │   ├── futures-core v0.3.34
│   │   │   │   │   │   │   │   │   ├── futures-util v0.3.34 (*)
│   │   │   │   │   │   │   │   │   ├── http v1.5.0 (*)
│   │   │   │   │   │   │   │   │   ├── http-body v1.1.0
│   │   │   │   │   │   │   │   │   │   ├── bytes v1.12.1 (*)
│   │   │   │   │   │   │   │   │   │   └── http v1.5.0 (*)
│   │   │   │   │   │   │   │   │   ├── http-body-util v0.1.5
│   │   │   │   │   │   │   │   │   │   ├── bytes v1.12.1 (*)
│   │   │   │   │   │   │   │   │   │   ├── futures-core v0.3.34
│   │   │   │   │   │   │   │   │   │   ├── http v1.5.0 (*)
│   │   │   │   │   │   │   │   │   │   ├── http-body v1.1.0 (*)
│   │   │   │   │   │   │   │   │   │   └── pin-project-lite v0.2.17
│   │   │   │   │   │   │   │   │   ├── hyper v1.11.1
│   │   │   │   │   │   │   │   │   │   ├── atomic-waker v1.1.2
│   │   │   │   │   │   │   │   │   │   ├── bytes v1.12.1 (*)
│   │   │   │   │   │   │   │   │   │   ├── futures-channel v0.3.34 (*)
│   │   │   │   │   │   │   │   │   │   ├── futures-core v0.3.34
│   │   │   │   │   │   │   │   │   │   ├── h2 v0.4.19
│   │   │   │   │   │   │   │   │   │   │   ├── atomic-waker v1.1.2
│   │   │   │   │   │   │   │   │   │   │   ├── bytes v1.12.1 (*)
│   │   │   │   │   │   │   │   │   │   │   ├── fnv v1.0.7
│   │   │   │   │   │   │   │   │   │   │   ├── futures-core v0.3.34
│   │   │   │   │   │   │   │   │   │   │   ├── futures-sink v0.3.34
│   │   │   │   │   │   │   │   │   │   │   ├── http v1.5.0 (*)
│   │   │   │   │   │   │   │   │   │   │   ├── indexmap v2.14.2 (*)
│   │   │   │   │   │   │   │   │   │   │   ├── slab v0.4.12
│   │   │   │   │   │   │   │   │   │   │   ├── tokio v1.53.1 (*)
│   │   │   │   │   │   │   │   │   │   │   ├── tokio-util v0.7.19 (*)
│   │   │   │   │   │   │   │   │   │   │   └── tracing v0.1.44 (*)
│   │   │   │   │   │   │   │   │   │   ├── http v1.5.0 (*)
│   │   │   │   │   │   │   │   │   │   ├── http-body v1.1.0 (*)
│   │   │   │   │   │   │   │   │   │   ├── httparse v1.10.1
│   │   │   │   │   │   │   │   │   │   ├── httpdate v1.0.3
│   │   │   │   │   │   │   │   │   │   ├── itoa v1.0.18
│   │   │   │   │   │   │   │   │   │   ├── pin-project-lite v0.2.17
│   │   │   │   │   │   │   │   │   │   ├── smallvec v1.16.1 (*)
│   │   │   │   │   │   │   │   │   │   ├── tokio v1.53.1 (*)
│   │   │   │   │   │   │   │   │   │   └── want v0.3.1
│   │   │   │   │   │   │   │   │   │       └── try-lock v0.2.5
│   │   │   │   │   │   │   │   │   ├── hyper-rustls v0.27.9
│   │   │   │   │   │   │   │   │   │   ├── http v1.5.0 (*)
│   │   │   │   │   │   │   │   │   │   ├── hyper v1.11.1 (*)
│   │   │   │   │   │   │   │   │   │   ├── hyper-util v0.1.20
│   │   │   │   │   │   │   │   │   │   │   ├── base64 v0.22.1
│   │   │   │   │   │   │   │   │   │   │   ├── bytes v1.12.1 (*)
│   │   │   │   │   │   │   │   │   │   │   ├── futures-channel v0.3.34 (*)
│   │   │   │   │   │   │   │   │   │   │   ├── futures-util v0.3.34 (*)
│   │   │   │   │   │   │   │   │   │   │   ├── http v1.5.0 (*)
│   │   │   │   │   │   │   │   │   │   │   ├── http-body v1.1.0 (*)
│   │   │   │   │   │   │   │   │   │   │   ├── hyper v1.11.1 (*)
│   │   │   │   │   │   │   │   │   │   │   ├── ipnet v2.12.2
│   │   │   │   │   │   │   │   │   │   │   ├── libc v0.2.189
│   │   │   │   │   │   │   │   │   │   │   ├── percent-encoding v2.3.2
│   │   │   │   │   │   │   │   │   │   │   ├── pin-project-lite v0.2.17
│   │   │   │   │   │   │   │   │   │   │   ├── socket2 v0.6.5 (*)
│   │   │   │   │   │   │   │   │   │   │   ├── tokio v1.53.1 (*)
│   │   │   │   │   │   │   │   │   │   │   ├── tower-service v0.3.3
│   │   │   │   │   │   │   │   │   │   │   └── tracing v0.1.44 (*)
│   │   │   │   │   │   │   │   │   │   ├── log v0.4.34
│   │   │   │   │   │   │   │   │   │   ├── rustls v0.23.45
│   │   │   │   │   │   │   │   │   │   │   ├── aws-lc-rs v1.18.1
│   │   │   │   │   │   │   │   │   │   │   │   ├── aws-lc-sys v0.45.0
│   │   │   │   │   │   │   │   │   │   │   │   │   [build-dependencies]
│   │   │   │   │   │   │   │   │   │   │   │   │   ├── cc v1.6.0 (*)
│   │   │   │   │   │   │   │   │   │   │   │   │   ├── cmake v0.1.58
│   │   │   │   │   │   │   │   │   │   │   │   │   │   └── cc v1.6.0 (*)
│   │   │   │   │   │   │   │   │   │   │   │   │   ├── dunce v1.0.5
│   │   │   │   │   │   │   │   │   │   │   │   │   └── fs_extra v1.3.0
│   │   │   │   │   │   │   │   │   │   │   │   └── zeroize v1.9.0 (*)
│   │   │   │   │   │   │   │   │   │   │   ├── log v0.4.34
│   │   │   │   │   │   │   │   │   │   │   ├── once_cell v1.21.4 (*)
│   │   │   │   │   │   │   │   │   │   │   ├── ring v0.17.14 (*)
│   │   │   │   │   │   │   │   │   │   │   ├── rustls-pki-types v1.15.1
│   │   │   │   │   │   │   │   │   │   │   │   └── zeroize v1.9.0 (*)
│   │   │   │   │   │   │   │   │   │   │   ├── rustls-webpki v0.103.15
│   │   │   │   │   │   │   │   │   │   │   │   ├── aws-lc-rs v1.18.1 (*)
│   │   │   │   │   │   │   │   │   │   │   │   ├── ring v0.17.14 (*)
│   │   │   │   │   │   │   │   │   │   │   │   ├── rustls-pki-types v1.15.1 (*)
│   │   │   │   │   │   │   │   │   │   │   │   └── untrusted v0.9.0
│   │   │   │   │   │   │   │   │   │   │   ├── subtle v2.6.1
│   │   │   │   │   │   │   │   │   │   │   └── zeroize v1.9.0 (*)
│   │   │   │   │   │   │   │   │   │   ├── tokio v1.53.1 (*)
│   │   │   │   │   │   │   │   │   │   ├── tokio-rustls v0.26.5
│   │   │   │   │   │   │   │   │   │   │   ├── rustls v0.23.45 (*)
│   │   │   │   │   │   │   │   │   │   │   └── tokio v1.53.1 (*)
│   │   │   │   │   │   │   │   │   │   ├── tower-service v0.3.3
│   │   │   │   │   │   │   │   │   │   └── webpki-roots v1.0.9
│   │   │   │   │   │   │   │   │   │       └── rustls-pki-types v1.15.1 (*)
│   │   │   │   │   │   │   │   │   ├── hyper-util v0.1.20 (*)
│   │   │   │   │   │   │   │   │   ├── log v0.4.34
│   │   │   │   │   │   │   │   │   ├── percent-encoding v2.3.2
│   │   │   │   │   │   │   │   │   ├── pin-project-lite v0.2.17
│   │   │   │   │   │   │   │   │   ├── rustls v0.23.45 (*)
│   │   │   │   │   │   │   │   │   ├── rustls-pki-types v1.15.1 (*)
│   │   │   │   │   │   │   │   │   ├── rustls-platform-verifier v0.7.0
│   │   │   │   │   │   │   │   │   │   ├── log v0.4.34
│   │   │   │   │   │   │   │   │   │   ├── rustls v0.23.45 (*)
│   │   │   │   │   │   │   │   │   │   └── windows-sys v0.61.2 (*)
│   │   │   │   │   │   │   │   │   ├── sync_wrapper v1.0.2
│   │   │   │   │   │   │   │   │   │   └── futures-core v0.3.34
│   │   │   │   │   │   │   │   │   ├── tokio v1.53.1 (*)
│   │   │   │   │   │   │   │   │   ├── tokio-rustls v0.26.5 (*)
│   │   │   │   │   │   │   │   │   ├── tokio-util v0.7.19 (*)
│   │   │   │   │   │   │   │   │   ├── tower v0.5.3
│   │   │   │   │   │   │   │   │   │   ├── futures-core v0.3.34
│   │   │   │   │   │   │   │   │   │   ├── futures-util v0.3.34 (*)
│   │   │   │   │   │   │   │   │   │   ├── pin-project-lite v0.2.17
│   │   │   │   │   │   │   │   │   │   ├── sync_wrapper v1.0.2 (*)
│   │   │   │   │   │   │   │   │   │   ├── tokio v1.53.1 (*)
│   │   │   │   │   │   │   │   │   │   ├── tower-layer v0.3.3
│   │   │   │   │   │   │   │   │   │   └── tower-service v0.3.3
│   │   │   │   │   │   │   │   │   ├── tower-http v0.6.11
│   │   │   │   │   │   │   │   │   │   ├── bitflags v2.13.2 (*)
│   │   │   │   │   │   │   │   │   │   ├── bytes v1.12.1 (*)
│   │   │   │   │   │   │   │   │   │   ├── futures-util v0.3.34 (*)
│   │   │   │   │   │   │   │   │   │   ├── http v1.5.0 (*)
│   │   │   │   │   │   │   │   │   │   ├── http-body v1.1.0 (*)
│   │   │   │   │   │   │   │   │   │   ├── pin-project-lite v0.2.17
│   │   │   │   │   │   │   │   │   │   ├── tower v0.5.3 (*)
│   │   │   │   │   │   │   │   │   │   ├── tower-layer v0.3.3
│   │   │   │   │   │   │   │   │   │   ├── tower-service v0.3.3
│   │   │   │   │   │   │   │   │   │   └── url v2.5.8 (*)
│   │   │   │   │   │   │   │   │   ├── tower-service v0.3.3
│   │   │   │   │   │   │   │   │   └── url v2.5.8 (*)
│   │   │   │   │   │   │   │   ├── rustc-hash v2.1.3
│   │   │   │   │   │   │   │   ├── rustls v0.23.45 (*)
│   │   │   │   │   │   │   │   ├── simple-dns v0.12.0
│   │   │   │   │   │   │   │   │   └── bitflags v2.13.2 (*)
│   │   │   │   │   │   │   │   ├── tokio v1.53.1 (*)
│   │   │   │   │   │   │   │   ├── tokio-rustls v0.26.5 (*)
│   │   │   │   │   │   │   │   ├── tracing v0.1.44 (*)
│   │   │   │   │   │   │   │   └── webpki-roots v1.0.9 (*)
│   │   │   │   │   │   │   ├── n0-error v1.0.1 (*)
│   │   │   │   │   │   │   ├── n0-future v0.3.2 (*)
│   │   │   │   │   │   │   ├── portable-atomic v1.15.0 (*)
│   │   │   │   │   │   │   ├── rand v0.10.3 (*)
│   │   │   │   │   │   │   ├── rustls v0.23.45 (*)
│   │   │   │   │   │   │   ├── simple-dns v0.12.0 (*)
│   │   │   │   │   │   │   ├── strum v0.28.0
│   │   │   │   │   │   │   │   └── strum_macros v0.28.0 (proc-macro)
│   │   │   │   │   │   │   │       ├── heck v0.5.0
│   │   │   │   │   │   │   │       ├── proc-macro2 v1.0.107 (*)
│   │   │   │   │   │   │   │       ├── quote v1.0.47 (*)
│   │   │   │   │   │   │   │       └── syn v2.0.119 (*)
│   │   │   │   │   │   │   ├── tokio v1.53.1 (*)
│   │   │   │   │   │   │   ├── tracing v0.1.44 (*)
│   │   │   │   │   │   │   └── url v2.5.8 (*)
│   │   │   │   │   │   │   [build-dependencies]
│   │   │   │   │   │   │   └── cfg_aliases v0.2.2
│   │   │   │   │   │   ├── iroh-metrics v1.0.2
│   │   │   │   │   │   │   ├── iroh-metrics-derive v1.0.1 (proc-macro)
│   │   │   │   │   │   │   │   ├── heck v0.5.0
│   │   │   │   │   │   │   │   ├── proc-macro2 v1.0.107 (*)
│   │   │   │   │   │   │   │   ├── quote v1.0.47 (*)
│   │   │   │   │   │   │   │   └── syn v2.0.119 (*)
│   │   │   │   │   │   │   ├── itoa v1.0.18
│   │   │   │   │   │   │   ├── n0-error v1.0.1 (*)
│   │   │   │   │   │   │   ├── portable-atomic v1.15.0 (*)
│   │   │   │   │   │   │   ├── ryu v1.0.23
│   │   │   │   │   │   │   ├── serde v1.0.229 (*)
│   │   │   │   │   │   │   └── tracing v0.1.44 (*)
│   │   │   │   │   │   ├── iroh-relay v1.3.0
│   │   │   │   │   │   │   ├── blake3 v1.8.7 (*)
│   │   │   │   │   │   │   ├── bytes v1.12.1 (*)
│   │   │   │   │   │   │   ├── data-encoding v2.11.1
│   │   │   │   │   │   │   ├── derive_more v2.1.1 (*)
│   │   │   │   │   │   │   ├── http v1.5.0 (*)
│   │   │   │   │   │   │   ├── http-body-util v0.1.5 (*)
│   │   │   │   │   │   │   ├── hyper v1.11.1 (*)
│   │   │   │   │   │   │   ├── hyper-util v0.1.20 (*)
│   │   │   │   │   │   │   ├── iroh-base v1.3.0 (*)
│   │   │   │   │   │   │   ├── iroh-dns v1.3.0 (*)
│   │   │   │   │   │   │   ├── iroh-metrics v1.0.2 (*)
│   │   │   │   │   │   │   ├── lru v0.18.4 (*)
│   │   │   │   │   │   │   ├── n0-error v1.0.1 (*)
│   │   │   │   │   │   │   ├── n0-future v0.3.2 (*)
│   │   │   │   │   │   │   ├── noq v1.3.0
│   │   │   │   │   │   │   │   ├── bytes v1.12.1 (*)
│   │   │   │   │   │   │   │   ├── derive_more v2.1.1 (*)
│   │   │   │   │   │   │   │   ├── noq-proto v1.3.0
│   │   │   │   │   │   │   │   │   ├── aes-gcm v0.10.3 (*)
│   │   │   │   │   │   │   │   │   ├── bytes v1.12.1 (*)
│   │   │   │   │   │   │   │   │   ├── derive_more v2.1.1 (*)
│   │   │   │   │   │   │   │   │   ├── enum-assoc v1.4.1 (proc-macro)
│   │   │   │   │   │   │   │   │   │   ├── proc-macro2 v1.0.107 (*)
│   │   │   │   │   │   │   │   │   │   ├── quote v1.0.47 (*)
│   │   │   │   │   │   │   │   │   │   └── syn v3.0.6 (*)
│   │   │   │   │   │   │   │   │   ├── fastbloom v0.17.0
│   │   │   │   │   │   │   │   │   │   ├── foldhash v0.2.0
│   │   │   │   │   │   │   │   │   │   ├── libm v0.2.16
│   │   │   │   │   │   │   │   │   │   ├── portable-atomic v1.15.0 (*)
│   │   │   │   │   │   │   │   │   │   └── siphasher v1.0.3
│   │   │   │   │   │   │   │   │   ├── identity-hash v0.1.0
│   │   │   │   │   │   │   │   │   ├── lru-slab v0.1.3
│   │   │   │   │   │   │   │   │   ├── rand v0.10.3 (*)
│   │   │   │   │   │   │   │   │   ├── rand_pcg v0.10.2
│   │   │   │   │   │   │   │   │   │   └── rand_core v0.10.1
│   │   │   │   │   │   │   │   │   ├── ring v0.17.14 (*)
│   │   │   │   │   │   │   │   │   ├── rustc-hash v2.1.3
│   │   │   │   │   │   │   │   │   ├── rustls v0.23.45 (*)
│   │   │   │   │   │   │   │   │   ├── rustls-platform-verifier v0.7.0 (*)
│   │   │   │   │   │   │   │   │   ├── slab v0.4.12
│   │   │   │   │   │   │   │   │   ├── sorted-index-buffer v0.2.1
│   │   │   │   │   │   │   │   │   ├── thiserror v2.0.20 (*)
│   │   │   │   │   │   │   │   │   ├── tinyvec v1.13.3
│   │   │   │   │   │   │   │   │   └── tracing v0.1.44 (*)
│   │   │   │   │   │   │   │   ├── noq-udp v1.3.0
│   │   │   │   │   │   │   │   │   ├── libc v0.2.189
│   │   │   │   │   │   │   │   │   ├── socket2 v0.6.5 (*)
│   │   │   │   │   │   │   │   │   ├── tracing v0.1.44 (*)
│   │   │   │   │   │   │   │   │   └── windows-sys v0.61.2 (*)
│   │   │   │   │   │   │   │   │   [build-dependencies]
│   │   │   │   │   │   │   │   │   └── cfg_aliases v0.2.2
│   │   │   │   │   │   │   │   ├── pin-project-lite v0.2.17
│   │   │   │   │   │   │   │   ├── rustc-hash v2.1.3
│   │   │   │   │   │   │   │   ├── rustls v0.23.45 (*)
│   │   │   │   │   │   │   │   ├── socket2 v0.6.5 (*)
│   │   │   │   │   │   │   │   ├── thiserror v2.0.20 (*)
│   │   │   │   │   │   │   │   ├── tokio v1.53.1 (*)
│   │   │   │   │   │   │   │   ├── tokio-stream v0.1.19
│   │   │   │   │   │   │   │   │   ├── futures-core v0.3.34
│   │   │   │   │   │   │   │   │   ├── pin-project-lite v0.2.17
│   │   │   │   │   │   │   │   │   ├── tokio v1.53.1 (*)
│   │   │   │   │   │   │   │   │   └── tokio-util v0.7.19 (*)
│   │   │   │   │   │   │   │   └── tracing v0.1.44 (*)
│   │   │   │   │   │   │   │   [build-dependencies]
│   │   │   │   │   │   │   │   └── cfg_aliases v0.2.2
│   │   │   │   │   │   │   ├── noq-proto v1.3.0 (*)
│   │   │   │   │   │   │   ├── num_enum v0.7.6
│   │   │   │   │   │   │   │   ├── num_enum_derive v0.7.6 (proc-macro)
│   │   │   │   │   │   │   │   │   ├── proc-macro-crate v3.5.0
│   │   │   │   │   │   │   │   │   │   └── toml_edit v0.25.15+spec-1.1.0
│   │   │   │   │   │   │   │   │   │       ├── indexmap v2.14.2 (*)
│   │   │   │   │   │   │   │   │   │       ├── toml_datetime v1.1.1+spec-1.1.0
│   │   │   │   │   │   │   │   │   │       │   └── serde_core v1.0.229
│   │   │   │   │   │   │   │   │   │       ├── toml_parser v1.1.3+spec-1.1.0
│   │   │   │   │   │   │   │   │   │       │   └── winnow v1.0.4
│   │   │   │   │   │   │   │   │   │       └── winnow v1.0.4
│   │   │   │   │   │   │   │   │   ├── proc-macro2 v1.0.107 (*)
│   │   │   │   │   │   │   │   │   ├── quote v1.0.47 (*)
│   │   │   │   │   │   │   │   │   └── syn v2.0.119 (*)
│   │   │   │   │   │   │   │   └── rustversion v1.0.23 (proc-macro)
│   │   │   │   │   │   │   ├── pin-project v1.1.13 (*)
│   │   │   │   │   │   │   ├── postcard v1.1.3
│   │   │   │   │   │   │   │   ├── cobs v0.3.0
│   │   │   │   │   │   │   │   │   └── thiserror v2.0.20 (*)
│   │   │   │   │   │   │   │   ├── heapless v0.7.17
│   │   │   │   │   │   │   │   │   ├── hash32 v0.2.1
│   │   │   │   │   │   │   │   │   │   └── byteorder v1.5.0
│   │   │   │   │   │   │   │   │   ├── serde v1.0.229 (*)
│   │   │   │   │   │   │   │   │   ├── spin v0.9.9 (*)
│   │   │   │   │   │   │   │   │   └── stable_deref_trait v1.2.1
│   │   │   │   │   │   │   │   │   [build-dependencies]
│   │   │   │   │   │   │   │   │   └── rustc_version v0.4.1 (*)
│   │   │   │   │   │   │   │   ├── postcard-derive v0.2.2 (proc-macro)
│   │   │   │   │   │   │   │   │   ├── proc-macro2 v1.0.107 (*)
│   │   │   │   │   │   │   │   │   ├── quote v1.0.47 (*)
│   │   │   │   │   │   │   │   │   └── syn v2.0.119 (*)
│   │   │   │   │   │   │   │   └── serde v1.0.229 (*)
│   │   │   │   │   │   │   ├── rand v0.10.3 (*)
│   │   │   │   │   │   │   ├── reqwest v0.13.5 (*)
│   │   │   │   │   │   │   ├── rustls v0.23.45 (*)
│   │   │   │   │   │   │   ├── rustls-pki-types v1.15.1 (*)
│   │   │   │   │   │   │   ├── serde v1.0.229 (*)
│   │   │   │   │   │   │   ├── serde_bytes v0.11.19 (*)
│   │   │   │   │   │   │   ├── strum v0.28.0 (*)
│   │   │   │   │   │   │   ├── tokio v1.53.1 (*)
│   │   │   │   │   │   │   ├── tokio-rustls v0.26.5 (*)
│   │   │   │   │   │   │   ├── tokio-util v0.7.19 (*)
│   │   │   │   │   │   │   ├── tokio-websockets v0.13.3
│   │   │   │   │   │   │   │   ├── base64 v0.22.1
│   │   │   │   │   │   │   │   ├── bytes v1.12.1 (*)
│   │   │   │   │   │   │   │   ├── futures-core v0.3.34
│   │   │   │   │   │   │   │   ├── futures-sink v0.3.34
│   │   │   │   │   │   │   │   ├── getrandom v0.4.3 (*)
│   │   │   │   │   │   │   │   ├── http v1.5.0 (*)
│   │   │   │   │   │   │   │   ├── httparse v1.10.1
│   │   │   │   │   │   │   │   ├── rand v0.10.3 (*)
│   │   │   │   │   │   │   │   ├── ring v0.17.14 (*)
│   │   │   │   │   │   │   │   ├── rustls-pki-types v1.15.1 (*)
│   │   │   │   │   │   │   │   ├── sha1_smol v1.0.1
│   │   │   │   │   │   │   │   ├── simdutf8 v0.1.5
│   │   │   │   │   │   │   │   ├── tokio v1.53.1 (*)
│   │   │   │   │   │   │   │   ├── tokio-rustls v0.26.5 (*)
│   │   │   │   │   │   │   │   └── tokio-util v0.7.19 (*)
│   │   │   │   │   │   │   ├── tracing v0.1.44 (*)
│   │   │   │   │   │   │   ├── url v2.5.8 (*)
│   │   │   │   │   │   │   └── webpki-roots v1.0.9 (*)
│   │   │   │   │   │   │   [build-dependencies]
│   │   │   │   │   │   │   └── cfg_aliases v0.2.2
│   │   │   │   │   │   ├── n0-error v1.0.1 (*)
│   │   │   │   │   │   ├── n0-future v0.3.2 (*)
│   │   │   │   │   │   ├── n0-watcher v1.0.0
│   │   │   │   │   │   │   ├── derive_more v2.1.1 (*)
│   │   │   │   │   │   │   ├── n0-error v1.0.1 (*)
│   │   │   │   │   │   │   └── n0-future v0.3.2 (*)
│   │   │   │   │   │   ├── netwatch v0.19.3
│   │   │   │   │   │   │   ├── atomic-waker v1.1.2
│   │   │   │   │   │   │   ├── bytes v1.12.1 (*)
│   │   │   │   │   │   │   ├── derive_more v2.1.1 (*)
│   │   │   │   │   │   │   ├── ipnet v2.12.2
│   │   │   │   │   │   │   ├── libc v0.2.189
│   │   │   │   │   │   │   ├── n0-error v1.0.1 (*)
│   │   │   │   │   │   │   ├── n0-future v0.3.2 (*)
│   │   │   │   │   │   │   ├── n0-watcher v1.0.0 (*)
│   │   │   │   │   │   │   ├── netdev v0.45.1
│   │   │   │   │   │   │   │   ├── ipnet v2.12.2
│   │   │   │   │   │   │   │   ├── mac-addr v0.3.0
│   │   │   │   │   │   │   │   └── windows-sys v0.61.2 (*)
│   │   │   │   │   │   │   ├── noq-udp v1.3.0 (*)
│   │   │   │   │   │   │   ├── pin-project-lite v0.2.17
│   │   │   │   │   │   │   ├── serde v1.0.229 (*)
│   │   │   │   │   │   │   ├── socket2 v0.6.5 (*)
│   │   │   │   │   │   │   ├── time v0.3.55
│   │   │   │   │   │   │   │   ├── deranged v0.5.8
│   │   │   │   │   │   │   │   │   └── serde_core v1.0.229
│   │   │   │   │   │   │   │   ├── num-conv v0.2.2
│   │   │   │   │   │   │   │   ├── powerfmt v0.2.0
│   │   │   │   │   │   │   │   ├── serde_core v1.0.229
│   │   │   │   │   │   │   │   ├── time-core v0.1.9
│   │   │   │   │   │   │   │   └── time-macros v0.2.32 (proc-macro)
│   │   │   │   │   │   │   │       ├── num-conv v0.2.2
│   │   │   │   │   │   │   │       └── time-core v0.1.9
│   │   │   │   │   │   │   ├── tokio v1.53.1 (*)
│   │   │   │   │   │   │   ├── tokio-util v0.7.19 (*)
│   │   │   │   │   │   │   ├── tracing v0.1.44 (*)
│   │   │   │   │   │   │   ├── windows v0.62.2 (*)
│   │   │   │   │   │   │   ├── windows-result v0.4.1 (*)
│   │   │   │   │   │   │   └── wmi v0.18.4
│   │   │   │   │   │   │       ├── chrono v0.4.45
│   │   │   │   │   │   │       │   ├── num-traits v0.2.19 (*)
│   │   │   │   │   │   │       │   ├── serde v1.0.229 (*)
│   │   │   │   │   │   │       │   └── windows-link v0.2.1
│   │   │   │   │   │   │       ├── futures v0.3.34 (*)
│   │   │   │   │   │   │       ├── log v0.4.34
│   │   │   │   │   │   │       ├── serde v1.0.229 (*)
│   │   │   │   │   │   │       ├── thiserror v2.0.20 (*)
│   │   │   │   │   │   │       ├── windows v0.62.2 (*)
│   │   │   │   │   │   │       └── windows-core v0.62.2 (*)
│   │   │   │   │   │   │   [build-dependencies]
│   │   │   │   │   │   │   └── cfg_aliases v0.2.2
│   │   │   │   │   │   ├── noq v1.3.0 (*)
│   │   │   │   │   │   ├── noq-proto v1.3.0 (*)
│   │   │   │   │   │   ├── noq-udp v1.3.0 (*)
│   │   │   │   │   │   ├── papaya v0.2.5
│   │   │   │   │   │   │   ├── equivalent v1.0.2
│   │   │   │   │   │   │   └── seize v0.5.1
│   │   │   │   │   │   ├── pin-project v1.1.13 (*)
│   │   │   │   │   │   ├── portable-atomic v1.15.0 (*)
│   │   │   │   │   │   ├── portmapper v0.19.3
│   │   │   │   │   │   │   ├── base64 v0.22.1
│   │   │   │   │   │   │   ├── bytes v1.12.1 (*)
│   │   │   │   │   │   │   ├── derive_more v2.1.1 (*)
│   │   │   │   │   │   │   ├── hyper-util v0.1.20 (*)
│   │   │   │   │   │   │   ├── igd-next v0.17.1
│   │   │   │   │   │   │   │   ├── attohttpc v0.30.1
│   │   │   │   │   │   │   │   │   ├── base64 v0.22.1
│   │   │   │   │   │   │   │   │   ├── http v1.5.0 (*)
│   │   │   │   │   │   │   │   │   ├── log v0.4.34
│   │   │   │   │   │   │   │   │   └── url v2.5.8 (*)
│   │   │   │   │   │   │   │   ├── bytes v1.12.1 (*)
│   │   │   │   │   │   │   │   ├── futures v0.3.34 (*)
│   │   │   │   │   │   │   │   ├── http v1.5.0 (*)
│   │   │   │   │   │   │   │   ├── http-body-util v0.1.5 (*)
│   │   │   │   │   │   │   │   ├── hyper v1.11.1 (*)
│   │   │   │   │   │   │   │   ├── hyper-util v0.1.20 (*)
│   │   │   │   │   │   │   │   ├── log v0.4.34
│   │   │   │   │   │   │   │   ├── rand v0.10.3 (*)
│   │   │   │   │   │   │   │   ├── tokio v1.53.1 (*)
│   │   │   │   │   │   │   │   ├── url v2.5.8 (*)
│   │   │   │   │   │   │   │   └── xmltree v0.10.3
│   │   │   │   │   │   │   │       └── xml-rs v0.8.29
│   │   │   │   │   │   │   ├── iroh-metrics v1.0.2 (*)
│   │   │   │   │   │   │   ├── libc v0.2.189
│   │   │   │   │   │   │   ├── n0-error v1.0.1 (*)
│   │   │   │   │   │   │   ├── n0-future v0.3.2 (*)
│   │   │   │   │   │   │   ├── netwatch v0.19.3 (*)
│   │   │   │   │   │   │   ├── num_enum v0.7.6 (*)
│   │   │   │   │   │   │   ├── rand v0.10.3 (*)
│   │   │   │   │   │   │   ├── serde v1.0.229 (*)
│   │   │   │   │   │   │   ├── smallvec v1.16.1 (*)
│   │   │   │   │   │   │   ├── socket2 v0.6.5 (*)
│   │   │   │   │   │   │   ├── time v0.3.55 (*)
│   │   │   │   │   │   │   ├── tokio v1.53.1 (*)
│   │   │   │   │   │   │   ├── tokio-util v0.7.19 (*)
│   │   │   │   │   │   │   ├── tower-layer v0.3.3
│   │   │   │   │   │   │   ├── tracing v0.1.44 (*)
│   │   │   │   │   │   │   └── url v2.5.8 (*)
│   │   │   │   │   │   ├── rand v0.10.3 (*)
│   │   │   │   │   │   ├── reqwest v0.13.5 (*)
│   │   │   │   │   │   ├── rustc-hash v2.1.3
│   │   │   │   │   │   ├── rustls v0.23.45 (*)
│   │   │   │   │   │   ├── rustls-pki-types v1.15.1 (*)
│   │   │   │   │   │   ├── serde v1.0.229 (*)
│   │   │   │   │   │   ├── smallvec v1.16.1 (*)
│   │   │   │   │   │   ├── strum v0.28.0 (*)
│   │   │   │   │   │   ├── tokio v1.53.1 (*)
│   │   │   │   │   │   ├── tokio-stream v0.1.19 (*)
│   │   │   │   │   │   ├── tokio-util v0.7.19 (*)
│   │   │   │   │   │   ├── tracing v0.1.44 (*)
│   │   │   │   │   │   └── url v2.5.8 (*)
│   │   │   │   │   │   [build-dependencies]
│   │   │   │   │   │   └── cfg_aliases v0.2.2
│   │   │   │   │   ├── iroh-base v1.3.0 (*)
│   │   │   │   │   ├── iroh-gossip v0.101.0
│   │   │   │   │   │   ├── blake3 v1.8.7 (*)
│   │   │   │   │   │   ├── bytes v1.12.1 (*)
│   │   │   │   │   │   ├── data-encoding v2.11.1
│   │   │   │   │   │   ├── derive_more v2.1.1 (*)
│   │   │   │   │   │   ├── futures-concurrency v7.7.1
│   │   │   │   │   │   │   ├── fixedbitset v0.5.7
│   │   │   │   │   │   │   ├── futures-core v0.3.34
│   │   │   │   │   │   │   ├── futures-lite v2.6.1 (*)
│   │   │   │   │   │   │   ├── pin-project v1.1.13 (*)
│   │   │   │   │   │   │   └── smallvec v1.16.1 (*)
│   │   │   │   │   │   ├── hex v0.4.3 (*)
│   │   │   │   │   │   ├── indexmap v2.14.2 (*)
│   │   │   │   │   │   ├── iroh v1.3.0 (*)
│   │   │   │   │   │   ├── iroh-base v1.3.0 (*)
│   │   │   │   │   │   ├── iroh-metrics v1.0.2 (*)
│   │   │   │   │   │   ├── irpc v0.17.0
│   │   │   │   │   │   │   ├── futures-buffered v0.2.13 (*)
│   │   │   │   │   │   │   ├── futures-util v0.3.34 (*)
│   │   │   │   │   │   │   ├── irpc-derive v0.17.0 (proc-macro)
│   │   │   │   │   │   │   │   ├── proc-macro2 v1.0.107 (*)
│   │   │   │   │   │   │   │   ├── quote v1.0.47 (*)
│   │   │   │   │   │   │   │   └── syn v2.0.119 (*)
│   │   │   │   │   │   │   ├── n0-error v1.0.1 (*)
│   │   │   │   │   │   │   ├── n0-future v0.3.2 (*)
│   │   │   │   │   │   │   ├── noq v1.3.0 (*)
│   │   │   │   │   │   │   ├── postcard v1.1.3 (*)
│   │   │   │   │   │   │   ├── rcgen v0.14.10
│   │   │   │   │   │   │   │   ├── pem v4.0.0
│   │   │   │   │   │   │   │   │   └── base64 v0.23.1
│   │   │   │   │   │   │   │   ├── ring v0.17.14 (*)
│   │   │   │   │   │   │   │   ├── rustls-pki-types v1.15.1 (*)
│   │   │   │   │   │   │   │   ├── time v0.3.55 (*)
│   │   │   │   │   │   │   │   └── yasna v0.6.0
│   │   │   │   │   │   │   │       └── time v0.3.55 (*)
│   │   │   │   │   │   │   ├── rustls v0.23.45 (*)
│   │   │   │   │   │   │   ├── serde v1.0.229 (*)
│   │   │   │   │   │   │   ├── smallvec v1.16.1 (*)
│   │   │   │   │   │   │   ├── tokio v1.53.1 (*)
│   │   │   │   │   │   │   ├── tokio-util v0.7.19 (*)
│   │   │   │   │   │   │   └── tracing v0.1.44 (*)
│   │   │   │   │   │   ├── n0-error v1.0.1 (*)
│   │   │   │   │   │   ├── n0-future v0.3.2 (*)
│   │   │   │   │   │   ├── postcard v1.1.3 (*)
│   │   │   │   │   │   ├── rand v0.10.3 (*)
│   │   │   │   │   │   ├── serde v1.0.229 (*)
│   │   │   │   │   │   ├── tokio v1.53.1 (*)
│   │   │   │   │   │   ├── tokio-util v0.7.19 (*)
│   │   │   │   │   │   └── tracing v0.1.44 (*)
│   │   │   │   │   ├── iroh-mdns-address-lookup v0.6.0
│   │   │   │   │   │   ├── data-encoding v2.11.1
│   │   │   │   │   │   ├── derive_more v2.1.1 (*)
│   │   │   │   │   │   ├── futures-util v0.3.34 (*)
│   │   │   │   │   │   ├── iroh v1.3.0 (*)
│   │   │   │   │   │   ├── iroh-base v1.3.0 (*)
│   │   │   │   │   │   ├── n0-error v1.0.1 (*)
│   │   │   │   │   │   ├── n0-future v0.3.2 (*)
│   │   │   │   │   │   ├── n0-watcher v1.0.0 (*)
│   │   │   │   │   │   ├── swarm-discovery v0.6.3
│   │   │   │   │   │   │   ├── acto v0.8.2
│   │   │   │   │   │   │   │   ├── parking_lot v0.12.5 (*)
│   │   │   │   │   │   │   │   ├── pin-project-lite v0.2.17
│   │   │   │   │   │   │   │   ├── smol_str v0.1.24
│   │   │   │   │   │   │   │   ├── sync_wrapper v1.0.2 (*)
│   │   │   │   │   │   │   │   ├── tokio v1.53.1 (*)
│   │   │   │   │   │   │   │   └── tracing v0.1.44 (*)
│   │   │   │   │   │   │   │   [build-dependencies]
│   │   │   │   │   │   │   │   └── rustc_version v0.4.1 (*)
│   │   │   │   │   │   │   ├── hickory-proto v0.26.3
│   │   │   │   │   │   │   │   ├── data-encoding v2.11.1
│   │   │   │   │   │   │   │   ├── idna v1.1.0 (*)
│   │   │   │   │   │   │   │   ├── ipnet v2.12.2
│   │   │   │   │   │   │   │   ├── once_cell v1.21.4 (*)
│   │   │   │   │   │   │   │   ├── rand v0.10.3 (*)
│   │   │   │   │   │   │   │   ├── thiserror v2.0.20 (*)
│   │   │   │   │   │   │   │   ├── tinyvec v1.13.3
│   │   │   │   │   │   │   │   ├── tracing v0.1.44 (*)
│   │   │   │   │   │   │   │   └── url v2.5.8 (*)
│   │   │   │   │   │   │   ├── rand v0.10.3 (*)
│   │   │   │   │   │   │   ├── socket2 v0.6.5 (*)
│   │   │   │   │   │   │   ├── thiserror v2.0.20 (*)
│   │   │   │   │   │   │   ├── tokio v1.53.1 (*)
│   │   │   │   │   │   │   └── tracing v0.1.44 (*)
│   │   │   │   │   │   ├── tokio v1.53.1 (*)
│   │   │   │   │   │   ├── tokio-stream v0.1.19 (*)
│   │   │   │   │   │   └── tracing v0.1.44 (*)
│   │   │   │   │   ├── p2panda-core v0.7.1 (https://github.com/mark-ik/p2panda.git?tag=mere-p2panda-net-0.7.5#1bec457e) (*)
│   │   │   │   │   ├── p2panda-discovery v0.7.1 (https://github.com/mark-ik/p2panda.git?tag=mere-p2panda-net-0.7.5#1bec457e)
│   │   │   │   │   │   ├── blake3 v1.8.7 (*)
│   │   │   │   │   │   ├── futures-util v0.3.34 (*)
│   │   │   │   │   │   ├── p2panda-core v0.7.1 (https://github.com/mark-ik/p2panda.git?tag=mere-p2panda-net-0.7.5#1bec457e) (*)
│   │   │   │   │   │   ├── p2panda-store v0.7.1 (https://github.com/mark-ik/p2panda.git?tag=mere-p2panda-net-0.7.5#1bec457e) (*)
│   │   │   │   │   │   ├── rand v0.10.3 (*)
│   │   │   │   │   │   ├── serde v1.0.229 (*)
│   │   │   │   │   │   ├── thiserror v2.0.20 (*)
│   │   │   │   │   │   └── tokio v1.53.1 (*)
│   │   │   │   │   ├── p2panda-store v0.7.1 (https://github.com/mark-ik/p2panda.git?tag=mere-p2panda-net-0.7.5#1bec457e) (*)
│   │   │   │   │   ├── p2panda-sync v0.7.1 (https://github.com/mark-ik/p2panda.git?tag=mere-p2panda-net-0.7.5#1bec457e)
│   │   │   │   │   │   ├── futures-channel v0.3.34 (*)
│   │   │   │   │   │   ├── futures-util v0.3.34 (*)
│   │   │   │   │   │   ├── p2panda-core v0.7.1 (https://github.com/mark-ik/p2panda.git?tag=mere-p2panda-net-0.7.5#1bec457e) (*)
│   │   │   │   │   │   ├── p2panda-store v0.7.1 (https://github.com/mark-ik/p2panda.git?tag=mere-p2panda-net-0.7.5#1bec457e) (*)
│   │   │   │   │   │   ├── pin-project-lite v0.2.17
│   │   │   │   │   │   ├── serde v1.0.229 (*)
│   │   │   │   │   │   ├── thiserror v2.0.20 (*)
│   │   │   │   │   │   ├── tokio v1.53.1 (*)
│   │   │   │   │   │   ├── tokio-stream v0.1.19 (*)
│   │   │   │   │   │   └── tracing v0.1.44 (*)
│   │   │   │   │   ├── postcard v1.1.3 (*)
│   │   │   │   │   ├── ractor v0.16.5
│   │   │   │   │   │   ├── bon v3.10.2
│   │   │   │   │   │   │   └── bon-macros v3.10.2 (proc-macro)
│   │   │   │   │   │   │       ├── darling v0.24.1
│   │   │   │   │   │   │       │   ├── darling_core v0.24.1
│   │   │   │   │   │   │       │   │   ├── ident_case v1.0.1
│   │   │   │   │   │   │       │   │   ├── proc-macro2 v1.0.107 (*)
│   │   │   │   │   │   │       │   │   ├── quote v1.0.47 (*)
│   │   │   │   │   │   │       │   │   ├── strsim v0.11.1
│   │   │   │   │   │   │       │   │   └── syn v3.0.6 (*)
│   │   │   │   │   │   │       │   └── darling_macro v0.24.1 (proc-macro)
│   │   │   │   │   │   │       │       ├── darling_core v0.24.1 (*)
│   │   │   │   │   │   │       │       ├── quote v1.0.47 (*)
│   │   │   │   │   │   │       │       └── syn v3.0.6 (*)
│   │   │   │   │   │   │       ├── ident_case v1.0.1
│   │   │   │   │   │   │       ├── prettyplease v0.3.0
│   │   │   │   │   │   │       │   ├── proc-macro2 v1.0.107 (*)
│   │   │   │   │   │   │       │   └── syn v3.0.6 (*)
│   │   │   │   │   │   │       ├── proc-macro2 v1.0.107 (*)
│   │   │   │   │   │   │       ├── quote v1.0.47 (*)
│   │   │   │   │   │   │       └── syn v3.0.6 (*)
│   │   │   │   │   │   ├── dashmap v6.2.1
│   │   │   │   │   │   │   ├── cfg-if v1.0.5
│   │   │   │   │   │   │   ├── crossbeam-utils v0.8.23
│   │   │   │   │   │   │   ├── hashbrown v0.14.5
│   │   │   │   │   │   │   ├── lock_api v0.4.14 (*)
│   │   │   │   │   │   │   ├── once_cell v1.21.4 (*)
│   │   │   │   │   │   │   └── parking_lot_core v0.9.12 (*)
│   │   │   │   │   │   ├── futures v0.3.34 (*)
│   │   │   │   │   │   ├── once_cell v1.21.4 (*)
│   │   │   │   │   │   ├── strum v0.28.0 (*)
│   │   │   │   │   │   ├── tokio v1.53.1 (*)
│   │   │   │   │   │   └── tracing v0.1.44 (*)
│   │   │   │   │   ├── rand v0.10.3 (*)
│   │   │   │   │   ├── rand_chacha v0.10.0
│   │   │   │   │   │   ├── ppv-lite86 v0.2.21 (*)
│   │   │   │   │   │   └── rand_core v0.10.1
│   │   │   │   │   ├── serde v1.0.229 (*)
│   │   │   │   │   ├── thiserror v2.0.20 (*)
│   │   │   │   │   ├── tokio v1.53.1 (*)
│   │   │   │   │   ├── tokio-stream v0.1.19 (*)
│   │   │   │   │   ├── tokio-util v0.7.19 (*)
│   │   │   │   │   └── tracing v0.1.44 (*)
│   │   │   │   ├── mere-proofs v0.1.0 (https://github.com/merely-made/mere.git?rev=57b4893db6909d5ed9c4ccae30216f0d8164201a#57b4893d) (*)
│   │   │   │   ├── muniment v0.1.2 (https://github.com/merely-made/mere.git?rev=57b4893db6909d5ed9c4ccae30216f0d8164201a#57b4893d) (*)
│   │   │   │   ├── p2panda-core v0.7.1 (https://github.com/mark-ik/p2panda.git?tag=mere-p2panda-net-0.7.5#1bec457e) (*)
│   │   │   │   ├── p2panda-encryption v0.7.1 (https://github.com/mark-ik/p2panda.git?tag=mere-p2panda-net-0.7.5#1bec457e)
│   │   │   │   │   ├── chacha20poly1305 v0.10.1
│   │   │   │   │   │   ├── aead v0.5.2 (*)
│   │   │   │   │   │   ├── chacha20 v0.9.1 (*)
│   │   │   │   │   │   ├── cipher v0.4.4 (*)
│   │   │   │   │   │   ├── poly1305 v0.8.0 (*)
│   │   │   │   │   │   └── zeroize v1.9.0 (*)
│   │   │   │   │   ├── curve25519-dalek v5.0.0 (*)
│   │   │   │   │   ├── hex v0.4.3 (*)
│   │   │   │   │   ├── hkdf v0.12.4 (*)
│   │   │   │   │   ├── hpke-rs v0.7.0
│   │   │   │   │   │   ├── hpke-rs-crypto v0.7.0
│   │   │   │   │   │   │   ├── rand v0.10.3 (*)
│   │   │   │   │   │   │   └── zeroize v1.9.0 (*)
│   │   │   │   │   │   ├── libcrux-sha3 v0.0.10
│   │   │   │   │   │   │   ├── hax-lib v0.3.7
│   │   │   │   │   │   │   │   └── hax-lib-macros v0.3.7 (proc-macro)
│   │   │   │   │   │   │   │       ├── proc-macro2 v1.0.107 (*)
│   │   │   │   │   │   │   │       ├── quote v1.0.47 (*)
│   │   │   │   │   │   │   │       └── syn v2.0.119 (*)
│   │   │   │   │   │   │   ├── libcrux-intrinsics v0.0.8
│   │   │   │   │   │   │   │   └── hax-lib v0.3.7 (*)
│   │   │   │   │   │   │   ├── libcrux-platform v0.0.3
│   │   │   │   │   │   │   │   └── libc v0.2.189
│   │   │   │   │   │   │   └── libcrux-traits v0.0.8
│   │   │   │   │   │   │       ├── libcrux-secrets v0.0.6
│   │   │   │   │   │   │       │   └── hax-lib v0.3.7 (*)
│   │   │   │   │   │   │       └── rand v0.10.3 (*)
│   │   │   │   │   │   ├── log v0.4.34
│   │   │   │   │   │   ├── subtle v2.6.1
│   │   │   │   │   │   └── zeroize v1.9.0 (*)
│   │   │   │   │   ├── hpke-rs-crypto v0.7.0 (*)
│   │   │   │   │   ├── hpke-rs-rust-crypto v0.7.0
│   │   │   │   │   │   ├── aes-gcm v0.10.3 (*)
│   │   │   │   │   │   ├── chacha20poly1305 v0.10.1 (*)
│   │   │   │   │   │   ├── hkdf v0.13.0
│   │   │   │   │   │   │   └── hmac v0.13.0
│   │   │   │   │   │   │       └── digest v0.11.3 (*)
│   │   │   │   │   │   ├── hpke-rs-crypto v0.7.0 (*)
│   │   │   │   │   │   ├── k256 v0.13.4
│   │   │   │   │   │   │   ├── cfg-if v1.0.5
│   │   │   │   │   │   │   └── elliptic-curve v0.13.8 (*)
│   │   │   │   │   │   ├── p256 v0.13.2 (*)
│   │   │   │   │   │   ├── p384 v0.13.1 (*)
│   │   │   │   │   │   ├── rand v0.10.3 (*)
│   │   │   │   │   │   ├── rand_chacha v0.10.0 (*)
│   │   │   │   │   │   ├── rand_core v0.10.1
│   │   │   │   │   │   ├── sha2 v0.11.0 (*)
│   │   │   │   │   │   ├── subtle v2.6.1
│   │   │   │   │   │   ├── x25519-dalek v2.0.1
│   │   │   │   │   │   │   ├── curve25519-dalek v4.1.3 (*)
│   │   │   │   │   │   │   ├── rand_core v0.6.4 (*)
│   │   │   │   │   │   │   └── zeroize v1.9.0 (*)
│   │   │   │   │   │   └── zeroize v1.9.0 (*)
│   │   │   │   │   ├── p2panda-core v0.7.1 (https://github.com/mark-ik/p2panda.git?tag=mere-p2panda-net-0.7.5#1bec457e) (*)
│   │   │   │   │   ├── rand_chacha v0.9.0
│   │   │   │   │   │   ├── ppv-lite86 v0.2.21 (*)
│   │   │   │   │   │   └── rand_core v0.9.5
│   │   │   │   │   │       └── getrandom v0.3.4 (*)
│   │   │   │   │   ├── serde v1.0.229 (*)
│   │   │   │   │   ├── serde_bytes v0.11.19 (*)
│   │   │   │   │   ├── sha2 v0.10.9 (*)
│   │   │   │   │   ├── subtle v2.6.1
│   │   │   │   │   ├── thiserror v2.0.20 (*)
│   │   │   │   │   ├── x25519-dalek v3.0.0
│   │   │   │   │   │   ├── curve25519-dalek v5.0.0 (*)
│   │   │   │   │   │   ├── rand_core v0.10.1
│   │   │   │   │   │   └── zeroize v1.9.0 (*)
│   │   │   │   │   └── zeroize v1.9.0 (*)
│   │   │   │   ├── p2panda-store v0.7.1 (https://github.com/mark-ik/p2panda.git?tag=mere-p2panda-net-0.7.5#1bec457e) (*)
│   │   │   │   ├── p2panda-sync v0.7.1 (https://github.com/mark-ik/p2panda.git?tag=mere-p2panda-net-0.7.5#1bec457e) (*)
│   │   │   │   ├── personae v0.2.1 (https://github.com/merely-made/mere.git?rev=57b4893db6909d5ed9c4ccae30216f0d8164201a#57b4893d) (*)
│   │   │   │   ├── serde v1.0.229 (*)
│   │   │   │   ├── serde_bytes v0.11.19 (*)
│   │   │   │   ├── thiserror v1.0.69 (*)
│   │   │   │   ├── tokio v1.53.1 (*)
│   │   │   │   └── tokio-stream v0.1.19 (*)
│   │   │   └── thiserror v1.0.69 (*)
│   │   ├── mooting v0.1.0 (https://github.com/merely-made/mere.git?rev=57b4893db6909d5ed9c4ccae30216f0d8164201a#57b4893d)
│   │   │   ├── p2panda-core v0.7.1 (https://github.com/mark-ik/p2panda.git?tag=mere-p2panda-net-0.7.5#1bec457e) (*)
│   │   │   ├── serde v1.0.229 (*)
│   │   │   └── thiserror v1.0.69 (*)
│   │   ├── muniment v0.1.2 (https://github.com/merely-made/mere.git?rev=57b4893db6909d5ed9c4ccae30216f0d8164201a#57b4893d) (*)
│   │   ├── p2panda-auth v0.7.1 (https://github.com/mark-ik/p2panda.git?tag=mere-p2panda-net-0.7.5#1bec457e)
│   │   │   ├── p2panda-core v0.7.1 (https://github.com/mark-ik/p2panda.git?tag=mere-p2panda-net-0.7.5#1bec457e) (*)
│   │   │   ├── petgraph v0.8.3 (*)
│   │   │   ├── thiserror v2.0.20 (*)
│   │   │   └── tracing v0.1.44 (*)
│   │   ├── p2panda-core v0.7.1 (https://github.com/mark-ik/p2panda.git?tag=mere-p2panda-net-0.7.5#1bec457e) (*)
│   │   ├── p2panda-encryption v0.7.1 (https://github.com/mark-ik/p2panda.git?tag=mere-p2panda-net-0.7.5#1bec457e) (*)
│   │   ├── p2panda-store v0.7.1 (https://github.com/mark-ik/p2panda.git?tag=mere-p2panda-net-0.7.5#1bec457e) (*)
│   │   ├── personae v0.2.1 (https://github.com/merely-made/mere.git?rev=57b4893db6909d5ed9c4ccae30216f0d8164201a#57b4893d) (*)
│   │   ├── redb v2.6.3
│   │   ├── serde v1.0.229 (*)
│   │   ├── servitor v0.0.2 (https://github.com/merely-made/mere.git?rev=57b4893db6909d5ed9c4ccae30216f0d8164201a#57b4893d)
│   │   │   ├── chartulary v0.2.2 (https://github.com/merely-made/mere.git?rev=57b4893db6909d5ed9c4ccae30216f0d8164201a#57b4893d) (*)
│   │   │   ├── insigne v0.0.1 (https://github.com/merely-made/mere.git?rev=57b4893db6909d5ed9c4ccae30216f0d8164201a#57b4893d) (*)
│   │   │   └── personae v0.2.1 (https://github.com/merely-made/mere.git?rev=57b4893db6909d5ed9c4ccae30216f0d8164201a#57b4893d) (*)
│   │   ├── stickleback v0.1.1 (https://github.com/merely-made/mere.git?rev=57b4893db6909d5ed9c4ccae30216f0d8164201a#57b4893d) (*)
│   │   └── thiserror v1.0.69 (*)
│   ├── insigne v0.0.1 (https://github.com/merely-made/mere.git?rev=57b4893db6909d5ed9c4ccae30216f0d8164201a#57b4893d) (*)
│   ├── mere-p2panda-net v0.7.5 (https://github.com/mark-ik/p2panda.git?tag=mere-p2panda-net-0.7.5#1bec457e) (*)
│   ├── mere-proofs v0.1.0 (https://github.com/merely-made/mere.git?rev=57b4893db6909d5ed9c4ccae30216f0d8164201a#57b4893d) (*)
│   ├── muniment v0.1.2 (https://github.com/merely-made/mere.git?rev=57b4893db6909d5ed9c4ccae30216f0d8164201a#57b4893d) (*)
│   ├── p2panda-core v0.7.1 (https://github.com/mark-ik/p2panda.git?tag=mere-p2panda-net-0.7.5#1bec457e) (*)
│   ├── p2panda-encryption v0.7.1 (https://github.com/mark-ik/p2panda.git?tag=mere-p2panda-net-0.7.5#1bec457e) (*)
│   ├── p2panda-store v0.7.1 (https://github.com/mark-ik/p2panda.git?tag=mere-p2panda-net-0.7.5#1bec457e) (*)
│   ├── personae v0.2.1 (https://github.com/merely-made/mere.git?rev=57b4893db6909d5ed9c4ccae30216f0d8164201a#57b4893d) (*)
│   ├── serde v1.0.229 (*)
│   ├── servitor v0.0.2 (https://github.com/merely-made/mere.git?rev=57b4893db6909d5ed9c4ccae30216f0d8164201a#57b4893d) (*)
│   ├── stickleback v0.1.1 (https://github.com/merely-made/mere.git?rev=57b4893db6909d5ed9c4ccae30216f0d8164201a#57b4893d) (*)
│   └── thiserror v1.0.69 (*)
├── dirs v6.0.0
│   └── dirs-sys v0.5.0
│       ├── option-ext v0.2.0
│       └── windows-sys v0.61.2 (*)
├── distillery v0.0.1 (https://github.com/merely-made/mere.git?rev=57b4893db6909d5ed9c4ccae30216f0d8164201a#57b4893d)
│   ├── cambium v0.3.3 (https://github.com/merely-made/mere.git?rev=57b4893db6909d5ed9c4ccae30216f0d8164201a#57b4893d) (*)
│   ├── chirograph v0.0.2 (https://github.com/merely-made/mere.git?rev=57b4893db6909d5ed9c4ccae30216f0d8164201a#57b4893d) (*)
│   ├── graphshell-endpoint v0.0.2 (https://github.com/merely-made/mere.git?rev=57b4893db6909d5ed9c4ccae30216f0d8164201a#57b4893d)
│   │   ├── chirograph v0.0.2 (https://github.com/merely-made/mere.git?rev=57b4893db6909d5ed9c4ccae30216f0d8164201a#57b4893d) (*)
│   │   ├── serde v1.0.229 (*)
│   │   ├── serde_json v1.0.151 (*)
│   │   └── tokio v1.53.1 (*)
│   ├── incipit v0.2.0 (https://github.com/merely-made/mere.git?rev=57b4893db6909d5ed9c4ccae30216f0d8164201a#57b4893d)
│   │   ├── serde v1.0.229 (*)
│   │   └── uuid v1.27.0 (*)
│   ├── insigne v0.0.1 (https://github.com/merely-made/mere.git?rev=57b4893db6909d5ed9c4ccae30216f0d8164201a#57b4893d) (*)
│   ├── mere-mesh v0.0.1 (https://github.com/merely-made/mere.git?rev=57b4893db6909d5ed9c4ccae30216f0d8164201a#57b4893d)
│   │   ├── blake3 v1.8.7 (*)
│   │   ├── esp v0.1.0 (https://github.com/merely-made/mere.git?rev=57b4893db6909d5ed9c4ccae30216f0d8164201a#57b4893d)
│   │   │   └── serde v1.0.229 (*)
│   │   ├── insigne v0.0.1 (https://github.com/merely-made/mere.git?rev=57b4893db6909d5ed9c4ccae30216f0d8164201a#57b4893d) (*)
│   │   ├── mere-p2panda-net v0.7.5 (https://github.com/mark-ik/p2panda.git?tag=mere-p2panda-net-0.7.5#1bec457e) (*)
│   │   ├── mere-proofs v0.1.0 (https://github.com/merely-made/mere.git?rev=57b4893db6909d5ed9c4ccae30216f0d8164201a#57b4893d) (*)
│   │   ├── muniment v0.1.2 (https://github.com/merely-made/mere.git?rev=57b4893db6909d5ed9c4ccae30216f0d8164201a#57b4893d) (*)
│   │   ├── p2panda-core v0.7.1 (https://github.com/mark-ik/p2panda.git?tag=mere-p2panda-net-0.7.5#1bec457e) (*)
│   │   ├── p2panda-store v0.7.1 (https://github.com/mark-ik/p2panda.git?tag=mere-p2panda-net-0.7.5#1bec457e) (*)
│   │   ├── personae v0.2.1 (https://github.com/merely-made/mere.git?rev=57b4893db6909d5ed9c4ccae30216f0d8164201a#57b4893d) (*)
│   │   ├── serde v1.0.229 (*)
│   │   ├── stickleback v0.1.1 (https://github.com/merely-made/mere.git?rev=57b4893db6909d5ed9c4ccae30216f0d8164201a#57b4893d) (*)
│   │   ├── thiserror v1.0.69 (*)
│   │   └── tokio v1.53.1 (*)
│   ├── mere-surface-api v0.1.0 (https://github.com/merely-made/mere.git?rev=57b4893db6909d5ed9c4ccae30216f0d8164201a#57b4893d) (*)
│   ├── mere-transport v0.0.2 (https://github.com/merely-made/mere.git?rev=57b4893db6909d5ed9c4ccae30216f0d8164201a#57b4893d)
│   │   ├── bytes v1.12.1 (*)
│   │   ├── hkdf v0.13.0 (*)
│   │   ├── iroh v1.3.0 (*)
│   │   ├── iroh-blobs v0.103.0
│   │   │   ├── arrayvec v0.7.8
│   │   │   ├── bao-tree v0.16.1
│   │   │   │   ├── blake3 v1.8.7 (*)
│   │   │   │   ├── bytes v1.12.1 (*)
│   │   │   │   ├── futures-lite v2.6.1 (*)
│   │   │   │   ├── genawaiter v0.99.1
│   │   │   │   │   ├── futures-core v0.3.34
│   │   │   │   │   ├── genawaiter-macro v0.99.1
│   │   │   │   │   ├── genawaiter-proc-macro v0.99.1 (proc-macro)
│   │   │   │   │   │   ├── proc-macro-error v0.4.12
│   │   │   │   │   │   │   ├── proc-macro-error-attr v0.4.12 (proc-macro)
│   │   │   │   │   │   │   │   ├── proc-macro2 v1.0.107 (*)
│   │   │   │   │   │   │   │   ├── quote v1.0.47 (*)
│   │   │   │   │   │   │   │   ├── syn v1.0.109
│   │   │   │   │   │   │   │   │   ├── proc-macro2 v1.0.107 (*)
│   │   │   │   │   │   │   │   │   ├── quote v1.0.47 (*)
│   │   │   │   │   │   │   │   │   └── unicode-ident v1.0.26
│   │   │   │   │   │   │   │   └── syn-mid v0.5.4
│   │   │   │   │   │   │   │       ├── proc-macro2 v1.0.107 (*)
│   │   │   │   │   │   │   │       ├── quote v1.0.47 (*)
│   │   │   │   │   │   │   │       └── syn v1.0.109 (*)
│   │   │   │   │   │   │   │   [build-dependencies]
│   │   │   │   │   │   │   │   └── version_check v0.9.5
│   │   │   │   │   │   │   ├── proc-macro2 v1.0.107 (*)
│   │   │   │   │   │   │   ├── quote v1.0.47 (*)
│   │   │   │   │   │   │   └── syn v1.0.109 (*)
│   │   │   │   │   │   │   [build-dependencies]
│   │   │   │   │   │   │   └── version_check v0.9.5
│   │   │   │   │   │   ├── proc-macro-hack v0.5.20+deprecated (proc-macro)
│   │   │   │   │   │   ├── proc-macro2 v1.0.107 (*)
│   │   │   │   │   │   ├── quote v1.0.47 (*)
│   │   │   │   │   │   └── syn v1.0.109 (*)
│   │   │   │   │   └── proc-macro-hack v0.5.20+deprecated (proc-macro)
│   │   │   │   ├── iroh-io v0.6.2
│   │   │   │   │   ├── bytes v1.12.1 (*)
│   │   │   │   │   ├── futures-lite v2.6.1 (*)
│   │   │   │   │   ├── pin-project v1.1.13 (*)
│   │   │   │   │   ├── smallvec v1.16.1 (*)
│   │   │   │   │   └── tokio v1.53.1 (*)
│   │   │   │   ├── positioned-io v0.3.5
│   │   │   │   │   └── winapi v0.3.9
│   │   │   │   ├── range-collections v0.4.6
│   │   │   │   │   ├── binary-merge v0.1.2
│   │   │   │   │   ├── inplace-vec-builder v0.1.1
│   │   │   │   │   │   └── smallvec v1.16.1 (*)
│   │   │   │   │   ├── ref-cast v1.0.27
│   │   │   │   │   │   └── ref-cast-impl v1.0.27 (proc-macro)
│   │   │   │   │   │       ├── proc-macro2 v1.0.107 (*)
│   │   │   │   │   │       ├── quote v1.0.47 (*)
│   │   │   │   │   │       └── syn v3.0.6 (*)
│   │   │   │   │   ├── serde v1.0.229 (*)
│   │   │   │   │   └── smallvec v1.16.1 (*)
│   │   │   │   ├── self_cell v1.3.0
│   │   │   │   ├── serde v1.0.229 (*)
│   │   │   │   ├── smallvec v1.16.1 (*)
│   │   │   │   └── tokio v1.53.1 (*)
│   │   │   ├── bytes v1.12.1 (*)
│   │   │   ├── chrono v0.4.45 (*)
│   │   │   ├── constant_time_eq v0.4.2
│   │   │   ├── data-encoding v2.11.1
│   │   │   ├── derive_more v2.1.1 (*)
│   │   │   ├── genawaiter v0.99.1 (*)
│   │   │   ├── hex v0.4.3 (*)
│   │   │   ├── iroh v1.3.0 (*)
│   │   │   ├── iroh-base v1.3.0 (*)
│   │   │   ├── iroh-io v0.6.2 (*)
│   │   │   ├── iroh-metrics v1.0.2 (*)
│   │   │   ├── iroh-tickets v1.0.0
│   │   │   │   ├── data-encoding v2.11.1
│   │   │   │   ├── derive_more v2.1.1 (*)
│   │   │   │   ├── iroh-base v1.3.0 (*)
│   │   │   │   ├── n0-error v1.0.1 (*)
│   │   │   │   ├── postcard v1.1.3 (*)
│   │   │   │   └── serde v1.0.229 (*)
│   │   │   ├── iroh-util v0.6.0
│   │   │   │   ├── derive_more v2.1.1 (*)
│   │   │   │   ├── iroh v1.3.0 (*)
│   │   │   │   ├── n0-error v1.0.1 (*)
│   │   │   │   ├── n0-future v0.3.2 (*)
│   │   │   │   ├── tokio v1.53.1 (*)
│   │   │   │   └── tracing v0.1.44 (*)
│   │   │   ├── irpc v0.17.0 (*)
│   │   │   ├── n0-error v1.0.1 (*)
│   │   │   ├── n0-future v0.3.2 (*)
│   │   │   ├── nested_enum_utils v0.2.3 (proc-macro)
│   │   │   │   ├── proc-macro-crate v3.5.0 (*)
│   │   │   │   ├── proc-macro2 v1.0.107 (*)
│   │   │   │   ├── quote v1.0.47 (*)
│   │   │   │   └── syn v2.0.119 (*)
│   │   │   ├── noq v1.3.0 (*)
│   │   │   ├── postcard v1.1.3 (*)
│   │   │   ├── rand v0.10.3 (*)
│   │   │   ├── range-collections v0.4.6 (*)
│   │   │   ├── redb v4.3.0
│   │   │   ├── ref-cast v1.0.27 (*)
│   │   │   ├── reflink-copy v0.1.30
│   │   │   │   ├── cfg-if v1.0.5
│   │   │   │   └── windows v0.62.2 (*)
│   │   │   ├── self_cell v1.3.0
│   │   │   ├── serde v1.0.229 (*)
│   │   │   ├── smallvec v1.16.1 (*)
│   │   │   ├── tokio v1.53.1 (*)
│   │   │   └── tracing v0.1.44 (*)
│   │   │   [build-dependencies]
│   │   │   └── cfg_aliases v0.2.2
│   │   ├── iroh-tickets v1.0.0 (*)
│   │   ├── mere-p2panda-net v0.7.5 (https://github.com/mark-ik/p2panda.git?tag=mere-p2panda-net-0.7.5#1bec457e) (*)
│   │   ├── muniment v0.1.2 (https://github.com/merely-made/mere.git?rev=57b4893db6909d5ed9c4ccae30216f0d8164201a#57b4893d) (*)
│   │   ├── n0-future v0.3.2 (*)
│   │   ├── notochord v0.1.0 (https://github.com/merely-made/mere.git?rev=57b4893db6909d5ed9c4ccae30216f0d8164201a#57b4893d)
│   │   │   ├── blake3 v1.8.7 (*)
│   │   │   ├── insigne v0.0.1 (https://github.com/merely-made/mere.git?rev=57b4893db6909d5ed9c4ccae30216f0d8164201a#57b4893d) (*)
│   │   │   ├── personae v0.2.1 (https://github.com/merely-made/mere.git?rev=57b4893db6909d5ed9c4ccae30216f0d8164201a#57b4893d) (*)
│   │   │   ├── postcard v1.1.3 (*)
│   │   │   ├── serde v1.0.229 (*)
│   │   │   ├── thiserror v1.0.69 (*)
│   │   │   └── tokio v1.53.1 (*)
│   │   ├── p2panda-core v0.7.1 (https://github.com/mark-ik/p2panda.git?tag=mere-p2panda-net-0.7.5#1bec457e) (*)
│   │   ├── personae v0.2.1 (https://github.com/merely-made/mere.git?rev=57b4893db6909d5ed9c4ccae30216f0d8164201a#57b4893d) (*)
│   │   ├── sha2 v0.11.0 (*)
│   │   ├── snow v0.10.0
│   │   │   ├── aes-gcm v0.10.3 (*)
│   │   │   ├── blake2 v0.10.6 (*)
│   │   │   ├── chacha20poly1305 v0.10.1 (*)
│   │   │   ├── curve25519-dalek v4.1.3 (*)
│   │   │   ├── getrandom v0.3.4 (*)
│   │   │   ├── ring v0.17.14 (*)
│   │   │   ├── sha2 v0.10.9 (*)
│   │   │   └── subtle v2.6.1
│   │   │   [build-dependencies]
│   │   │   └── rustc_version v0.4.1 (*)
│   │   ├── stickleback v0.1.1 (https://github.com/merely-made/mere.git?rev=57b4893db6909d5ed9c4ccae30216f0d8164201a#57b4893d) (*)
│   │   ├── thiserror v1.0.69 (*)
│   │   ├── tokio v1.53.1 (*)
│   │   ├── tracing v0.1.44 (*)
│   │   └── zeroize v1.9.0 (*)
│   ├── muniment v0.1.2 (https://github.com/merely-made/mere.git?rev=57b4893db6909d5ed9c4ccae30216f0d8164201a#57b4893d) (*)
│   ├── p2panda-core v0.7.1 (https://github.com/mark-ik/p2panda.git?tag=mere-p2panda-net-0.7.5#1bec457e) (*)
│   ├── pandect v0.1.1 (https://github.com/merely-made/mere.git?rev=57b4893db6909d5ed9c4ccae30216f0d8164201a#57b4893d)
│   │   ├── async-trait v0.1.92 (proc-macro) (*)
│   │   ├── blake3 v1.8.7 (*)
│   │   ├── chacha20poly1305 v0.11.0 (*)
│   │   ├── chartulary v0.2.2 (https://github.com/merely-made/mere.git?rev=57b4893db6909d5ed9c4ccae30216f0d8164201a#57b4893d) (*)
│   │   ├── ciborium v0.2.2
│   │   │   ├── ciborium-io v0.2.2
│   │   │   ├── ciborium-ll v0.2.2
│   │   │   │   ├── ciborium-io v0.2.2
│   │   │   │   └── half v2.7.1
│   │   │   │       ├── cfg-if v1.0.5
│   │   │   │       ├── num-traits v0.2.19 (*)
│   │   │   │       └── zerocopy v0.8.57 (*)
│   │   │   └── serde v1.0.229 (*)
│   │   ├── dirs v5.0.1
│   │   │   └── dirs-sys v0.4.1
│   │   │       ├── option-ext v0.2.0
│   │   │       └── windows-sys v0.48.0
│   │   │           └── windows-targets v0.48.5
│   │   │               └── windows_x86_64_msvc v0.48.5
│   │   ├── eidetic v0.0.2 (https://github.com/merely-made/mere.git?rev=57b4893db6909d5ed9c4ccae30216f0d8164201a#57b4893d)
│   │   │   ├── async-trait v0.1.92 (proc-macro) (*)
│   │   │   ├── blake3 v1.8.7 (*)
│   │   │   ├── fjall v2.11.2
│   │   │   │   ├── byteorder v1.5.0
│   │   │   │   ├── byteview v0.6.1
│   │   │   │   ├── dashmap v6.2.1 (*)
│   │   │   │   ├── log v0.4.34
│   │   │   │   ├── lsm-tree v2.10.4
│   │   │   │   │   ├── byteorder v1.5.0
│   │   │   │   │   ├── crossbeam-skiplist v0.1.3
│   │   │   │   │   │   ├── crossbeam-epoch v0.9.21
│   │   │   │   │   │   │   └── crossbeam-utils v0.8.23
│   │   │   │   │   │   └── crossbeam-utils v0.8.23
│   │   │   │   │   ├── double-ended-peekable v0.1.0
│   │   │   │   │   ├── enum_dispatch v0.3.13 (proc-macro)
│   │   │   │   │   │   ├── once_cell v1.21.4
│   │   │   │   │   │   ├── proc-macro2 v1.0.107 (*)
│   │   │   │   │   │   ├── quote v1.0.47 (*)
│   │   │   │   │   │   └── syn v2.0.119 (*)
│   │   │   │   │   ├── guardian v1.3.0
│   │   │   │   │   ├── interval-heap v0.0.5
│   │   │   │   │   │   └── compare v0.0.6
│   │   │   │   │   ├── log v0.4.34
│   │   │   │   │   ├── lz4_flex v0.11.6
│   │   │   │   │   ├── path-absolutize v3.1.1
│   │   │   │   │   │   └── path-dedot v3.1.1
│   │   │   │   │   │       └── once_cell v1.21.4 (*)
│   │   │   │   │   ├── quick_cache v0.6.24
│   │   │   │   │   │   ├── equivalent v1.0.2
│   │   │   │   │   │   └── hashbrown v0.16.1 (*)
│   │   │   │   │   ├── rustc-hash v2.1.3
│   │   │   │   │   ├── self_cell v1.3.0
│   │   │   │   │   ├── tempfile v3.27.0
│   │   │   │   │   │   ├── fastrand v2.5.0
│   │   │   │   │   │   ├── getrandom v0.4.3 (*)
│   │   │   │   │   │   ├── once_cell v1.21.4 (*)
│   │   │   │   │   │   └── windows-sys v0.61.2 (*)
│   │   │   │   │   ├── value-log v1.9.0
│   │   │   │   │   │   ├── byteorder v1.5.0
│   │   │   │   │   │   ├── byteview v0.6.1
│   │   │   │   │   │   ├── interval-heap v0.0.5 (*)
│   │   │   │   │   │   ├── log v0.4.34
│   │   │   │   │   │   ├── path-absolutize v3.1.1 (*)
│   │   │   │   │   │   ├── rustc-hash v2.1.3
│   │   │   │   │   │   ├── tempfile v3.27.0 (*)
│   │   │   │   │   │   ├── varint-rs v2.2.1
│   │   │   │   │   │   └── xxhash-rust v0.8.18
│   │   │   │   │   ├── varint-rs v2.2.1
│   │   │   │   │   └── xxhash-rust v0.8.18
│   │   │   │   ├── path-absolutize v3.1.1 (*)
│   │   │   │   ├── std-semaphore v0.1.0
│   │   │   │   ├── tempfile v3.27.0 (*)
│   │   │   │   └── xxhash-rust v0.8.18
│   │   │   ├── jsonschema v0.18.3
│   │   │   │   ├── ahash v0.8.12
│   │   │   │   │   ├── cfg-if v1.0.5
│   │   │   │   │   ├── const-random v0.1.18
│   │   │   │   │   │   └── const-random-macro v0.1.16 (proc-macro)
│   │   │   │   │   │       ├── getrandom v0.2.17
│   │   │   │   │   │       │   └── cfg-if v1.0.5
│   │   │   │   │   │       ├── once_cell v1.21.4
│   │   │   │   │   │       └── tiny-keccak v2.0.2
│   │   │   │   │   │           └── crunchy v0.2.4
│   │   │   │   │   ├── getrandom v0.3.4 (*)
│   │   │   │   │   ├── once_cell v1.21.4 (*)
│   │   │   │   │   ├── serde v1.0.229 (*)
│   │   │   │   │   └── zerocopy v0.8.57 (*)
│   │   │   │   │   [build-dependencies]
│   │   │   │   │   └── version_check v0.9.5
│   │   │   │   ├── anyhow v1.0.104
│   │   │   │   ├── base64 v0.22.1
│   │   │   │   ├── bytecount v0.6.9
│   │   │   │   ├── fancy-regex v0.13.0
│   │   │   │   │   ├── bit-set v0.5.3
│   │   │   │   │   │   └── bit-vec v0.6.3
│   │   │   │   │   ├── regex-automata v0.4.18 (*)
│   │   │   │   │   └── regex-syntax v0.8.11
│   │   │   │   ├── fraction v0.15.4
│   │   │   │   │   ├── lazy_static v1.5.0 (*)
│   │   │   │   │   └── num v0.4.3
│   │   │   │   │       ├── num-bigint v0.4.8
│   │   │   │   │       │   ├── num-integer v0.1.47 (*)
│   │   │   │   │       │   └── num-traits v0.2.19 (*)
│   │   │   │   │       ├── num-complex v0.4.6
│   │   │   │   │       │   ├── bytemuck v1.25.2 (*)
│   │   │   │   │       │   └── num-traits v0.2.19 (*)
│   │   │   │   │       ├── num-integer v0.1.47 (*)
│   │   │   │   │       ├── num-iter v0.1.46 (*)
│   │   │   │   │       ├── num-rational v0.4.2
│   │   │   │   │       │   ├── num-bigint v0.4.8 (*)
│   │   │   │   │       │   ├── num-integer v0.1.47 (*)
│   │   │   │   │       │   └── num-traits v0.2.19 (*)
│   │   │   │   │       └── num-traits v0.2.19 (*)
│   │   │   │   ├── iso8601 v0.6.6
│   │   │   │   │   └── nom v8.0.0
│   │   │   │   │       └── memchr v2.8.3
│   │   │   │   ├── itoa v1.0.18
│   │   │   │   ├── memchr v2.8.3
│   │   │   │   ├── num-cmp v0.1.0
│   │   │   │   ├── once_cell v1.21.4 (*)
│   │   │   │   ├── parking_lot v0.12.5 (*)
│   │   │   │   ├── percent-encoding v2.3.2
│   │   │   │   ├── regex v1.13.1
│   │   │   │   │   ├── aho-corasick v1.1.5 (*)
│   │   │   │   │   ├── memchr v2.8.3
│   │   │   │   │   ├── regex-automata v0.4.18 (*)
│   │   │   │   │   └── regex-syntax v0.8.11
│   │   │   │   ├── serde v1.0.229 (*)
│   │   │   │   ├── serde_json v1.0.151 (*)
│   │   │   │   ├── time v0.3.55 (*)
│   │   │   │   ├── url v2.5.8 (*)
│   │   │   │   └── uuid v1.27.0 (*)
│   │   │   ├── muniment v0.1.2 (https://github.com/merely-made/mere.git?rev=57b4893db6909d5ed9c4ccae30216f0d8164201a#57b4893d) (*)
│   │   │   ├── personae v0.2.1 (https://github.com/merely-made/mere.git?rev=57b4893db6909d5ed9c4ccae30216f0d8164201a#57b4893d) (*)
│   │   │   ├── serde v1.0.229 (*)
│   │   │   └── serde_json v1.0.151 (*)
│   │   ├── getrandom v0.3.4 (*)
│   │   ├── hex v0.4.3 (*)
│   │   ├── incipit v0.2.0 (https://github.com/merely-made/mere.git?rev=57b4893db6909d5ed9c4ccae30216f0d8164201a#57b4893d) (*)
│   │   ├── insigne v0.0.1 (https://github.com/merely-made/mere.git?rev=57b4893db6909d5ed9c4ccae30216f0d8164201a#57b4893d) (*)
│   │   ├── mere-alembic v0.0.1 (https://github.com/merely-made/mere.git?rev=57b4893db6909d5ed9c4ccae30216f0d8164201a#57b4893d)
│   │   │   ├── mere-kernel v0.0.2 (https://github.com/merely-made/mere.git?rev=57b4893db6909d5ed9c4ccae30216f0d8164201a#57b4893d)
│   │   │   │   ├── accesskit v0.24.1 (*)
│   │   │   │   ├── chartulary v0.2.2 (https://github.com/merely-made/mere.git?rev=57b4893db6909d5ed9c4ccae30216f0d8164201a#57b4893d) (*)
│   │   │   │   ├── crossbeam-channel v0.5.17
│   │   │   │   │   └── crossbeam-utils v0.8.23
│   │   │   │   ├── euclid v0.22.14 (*)
│   │   │   │   ├── futures-util v0.3.34 (*)
│   │   │   │   ├── infer v0.19.0
│   │   │   │   │   └── cfb v0.7.3
│   │   │   │   │       ├── byteorder v1.5.0
│   │   │   │   │       ├── fnv v1.0.7
│   │   │   │   │       └── uuid v1.27.0 (*)
│   │   │   │   ├── mere-forme v0.1.0 (https://github.com/merely-made/mere.git?rev=57b4893db6909d5ed9c4ccae30216f0d8164201a#57b4893d)
│   │   │   │   │   ├── serde v1.0.229 (*)
│   │   │   │   │   ├── serde_json v1.0.151 (*)
│   │   │   │   │   ├── taffy v0.11.0-experimental-cache-fix.3
│   │   │   │   │   │   ├── arrayvec v0.7.8
│   │   │   │   │   │   ├── grid v1.0.1
│   │   │   │   │   │   └── slotmap v1.1.1 (*)
│   │   │   │   │   └── uuid v1.27.0 (*)
│   │   │   │   ├── mime_guess v2.0.5
│   │   │   │   │   ├── mime v0.3.17
│   │   │   │   │   └── unicase v2.9.0
│   │   │   │   │   [build-dependencies]
│   │   │   │   │   └── unicase v2.9.0
│   │   │   │   ├── muniment v0.1.2 (https://github.com/merely-made/mere.git?rev=57b4893db6909d5ed9c4ccae30216f0d8164201a#57b4893d) (*)
│   │   │   │   ├── numen v0.2.0 (https://github.com/merely-made/mere.git?rev=57b4893db6909d5ed9c4ccae30216f0d8164201a#57b4893d)
│   │   │   │   │   ├── serde v1.0.229 (*)
│   │   │   │   │   ├── strum v0.28.0 (*)
│   │   │   │   │   └── uuid v1.27.0 (*)
│   │   │   │   ├── petgraph v0.8.3 (*)
│   │   │   │   ├── rkyv v0.8.18 (*)
│   │   │   │   ├── serde v1.0.229 (*)
│   │   │   │   ├── serde_json v1.0.151 (*)
│   │   │   │   ├── strum v0.28.0 (*)
│   │   │   │   ├── time v0.3.55 (*)
│   │   │   │   ├── url v2.5.8 (*)
│   │   │   │   ├── uuid v1.27.0 (*)
│   │   │   │   └── web-time v1.1.0
│   │   │   └── serde v1.0.229 (*)
│   │   ├── mere-forme v0.1.0 (https://github.com/merely-made/mere.git?rev=57b4893db6909d5ed9c4ccae30216f0d8164201a#57b4893d) (*)
│   │   ├── mere-kernel v0.0.2 (https://github.com/merely-made/mere.git?rev=57b4893db6909d5ed9c4ccae30216f0d8164201a#57b4893d) (*)
│   │   ├── muniment v0.1.2 (https://github.com/merely-made/mere.git?rev=57b4893db6909d5ed9c4ccae30216f0d8164201a#57b4893d) (*)
│   │   ├── notochord v0.1.0 (https://github.com/merely-made/mere.git?rev=57b4893db6909d5ed9c4ccae30216f0d8164201a#57b4893d) (*)
│   │   ├── personae v0.2.1 (https://github.com/merely-made/mere.git?rev=57b4893db6909d5ed9c4ccae30216f0d8164201a#57b4893d) (*)
│   │   ├── serde v1.0.229 (*)
│   │   ├── serde_json v1.0.151 (*)
│   │   ├── tabard v0.0.1 (https://github.com/merely-made/mere.git?rev=57b4893db6909d5ed9c4ccae30216f0d8164201a#57b4893d)
│   │   │   ├── serde v1.0.229 (*)
│   │   │   ├── serde_json v1.0.151 (*)
│   │   │   └── tinct v0.1.2 (https://github.com/merely-made/mere.git?rev=57b4893db6909d5ed9c4ccae30216f0d8164201a#57b4893d)
│   │   │       └── serde v1.0.229 (*)
│   │   └── uuid v1.27.0 (*)
│   ├── personae v0.2.1 (https://github.com/merely-made/mere.git?rev=57b4893db6909d5ed9c4ccae30216f0d8164201a#57b4893d) (*)
│   ├── sceno v0.0.4 (https://github.com/merely-made/mere.git?rev=57b4893db6909d5ed9c4ccae30216f0d8164201a#57b4893d) (*)
│   ├── scenomise v0.0.4 (https://github.com/merely-made/mere.git?rev=57b4893db6909d5ed9c4ccae30216f0d8164201a#57b4893d)
│   │   ├── sceno v0.0.4 (https://github.com/merely-made/mere.git?rev=57b4893db6909d5ed9c4ccae30216f0d8164201a#57b4893d) (*)
│   │   ├── scenograph v0.0.4 (https://github.com/merely-made/mere.git?rev=57b4893db6909d5ed9c4ccae30216f0d8164201a#57b4893d)
│   │   │   ├── sceno v0.0.4 (https://github.com/merely-made/mere.git?rev=57b4893db6909d5ed9c4ccae30216f0d8164201a#57b4893d) (*)
│   │   │   ├── serde v1.0.229 (*)
│   │   │   └── serde_json v1.0.151 (*)
│   │   ├── serde v1.0.229 (*)
│   │   └── serde_json v1.0.151 (*)
│   ├── scenotime v0.0.4 (https://github.com/merely-made/mere.git?rev=57b4893db6909d5ed9c4ccae30216f0d8164201a#57b4893d) (*)
│   ├── serde v1.0.229 (*)
│   ├── serde_json v1.0.151 (*)
│   ├── thiserror v1.0.69 (*)
│   └── tokio v1.53.1 (*)
├── document-session-api v0.1.0 (https://github.com/merely-made/genet.git?rev=965b64e206a47d1c8808472de9aa461233638768#965b64e2)
│   └── serde v1.0.229 (*)
├── eidetic v0.0.2 (https://github.com/merely-made/mere.git?rev=57b4893db6909d5ed9c4ccae30216f0d8164201a#57b4893d) (*)
├── eidetic-search v0.0.1 (https://github.com/merely-made/mere.git?rev=57b4893db6909d5ed9c4ccae30216f0d8164201a#57b4893d)
│   ├── eidetic v0.0.2 (https://github.com/merely-made/mere.git?rev=57b4893db6909d5ed9c4ccae30216f0d8164201a#57b4893d) (*)
│   ├── genet-text v0.1.0 (https://github.com/merely-made/genet.git?rev=965b64e206a47d1c8808472de9aa461233638768#965b64e2) (*)
│   ├── serde v1.0.229 (*)
│   ├── serde_json v1.0.151 (*)
│   └── thiserror v1.0.69 (*)
├── errand v0.4.0 (https://github.com/merely-made/mere.git?rev=57b4893db6909d5ed9c4ccae30216f0d8164201a#57b4893d)
│   ├── finger-protocol v0.1.1
│   │   ├── tokio v1.53.1 (*)
│   │   └── url v2.5.8 (*)
│   ├── gemini-protocol v0.1.7 (https://github.com/merely-made/smolweb.git?rev=882baeb1b59bbdbb305e475f6675f69af997c4f4#882baeb1)
│   │   ├── ring v0.17.14 (*)
│   │   ├── rustls v0.23.45 (*)
│   │   ├── tokio v1.53.1 (*)
│   │   ├── tokio-rustls v0.26.5 (*)
│   │   └── url v2.5.8 (*)
│   ├── gopher-protocol v0.2.0
│   │   ├── tokio v1.53.1 (*)
│   │   └── url v2.5.8 (*)
│   ├── guppy-protocol v0.1.1
│   │   ├── log v0.4.34
│   │   ├── percent-encoding v2.3.2
│   │   ├── tokio v1.53.1 (*)
│   │   └── url v2.5.8 (*)
│   ├── misfin v0.0.4
│   │   ├── log v0.4.34
│   │   ├── rcgen v0.13.2
│   │   │   ├── pem v3.0.6
│   │   │   │   └── base64 v0.22.1
│   │   │   ├── ring v0.17.14 (*)
│   │   │   ├── rustls-pki-types v1.15.1 (*)
│   │   │   ├── time v0.3.55 (*)
│   │   │   └── yasna v0.5.2
│   │   │       └── time v0.3.55 (*)
│   │   ├── rustls v0.23.45 (*)
│   │   ├── rustls-pki-types v1.15.1 (*)
│   │   ├── serde v1.0.229 (*)
│   │   ├── serde_json v1.0.151 (*)
│   │   ├── sha2 v0.10.9 (*)
│   │   ├── tokio v1.53.1 (*)
│   │   ├── tokio-rustls v0.26.5 (*)
│   │   └── url v2.5.8 (*)
│   ├── nex-protocol v0.1.1
│   │   ├── log v0.4.34
│   │   ├── percent-encoding v2.3.2
│   │   ├── tokio v1.53.1 (*)
│   │   └── url v2.5.8 (*)
│   ├── quick-xml v0.39.4
│   │   └── memchr v2.8.3
│   ├── rustls v0.23.45 (*)
│   ├── scroll-protocol v0.1.0
│   │   ├── gemini-protocol v0.1.7 (https://github.com/merely-made/smolweb.git?rev=882baeb1b59bbdbb305e475f6675f69af997c4f4#882baeb1) (*)
│   │   ├── tokio v1.53.1 (*)
│   │   └── url v2.5.8 (*)
│   ├── spartan-protocol v0.1.1
│   │   ├── idna v1.1.0 (*)
│   │   ├── log v0.4.34
│   │   ├── percent-encoding v2.3.2
│   │   ├── tokio v1.53.1 (*)
│   │   └── url v2.5.8 (*)
│   ├── tokio v1.53.1 (*)
│   ├── tokio-rustls v0.26.5 (*)
│   ├── tracing v0.1.44 (*)
│   └── url v2.5.8 (*)
├── fleece v0.5.0 (https://github.com/merely-made/genet.git?rev=965b64e206a47d1c8808472de9aa461233638768#965b64e2)
│   ├── layout-dom-api v0.1.1 (https://github.com/merely-made/genet.git?rev=965b64e206a47d1c8808472de9aa461233638768#965b64e2) (*)
│   ├── serde v1.0.229 (*)
│   ├── serde_json v1.0.151 (*)
│   ├── sha2 v0.10.9 (*)
│   ├── unicode-bidi v0.3.18 (*)
│   └── unicode-segmentation v1.13.3
├── gemot v0.1.1 (https://github.com/merely-made/mere.git?rev=57b4893db6909d5ed9c4ccae30216f0d8164201a#57b4893d) (*)
├── genet-clipboard v0.1.0 (https://github.com/merely-made/genet.git?rev=965b64e206a47d1c8808472de9aa461233638768#965b64e2)
│   └── arboard v3.6.1 (https://github.com/mark-ik/arboard.git?branch=custom-formats#57a68d03)
│       ├── clipboard-win v5.4.1
│       │   └── error-code v3.4.0
│       ├── image v0.25.10
│       │   ├── bytemuck v1.25.2 (*)
│       │   ├── byteorder-lite v0.1.0
│       │   ├── color_quant v1.1.0
│       │   ├── exr v1.74.2
│       │   │   ├── bit_field v0.10.3
│       │   │   ├── half v2.7.1 (*)
│       │   │   ├── lebe v0.5.3
│       │   │   ├── miniz_oxide v0.8.9 (*)
│       │   │   ├── num-complex v0.4.6 (*)
│       │   │   ├── pulp v0.22.3
│       │   │   │   ├── bytemuck v1.25.2 (*)
│       │   │   │   ├── cfg-if v1.0.5
│       │   │   │   ├── libm v0.2.16
│       │   │   │   ├── num-complex v0.4.6 (*)
│       │   │   │   ├── paste v1.0.15 (proc-macro)
│       │   │   │   ├── pulp-wasm-simd-flag v0.1.1
│       │   │   │   ├── raw-cpuid v11.6.0
│       │   │   │   │   └── bitflags v2.13.2 (*)
│       │   │   │   └── reborrow v0.5.5
│       │   │   │   [build-dependencies]
│       │   │   │   └── version_check v0.9.5
│       │   │   ├── rayon-core v1.13.0
│       │   │   │   ├── crossbeam-deque v0.8.8
│       │   │   │   │   ├── crossbeam-epoch v0.9.21 (*)
│       │   │   │   │   └── crossbeam-utils v0.8.23
│       │   │   │   └── crossbeam-utils v0.8.23
│       │   │   ├── smallvec v1.16.1 (*)
│       │   │   └── zune-inflate v0.2.54
│       │   │       └── simd-adler32 v0.3.10
│       │   ├── gif v0.14.2
│       │   │   ├── color_quant v1.1.0
│       │   │   └── weezl v0.1.12
│       │   ├── image-webp v0.2.4
│       │   │   ├── byteorder-lite v0.1.0
│       │   │   └── quick-error v2.0.1
│       │   ├── moxcms v0.8.1
│       │   │   ├── num-traits v0.2.19 (*)
│       │   │   └── pxfm v0.1.30
│       │   ├── num-traits v0.2.19 (*)
│       │   ├── png v0.18.1 (*)
│       │   ├── qoi v0.4.1
│       │   │   └── bytemuck v1.25.2 (*)
│       │   ├── ravif v0.13.0
│       │   │   ├── avif-serialize v0.8.9
│       │   │   │   └── arrayvec v0.7.8
│       │   │   ├── imgref v1.12.3
│       │   │   ├── loop9 v0.1.5
│       │   │   │   └── imgref v1.12.3
│       │   │   ├── quick-error v2.0.1
│       │   │   ├── rav1e v0.8.1
│       │   │   │   ├── aligned-vec v0.6.4
│       │   │   │   │   └── equator v0.4.2
│       │   │   │   │       └── equator-macro v0.4.2 (proc-macro)
│       │   │   │   │           ├── proc-macro2 v1.0.107 (*)
│       │   │   │   │           ├── quote v1.0.47 (*)
│       │   │   │   │           └── syn v2.0.119 (*)
│       │   │   │   ├── arg_enum_proc_macro v0.3.4 (proc-macro)
│       │   │   │   │   ├── proc-macro2 v1.0.107 (*)
│       │   │   │   │   ├── quote v1.0.47 (*)
│       │   │   │   │   └── syn v2.0.119 (*)
│       │   │   │   ├── arrayvec v0.7.8
│       │   │   │   ├── av-scenechange v0.14.1
│       │   │   │   │   ├── aligned v0.4.3
│       │   │   │   │   │   └── as-slice v0.2.1
│       │   │   │   │   │       └── stable_deref_trait v1.2.1
│       │   │   │   │   ├── anyhow v1.0.104
│       │   │   │   │   ├── arg_enum_proc_macro v0.3.4 (proc-macro) (*)
│       │   │   │   │   ├── arrayvec v0.7.8
│       │   │   │   │   ├── log v0.4.34
│       │   │   │   │   ├── num-rational v0.4.2 (*)
│       │   │   │   │   ├── num-traits v0.2.19 (*)
│       │   │   │   │   ├── pastey v0.1.1 (proc-macro)
│       │   │   │   │   ├── rayon v1.12.0
│       │   │   │   │   │   ├── either v1.18.0
│       │   │   │   │   │   └── rayon-core v1.13.0 (*)
│       │   │   │   │   ├── thiserror v2.0.20 (*)
│       │   │   │   │   ├── v_frame v0.3.9
│       │   │   │   │   │   ├── aligned-vec v0.6.4 (*)
│       │   │   │   │   │   └── num-traits v0.2.19 (*)
│       │   │   │   │   └── y4m v0.8.0
│       │   │   │   ├── av1-grain v0.2.5
│       │   │   │   │   ├── anyhow v1.0.104
│       │   │   │   │   ├── arrayvec v0.7.8
│       │   │   │   │   ├── log v0.4.34
│       │   │   │   │   ├── nom v8.0.0 (*)
│       │   │   │   │   ├── num-rational v0.4.2 (*)
│       │   │   │   │   └── v_frame v0.3.9 (*)
│       │   │   │   ├── bitstream-io v4.10.0
│       │   │   │   │   └── no_std_io2 v0.9.4
│       │   │   │   │       └── memchr v2.8.3
│       │   │   │   ├── cfg-if v1.0.5
│       │   │   │   ├── itertools v0.14.0
│       │   │   │   │   └── either v1.18.0
│       │   │   │   ├── libc v0.2.189
│       │   │   │   ├── log v0.4.34
│       │   │   │   ├── maybe-rayon v0.1.1
│       │   │   │   │   ├── cfg-if v1.0.5
│       │   │   │   │   └── rayon v1.12.0 (*)
│       │   │   │   ├── new_debug_unreachable v1.0.6
│       │   │   │   ├── noop_proc_macro v0.3.0 (proc-macro)
│       │   │   │   ├── num-derive v0.4.2 (proc-macro)
│       │   │   │   │   ├── proc-macro2 v1.0.107 (*)
│       │   │   │   │   ├── quote v1.0.47 (*)
│       │   │   │   │   └── syn v2.0.119 (*)
│       │   │   │   ├── num-traits v0.2.19 (*)
│       │   │   │   ├── paste v1.0.15 (proc-macro)
│       │   │   │   ├── profiling v1.0.18
│       │   │   │   │   └── profiling-procmacros v1.0.18 (proc-macro)
│       │   │   │   │       ├── quote v1.0.47 (*)
│       │   │   │   │       └── syn v2.0.119 (*)
│       │   │   │   ├── simd_helpers v0.1.0 (proc-macro)
│       │   │   │   │   └── quote v1.0.47 (*)
│       │   │   │   ├── thiserror v2.0.20 (*)
│       │   │   │   └── v_frame v0.3.9 (*)
│       │   │   │   [build-dependencies]
│       │   │   │   └── built v0.8.1
│       │   │   ├── rayon v1.12.0 (*)
│       │   │   └── rgb v0.8.53
│       │   │       └── bytemuck v1.25.2 (*)
│       │   ├── rayon v1.12.0 (*)
│       │   ├── rgb v0.8.53 (*)
│       │   ├── tiff v0.11.3
│       │   │   ├── fax v0.2.7
│       │   │   ├── flate2 v1.1.10 (*)
│       │   │   ├── half v2.7.1 (*)
│       │   │   ├── quick-error v2.0.1
│       │   │   ├── weezl v0.1.12
│       │   │   └── zune-jpeg v0.5.15
│       │   │       └── zune-core v0.5.3
│       │   ├── zune-core v0.5.3
│       │   └── zune-jpeg v0.5.15 (*)
│       ├── log v0.4.34
│       └── windows-sys v0.61.2 (*)
├── genet-documents v0.1.0 (https://github.com/merely-made/genet.git?rev=965b64e206a47d1c8808472de9aa461233638768#965b64e2)
│   ├── browsing-context-api v0.1.0 (https://github.com/merely-made/genet.git?rev=965b64e206a47d1c8808472de9aa461233638768#965b64e2)
│   ├── data-url v0.3.2
│   ├── document-session-api v0.1.0 (https://github.com/merely-made/genet.git?rev=965b64e206a47d1c8808472de9aa461233638768#965b64e2) (*)
│   ├── fleece v0.5.0 (https://github.com/merely-made/genet.git?rev=965b64e206a47d1c8808472de9aa461233638768#965b64e2) (*)
│   ├── genet-document-resources v0.2.1 (https://github.com/merely-made/genet.git?rev=965b64e206a47d1c8808472de9aa461233638768#965b64e2)
│   │   ├── genet-host-api v0.2.0 (https://github.com/merely-made/genet.git?rev=965b64e206a47d1c8808472de9aa461233638768#965b64e2)
│   │   └── layout-dom-api v0.1.1 (https://github.com/merely-made/genet.git?rev=965b64e206a47d1c8808472de9aa461233638768#965b64e2) (*)
│   ├── genet-host-api v0.2.0 (https://github.com/merely-made/genet.git?rev=965b64e206a47d1c8808472de9aa461233638768#965b64e2)
│   ├── genet-livery v0.0.4 (https://github.com/merely-made/genet.git?rev=965b64e206a47d1c8808472de9aa461233638768#965b64e2)
│   │   ├── buckram v0.0.3 (https://github.com/merely-made/genet.git?rev=965b64e206a47d1c8808472de9aa461233638768#965b64e2)
│   │   │   ├── genet-taffy v0.14.0 (https://github.com/merely-made/genet.git?rev=965b64e206a47d1c8808472de9aa461233638768#965b64e2)
│   │   │   │   ├── arrayvec v0.7.8
│   │   │   │   └── smallvec v1.16.1 (*)
│   │   │   └── stacker v0.1.25
│   │   │       ├── cfg-if v1.0.5
│   │   │       ├── libc v0.2.189
│   │   │       ├── psm v0.1.32
│   │   │       │   [build-dependencies]
│   │   │       │   ├── ar_archive_writer v0.5.3
│   │   │       │   │   └── object v0.39.1
│   │   │       │   │       └── memchr v2.8.3
│   │   │       │   └── cc v1.6.0 (*)
│   │   │       └── windows-sys v0.61.2 (*)
│   │   │       [build-dependencies]
│   │   │       └── cc v1.6.0 (*)
│   │   ├── cssparser v0.37.0
│   │   │   ├── cssparser-macros v0.7.1 (proc-macro)
│   │   │   │   ├── quote v1.0.47 (*)
│   │   │   │   └── syn v3.0.6 (*)
│   │   │   ├── dtoa-short v0.3.5
│   │   │   │   └── dtoa v1.0.11
│   │   │   ├── itoa v1.0.18
│   │   │   ├── phf v0.13.1 (*)
│   │   │   ├── serde v1.0.229 (*)
│   │   │   └── smallvec v1.16.1 (*)
│   │   ├── data-url v0.3.2
│   │   ├── euclid v0.22.14 (*)
│   │   ├── fontsan v0.7.0
│   │   │   ├── libc v0.2.189
│   │   │   ├── libz-sys v1.1.29
│   │   │   │   └── libc v0.2.189
│   │   │   │   [build-dependencies]
│   │   │   │   ├── cc v1.6.0 (*)
│   │   │   │   ├── pkg-config v0.3.34
│   │   │   │   └── vcpkg v0.2.15
│   │   │   └── wuff-capi v0.2.0
│   │   │       └── wuff v0.2.9
│   │   │           ├── brotli-decompressor v5.0.3
│   │   │           │   ├── alloc-no-stdlib v2.0.4
│   │   │           │   └── alloc-stdlib v0.2.4
│   │   │           │       └── alloc-no-stdlib v2.0.4
│   │   │           └── bytes v1.12.1 (*)
│   │   │   [build-dependencies]
│   │   │   ├── cc v1.6.0 (*)
│   │   │   └── glob v0.3.4
│   │   ├── genet-document-resources v0.2.1 (https://github.com/merely-made/genet.git?rev=965b64e206a47d1c8808472de9aa461233638768#965b64e2) (*)
│   │   ├── genet-parley v0.10.0 (https://github.com/merely-made/genet.git?rev=965b64e206a47d1c8808472de9aa461233638768#965b64e2)
│   │   │   ├── genet-fontique v0.10.0 (https://github.com/merely-made/genet.git?rev=965b64e206a47d1c8808472de9aa461233638768#965b64e2)
│   │   │   │   ├── hashbrown v0.17.1 (*)
│   │   │   │   ├── linebender_resource_handle v0.1.1
│   │   │   │   ├── memmap2 v0.9.11
│   │   │   │   ├── parlance v0.1.0
│   │   │   │   ├── read-fonts v0.39.2
│   │   │   │   │   ├── bytemuck v1.25.2 (*)
│   │   │   │   │   └── font-types v0.11.3
│   │   │   │   │       └── bytemuck v1.25.2 (*)
│   │   │   │   ├── smallvec v1.16.1 (*)
│   │   │   │   ├── windows v0.62.2 (*)
│   │   │   │   └── windows-core v0.62.2 (*)
│   │   │   ├── harfrust v0.8.4
│   │   │   │   ├── bitflags v2.13.2 (*)
│   │   │   │   ├── bytemuck v1.25.2 (*)
│   │   │   │   ├── read-fonts v0.39.2 (*)
│   │   │   │   └── smallvec v1.16.1 (*)
│   │   │   ├── hashbrown v0.17.1 (*)
│   │   │   ├── icu_normalizer v2.3.0 (*)
│   │   │   ├── icu_properties v2.3.0 (*)
│   │   │   ├── icu_segmenter v2.3.0
│   │   │   │   ├── core_maths v0.1.1
│   │   │   │   │   └── libm v0.2.16
│   │   │   │   ├── icu_collections v2.3.0 (*)
│   │   │   │   ├── icu_locale_fallback v2.3.0
│   │   │   │   │   ├── icu_locale_core v2.3.0 (*)
│   │   │   │   │   ├── icu_locale_fallback_data v2.3.0
│   │   │   │   │   ├── icu_provider v2.3.1 (*)
│   │   │   │   │   ├── potential_utf v0.1.6 (*)
│   │   │   │   │   ├── tinystr v0.8.4 (*)
│   │   │   │   │   └── zerovec v0.11.8 (*)
│   │   │   │   ├── icu_provider v2.3.1 (*)
│   │   │   │   ├── icu_segmenter_data v2.3.0
│   │   │   │   ├── potential_utf v0.1.6 (*)
│   │   │   │   ├── smallvec v1.16.1 (*)
│   │   │   │   ├── utf8_iter v1.0.4
│   │   │   │   └── zerovec v0.11.8 (*)
│   │   │   ├── linebender_resource_handle v0.1.1
│   │   │   ├── parlance v0.1.0
│   │   │   ├── parley_data v0.10.0
│   │   │   │   └── icu_properties v2.3.0 (*)
│   │   │   └── skrifa v0.42.1
│   │   │       ├── bytemuck v1.25.2 (*)
│   │   │       └── read-fonts v0.39.2 (*)
│   │   ├── genet-taffy v0.14.0 (https://github.com/merely-made/genet.git?rev=965b64e206a47d1c8808472de9aa461233638768#965b64e2) (*)
│   │   ├── icu_properties v2.3.0 (*)
│   │   ├── icu_segmenter v2.3.0 (*)
│   │   ├── image v0.25.10 (*)
│   │   ├── layout-dom-api v0.1.1 (https://github.com/merely-made/genet.git?rev=965b64e206a47d1c8808472de9aa461233638768#965b64e2) (*)
│   │   ├── livery v0.0.5 (https://github.com/merely-made/genet.git?rev=965b64e206a47d1c8808472de9aa461233638768#965b64e2)
│   │   │   ├── cadency v0.0.1 (https://github.com/merely-made/genet.git?rev=965b64e206a47d1c8808472de9aa461233638768#965b64e2)
│   │   │   │   └── cssparser v0.37.0 (*)
│   │   │   └── cssparser v0.37.0 (*)
│   │   │   [build-dependencies]
│   │   │   ├── serde v1.0.229
│   │   │   │   ├── serde_core v1.0.229
│   │   │   │   └── serde_derive v1.0.229 (proc-macro) (*)
│   │   │   └── toml v1.1.6+spec-1.1.0
│   │   │       ├── serde_core v1.0.229
│   │   │       ├── serde_spanned v1.1.1
│   │   │       │   └── serde_core v1.0.229
│   │   │       ├── toml_datetime v1.1.1+spec-1.1.0 (*)
│   │   │       ├── toml_parser v1.1.3+spec-1.1.0 (*)
│   │   │       ├── toml_writer v1.1.2+spec-1.1.0
│   │   │       └── winnow v1.0.4
│   │   ├── paint_list_api v0.1.2 (https://github.com/merely-made/netrender.git?rev=9607d16f1907f6c2085648ae96abcaa30d7c3d41#9607d16f) (*)
│   │   ├── serde v1.0.229 (*)
│   │   └── stacker v0.1.25 (*)
│   ├── genet-render v0.2.0 (https://github.com/merely-made/genet.git?rev=965b64e206a47d1c8808472de9aa461233638768#965b64e2)
│   │   ├── accesskit v0.24.1 (*)
│   │   ├── document-session-api v0.1.0 (https://github.com/merely-made/genet.git?rev=965b64e206a47d1c8808472de9aa461233638768#965b64e2) (*)
│   │   ├── genet-livery v0.0.4 (https://github.com/merely-made/genet.git?rev=965b64e206a47d1c8808472de9aa461233638768#965b64e2) (*)
│   │   ├── genet-scripted-dom v0.1.2 (https://github.com/merely-made/genet.git?rev=965b64e206a47d1c8808472de9aa461233638768#965b64e2) (*)
│   │   ├── layout-dom-api v0.1.1 (https://github.com/merely-made/genet.git?rev=965b64e206a47d1c8808472de9aa461233638768#965b64e2) (*)
│   │   ├── netrender v0.1.2 (https://github.com/merely-made/netrender.git?rev=9607d16f1907f6c2085648ae96abcaa30d7c3d41#9607d16f)
│   │   │   ├── log v0.4.34
│   │   │   ├── netrender-vello v0.10.1
│   │   │   │   ├── bytemuck v1.25.2 (*)
│   │   │   │   ├── futures-intrusive v0.5.0
│   │   │   │   │   ├── futures-core v0.3.34
│   │   │   │   │   ├── lock_api v0.4.14 (*)
│   │   │   │   │   └── parking_lot v0.12.5 (*)
│   │   │   │   ├── log v0.4.34
│   │   │   │   ├── peniko v0.6.1 (*)
│   │   │   │   ├── png v0.18.1 (*)
│   │   │   │   ├── skrifa v0.44.0 (*)
│   │   │   │   ├── static_assertions v1.1.0
│   │   │   │   ├── thiserror v2.0.20 (*)
│   │   │   │   ├── vello_encoding v0.10.0
│   │   │   │   │   ├── bytemuck v1.25.2 (*)
│   │   │   │   │   ├── guillotiere v0.7.0 (*)
│   │   │   │   │   ├── peniko v0.6.1 (*)
│   │   │   │   │   ├── skrifa v0.44.0 (*)
│   │   │   │   │   └── smallvec v1.16.1 (*)
│   │   │   │   ├── vello_shaders v0.10.0
│   │   │   │   │   ├── bytemuck v1.25.2 (*)
│   │   │   │   │   └── vello_encoding v0.10.0 (*)
│   │   │   │   │   [build-dependencies]
│   │   │   │   │   ├── log v0.4.34
│   │   │   │   │   ├── naga v29.0.4
│   │   │   │   │   │   ├── arrayvec v0.7.8
│   │   │   │   │   │   ├── bit-set v0.9.1
│   │   │   │   │   │   │   └── bit-vec v0.9.1
│   │   │   │   │   │   ├── bitflags v2.13.2
│   │   │   │   │   │   ├── cfg-if v1.0.5
│   │   │   │   │   │   ├── codespan-reporting v0.13.1
│   │   │   │   │   │   │   └── unicode-width v0.2.2
│   │   │   │   │   │   ├── half v2.7.1
│   │   │   │   │   │   │   ├── cfg-if v1.0.5
│   │   │   │   │   │   │   ├── num-traits v0.2.19
│   │   │   │   │   │   │   │   └── libm v0.2.16
│   │   │   │   │   │   │   │   [build-dependencies]
│   │   │   │   │   │   │   │   └── autocfg v1.5.1
│   │   │   │   │   │   │   └── zerocopy v0.8.57 (*)
│   │   │   │   │   │   ├── hashbrown v0.16.1
│   │   │   │   │   │   │   └── foldhash v0.2.0
│   │   │   │   │   │   ├── hexf-parse v0.2.1
│   │   │   │   │   │   ├── indexmap v2.14.2 (*)
│   │   │   │   │   │   ├── libm v0.2.16
│   │   │   │   │   │   ├── log v0.4.34
│   │   │   │   │   │   ├── num-traits v0.2.19 (*)
│   │   │   │   │   │   ├── once_cell v1.21.4
│   │   │   │   │   │   ├── rustc-hash v1.1.0
│   │   │   │   │   │   ├── thiserror v2.0.20 (*)
│   │   │   │   │   │   └── unicode-ident v1.0.26
│   │   │   │   │   │   [build-dependencies]
│   │   │   │   │   │   └── cfg_aliases v0.2.2
│   │   │   │   │   └── thiserror v2.0.20 (*)
│   │   │   │   └── wgpu v30.0.1
│   │   │   │       ├── arrayvec v0.7.8
│   │   │   │       ├── bitflags v2.13.2 (*)
│   │   │   │       ├── bytemuck v1.25.2 (*)
│   │   │   │       ├── cfg-if v1.0.5
│   │   │   │       ├── document-features v0.2.12 (proc-macro)
│   │   │   │       │   └── litrs v1.0.0
│   │   │   │       ├── hashbrown v0.17.1 (*)
│   │   │   │       ├── log v0.4.34
│   │   │   │       ├── parking_lot v0.12.5 (*)
│   │   │   │       ├── profiling v1.0.18 (*)
│   │   │   │       ├── raw-window-handle v0.6.2
│   │   │   │       ├── smallvec v1.16.1 (*)
│   │   │   │       ├── static_assertions v1.1.0
│   │   │   │       ├── wgpu-core v30.0.1
│   │   │   │       │   ├── arrayvec v0.7.8
│   │   │   │       │   ├── bit-set v0.10.0
│   │   │   │       │   │   └── bit-vec v0.9.1
│   │   │   │       │   ├── bit-vec v0.9.1
│   │   │   │       │   ├── bitflags v2.13.2 (*)
│   │   │   │       │   ├── bytemuck v1.25.2 (*)
│   │   │   │       │   ├── document-features v0.2.12 (proc-macro) (*)
│   │   │   │       │   ├── hashbrown v0.17.1 (*)
│   │   │   │       │   ├── indexmap v2.14.2 (*)
│   │   │   │       │   ├── log v0.4.34
│   │   │   │       │   ├── naga v30.0.1
│   │   │   │       │   │   ├── arrayvec v0.7.8
│   │   │   │       │   │   ├── bit-set v0.10.0 (*)
│   │   │   │       │   │   ├── bitflags v2.13.2 (*)
│   │   │   │       │   │   ├── cfg-if v1.0.5
│   │   │   │       │   │   ├── codespan-reporting v0.13.1 (*)
│   │   │   │       │   │   ├── half v2.7.1 (*)
│   │   │   │       │   │   ├── hashbrown v0.17.1 (*)
│   │   │   │       │   │   ├── indexmap v2.14.2 (*)
│   │   │   │       │   │   ├── libm v0.2.16
│   │   │   │       │   │   ├── log v0.4.34
│   │   │   │       │   │   ├── naga-types v30.0.1
│   │   │   │       │   │   │   ├── hashbrown v0.17.1 (*)
│   │   │   │       │   │   │   ├── indexmap v2.14.2 (*)
│   │   │   │       │   │   │   ├── rustc-hash v1.1.0
│   │   │   │       │   │   │   └── thiserror v2.0.20 (*)
│   │   │   │       │   │   ├── num-traits v0.2.19 (*)
│   │   │   │       │   │   ├── once_cell v1.21.4 (*)
│   │   │   │       │   │   ├── rustc-hash v1.1.0
│   │   │   │       │   │   ├── spirv v0.4.0+sdk-1.4.341.0
│   │   │   │       │   │   │   └── bitflags v2.13.2 (*)
│   │   │   │       │   │   ├── thiserror v2.0.20 (*)
│   │   │   │       │   │   └── unicode-ident v1.0.26
│   │   │   │       │   │   [build-dependencies]
│   │   │   │       │   │   └── cfg_aliases v0.2.2
│   │   │   │       │   ├── naga-types v30.0.1 (*)
│   │   │   │       │   ├── once_cell v1.21.4 (*)
│   │   │   │       │   ├── parking_lot v0.12.5 (*)
│   │   │   │       │   ├── profiling v1.0.18 (*)
│   │   │   │       │   ├── raw-window-handle v0.6.2
│   │   │   │       │   ├── rustc-hash v1.1.0
│   │   │   │       │   ├── smallvec v1.16.1 (*)
│   │   │   │       │   ├── thiserror v2.0.20 (*)
│   │   │   │       │   ├── wgpu-core-deps-windows-linux-android v30.0.1
│   │   │   │       │   │   └── wgpu-hal v30.0.1
│   │   │   │       │   │       ├── arrayvec v0.7.8
│   │   │   │       │   │       ├── ash v0.38.0+1.3.281
│   │   │   │       │   │       │   └── libloading v0.8.9
│   │   │   │       │   │       │       └── windows-link v0.2.1
│   │   │   │       │   │       ├── bit-set v0.10.0 (*)
│   │   │   │       │   │       ├── bitflags v2.13.2 (*)
│   │   │   │       │   │       ├── bytemuck v1.25.2 (*)
│   │   │   │       │   │       ├── cfg-if v1.0.5
│   │   │   │       │   │       ├── glow v0.17.0
│   │   │   │       │   │       ├── glutin_wgl_sys v0.6.1
│   │   │   │       │   │       │   [build-dependencies]
│   │   │   │       │   │       │   └── gl_generator v0.14.0
│   │   │   │       │   │       │       ├── khronos_api v3.1.0
│   │   │   │       │   │       │       ├── log v0.4.34
│   │   │   │       │   │       │       └── xml-rs v0.8.29
│   │   │   │       │   │       ├── gpu-allocator v0.28.0
│   │   │   │       │   │       │   ├── ash v0.38.0+1.3.281 (*)
│   │   │   │       │   │       │   ├── hashbrown v0.16.1 (*)
│   │   │   │       │   │       │   ├── log v0.4.34
│   │   │   │       │   │       │   ├── presser v0.3.1
│   │   │   │       │   │       │   ├── thiserror v2.0.20 (*)
│   │   │   │       │   │       │   └── windows v0.62.2 (*)
│   │   │   │       │   │       ├── hashbrown v0.17.1 (*)
│   │   │   │       │   │       ├── khronos-egl v6.0.0
│   │   │   │       │   │       │   ├── libc v0.2.189
│   │   │   │       │   │       │   └── libloading v0.8.9 (*)
│   │   │   │       │   │       ├── libloading v0.8.9 (*)
│   │   │   │       │   │       ├── log v0.4.34
│   │   │   │       │   │       ├── naga v30.0.1 (*)
│   │   │   │       │   │       ├── naga-types v30.0.1 (*)
│   │   │   │       │   │       ├── once_cell v1.21.4 (*)
│   │   │   │       │   │       ├── ordered-float v5.5.0
│   │   │   │       │   │       │   └── num-traits v0.2.19 (*)
│   │   │   │       │   │       ├── parking_lot v0.12.5 (*)
│   │   │   │       │   │       ├── profiling v1.0.18 (*)
│   │   │   │       │   │       ├── range-alloc v0.1.5
│   │   │   │       │   │       ├── raw-window-handle v0.6.2
│   │   │   │       │   │       ├── renderdoc-sys v1.1.0
│   │   │   │       │   │       ├── smallvec v1.16.1 (*)
│   │   │   │       │   │       ├── static_assertions v1.1.0
│   │   │   │       │   │       ├── thiserror v2.0.20 (*)
│   │   │   │       │   │       ├── wgpu-naga-bridge v30.0.1
│   │   │   │       │   │       │   ├── naga v30.0.1 (*)
│   │   │   │       │   │       │   └── wgpu-types v30.0.1
│   │   │   │       │   │       │       ├── bitflags v2.13.2 (*)
│   │   │   │       │   │       │       ├── bytemuck v1.25.2 (*)
│   │   │   │       │   │       │       ├── log v0.4.34
│   │   │   │       │   │       │       ├── naga-types v30.0.1 (*)
│   │   │   │       │   │       │       ├── raw-window-handle v0.6.2
│   │   │   │       │   │       │       └── static_assertions v1.1.0
│   │   │   │       │   │       ├── wgpu-types v30.0.1 (*)
│   │   │   │       │   │       ├── windows v0.62.2 (*)
│   │   │   │       │   │       ├── windows-core v0.62.2 (*)
│   │   │   │       │   │       └── windows-result v0.4.1 (*)
│   │   │   │       │   │       [build-dependencies]
│   │   │   │       │   │       └── cfg_aliases v0.2.2
│   │   │   │       │   ├── wgpu-hal v30.0.1 (*)
│   │   │   │       │   ├── wgpu-naga-bridge v30.0.1 (*)
│   │   │   │       │   └── wgpu-types v30.0.1 (*)
│   │   │   │       │   [build-dependencies]
│   │   │   │       │   └── cfg_aliases v0.2.2
│   │   │   │       ├── wgpu-hal v30.0.1 (*)
│   │   │   │       └── wgpu-types v30.0.1 (*)
│   │   │   │       [build-dependencies]
│   │   │   │       └── cfg_aliases v0.2.2
│   │   │   ├── netrender_device v0.1.2 (https://github.com/merely-made/netrender.git?rev=9607d16f1907f6c2085648ae96abcaa30d7c3d41#9607d16f)
│   │   │   │   ├── log v0.4.34
│   │   │   │   ├── pollster v0.4.0
│   │   │   │   └── wgpu v30.0.1 (*)
│   │   │   ├── skrifa v0.44.0 (*)
│   │   │   ├── tracing v0.1.44 (*)
│   │   │   └── wgpu v30.0.1 (*)
│   │   ├── paint_list_api v0.1.2 (https://github.com/merely-made/netrender.git?rev=9607d16f1907f6c2085648ae96abcaa30d7c3d41#9607d16f) (*)
│   │   └── paint_list_render v0.1.2 (https://github.com/merely-made/netrender.git?rev=9607d16f1907f6c2085648ae96abcaa30d7c3d41#9607d16f)
│   │       ├── log v0.4.34
│   │       ├── netrender v0.1.2 (https://github.com/merely-made/netrender.git?rev=9607d16f1907f6c2085648ae96abcaa30d7c3d41#9607d16f) (*)
│   │       └── paint_list_api v0.1.2 (https://github.com/merely-made/netrender.git?rev=9607d16f1907f6c2085648ae96abcaa30d7c3d41#9607d16f) (*)
│   ├── genet-scripted-dom v0.1.2 (https://github.com/merely-made/genet.git?rev=965b64e206a47d1c8808472de9aa461233638768#965b64e2) (*)
│   ├── genet-static-dom v0.1.1 (https://github.com/merely-made/genet.git?rev=965b64e206a47d1c8808472de9aa461233638768#965b64e2) (*)
│   ├── genet-text v0.1.0 (https://github.com/merely-made/genet.git?rev=965b64e206a47d1c8808472de9aa461233638768#965b64e2) (*)
│   ├── layout-dom-api v0.1.1 (https://github.com/merely-made/genet.git?rev=965b64e206a47d1c8808472de9aa461233638768#965b64e2) (*)
│   ├── netrender v0.1.2 (https://github.com/merely-made/netrender.git?rev=9607d16f1907f6c2085648ae96abcaa30d7c3d41#9607d16f) (*)
│   ├── paint_list_api v0.1.2 (https://github.com/merely-made/netrender.git?rev=9607d16f1907f6c2085648ae96abcaa30d7c3d41#9607d16f) (*)
│   ├── paint_list_render v0.1.2 (https://github.com/merely-made/netrender.git?rev=9607d16f1907f6c2085648ae96abcaa30d7c3d41#9607d16f) (*)
│   ├── serde_json v1.0.151 (*)
│   └── url v2.5.8 (*)
├── genet-livery v0.0.4 (https://github.com/merely-made/genet.git?rev=965b64e206a47d1c8808472de9aa461233638768#965b64e2) (*)
├── genet-render v0.2.0 (https://github.com/merely-made/genet.git?rev=965b64e206a47d1c8808472de9aa461233638768#965b64e2) (*)
├── genet-scripted-dom v0.1.2 (https://github.com/merely-made/genet.git?rev=965b64e206a47d1c8808472de9aa461233638768#965b64e2) (*)
├── genet-static-dom v0.1.1 (https://github.com/merely-made/genet.git?rev=965b64e206a47d1c8808472de9aa461233638768#965b64e2) (*)
├── genet-winit-host v0.2.0 (https://github.com/merely-made/genet.git?rev=965b64e206a47d1c8808472de9aa461233638768#965b64e2)
│   ├── accesskit v0.24.1 (*)
│   ├── accesskit_windows v0.32.1 (*)
│   ├── genet-render-host v0.2.0 (https://github.com/merely-made/genet.git?rev=965b64e206a47d1c8808472de9aa461233638768#965b64e2)
│   │   ├── netrender v0.1.2 (https://github.com/merely-made/netrender.git?rev=9607d16f1907f6c2085648ae96abcaa30d7c3d41#9607d16f) (*)
│   │   ├── tracing v0.1.44 (*)
│   │   └── wgpu v30.0.1 (*)
│   ├── netrender v0.1.2 (https://github.com/merely-made/netrender.git?rev=9607d16f1907f6c2085648ae96abcaa30d7c3d41#9607d16f) (*)
│   ├── raw-window-handle v0.6.2
│   ├── tracing v0.1.44 (*)
│   ├── wgpu v30.0.1 (*)
│   └── winit v0.30.13 (*)
├── getrandom v0.2.17 (*)
├── graft-engine v0.2.0 (https://github.com/merely-made/mere.git?rev=57b4893db6909d5ed9c4ccae30216f0d8164201a#57b4893d)
│   ├── inker v0.1.1 (https://github.com/merely-made/mere.git?rev=57b4893db6909d5ed9c4ccae30216f0d8164201a#57b4893d)
│   │   ├── document-session-api v0.1.0 (https://github.com/merely-made/genet.git?rev=965b64e206a47d1c8808472de9aa461233638768#965b64e2) (*)
│   │   ├── petgraph v0.8.3 (*)
│   │   ├── serde v1.0.229 (*)
│   │   ├── tracing v0.1.44 (*)
│   │   └── uuid v1.27.0 (*)
│   └── tracing v0.1.44 (*)
├── grafting v0.6.0 (https://github.com/merely-made/wgpu-graft.git?rev=bb48281bd4a88a726a009e0518706881b74b7604#bb48281b)
│   ├── ash v0.38.0+1.3.281 (*)
│   ├── dpi v0.1.2
│   ├── euclid v0.22.14 (*)
│   ├── gleam v0.15.1
│   │   [build-dependencies]
│   │   └── gl_generator v0.14.0 (*)
│   ├── glow v0.17.0
│   ├── grafting-frame v0.1.0 (https://github.com/merely-made/wgpu-graft.git?rev=bb48281bd4a88a726a009e0518706881b74b7604#bb48281b)
│   │   └── windows v0.62.2 (*)
│   ├── image v0.25.10 (*)
│   ├── surfman v0.14.0
│   │   ├── bitflags v2.13.2 (*)
│   │   ├── euclid v0.22.14 (*)
│   │   ├── fnv v1.0.7
│   │   ├── glow v0.17.0
│   │   ├── libc v0.2.189
│   │   ├── log v0.4.34
│   │   ├── raw-window-handle v0.6.2
│   │   ├── winapi v0.3.9
│   │   └── wio v0.2.2
│   │       └── winapi v0.3.9
│   │   [build-dependencies]
│   │   ├── cfg_aliases v0.2.2
│   │   └── gl_generator v0.14.0 (*)
│   ├── thiserror v2.0.20 (*)
│   ├── wgpu v30.0.1 (*)
│   ├── wgpu-hal v30.0.1 (*)
│   ├── windows v0.62.2 (*)
│   └── wio v0.2.2 (*)
│   [build-dependencies]
│   └── gl_generator v0.14.0 (*)
├── graphshell v0.0.2 (https://github.com/merely-made/mere.git?rev=57b4893db6909d5ed9c4ccae30216f0d8164201a#57b4893d)
│   ├── base64 v0.22.1
│   ├── blake3 v1.8.7 (*)
│   ├── castellan v0.0.3 (https://github.com/merely-made/mere.git?rev=57b4893db6909d5ed9c4ccae30216f0d8164201a#57b4893d)
│   │   ├── base64 v0.22.1
│   │   ├── blake3 v1.8.7 (*)
│   │   ├── chatelaine v0.0.2 (https://github.com/merely-made/mere.git?rev=57b4893db6909d5ed9c4ccae30216f0d8164201a#57b4893d)
│   │   │   ├── serde v1.0.229 (*)
│   │   │   └── uuid v1.27.0 (*)
│   │   ├── chirograph v0.0.2 (https://github.com/merely-made/mere.git?rev=57b4893db6909d5ed9c4ccae30216f0d8164201a#57b4893d) (*)
│   │   ├── hmac v0.13.0 (*)
│   │   ├── insigne v0.0.1 (https://github.com/merely-made/mere.git?rev=57b4893db6909d5ed9c4ccae30216f0d8164201a#57b4893d) (*)
│   │   ├── notochord v0.1.0 (https://github.com/merely-made/mere.git?rev=57b4893db6909d5ed9c4ccae30216f0d8164201a#57b4893d) (*)
│   │   ├── pandect v0.1.1 (https://github.com/merely-made/mere.git?rev=57b4893db6909d5ed9c4ccae30216f0d8164201a#57b4893d) (*)
│   │   ├── personae v0.2.1 (https://github.com/merely-made/mere.git?rev=57b4893db6909d5ed9c4ccae30216f0d8164201a#57b4893d) (*)
│   │   ├── rand_core v0.6.4 (*)
│   │   ├── serde v1.0.229 (*)
│   │   ├── serde_json v1.0.151 (*)
│   │   ├── sha1 v0.11.0
│   │   │   ├── cfg-if v1.0.5
│   │   │   ├── cpufeatures v0.3.1
│   │   │   └── digest v0.11.3 (*)
│   │   ├── sha2 v0.11.0 (*)
│   │   ├── ssh-agent-lib v0.6.0 (*)
│   │   ├── ssh-key v0.6.7 (*)
│   │   ├── thiserror v1.0.69 (*)
│   │   ├── tokio v1.53.1 (*)
│   │   ├── tracing v0.1.44 (*)
│   │   ├── uuid v1.27.0 (*)
│   │   └── zeroize v1.9.0 (*)
│   ├── chirograph v0.0.2 (https://github.com/merely-made/mere.git?rev=57b4893db6909d5ed9c4ccae30216f0d8164201a#57b4893d) (*)
│   ├── getrandom v0.3.4 (*)
│   ├── graphshell-client v0.0.2 (https://github.com/merely-made/mere.git?rev=57b4893db6909d5ed9c4ccae30216f0d8164201a#57b4893d)
│   │   ├── accesskit v0.24.1 (*)
│   │   ├── chirograph v0.0.2 (https://github.com/merely-made/mere.git?rev=57b4893db6909d5ed9c4ccae30216f0d8164201a#57b4893d) (*)
│   │   ├── sceno v0.0.4 (https://github.com/merely-made/mere.git?rev=57b4893db6909d5ed9c4ccae30216f0d8164201a#57b4893d) (*)
│   │   ├── scenotime v0.0.4 (https://github.com/merely-made/mere.git?rev=57b4893db6909d5ed9c4ccae30216f0d8164201a#57b4893d) (*)
│   │   ├── serde v1.0.229 (*)
│   │   ├── serde_json v1.0.151 (*)
│   │   └── uxtree v0.0.2 (https://github.com/merely-made/mere.git?rev=57b4893db6909d5ed9c4ccae30216f0d8164201a#57b4893d)
│   │       ├── accesskit v0.24.1 (*)
│   │       ├── inker v0.1.1 (https://github.com/merely-made/mere.git?rev=57b4893db6909d5ed9c4ccae30216f0d8164201a#57b4893d) (*)
│   │       └── tracing v0.1.44 (*)
│   ├── graphshell-endpoint v0.0.2 (https://github.com/merely-made/mere.git?rev=57b4893db6909d5ed9c4ccae30216f0d8164201a#57b4893d) (*)
│   ├── insigne v0.0.1 (https://github.com/merely-made/mere.git?rev=57b4893db6909d5ed9c4ccae30216f0d8164201a#57b4893d) (*)
│   ├── light-file-dialog v3.21.3
│   │   └── windows-sys v0.61.2 (*)
│   ├── mere-transport v0.0.2 (https://github.com/merely-made/mere.git?rev=57b4893db6909d5ed9c4ccae30216f0d8164201a#57b4893d) (*)
│   ├── mere-webrtc-carrier v0.0.1 (https://github.com/merely-made/mere.git?rev=57b4893db6909d5ed9c4ccae30216f0d8164201a#57b4893d)
│   │   ├── blake3 v1.8.7 (*)
│   │   ├── luggage v0.1.0 (https://github.com/merely-made/mere.git?rev=57b4893db6909d5ed9c4ccae30216f0d8164201a#57b4893d)
│   │   │   ├── semver v1.0.28
│   │   │   │   └── serde_core v1.0.229
│   │   │   ├── serde v1.0.229 (*)
│   │   │   ├── serde_json v1.0.151 (*)
│   │   │   ├── thiserror v1.0.69 (*)
│   │   │   ├── time v0.3.55 (*)
│   │   │   └── url v2.5.8 (*)
│   │   └── thiserror v1.0.69 (*)
│   ├── notochord v0.1.0 (https://github.com/merely-made/mere.git?rev=57b4893db6909d5ed9c4ccae30216f0d8164201a#57b4893d) (*)
│   ├── pandect v0.1.1 (https://github.com/merely-made/mere.git?rev=57b4893db6909d5ed9c4ccae30216f0d8164201a#57b4893d) (*)
│   ├── personae v0.2.1 (https://github.com/merely-made/mere.git?rev=57b4893db6909d5ed9c4ccae30216f0d8164201a#57b4893d) (*)
│   ├── rand_core v0.6.4 (*)
│   ├── sceno v0.0.4 (https://github.com/merely-made/mere.git?rev=57b4893db6909d5ed9c4ccae30216f0d8164201a#57b4893d) (*)
│   ├── scenograph v0.0.4 (https://github.com/merely-made/mere.git?rev=57b4893db6909d5ed9c4ccae30216f0d8164201a#57b4893d) (*)
│   ├── scenomise v0.0.4 (https://github.com/merely-made/mere.git?rev=57b4893db6909d5ed9c4ccae30216f0d8164201a#57b4893d) (*)
│   ├── scenotime v0.0.4 (https://github.com/merely-made/mere.git?rev=57b4893db6909d5ed9c4ccae30216f0d8164201a#57b4893d) (*)
│   ├── serde v1.0.229 (*)
│   ├── serde_json v1.0.151 (*)
│   ├── signature v2.2.0 (*)
│   ├── ssh-agent-lib v0.6.0 (*)
│   ├── ssh-key v0.6.7 (*)
│   ├── thiserror v1.0.69 (*)
│   ├── tokio v1.53.1 (*)
│   ├── tracing v0.1.44 (*)
│   ├── tracing-subscriber v0.3.23 (*)
│   ├── uuid v1.27.0 (*)
│   ├── windows-sys v0.59.0 (*)
│   ├── workbench v0.1.0 (https://github.com/merely-made/mere.git?rev=57b4893db6909d5ed9c4ccae30216f0d8164201a#57b4893d)
│   └── zeroize v1.9.0 (*)
├── graphshell-client v0.0.2 (https://github.com/merely-made/mere.git?rev=57b4893db6909d5ed9c4ccae30216f0d8164201a#57b4893d) (*)
├── graphshell-endpoint v0.0.2 (https://github.com/merely-made/mere.git?rev=57b4893db6909d5ed9c4ccae30216f0d8164201a#57b4893d) (*)
├── image v0.25.10 (*)
├── import v0.0.1 (https://github.com/merely-made/mere.git?rev=57b4893db6909d5ed9c4ccae30216f0d8164201a#57b4893d)
│   ├── eidetic v0.0.2 (https://github.com/merely-made/mere.git?rev=57b4893db6909d5ed9c4ccae30216f0d8164201a#57b4893d) (*)
│   ├── fleece v0.5.0 (https://github.com/merely-made/genet.git?rev=965b64e206a47d1c8808472de9aa461233638768#965b64e2) (*)
│   ├── genet-static-dom v0.1.1 (https://github.com/merely-made/genet.git?rev=965b64e206a47d1c8808472de9aa461233638768#965b64e2) (*)
│   ├── image v0.25.10 (*)
│   ├── inker v0.1.1 (https://github.com/merely-made/mere.git?rev=57b4893db6909d5ed9c4ccae30216f0d8164201a#57b4893d) (*)
│   ├── mere-forme v0.1.0 (https://github.com/merely-made/mere.git?rev=57b4893db6909d5ed9c4ccae30216f0d8164201a#57b4893d) (*)
│   ├── mere-kernel v0.0.2 (https://github.com/merely-made/mere.git?rev=57b4893db6909d5ed9c4ccae30216f0d8164201a#57b4893d) (*)
│   ├── nematic v0.1.1 (https://github.com/merely-made/mere.git?rev=57b4893db6909d5ed9c4ccae30216f0d8164201a#57b4893d)
│   │   ├── errand v0.4.0 (https://github.com/merely-made/mere.git?rev=57b4893db6909d5ed9c4ccae30216f0d8164201a#57b4893d) (*)
│   │   ├── genet-static-dom v0.1.1 (https://github.com/merely-made/genet.git?rev=965b64e206a47d1c8808472de9aa461233638768#965b64e2) (*)
│   │   ├── inker v0.1.1 (https://github.com/merely-made/mere.git?rev=57b4893db6909d5ed9c4ccae30216f0d8164201a#57b4893d) (*)
│   │   ├── jotdown v0.10.0
│   │   ├── pulldown-cmark v0.13.4
│   │   │   ├── bitflags v2.13.2 (*)
│   │   │   ├── memchr v2.8.3
│   │   │   └── unicase v2.9.0
│   │   ├── serde v1.0.229 (*)
│   │   ├── serde_json v1.0.151 (*)
│   │   ├── tracing v0.1.44 (*)
│   │   └── url v2.5.8 (*)
│   ├── serde v1.0.229 (*)
│   ├── serde_json v1.0.151 (*)
│   └── url v2.5.8 (*)
├── incipit v0.2.0 (https://github.com/merely-made/mere.git?rev=57b4893db6909d5ed9c4ccae30216f0d8164201a#57b4893d) (*)
├── inker v0.1.1 (https://github.com/merely-made/mere.git?rev=57b4893db6909d5ed9c4ccae30216f0d8164201a#57b4893d) (*)
├── insigne v0.0.1 (https://github.com/merely-made/mere.git?rev=57b4893db6909d5ed9c4ccae30216f0d8164201a#57b4893d) (*)
├── jiff v0.2.37
│   ├── jiff-core v0.1.1
│   ├── jiff-tzdb-platform v0.1.3
│   │   └── jiff-tzdb v0.1.8
│   └── windows-link v0.2.1
├── knot-document v0.0.1 (https://github.com/merely-made/knot-editor.git?rev=0096591a0af98bf4777d8bfe718c0423dea9fc90#0096591a)
│   ├── cambium v0.3.3 (https://github.com/merely-made/mere.git?rev=57b4893db6909d5ed9c4ccae30216f0d8164201a#57b4893d) (*)
│   ├── illume v0.0.2 (https://github.com/merely-made/mere.git?rev=57b4893db6909d5ed9c4ccae30216f0d8164201a#57b4893d)
│   │   ├── jotdown v0.10.0
│   │   └── logos v0.16.1
│   │       └── logos-derive v0.16.1 (proc-macro)
│   │           └── logos-codegen v0.16.1
│   │               ├── fnv v1.0.7
│   │               ├── proc-macro2 v1.0.107 (*)
│   │               ├── quote v1.0.47 (*)
│   │               ├── regex-automata v0.4.18
│   │               │   ├── aho-corasick v1.1.5 (*)
│   │               │   ├── memchr v2.8.3
│   │               │   └── regex-syntax v0.8.11
│   │               ├── regex-syntax v0.8.11
│   │               └── syn v2.0.119 (*)
│   ├── inker v0.1.1 (https://github.com/merely-made/mere.git?rev=57b4893db6909d5ed9c4ccae30216f0d8164201a#57b4893d) (*)
│   ├── knot-editor-host v0.1.1 (https://github.com/merely-made/mere.git?rev=57b4893db6909d5ed9c4ccae30216f0d8164201a#57b4893d)
│   │   ├── cambium v0.3.3 (https://github.com/merely-made/mere.git?rev=57b4893db6909d5ed9c4ccae30216f0d8164201a#57b4893d) (*)
│   │   ├── illume v0.0.2 (https://github.com/merely-made/mere.git?rev=57b4893db6909d5ed9c4ccae30216f0d8164201a#57b4893d) (*)
│   │   ├── inker v0.1.1 (https://github.com/merely-made/mere.git?rev=57b4893db6909d5ed9c4ccae30216f0d8164201a#57b4893d) (*)
│   │   ├── nematic v0.1.1 (https://github.com/merely-made/mere.git?rev=57b4893db6909d5ed9c4ccae30216f0d8164201a#57b4893d) (*)
│   │   └── pulldown-cmark v0.13.4 (*)
│   ├── mere-surface-api v0.1.0 (https://github.com/merely-made/mere.git?rev=57b4893db6909d5ed9c4ccae30216f0d8164201a#57b4893d) (*)
│   ├── nematic v0.1.1 (https://github.com/merely-made/mere.git?rev=57b4893db6909d5ed9c4ccae30216f0d8164201a#57b4893d) (*)
│   ├── same-file v1.0.6
│   │   └── winapi-util v0.1.11
│   │       └── windows-sys v0.61.2 (*)
│   ├── serde_json v1.0.151 (*)
│   └── windows-sys v0.59.0 (*)
├── knot-editor v0.0.3 (https://github.com/merely-made/knot-editor.git?rev=0096591a0af98bf4777d8bfe718c0423dea9fc90#0096591a)
│   ├── base64 v0.22.1
│   ├── blake3 v1.8.7 (*)
│   ├── chartulary v0.2.2 (https://github.com/merely-made/mere.git?rev=57b4893db6909d5ed9c4ccae30216f0d8164201a#57b4893d) (*)
│   ├── chirograph v0.0.2 (https://github.com/merely-made/mere.git?rev=57b4893db6909d5ed9c4ccae30216f0d8164201a#57b4893d) (*)
│   ├── eidetic v0.0.2 (https://github.com/merely-made/mere.git?rev=57b4893db6909d5ed9c4ccae30216f0d8164201a#57b4893d) (*)
│   ├── esp v0.1.0 (https://github.com/merely-made/mere.git?rev=57b4893db6909d5ed9c4ccae30216f0d8164201a#57b4893d) (*)
│   ├── fleece v0.5.0 (https://github.com/merely-made/genet.git?rev=965b64e206a47d1c8808472de9aa461233638768#965b64e2) (*)
│   ├── graphshell-endpoint v0.0.2 (https://github.com/merely-made/mere.git?rev=57b4893db6909d5ed9c4ccae30216f0d8164201a#57b4893d) (*)
│   ├── inker v0.1.1 (https://github.com/merely-made/mere.git?rev=57b4893db6909d5ed9c4ccae30216f0d8164201a#57b4893d) (*)
│   ├── insigne v0.0.1 (https://github.com/merely-made/mere.git?rev=57b4893db6909d5ed9c4ccae30216f0d8164201a#57b4893d) (*)
│   ├── jotdown v0.10.0
│   ├── knot-capture v0.0.1 (https://github.com/merely-made/knot-editor.git?rev=0096591a0af98bf4777d8bfe718c0423dea9fc90#0096591a)
│   │   └── knot-file-catalog v0.0.1 (https://github.com/merely-made/knot-editor.git?rev=0096591a0af98bf4777d8bfe718c0423dea9fc90#0096591a)
│   │       ├── muniment v0.1.2 (https://github.com/merely-made/mere.git?rev=57b4893db6909d5ed9c4ccae30216f0d8164201a#57b4893d) (*)
│   │       ├── pollster v0.4.0
│   │       ├── serde v1.0.229 (*)
│   │       ├── serde_json v1.0.151 (*)
│   │       ├── uuid v1.27.0 (*)
│   │       └── zeroize v1.9.0 (*)
│   ├── knot-composition v0.0.1 (https://github.com/merely-made/knot-editor.git?rev=0096591a0af98bf4777d8bfe718c0423dea9fc90#0096591a)
│   │   ├── blake3 v1.8.7 (*)
│   │   ├── knot-capture v0.0.1 (https://github.com/merely-made/knot-editor.git?rev=0096591a0af98bf4777d8bfe718c0423dea9fc90#0096591a) (*)
│   │   ├── quick-xml v0.39.4 (*)
│   │   ├── reference-data v0.0.1 (https://github.com/merely-made/mere.git?rev=57b4893db6909d5ed9c4ccae30216f0d8164201a#57b4893d)
│   │   │   ├── blake3 v1.8.7 (*)
│   │   │   ├── serde v1.0.229 (*)
│   │   │   └── serde_json v1.0.151 (*)
│   │   ├── sceno v0.0.4 (https://github.com/merely-made/mere.git?rev=57b4893db6909d5ed9c4ccae30216f0d8164201a#57b4893d) (*)
│   │   ├── scenograph v0.0.4 (https://github.com/merely-made/mere.git?rev=57b4893db6909d5ed9c4ccae30216f0d8164201a#57b4893d) (*)
│   │   ├── scenomise v0.0.4 (https://github.com/merely-made/mere.git?rev=57b4893db6909d5ed9c4ccae30216f0d8164201a#57b4893d) (*)
│   │   ├── serde v1.0.229 (*)
│   │   ├── serde_json v1.0.151 (*)
│   │   ├── tempfile v3.27.0 (*)
│   │   └── uuid v1.27.0 (*)
│   ├── knot-document v0.0.1 (https://github.com/merely-made/knot-editor.git?rev=0096591a0af98bf4777d8bfe718c0423dea9fc90#0096591a) (*)
│   ├── knot-file-catalog v0.0.1 (https://github.com/merely-made/knot-editor.git?rev=0096591a0af98bf4777d8bfe718c0423dea9fc90#0096591a) (*)
│   ├── mere-fetch v0.0.1 (https://github.com/merely-made/mere.git?rev=57b4893db6909d5ed9c4ccae30216f0d8164201a#57b4893d)
│   │   ├── armillary v0.1.1 (https://github.com/merely-made/mere.git?rev=57b4893db6909d5ed9c4ccae30216f0d8164201a#57b4893d) (*)
│   │   ├── eidetic v0.0.2 (https://github.com/merely-made/mere.git?rev=57b4893db6909d5ed9c4ccae30216f0d8164201a#57b4893d) (*)
│   │   ├── errand v0.4.0 (https://github.com/merely-made/mere.git?rev=57b4893db6909d5ed9c4ccae30216f0d8164201a#57b4893d) (*)
│   │   ├── genet-host-api v0.2.0 (https://github.com/merely-made/genet.git?rev=965b64e206a47d1c8808472de9aa461233638768#965b64e2)
│   │   ├── inker v0.1.1 (https://github.com/merely-made/mere.git?rev=57b4893db6909d5ed9c4ccae30216f0d8164201a#57b4893d) (*)
│   │   ├── netfetcher v0.1.1 (https://github.com/merely-made/genet.git?rev=965b64e206a47d1c8808472de9aa461233638768#965b64e2)
│   │   │   ├── async-compression v0.4.48
│   │   │   │   ├── compression-codecs v0.4.43
│   │   │   │   │   ├── brotli v8.0.4
│   │   │   │   │   │   ├── alloc-no-stdlib v2.0.4
│   │   │   │   │   │   ├── alloc-stdlib v0.2.4 (*)
│   │   │   │   │   │   └── brotli-decompressor v5.0.3 (*)
│   │   │   │   │   ├── compression-core v0.4.33
│   │   │   │   │   ├── flate2 v1.1.10 (*)
│   │   │   │   │   ├── memchr v2.8.3
│   │   │   │   │   ├── zstd v0.14.0
│   │   │   │   │   │   └── zstd-safe v8.0.0
│   │   │   │   │   │       └── zstd-sys v2.1.0+zstd.1.5.7
│   │   │   │   │   │           [build-dependencies]
│   │   │   │   │   │           ├── cc v1.6.0 (*)
│   │   │   │   │   │           └── pkg-config v0.3.34
│   │   │   │   │   └── zstd-safe v8.0.0 (*)
│   │   │   │   ├── compression-core v0.4.33
│   │   │   │   ├── pin-project-lite v0.2.17
│   │   │   │   └── tokio v1.53.1 (*)
│   │   │   ├── base64 v0.22.1
│   │   │   ├── bytes v1.12.1 (*)
│   │   │   ├── cookie v0.18.2
│   │   │   │   └── time v0.3.55 (*)
│   │   │   │   [build-dependencies]
│   │   │   │   └── version_check v0.9.5
│   │   │   ├── futures-util v0.3.34 (*)
│   │   │   ├── h3 v0.0.8
│   │   │   │   ├── bytes v1.12.1 (*)
│   │   │   │   ├── fastrand v2.5.0
│   │   │   │   ├── futures-util v0.3.34 (*)
│   │   │   │   ├── http v1.5.0 (*)
│   │   │   │   ├── pin-project-lite v0.2.17
│   │   │   │   └── tokio v1.53.1 (*)
│   │   │   ├── h3-quinn v0.0.10
│   │   │   │   ├── bytes v1.12.1 (*)
│   │   │   │   ├── futures v0.3.34 (*)
│   │   │   │   ├── h3 v0.0.8 (*)
│   │   │   │   ├── quinn v0.11.12
│   │   │   │   │   ├── bytes v1.12.1 (*)
│   │   │   │   │   ├── futures-io v0.3.34
│   │   │   │   │   ├── pin-project-lite v0.2.17
│   │   │   │   │   ├── quinn-proto v0.11.18
│   │   │   │   │   │   ├── bytes v1.12.1 (*)
│   │   │   │   │   │   ├── fastbloom v0.17.0 (*)
│   │   │   │   │   │   ├── lru-slab v0.1.3
│   │   │   │   │   │   ├── rand v0.10.3 (*)
│   │   │   │   │   │   ├── rand_pcg v0.10.2 (*)
│   │   │   │   │   │   ├── ring v0.17.14 (*)
│   │   │   │   │   │   ├── rustc-hash v2.1.3
│   │   │   │   │   │   ├── rustls v0.23.45 (*)
│   │   │   │   │   │   ├── rustls-platform-verifier v0.7.0 (*)
│   │   │   │   │   │   ├── slab v0.4.12
│   │   │   │   │   │   ├── thiserror v2.0.20 (*)
│   │   │   │   │   │   ├── tinyvec v1.13.3
│   │   │   │   │   │   └── tracing v0.1.44 (*)
│   │   │   │   │   ├── quinn-udp v0.5.15
│   │   │   │   │   │   ├── libc v0.2.189
│   │   │   │   │   │   ├── once_cell v1.21.4 (*)
│   │   │   │   │   │   ├── socket2 v0.6.5 (*)
│   │   │   │   │   │   ├── tracing v0.1.44 (*)
│   │   │   │   │   │   └── windows-sys v0.61.2 (*)
│   │   │   │   │   │   [build-dependencies]
│   │   │   │   │   │   └── cfg_aliases v0.2.2
│   │   │   │   │   ├── rustc-hash v2.1.3
│   │   │   │   │   ├── rustls v0.23.45 (*)
│   │   │   │   │   ├── socket2 v0.6.5 (*)
│   │   │   │   │   ├── thiserror v2.0.20 (*)
│   │   │   │   │   ├── tokio v1.53.1 (*)
│   │   │   │   │   └── tracing v0.1.44 (*)
│   │   │   │   │   [build-dependencies]
│   │   │   │   │   └── cfg_aliases v0.2.2
│   │   │   │   ├── tokio v1.53.1 (*)
│   │   │   │   └── tokio-util v0.7.19 (*)
│   │   │   ├── http v1.5.0 (*)
│   │   │   ├── http-body-util v0.1.5 (*)
│   │   │   ├── httpdate v1.0.3
│   │   │   ├── hyper v1.11.1 (*)
│   │   │   ├── hyper-rustls v0.27.9 (*)
│   │   │   ├── hyper-util v0.1.20 (*)
│   │   │   ├── psl v2.1.234
│   │   │   │   └── psl-types v2.0.11
│   │   │   ├── quinn v0.11.12 (*)
│   │   │   ├── ring v0.17.14 (*)
│   │   │   ├── rustls v0.23.45 (*)
│   │   │   ├── time v0.3.55 (*)
│   │   │   ├── tokio v1.53.1 (*)
│   │   │   ├── tokio-tungstenite v0.29.0
│   │   │   │   ├── futures-util v0.3.34 (*)
│   │   │   │   ├── log v0.4.34
│   │   │   │   ├── rustls v0.23.45 (*)
│   │   │   │   ├── rustls-pki-types v1.15.1 (*)
│   │   │   │   ├── tokio v1.53.1 (*)
│   │   │   │   ├── tokio-rustls v0.26.5 (*)
│   │   │   │   ├── tungstenite v0.29.0
│   │   │   │   │   ├── bytes v1.12.1 (*)
│   │   │   │   │   ├── data-encoding v2.11.1
│   │   │   │   │   ├── http v1.5.0 (*)
│   │   │   │   │   ├── httparse v1.10.1
│   │   │   │   │   ├── log v0.4.34
│   │   │   │   │   ├── rand v0.9.5
│   │   │   │   │   │   ├── rand_chacha v0.9.0 (*)
│   │   │   │   │   │   └── rand_core v0.9.5 (*)
│   │   │   │   │   ├── rustls v0.23.45 (*)
│   │   │   │   │   ├── rustls-pki-types v1.15.1 (*)
│   │   │   │   │   ├── sha1 v0.10.7
│   │   │   │   │   │   ├── cfg-if v1.0.5
│   │   │   │   │   │   ├── cpufeatures v0.2.17
│   │   │   │   │   │   └── digest v0.10.7 (*)
│   │   │   │   │   └── thiserror v2.0.20 (*)
│   │   │   │   └── webpki-roots v0.26.11
│   │   │   │       └── webpki-roots v1.0.9 (*)
│   │   │   ├── tokio-util v0.7.19 (*)
│   │   │   ├── tracing v0.1.44 (*)
│   │   │   ├── url v2.5.8 (*)
│   │   │   └── webpki-roots v1.0.9 (*)
│   │   ├── pandect v0.1.1 (https://github.com/merely-made/mere.git?rev=57b4893db6909d5ed9c4ccae30216f0d8164201a#57b4893d) (*)
│   │   ├── pollster v0.4.0
│   │   ├── rustls-pki-types v1.15.1 (*)
│   │   ├── serde v1.0.229 (*)
│   │   ├── serde_json v1.0.151 (*)
│   │   ├── tokio v1.53.1 (*)
│   │   ├── tracing v0.1.44 (*)
│   │   ├── url v2.5.8 (*)
│   │   └── zeroize v1.9.0 (*)
│   ├── mere-p2panda-net v0.7.5 (https://github.com/mark-ik/p2panda.git?tag=mere-p2panda-net-0.7.5#1bec457e) (*)
│   ├── mere-proofs v0.1.0 (https://github.com/merely-made/mere.git?rev=57b4893db6909d5ed9c4ccae30216f0d8164201a#57b4893d) (*)
│   ├── mere-transport v0.0.2 (https://github.com/merely-made/mere.git?rev=57b4893db6909d5ed9c4ccae30216f0d8164201a#57b4893d) (*)
│   ├── mora v0.1.0
│   ├── mora-cmudict v0.0.1 (https://github.com/merely-made/mere.git?rev=57b4893db6909d5ed9c4ccae30216f0d8164201a#57b4893d)
│   │   └── mora v0.1.0
│   ├── muniment v0.1.2 (https://github.com/merely-made/mere.git?rev=57b4893db6909d5ed9c4ccae30216f0d8164201a#57b4893d) (*)
│   ├── nematic v0.1.1 (https://github.com/merely-made/mere.git?rev=57b4893db6909d5ed9c4ccae30216f0d8164201a#57b4893d) (*)
│   ├── notify v8.2.0
│   │   ├── libc v0.2.189
│   │   ├── log v0.4.34
│   │   ├── notify-types v2.1.0
│   │   │   └── bitflags v2.13.2 (*)
│   │   ├── walkdir v2.5.0
│   │   │   ├── same-file v1.0.6 (*)
│   │   │   └── winapi-util v0.1.11 (*)
│   │   └── windows-sys v0.60.2
│   │       └── windows-targets v0.53.5
│   │           └── windows_x86_64_msvc v0.53.1
│   ├── notochord v0.1.0 (https://github.com/merely-made/mere.git?rev=57b4893db6909d5ed9c4ccae30216f0d8164201a#57b4893d) (*)
│   ├── p2panda-core v0.7.1 (https://github.com/mark-ik/p2panda.git?tag=mere-p2panda-net-0.7.5#1bec457e) (*)
│   ├── p2panda-store v0.7.1 (https://github.com/mark-ik/p2panda.git?tag=mere-p2panda-net-0.7.5#1bec457e) (*)
│   ├── pandect v0.1.1 (https://github.com/merely-made/mere.git?rev=57b4893db6909d5ed9c4ccae30216f0d8164201a#57b4893d) (*)
│   ├── personae v0.2.1 (https://github.com/merely-made/mere.git?rev=57b4893db6909d5ed9c4ccae30216f0d8164201a#57b4893d) (*)
│   ├── pollster v0.4.0
│   ├── postcard v1.1.3 (*)
│   ├── quinn v0.11.12 (*)
│   ├── rustls v0.23.45 (*)
│   ├── sceno v0.0.4 (https://github.com/merely-made/mere.git?rev=57b4893db6909d5ed9c4ccae30216f0d8164201a#57b4893d) (*)
│   ├── scenotime v0.0.4 (https://github.com/merely-made/mere.git?rev=57b4893db6909d5ed9c4ccae30216f0d8164201a#57b4893d) (*)
│   ├── script-rhai v0.0.1 (https://github.com/merely-made/mere.git?rev=57b4893db6909d5ed9c4ccae30216f0d8164201a#57b4893d)
│   │   ├── inker v0.1.1 (https://github.com/merely-made/mere.git?rev=57b4893db6909d5ed9c4ccae30216f0d8164201a#57b4893d) (*)
│   │   └── rhai v1.26.1
│   │       ├── ahash v0.8.12 (*)
│   │       ├── bitflags v2.13.2 (*)
│   │       ├── num-traits v0.2.19 (*)
│   │       ├── once_cell v1.21.4 (*)
│   │       ├── rhai_codegen v3.2.0 (proc-macro)
│   │       │   ├── proc-macro2 v1.0.107 (*)
│   │       │   ├── quote v1.0.47 (*)
│   │       │   └── syn v2.0.119 (*)
│   │       ├── smallvec v1.16.1 (*)
│   │       ├── smartstring v1.0.1
│   │       │   └── static_assertions v1.1.0
│   │       │   [build-dependencies]
│   │       │   ├── autocfg v1.5.1
│   │       │   └── version_check v0.9.5
│   │       └── thin-vec v0.2.20
│   ├── serde v1.0.229 (*)
│   ├── serde_json v1.0.151 (*)
│   ├── servitor v0.0.2 (https://github.com/merely-made/mere.git?rev=57b4893db6909d5ed9c4ccae30216f0d8164201a#57b4893d) (*)
│   ├── sha2 v0.11.0 (*)
│   ├── similar v2.7.0
│   ├── stickleback v0.1.1 (https://github.com/merely-made/mere.git?rev=57b4893db6909d5ed9c4ccae30216f0d8164201a#57b4893d) (*)
│   ├── thiserror v1.0.69 (*)
│   ├── tokio v1.53.1 (*)
│   ├── tracing v0.1.44 (*)
│   ├── tracing-subscriber v0.3.23 (*)
│   ├── url v2.5.8 (*)
│   ├── uuid v1.27.0 (*)
│   ├── windows-sys v0.59.0 (*)
│   └── zeroize v1.9.0 (*)
├── knot-editor-host v0.1.1 (https://github.com/merely-made/mere.git?rev=57b4893db6909d5ed9c4ccae30216f0d8164201a#57b4893d) (*)
├── layout-dom-api v0.1.1 (https://github.com/merely-made/genet.git?rev=965b64e206a47d1c8808472de9aa461233638768#965b64e2) (*)
├── mere v0.0.2 (https://github.com/merely-made/mere.git?rev=57b4893db6909d5ed9c4ccae30216f0d8164201a#57b4893d)
│   ├── accesskit v0.24.1 (*)
│   ├── inker v0.1.1 (https://github.com/merely-made/mere.git?rev=57b4893db6909d5ed9c4ccae30216f0d8164201a#57b4893d) (*)
│   ├── mere-apparatus v0.0.1 (https://github.com/merely-made/mere.git?rev=57b4893db6909d5ed9c4ccae30216f0d8164201a#57b4893d)
│   │   ├── accesskit v0.24.1 (*)
│   │   ├── serde v1.0.229 (*)
│   │   ├── tracing v0.1.44 (*)
│   │   └── uxtree v0.0.2 (https://github.com/merely-made/mere.git?rev=57b4893db6909d5ed9c4ccae30216f0d8164201a#57b4893d) (*)
│   ├── mere-forme v0.1.0 (https://github.com/merely-made/mere.git?rev=57b4893db6909d5ed9c4ccae30216f0d8164201a#57b4893d) (*)
│   ├── mere-kernel v0.0.2 (https://github.com/merely-made/mere.git?rev=57b4893db6909d5ed9c4ccae30216f0d8164201a#57b4893d) (*)
│   ├── mere-linked-data v0.0.1 (https://github.com/merely-made/mere.git?rev=57b4893db6909d5ed9c4ccae30216f0d8164201a#57b4893d)
│   │   ├── inker v0.1.1 (https://github.com/merely-made/mere.git?rev=57b4893db6909d5ed9c4ccae30216f0d8164201a#57b4893d) (*)
│   │   ├── mere-kernel v0.0.2 (https://github.com/merely-made/mere.git?rev=57b4893db6909d5ed9c4ccae30216f0d8164201a#57b4893d) (*)
│   │   ├── oxjsonld v0.2.6
│   │   │   ├── json-event-parser v0.2.3
│   │   │   ├── oxiri v0.2.11
│   │   │   ├── oxrdf v0.3.4
│   │   │   │   ├── oxilangtag v0.1.6
│   │   │   │   ├── oxiri v0.2.11
│   │   │   │   ├── rand v0.9.5 (*)
│   │   │   │   └── thiserror v2.0.20 (*)
│   │   │   ├── ryu-js v1.0.3
│   │   │   └── thiserror v2.0.20 (*)
│   │   ├── oxrdf v0.3.4 (*)
│   │   ├── oxttl v0.2.4
│   │   │   ├── memchr v2.8.3
│   │   │   ├── oxilangtag v0.1.6
│   │   │   ├── oxiri v0.2.11
│   │   │   ├── oxrdf v0.3.4 (*)
│   │   │   └── thiserror v2.0.20 (*)
│   │   ├── serde_json v1.0.151 (*)
│   │   └── time v0.3.55 (*)
│   ├── netrender v0.1.2 (https://github.com/merely-made/netrender.git?rev=9607d16f1907f6c2085648ae96abcaa30d7c3d41#9607d16f) (*)
│   ├── pictograph v0.2.0 (https://github.com/merely-made/mere.git?rev=57b4893db6909d5ed9c4ccae30216f0d8164201a#57b4893d)
│   │   ├── armillary v0.1.1 (https://github.com/merely-made/mere.git?rev=57b4893db6909d5ed9c4ccae30216f0d8164201a#57b4893d) (*)
│   │   ├── chartulary v0.2.2 (https://github.com/merely-made/mere.git?rev=57b4893db6909d5ed9c4ccae30216f0d8164201a#57b4893d) (*)
│   │   ├── chirograph v0.0.2 (https://github.com/merely-made/mere.git?rev=57b4893db6909d5ed9c4ccae30216f0d8164201a#57b4893d) (*)
│   │   ├── emblem v0.2.0
│   │   ├── esp v0.1.0 (https://github.com/merely-made/mere.git?rev=57b4893db6909d5ed9c4ccae30216f0d8164201a#57b4893d) (*)
│   │   ├── euclid v0.22.14 (*)
│   │   ├── genet-livery v0.0.4 (https://github.com/merely-made/genet.git?rev=965b64e206a47d1c8808472de9aa461233638768#965b64e2) (*)
│   │   ├── genet-scripted-dom v0.1.2 (https://github.com/merely-made/genet.git?rev=965b64e206a47d1c8808472de9aa461233638768#965b64e2) (*)
│   │   ├── layout-dom-api v0.1.1 (https://github.com/merely-made/genet.git?rev=965b64e206a47d1c8808472de9aa461233638768#965b64e2) (*)
│   │   ├── mere-cartography v0.0.2 (https://github.com/merely-made/mere.git?rev=57b4893db6909d5ed9c4ccae30216f0d8164201a#57b4893d)
│   │   │   ├── mere-kernel v0.0.2 (https://github.com/merely-made/mere.git?rev=57b4893db6909d5ed9c4ccae30216f0d8164201a#57b4893d) (*)
│   │   │   ├── sceno v0.0.4 (https://github.com/merely-made/mere.git?rev=57b4893db6909d5ed9c4ccae30216f0d8164201a#57b4893d) (*)
│   │   │   ├── scenomise v0.0.4 (https://github.com/merely-made/mere.git?rev=57b4893db6909d5ed9c4ccae30216f0d8164201a#57b4893d) (*)
│   │   │   └── serde v1.0.229 (*)
│   │   ├── mere-forme v0.1.0 (https://github.com/merely-made/mere.git?rev=57b4893db6909d5ed9c4ccae30216f0d8164201a#57b4893d) (*)
│   │   ├── mere-kernel v0.0.2 (https://github.com/merely-made/mere.git?rev=57b4893db6909d5ed9c4ccae30216f0d8164201a#57b4893d) (*)
│   │   ├── netrender v0.1.2 (https://github.com/merely-made/netrender.git?rev=9607d16f1907f6c2085648ae96abcaa30d7c3d41#9607d16f) (*)
│   │   ├── numen v0.2.0 (https://github.com/merely-made/mere.git?rev=57b4893db6909d5ed9c4ccae30216f0d8164201a#57b4893d) (*)
│   │   ├── paint_list_api v0.1.2 (https://github.com/merely-made/netrender.git?rev=9607d16f1907f6c2085648ae96abcaa30d7c3d41#9607d16f) (*)
│   │   ├── paint_list_render v0.1.2 (https://github.com/merely-made/netrender.git?rev=9607d16f1907f6c2085648ae96abcaa30d7c3d41#9607d16f) (*)
│   │   ├── petgraph v0.8.3 (*)
│   │   ├── sceno v0.0.4 (https://github.com/merely-made/mere.git?rev=57b4893db6909d5ed9c4ccae30216f0d8164201a#57b4893d) (*)
│   │   ├── scenomise v0.0.4 (https://github.com/merely-made/mere.git?rev=57b4893db6909d5ed9c4ccae30216f0d8164201a#57b4893d) (*)
│   │   ├── seiche v0.0.6 (https://github.com/merely-made/mere.git?rev=57b4893db6909d5ed9c4ccae30216f0d8164201a#57b4893d)
│   │   │   ├── armillary v0.1.1 (https://github.com/merely-made/mere.git?rev=57b4893db6909d5ed9c4ccae30216f0d8164201a#57b4893d) (*)
│   │   │   ├── euclid v0.22.14 (*)
│   │   │   ├── numen v0.2.0 (https://github.com/merely-made/mere.git?rev=57b4893db6909d5ed9c4ccae30216f0d8164201a#57b4893d) (*)
│   │   │   ├── petgraph v0.8.3 (*)
│   │   │   ├── rapier2d v0.33.0
│   │   │   │   ├── approx v0.5.1
│   │   │   │   │   └── num-traits v0.2.19 (*)
│   │   │   │   ├── bitflags v2.13.2 (*)
│   │   │   │   ├── glamx v0.3.1
│   │   │   │   │   ├── approx v0.5.1 (*)
│   │   │   │   │   ├── glam v0.33.8
│   │   │   │   │   │   ├── approx v0.5.1 (*)
│   │   │   │   │   │   └── libm v0.2.16
│   │   │   │   │   ├── nalgebra v0.35.0
│   │   │   │   │   │   ├── approx v0.5.1 (*)
│   │   │   │   │   │   ├── glam v0.33.8 (*)
│   │   │   │   │   │   ├── matrixmultiply v0.3.11
│   │   │   │   │   │   │   └── rawpointer v0.2.1
│   │   │   │   │   │   │   [build-dependencies]
│   │   │   │   │   │   │   └── autocfg v1.5.1
│   │   │   │   │   │   ├── nalgebra-macros v0.3.0 (proc-macro)
│   │   │   │   │   │   │   ├── proc-macro2 v1.0.107 (*)
│   │   │   │   │   │   │   ├── quote v1.0.47 (*)
│   │   │   │   │   │   │   └── syn v2.0.119 (*)
│   │   │   │   │   │   ├── num-complex v0.4.6 (*)
│   │   │   │   │   │   ├── num-rational v0.4.2 (*)
│   │   │   │   │   │   ├── num-traits v0.2.19 (*)
│   │   │   │   │   │   ├── simba v0.10.2
│   │   │   │   │   │   │   ├── approx v0.5.1 (*)
│   │   │   │   │   │   │   ├── num-complex v0.4.6 (*)
│   │   │   │   │   │   │   ├── num-traits v0.2.19 (*)
│   │   │   │   │   │   │   └── wide v1.7.1
│   │   │   │   │   │   │       ├── bytemuck v1.25.2 (*)
│   │   │   │   │   │   │       └── safe_arch v1.2.0
│   │   │   │   │   │   │           └── bytemuck v1.25.2 (*)
│   │   │   │   │   │   └── typenum v1.20.1
│   │   │   │   │   ├── num-traits v0.2.19 (*)
│   │   │   │   │   └── simba v0.10.2 (*)
│   │   │   │   ├── log v0.4.34
│   │   │   │   ├── nalgebra v0.35.0 (*)
│   │   │   │   ├── num-traits v0.2.19 (*)
│   │   │   │   ├── parry2d v0.28.0
│   │   │   │   │   ├── approx v0.5.1 (*)
│   │   │   │   │   ├── arrayvec v0.7.8
│   │   │   │   │   ├── bitflags v2.13.2 (*)
│   │   │   │   │   ├── downcast-rs v2.0.2
│   │   │   │   │   ├── either v1.18.0
│   │   │   │   │   ├── ena v0.14.4
│   │   │   │   │   │   └── log v0.4.34
│   │   │   │   │   ├── foldhash v0.2.0
│   │   │   │   │   ├── glamx v0.3.1 (*)
│   │   │   │   │   ├── hashbrown v0.17.1 (*)
│   │   │   │   │   ├── log v0.4.34
│   │   │   │   │   ├── num-derive v0.4.2 (proc-macro) (*)
│   │   │   │   │   ├── num-traits v0.2.19 (*)
│   │   │   │   │   ├── ordered-float v5.5.0 (*)
│   │   │   │   │   ├── simba v0.10.2 (*)
│   │   │   │   │   ├── slab v0.4.12
│   │   │   │   │   ├── smallvec v1.16.1 (*)
│   │   │   │   │   └── thiserror v2.0.20 (*)
│   │   │   │   ├── profiling v1.0.18 (*)
│   │   │   │   ├── simba v0.10.2 (*)
│   │   │   │   ├── static_assertions v1.1.0
│   │   │   │   ├── thiserror v2.0.20 (*)
│   │   │   │   └── wide v1.7.1 (*)
│   │   │   └── tracing v0.1.44 (*)
│   │   ├── serde v1.0.229 (*)
│   │   ├── serde_json v1.0.151 (*)
│   │   ├── tinct v0.1.2 (https://github.com/merely-made/mere.git?rev=57b4893db6909d5ed9c4ccae30216f0d8164201a#57b4893d) (*)
│   │   ├── tracing v0.1.44 (*)
│   │   ├── tracing-subscriber v0.3.23 (*)
│   │   └── uuid v1.27.0 (*)
│   ├── platen v0.0.1 (https://github.com/merely-made/mere.git?rev=57b4893db6909d5ed9c4ccae30216f0d8164201a#57b4893d)
│   │   ├── accesskit v0.24.1 (*)
│   │   ├── document-canvas v0.1.0 (https://github.com/merely-made/mere.git?rev=57b4893db6909d5ed9c4ccae30216f0d8164201a#57b4893d)
│   │   │   ├── genet-parley v0.10.0 (https://github.com/merely-made/genet.git?rev=965b64e206a47d1c8808472de9aa461233638768#965b64e2) (*)
│   │   │   ├── inker v0.1.1 (https://github.com/merely-made/mere.git?rev=57b4893db6909d5ed9c4ccae30216f0d8164201a#57b4893d) (*)
│   │   │   ├── netrender v0.1.2 (https://github.com/merely-made/netrender.git?rev=9607d16f1907f6c2085648ae96abcaa30d7c3d41#9607d16f) (*)
│   │   │   ├── paint_list_api v0.1.2 (https://github.com/merely-made/netrender.git?rev=9607d16f1907f6c2085648ae96abcaa30d7c3d41#9607d16f) (*)
│   │   │   ├── paint_list_render v0.1.2 (https://github.com/merely-made/netrender.git?rev=9607d16f1907f6c2085648ae96abcaa30d7c3d41#9607d16f) (*)
│   │   │   └── serde v1.0.229 (*)
│   │   ├── inker v0.1.1 (https://github.com/merely-made/mere.git?rev=57b4893db6909d5ed9c4ccae30216f0d8164201a#57b4893d) (*)
│   │   ├── mere-forme v0.1.0 (https://github.com/merely-made/mere.git?rev=57b4893db6909d5ed9c4ccae30216f0d8164201a#57b4893d) (*)
│   │   ├── serde v1.0.229 (*)
│   │   ├── serde_json v1.0.151 (*)
│   │   ├── tracing v0.1.44 (*)
│   │   ├── uuid v1.27.0 (*)
│   │   ├── uxtree v0.0.2 (https://github.com/merely-made/mere.git?rev=57b4893db6909d5ed9c4ccae30216f0d8164201a#57b4893d) (*)
│   │   └── workbench v0.1.0 (https://github.com/merely-made/mere.git?rev=57b4893db6909d5ed9c4ccae30216f0d8164201a#57b4893d)
│   ├── serde v1.0.229 (*)
│   ├── serde_json v1.0.151 (*)
│   ├── tabard v0.0.1 (https://github.com/merely-made/mere.git?rev=57b4893db6909d5ed9c4ccae30216f0d8164201a#57b4893d) (*)
│   ├── tracing v0.1.44 (*)
│   ├── uuid v1.27.0 (*)
│   ├── uxtree v0.0.2 (https://github.com/merely-made/mere.git?rev=57b4893db6909d5ed9c4ccae30216f0d8164201a#57b4893d) (*)
│   └── workbench v0.1.0 (https://github.com/merely-made/mere.git?rev=57b4893db6909d5ed9c4ccae30216f0d8164201a#57b4893d)
├── mere-apparatus v0.0.1 (https://github.com/merely-made/mere.git?rev=57b4893db6909d5ed9c4ccae30216f0d8164201a#57b4893d) (*)
├── mere-athanor v0.0.1 (https://github.com/merely-made/mere.git?rev=57b4893db6909d5ed9c4ccae30216f0d8164201a#57b4893d)
│   ├── eidetic v0.0.2 (https://github.com/merely-made/mere.git?rev=57b4893db6909d5ed9c4ccae30216f0d8164201a#57b4893d) (*)
│   ├── mere-alembic v0.0.1 (https://github.com/merely-made/mere.git?rev=57b4893db6909d5ed9c4ccae30216f0d8164201a#57b4893d) (*)
│   ├── mere-kernel v0.0.2 (https://github.com/merely-made/mere.git?rev=57b4893db6909d5ed9c4ccae30216f0d8164201a#57b4893d) (*)
│   └── pandect v0.1.1 (https://github.com/merely-made/mere.git?rev=57b4893db6909d5ed9c4ccae30216f0d8164201a#57b4893d) (*)
├── mere-cartography v0.0.2 (https://github.com/merely-made/mere.git?rev=57b4893db6909d5ed9c4ccae30216f0d8164201a#57b4893d) (*)
├── mere-chrome v0.0.1 (https://github.com/merely-made/mere.git?rev=57b4893db6909d5ed9c4ccae30216f0d8164201a#57b4893d)
│   ├── mere-forme v0.1.0 (https://github.com/merely-made/mere.git?rev=57b4893db6909d5ed9c4ccae30216f0d8164201a#57b4893d) (*)
│   ├── mere-kernel v0.0.2 (https://github.com/merely-made/mere.git?rev=57b4893db6909d5ed9c4ccae30216f0d8164201a#57b4893d) (*)
│   ├── serde v1.0.229 (*)
│   └── url v2.5.8 (*)
├── mere-document-lanes v0.1.0 (https://github.com/merely-made/mere.git?rev=57b4893db6909d5ed9c4ccae30216f0d8164201a#57b4893d)
│   ├── bytes v1.12.1 (*)
│   ├── document-canvas v0.1.0 (https://github.com/merely-made/mere.git?rev=57b4893db6909d5ed9c4ccae30216f0d8164201a#57b4893d) (*)
│   ├── document-session-api v0.1.0 (https://github.com/merely-made/genet.git?rev=965b64e206a47d1c8808472de9aa461233638768#965b64e2) (*)
│   ├── eidetic v0.0.2 (https://github.com/merely-made/mere.git?rev=57b4893db6909d5ed9c4ccae30216f0d8164201a#57b4893d) (*)
│   ├── errand v0.4.0 (https://github.com/merely-made/mere.git?rev=57b4893db6909d5ed9c4ccae30216f0d8164201a#57b4893d) (*)
│   ├── fleece v0.5.0 (https://github.com/merely-made/genet.git?rev=965b64e206a47d1c8808472de9aa461233638768#965b64e2) (*)
│   ├── genet-host-api v0.2.0 (https://github.com/merely-made/genet.git?rev=965b64e206a47d1c8808472de9aa461233638768#965b64e2)
│   ├── genet-static-dom v0.1.1 (https://github.com/merely-made/genet.git?rev=965b64e206a47d1c8808472de9aa461233638768#965b64e2) (*)
│   ├── image v0.25.10 (*)
│   ├── inker v0.1.1 (https://github.com/merely-made/mere.git?rev=57b4893db6909d5ed9c4ccae30216f0d8164201a#57b4893d) (*)
│   ├── nematic v0.1.1 (https://github.com/merely-made/mere.git?rev=57b4893db6909d5ed9c4ccae30216f0d8164201a#57b4893d) (*)
│   ├── netfetcher v0.1.1 (https://github.com/merely-made/genet.git?rev=965b64e206a47d1c8808472de9aa461233638768#965b64e2) (*)
│   ├── netrender v0.1.2 (https://github.com/merely-made/netrender.git?rev=9607d16f1907f6c2085648ae96abcaa30d7c3d41#9607d16f) (*)
│   ├── serde v1.0.229 (*)
│   ├── serde_json v1.0.151 (*)
│   ├── tabard v0.0.1 (https://github.com/merely-made/mere.git?rev=57b4893db6909d5ed9c4ccae30216f0d8164201a#57b4893d) (*)
│   ├── tokio v1.53.1 (*)
│   └── url v2.5.8 (*)
├── mere-fetch v0.0.1 (https://github.com/merely-made/mere.git?rev=57b4893db6909d5ed9c4ccae30216f0d8164201a#57b4893d) (*)
├── mere-moot v0.0.1 (https://github.com/merely-made/mere.git?rev=57b4893db6909d5ed9c4ccae30216f0d8164201a#57b4893d)
│   ├── eidetic-search v0.0.1 (https://github.com/merely-made/mere.git?rev=57b4893db6909d5ed9c4ccae30216f0d8164201a#57b4893d) (*)
│   ├── gemot v0.1.1 (https://github.com/merely-made/mere.git?rev=57b4893db6909d5ed9c4ccae30216f0d8164201a#57b4893d) (*)
│   ├── mere-document-lanes v0.1.0 (https://github.com/merely-made/mere.git?rev=57b4893db6909d5ed9c4ccae30216f0d8164201a#57b4893d) (*)
│   ├── serde v1.0.229 (*)
│   └── servitor v0.0.2 (https://github.com/merely-made/mere.git?rev=57b4893db6909d5ed9c4ccae30216f0d8164201a#57b4893d) (*)
├── mere-proofs v0.1.0 (https://github.com/merely-made/mere.git?rev=57b4893db6909d5ed9c4ccae30216f0d8164201a#57b4893d) (*)
├── mere-surface-api v0.1.0 (https://github.com/merely-made/mere.git?rev=57b4893db6909d5ed9c4ccae30216f0d8164201a#57b4893d) (*)
├── mere-transport v0.0.2 (https://github.com/merely-made/mere.git?rev=57b4893db6909d5ed9c4ccae30216f0d8164201a#57b4893d) (*)
├── muniment v0.1.2 (https://github.com/merely-made/mere.git?rev=57b4893db6909d5ed9c4ccae30216f0d8164201a#57b4893d) (*)
├── nematic v0.1.1 (https://github.com/merely-made/mere.git?rev=57b4893db6909d5ed9c4ccae30216f0d8164201a#57b4893d) (*)
├── netrender v0.1.2 (https://github.com/merely-made/netrender.git?rev=9607d16f1907f6c2085648ae96abcaa30d7c3d41#9607d16f) (*)
├── notochord v0.1.0 (https://github.com/merely-made/mere.git?rev=57b4893db6909d5ed9c4ccae30216f0d8164201a#57b4893d) (*)
├── paint_list_api v0.1.2 (https://github.com/merely-made/netrender.git?rev=9607d16f1907f6c2085648ae96abcaa30d7c3d41#9607d16f) (*)
├── paint_list_render v0.1.2 (https://github.com/merely-made/netrender.git?rev=9607d16f1907f6c2085648ae96abcaa30d7c3d41#9607d16f) (*)
├── pandect v0.1.1 (https://github.com/merely-made/mere.git?rev=57b4893db6909d5ed9c4ccae30216f0d8164201a#57b4893d) (*)
├── personae v0.2.1 (https://github.com/merely-made/mere.git?rev=57b4893db6909d5ed9c4ccae30216f0d8164201a#57b4893d) (*)
├── pollster v0.4.0
├── rcgen v0.14.10 (*)
├── redshank-model v0.0.0 (https://github.com/merely-made/woodshed.git?rev=82271df20927d41a4cbb79c56a09fef5bbb38cde#82271df2)
│   ├── serde v1.0.229 (*)
│   ├── serde_json v1.0.151 (*)
│   └── url v2.5.8 (*)
├── redshank-playback v0.0.0 (https://github.com/merely-made/woodshed.git?rev=82271df20927d41a4cbb79c56a09fef5bbb38cde#82271df2)
│   ├── anyhow v1.0.104
│   ├── audio-primitives v0.1.0 (https://github.com/merely-made/woodshed.git?rev=82271df20927d41a4cbb79c56a09fef5bbb38cde#82271df2)
│   ├── blake3 v1.8.7 (*)
│   ├── firewheel v0.10.0
│   │   ├── firewheel-core v0.10.1
│   │   │   ├── arrayvec v0.7.8
│   │   │   ├── bevy_platform v0.18.1
│   │   │   │   ├── foldhash v0.2.0
│   │   │   │   ├── hashbrown v0.16.1 (*)
│   │   │   │   └── spin v0.10.1
│   │   │   ├── bitflags v2.13.2 (*)
│   │   │   ├── firewheel-macros v0.10.0 (proc-macro)
│   │   │   │   ├── bevy_macro_utils v0.18.1
│   │   │   │   │   ├── proc-macro2 v1.0.107 (*)
│   │   │   │   │   ├── quote v1.0.47 (*)
│   │   │   │   │   ├── syn v2.0.119 (*)
│   │   │   │   │   └── toml_edit v0.23.10+spec-1.0.0
│   │   │   │   │       ├── indexmap v2.14.2 (*)
│   │   │   │   │       ├── toml_datetime v0.7.5+spec-1.1.0
│   │   │   │   │       │   └── serde_core v1.0.229
│   │   │   │   │       ├── toml_parser v1.1.3+spec-1.1.0 (*)
│   │   │   │   │       └── winnow v0.7.15
│   │   │   │   ├── proc-macro2 v1.0.107 (*)
│   │   │   │   ├── quote v1.0.47 (*)
│   │   │   │   ├── syn v2.0.119 (*)
│   │   │   │   └── toml_edit v0.23.10+spec-1.0.0 (*)
│   │   │   ├── num-traits v0.2.19 (*)
│   │   │   ├── portable-atomic v1.15.0 (*)
│   │   │   ├── ringbuf v0.4.8
│   │   │   │   ├── crossbeam-utils v0.8.23
│   │   │   │   ├── portable-atomic v1.15.0 (*)
│   │   │   │   └── portable-atomic-util v0.2.8
│   │   │   │       └── portable-atomic v1.15.0 (*)
│   │   │   ├── rtgc v0.3.0
│   │   │   │   └── bevy_platform v0.18.1 (*)
│   │   │   ├── smallvec v1.16.1 (*)
│   │   │   ├── thiserror v2.0.20 (*)
│   │   │   └── thunderdome v0.6.1
│   │   ├── firewheel-cpal v0.10.0
│   │   │   ├── bevy_platform v0.18.1 (*)
│   │   │   ├── cpal v0.17.3
│   │   │   │   ├── dasp_sample v0.11.0
│   │   │   │   └── windows v0.62.2 (*)
│   │   │   ├── fast-interleave v0.1.3
│   │   │   ├── firewheel-core v0.10.1 (*)
│   │   │   ├── firewheel-graph v0.10.2
│   │   │   │   ├── arrayvec v0.7.8
│   │   │   │   ├── bevy_platform v0.18.1 (*)
│   │   │   │   ├── firewheel-core v0.10.1 (*)
│   │   │   │   ├── num-traits v0.2.19 (*)
│   │   │   │   ├── ringbuf v0.4.8 (*)
│   │   │   │   ├── smallvec v1.16.1 (*)
│   │   │   │   ├── thiserror v2.0.20 (*)
│   │   │   │   ├── thunderdome v0.6.1
│   │   │   │   ├── tracing v0.1.44 (*)
│   │   │   │   └── triple_buffer v8.1.1
│   │   │   │       └── crossbeam-utils v0.8.23
│   │   │   ├── fixed-resample v0.9.2
│   │   │   │   ├── arrayvec v0.7.8
│   │   │   │   ├── fast-interleave v0.1.3
│   │   │   │   ├── ringbuf v0.4.8 (*)
│   │   │   │   └── rubato v0.16.2
│   │   │   │       ├── num-complex v0.4.6 (*)
│   │   │   │       ├── num-integer v0.1.47 (*)
│   │   │   │       ├── num-traits v0.2.19 (*)
│   │   │   │       └── realfft v3.5.0
│   │   │   │           └── rustfft v6.4.1
│   │   │   │               ├── num-complex v0.4.6 (*)
│   │   │   │               ├── num-integer v0.1.47 (*)
│   │   │   │               ├── num-traits v0.2.19 (*)
│   │   │   │               ├── primal-check v0.3.4
│   │   │   │               │   └── num-integer v0.1.47 (*)
│   │   │   │               ├── strength_reduce v0.2.4
│   │   │   │               └── transpose v0.2.3
│   │   │   │                   ├── num-integer v0.1.47 (*)
│   │   │   │                   └── strength_reduce v0.2.4
│   │   │   ├── ringbuf v0.4.8 (*)
│   │   │   ├── thiserror v2.0.20 (*)
│   │   │   └── tracing v0.1.44 (*)
│   │   ├── firewheel-graph v0.10.2 (*)
│   │   ├── firewheel-nodes v0.10.0
│   │   │   ├── bevy_platform v0.18.1 (*)
│   │   │   ├── firewheel-core v0.10.1 (*)
│   │   │   ├── fixed-resample v0.9.2 (*)
│   │   │   └── num-traits v0.2.19 (*)
│   │   └── thiserror v2.0.20 (*)
│   ├── mere-fetch v0.0.1 (https://github.com/merely-made/mere.git?rev=57b4893db6909d5ed9c4ccae30216f0d8164201a#57b4893d) (*)
│   ├── redshank-model v0.0.0 (https://github.com/merely-made/woodshed.git?rev=82271df20927d41a4cbb79c56a09fef5bbb38cde#82271df2) (*)
│   ├── servo-media-player v0.2.0 (https://github.com/merely-made/genet.git?rev=965b64e206a47d1c8808472de9aa461233638768#965b64e2)
│   │   ├── ipc-channel v0.22.0 (https://github.com/merely-made/genet.git?rev=965b64e206a47d1c8808472de9aa461233638768#965b64e2)
│   │   │   ├── crossbeam-channel v0.5.17 (*)
│   │   │   ├── libc v0.2.189
│   │   │   ├── postcard v1.1.3 (*)
│   │   │   ├── serde_core v1.0.229
│   │   │   ├── thiserror v2.0.20 (*)
│   │   │   └── uuid v1.27.0 (*)
│   │   ├── serde v1.0.229 (*)
│   │   ├── servo-media-streams v0.2.0 (https://github.com/merely-made/genet.git?rev=965b64e206a47d1c8808472de9aa461233638768#965b64e2)
│   │   │   └── uuid v1.27.0 (*)
│   │   └── servo-media-traits v0.2.0 (https://github.com/merely-made/genet.git?rev=965b64e206a47d1c8808472de9aa461233638768#965b64e2)
│   ├── symphonia v0.5.5
│   │   ├── lazy_static v1.5.0 (*)
│   │   ├── symphonia-bundle-mp3 v0.5.5
│   │   │   ├── lazy_static v1.5.0 (*)
│   │   │   ├── log v0.4.34
│   │   │   ├── symphonia-core v0.5.5
│   │   │   │   ├── arrayvec v0.7.8
│   │   │   │   ├── bitflags v1.3.2
│   │   │   │   ├── bytemuck v1.25.2 (*)
│   │   │   │   ├── lazy_static v1.5.0 (*)
│   │   │   │   └── log v0.4.34
│   │   │   └── symphonia-metadata v0.5.5
│   │   │       ├── encoding_rs v0.8.41 (*)
│   │   │       ├── lazy_static v1.5.0 (*)
│   │   │       ├── log v0.4.34
│   │   │       └── symphonia-core v0.5.5 (*)
│   │   ├── symphonia-codec-aac v0.5.5
│   │   │   ├── lazy_static v1.5.0 (*)
│   │   │   ├── log v0.4.34
│   │   │   └── symphonia-core v0.5.5 (*)
│   │   ├── symphonia-codec-pcm v0.5.5
│   │   │   ├── log v0.4.34
│   │   │   └── symphonia-core v0.5.5 (*)
│   │   ├── symphonia-core v0.5.5 (*)
│   │   ├── symphonia-format-isomp4 v0.5.5
│   │   │   ├── encoding_rs v0.8.41 (*)
│   │   │   ├── log v0.4.34
│   │   │   ├── symphonia-core v0.5.5 (*)
│   │   │   ├── symphonia-metadata v0.5.5 (*)
│   │   │   └── symphonia-utils-xiph v0.5.5
│   │   │       ├── symphonia-core v0.5.5 (*)
│   │   │       └── symphonia-metadata v0.5.5 (*)
│   │   ├── symphonia-format-riff v0.5.5
│   │   │   ├── extended v0.1.0
│   │   │   ├── log v0.4.34
│   │   │   ├── symphonia-core v0.5.5 (*)
│   │   │   └── symphonia-metadata v0.5.5 (*)
│   │   └── symphonia-metadata v0.5.5 (*)
│   └── tempfile v3.27.0 (*)
├── redshank-storage v0.0.0 (https://github.com/merely-made/woodshed.git?rev=82271df20927d41a4cbb79c56a09fef5bbb38cde#82271df2)
│   ├── redshank-model v0.0.0 (https://github.com/merely-made/woodshed.git?rev=82271df20927d41a4cbb79c56a09fef5bbb38cde#82271df2) (*)
│   └── serde_json v1.0.151 (*)
├── redshank-surfaces v0.0.0 (https://github.com/merely-made/woodshed.git?rev=82271df20927d41a4cbb79c56a09fef5bbb38cde#82271df2)
│   ├── cambium v0.3.3 (https://github.com/merely-made/mere.git?rev=57b4893db6909d5ed9c4ccae30216f0d8164201a#57b4893d) (*)
│   ├── genet-scripted-dom v0.1.2 (https://github.com/merely-made/genet.git?rev=965b64e206a47d1c8808472de9aa461233638768#965b64e2) (*)
│   ├── mere-surface-api v0.1.0 (https://github.com/merely-made/mere.git?rev=57b4893db6909d5ed9c4ccae30216f0d8164201a#57b4893d) (*)
│   ├── redshank-model v0.0.0 (https://github.com/merely-made/woodshed.git?rev=82271df20927d41a4cbb79c56a09fef5bbb38cde#82271df2) (*)
│   ├── time v0.3.55 (*)
│   ├── timed-text v0.1.0 (https://github.com/merely-made/woodshed.git?rev=82271df20927d41a4cbb79c56a09fef5bbb38cde#82271df2)
│   └── tinct v0.1.2 (https://github.com/merely-made/mere.git?rev=57b4893db6909d5ed9c4ccae30216f0d8164201a#57b4893d) (*)
├── retinue v0.2.0 (https://github.com/merely-made/retinue.git?rev=fa4f925059cc698058cb21fecc1c825d095741a9#fa4f9250)
│   ├── aes v0.9.3
│   │   ├── cipher v0.5.2 (*)
│   │   ├── cpubits v0.1.1
│   │   └── cpufeatures v0.3.1
│   ├── bzip2 v0.6.1
│   │   └── libbz2-rs-sys v0.2.5
│   ├── cbc v0.2.1
│   │   └── cipher v0.5.2 (*)
│   ├── ed25519-dalek v3.0.0 (*)
│   ├── getrandom v0.2.17 (*)
│   ├── heapless v0.9.3
│   │   ├── hash32 v0.3.1
│   │   │   └── byteorder v1.5.0
│   │   └── stable_deref_trait v1.2.1
│   ├── hkdf v0.13.0 (*)
│   ├── hmac v0.13.0 (*)
│   ├── sha2 v0.11.0 (*)
│   ├── tokio v1.53.1 (*)
│   └── x25519-dalek v3.0.0 (*)
├── rfd v0.17.2
│   ├── log v0.4.34
│   ├── raw-window-handle v0.6.2
│   └── windows-sys v0.61.2 (*)
├── rustls v0.23.45 (*)
├── sceno v0.0.4 (https://github.com/merely-made/mere.git?rev=57b4893db6909d5ed9c4ccae30216f0d8164201a#57b4893d) (*)
├── scenomise v0.0.4 (https://github.com/merely-made/mere.git?rev=57b4893db6909d5ed9c4ccae30216f0d8164201a#57b4893d) (*)
├── scenotime v0.0.4 (https://github.com/merely-made/mere.git?rev=57b4893db6909d5ed9c4ccae30216f0d8164201a#57b4893d) (*)
├── scrying-engine v0.2.0 (https://github.com/merely-made/mere.git?rev=57b4893db6909d5ed9c4ccae30216f0d8164201a#57b4893d)
│   ├── dpi v0.1.2
│   ├── inker v0.1.1 (https://github.com/merely-made/mere.git?rev=57b4893db6909d5ed9c4ccae30216f0d8164201a#57b4893d) (*)
│   ├── scrying v0.7.1 (https://github.com/merely-made/wgpu-scry.git?rev=2c3ebd24118851cf6125cfb193f55aab20e3ad67#2c3ebd24)
│   │   ├── dpi v0.1.2
│   │   ├── grafting v0.6.0
│   │   │   ├── ash v0.38.0+1.3.281 (*)
│   │   │   ├── dpi v0.1.2
│   │   │   ├── thiserror v2.0.20 (*)
│   │   │   ├── wgpu v30.0.1 (*)
│   │   │   ├── wgpu-hal v30.0.1 (*)
│   │   │   ├── windows v0.62.2 (*)
│   │   │   └── wio v0.2.2 (*)
│   │   │   [build-dependencies]
│   │   │   └── gl_generator v0.14.0 (*)
│   │   ├── image v0.25.10 (*)
│   │   ├── palette v0.7.7
│   │   │   ├── palette_derive v0.7.7 (proc-macro)
│   │   │   │   ├── by_address v1.2.1
│   │   │   │   ├── proc-macro2 v1.0.107 (*)
│   │   │   │   ├── quote v1.0.47 (*)
│   │   │   │   └── syn v2.0.119 (*)
│   │   │   └── palette_math v0.7.7
│   │   ├── thiserror v2.0.20 (*)
│   │   ├── webview2-com v0.39.1
│   │   │   ├── webview2-com-macros v0.8.1 (proc-macro)
│   │   │   │   ├── proc-macro2 v1.0.107 (*)
│   │   │   │   ├── quote v1.0.47 (*)
│   │   │   │   └── syn v2.0.119 (*)
│   │   │   ├── webview2-com-sys v0.39.1
│   │   │   │   ├── windows v0.62.2 (*)
│   │   │   │   └── windows-core v0.62.2 (*)
│   │   │   │   [build-dependencies]
│   │   │   │   └── thiserror v2.0.20 (*)
│   │   │   ├── windows v0.62.2 (*)
│   │   │   └── windows-core v0.62.2 (*)
│   │   ├── wgpu v30.0.1 (*)
│   │   ├── wgpu-hal v30.0.1 (*)
│   │   ├── windows v0.62.2 (*)
│   │   └── windows-numerics v0.3.1 (*)
│   │   [build-dependencies]
│   │   └── pkg-config v0.3.34
│   ├── tracing v0.1.44 (*)
│   └── wgpu v30.0.1 (*)
├── serde v1.0.229 (*)
├── serde_json v1.0.151 (*)
├── servitor v0.0.2 (https://github.com/merely-made/mere.git?rev=57b4893db6909d5ed9c4ccae30216f0d8164201a#57b4893d) (*)
├── servo v0.7.0 (https://github.com/servo/servo?rev=aac43a3f31a259f04a574f5ec4e959c943ad7cc7#aac43a3f)
│   ├── accesskit v0.24.1 (*)
│   ├── arboard v3.6.1
│   │   ├── clipboard-win v5.4.1 (*)
│   │   ├── image v0.25.10 (*)
│   │   ├── log v0.4.34
│   │   └── windows-sys v0.52.0 (*)
│   ├── bitflags v2.13.2 (*)
│   ├── cookie v0.18.2 (*)
│   ├── crossbeam-channel v0.5.17 (*)
│   ├── dpi v0.1.2
│   ├── env_logger v0.11.11
│   │   ├── anstream v1.0.0
│   │   │   ├── anstyle v1.0.14
│   │   │   ├── anstyle-parse v1.0.0
│   │   │   │   └── utf8parse v0.2.2
│   │   │   ├── anstyle-query v1.1.5
│   │   │   │   └── windows-sys v0.61.2 (*)
│   │   │   ├── anstyle-wincon v3.0.11
│   │   │   │   ├── anstyle v1.0.14
│   │   │   │   ├── once_cell_polyfill v1.70.2
│   │   │   │   └── windows-sys v0.61.2 (*)
│   │   │   ├── colorchoice v1.0.5
│   │   │   ├── is_terminal_polyfill v1.70.2
│   │   │   └── utf8parse v0.2.2
│   │   ├── anstyle v1.0.14
│   │   ├── env_filter v2.0.0
│   │   │   ├── log v0.4.34
│   │   │   └── regex v1.13.1 (*)
│   │   ├── jiff v0.2.37 (*)
│   │   └── log v0.4.34
│   ├── euclid v0.22.14 (*)
│   ├── http v1.5.0 (*)
│   ├── image v0.25.10 (*)
│   ├── ipc-channel v0.23.0
│   │   ├── crossbeam-channel v0.5.17 (*)
│   │   ├── libc v0.2.189
│   │   ├── postcard v1.1.3 (*)
│   │   ├── serde_core v1.0.229
│   │   ├── thiserror v2.0.20 (*)
│   │   ├── uuid v1.27.0 (*)
│   │   └── windows v0.62.2 (*)
│   ├── keyboard-types v0.8.3
│   │   ├── bitflags v2.13.2 (*)
│   │   ├── serde v1.0.229 (*)
│   │   └── unicode-segmentation v1.13.3
│   ├── log v0.4.34
│   ├── mozangle v0.7.1
│   │   └── libz-sys v1.1.29 (*)
│   │   [build-dependencies]
│   │   ├── bindgen v0.72.1
│   │   │   ├── bitflags v2.13.2
│   │   │   ├── cexpr v0.6.0
│   │   │   │   └── nom v7.1.3
│   │   │   │       ├── memchr v2.8.3
│   │   │   │       └── minimal-lexical v0.2.1
│   │   │   ├── clang-sys v1.9.1
│   │   │   │   ├── glob v0.3.4
│   │   │   │   ├── libc v0.2.189
│   │   │   │   └── libloading v0.8.9 (*)
│   │   │   │   [build-dependencies]
│   │   │   │   └── glob v0.3.4
│   │   │   ├── itertools v0.13.0
│   │   │   │   └── either v1.18.0
│   │   │   ├── proc-macro2 v1.0.107 (*)
│   │   │   ├── quote v1.0.47 (*)
│   │   │   ├── regex v1.13.1 (*)
│   │   │   ├── rustc-hash v2.1.3
│   │   │   ├── shlex v1.3.0
│   │   │   └── syn v2.0.119 (*)
│   │   ├── cc v1.6.0 (*)
│   │   ├── gl_generator v0.14.0 (*)
│   │   └── walkdir v2.5.0 (*)
│   ├── parking_lot v0.12.5 (*)
│   ├── rustc-hash v2.1.3
│   ├── serde v1.0.229 (*)
│   ├── servo-background-hang-monitor v0.7.0 (https://github.com/servo/servo?rev=aac43a3f31a259f04a574f5ec4e959c943ad7cc7#aac43a3f)
│   │   ├── backtrace v0.3.76
│   │   │   ├── cfg-if v1.0.5
│   │   │   ├── rustc-demangle v0.1.28
│   │   │   └── windows-link v0.2.1
│   │   ├── crossbeam-channel v0.5.17 (*)
│   │   ├── libc v0.2.189
│   │   ├── log v0.4.34
│   │   ├── rustc-hash v2.1.3
│   │   ├── serde_json v1.0.151 (*)
│   │   ├── servo-background-hang-monitor-api v0.7.0 (https://github.com/servo/servo?rev=aac43a3f31a259f04a574f5ec4e959c943ad7cc7#aac43a3f)
│   │   │   ├── serde v1.0.229 (*)
│   │   │   └── servo-base v0.7.0 (https://github.com/servo/servo?rev=aac43a3f31a259f04a574f5ec4e959c943ad7cc7#aac43a3f)
│   │   │       ├── accesskit v0.24.1 (*)
│   │   │       ├── crossbeam-channel v0.5.17 (*)
│   │   │       ├── ipc-channel v0.23.0 (*)
│   │   │       ├── log v0.4.34
│   │   │       ├── malloc_size_of_derive v0.1.3 (proc-macro)
│   │   │       │   ├── proc-macro2 v1.0.107 (*)
│   │   │       │   ├── syn v2.0.119 (*)
│   │   │       │   └── synstructure v0.13.2
│   │   │       │       ├── proc-macro2 v1.0.107 (*)
│   │   │       │       ├── quote v1.0.47 (*)
│   │   │       │       └── syn v2.0.119 (*)
│   │   │       ├── parking_lot v0.12.5 (*)
│   │   │       ├── rayon v1.12.0 (*)
│   │   │       ├── regex v1.13.1 (*)
│   │   │       ├── serde v1.0.229 (*)
│   │   │       ├── serde_json v1.0.151 (*)
│   │   │       ├── servo-config v0.7.0 (https://github.com/servo/servo?rev=aac43a3f31a259f04a574f5ec4e959c943ad7cc7#aac43a3f)
│   │   │       │   ├── num_enum v0.7.6 (*)
│   │   │       │   ├── serde v1.0.229 (*)
│   │   │       │   ├── serde_json v1.0.151 (*)
│   │   │       │   ├── servo-config-macro v0.7.0 (proc-macro) (https://github.com/servo/servo?rev=aac43a3f31a259f04a574f5ec4e959c943ad7cc7#aac43a3f)
│   │   │       │   │   ├── proc-macro2 v1.0.107 (*)
│   │   │       │   │   ├── quote v1.0.47 (*)
│   │   │       │   │   ├── syn v2.0.119 (*)
│   │   │       │   │   └── synstructure v0.13.2 (*)
│   │   │       │   ├── strum v0.28.0 (*)
│   │   │       │   └── stylo_static_prefs v0.22.0
│   │   │       │       [build-dependencies]
│   │   │       │       └── toml v1.1.6+spec-1.1.0 (*)
│   │   │       ├── servo-malloc-size-of v0.7.0 (https://github.com/servo/servo?rev=aac43a3f31a259f04a574f5ec4e959c943ad7cc7#aac43a3f)
│   │   │       │   ├── app_units v0.7.8 (*)
│   │   │       │   ├── atomic_refcell v0.1.14
│   │   │       │   ├── bytes v1.12.1 (*)
│   │   │       │   ├── content-security-policy v0.9.0
│   │   │       │   │   ├── base64 v0.22.1
│   │   │       │   │   ├── bitflags v2.13.2 (*)
│   │   │       │   │   ├── once_cell v1.21.4 (*)
│   │   │       │   │   ├── percent-encoding v2.3.2
│   │   │       │   │   ├── regex v1.13.1 (*)
│   │   │       │   │   ├── serde v1.0.229 (*)
│   │   │       │   │   ├── sha2 v0.10.9 (*)
│   │   │       │   │   └── url v2.5.8 (*)
│   │   │       │   ├── cookie v0.18.2 (*)
│   │   │       │   ├── crossbeam-channel v0.5.17 (*)
│   │   │       │   ├── data-url v0.3.2
│   │   │       │   ├── encoding_rs v0.8.41 (*)
│   │   │       │   ├── euclid v0.22.14 (*)
│   │   │       │   ├── http v1.5.0 (*)
│   │   │       │   ├── icu_locale_core v2.3.0 (*)
│   │   │       │   ├── indexmap v2.14.2 (*)
│   │   │       │   ├── ipc-channel v0.23.0 (*)
│   │   │       │   ├── keyboard-types v0.8.3 (*)
│   │   │       │   ├── markup5ever v0.40.0
│   │   │       │   │   ├── log v0.4.34
│   │   │       │   │   ├── tendril v0.5.1 (*)
│   │   │       │   │   └── web_atoms v0.3.0
│   │   │       │   │       ├── phf v0.14.0
│   │   │       │   │       │   ├── phf_macros v0.14.0 (proc-macro)
│   │   │       │   │       │   │   ├── phf_generator v0.14.0
│   │   │       │   │       │   │   │   ├── fastrand v2.5.0
│   │   │       │   │       │   │   │   └── phf_shared v0.14.0
│   │   │       │   │       │   │   │       └── siphasher v1.0.3
│   │   │       │   │       │   │   ├── phf_shared v0.14.0 (*)
│   │   │       │   │       │   │   ├── proc-macro2 v1.0.107 (*)
│   │   │       │   │       │   │   ├── quote v1.0.47 (*)
│   │   │       │   │       │   │   └── syn v2.0.119 (*)
│   │   │       │   │       │   └── phf_shared v0.14.0 (*)
│   │   │       │   │       └── string_cache v0.11.0
│   │   │       │   │           ├── new_debug_unreachable v1.0.6
│   │   │       │   │           ├── parking_lot v0.12.5 (*)
│   │   │       │   │           ├── phf_shared v0.14.0 (*)
│   │   │       │   │           ├── precomputed-hash v0.1.1
│   │   │       │   │           └── serde v1.0.229 (*)
│   │   │       │   │       [build-dependencies]
│   │   │       │   │       ├── phf_codegen v0.14.0
│   │   │       │   │       │   ├── phf_generator v0.14.0 (*)
│   │   │       │   │       │   └── phf_shared v0.14.0 (*)
│   │   │       │   │       └── string_cache_codegen v0.11.2
│   │   │       │   │           ├── phf_generator v0.14.0 (*)
│   │   │       │   │           ├── phf_shared v0.14.0 (*)
│   │   │       │   │           ├── proc-macro2 v1.0.107 (*)
│   │   │       │   │           └── quote v1.0.47 (*)
│   │   │       │   ├── memmap2 v0.9.11
│   │   │       │   ├── mime v0.3.17
│   │   │       │   ├── once_cell v1.21.4 (*)
│   │   │       │   ├── parking_lot v0.12.5 (*)
│   │   │       │   ├── resvg v0.48.1
│   │   │       │   │   ├── bytemuck v1.25.2 (*)
│   │   │       │   │   ├── gif v0.14.2 (*)
│   │   │       │   │   ├── image-webp v0.2.4 (*)
│   │   │       │   │   ├── log v0.4.34
│   │   │       │   │   ├── pico-args v0.5.0
│   │   │       │   │   ├── rgb v0.8.53 (*)
│   │   │       │   │   ├── svgtypes v0.16.1
│   │   │       │   │   │   ├── kurbo v0.13.1 (*)
│   │   │       │   │   │   └── siphasher v1.0.3
│   │   │       │   │   ├── tiny-skia v0.12.0
│   │   │       │   │   │   ├── arrayref v0.3.9
│   │   │       │   │   │   ├── arrayvec v0.7.8
│   │   │       │   │   │   ├── bytemuck v1.25.2 (*)
│   │   │       │   │   │   ├── cfg-if v1.0.5
│   │   │       │   │   │   ├── log v0.4.34
│   │   │       │   │   │   ├── png v0.18.1 (*)
│   │   │       │   │   │   └── tiny-skia-path v0.12.0
│   │   │       │   │   │       ├── arrayref v0.3.9
│   │   │       │   │   │       ├── bytemuck v1.25.2 (*)
│   │   │       │   │   │       └── strict-num v0.1.1
│   │   │       │   │   │           └── float-cmp v0.9.0
│   │   │       │   │   ├── usvg v0.48.1
│   │   │       │   │   │   ├── base64 v0.23.1
│   │   │       │   │   │   ├── data-url v0.3.2
│   │   │       │   │   │   ├── flate2 v1.1.10 (*)
│   │   │       │   │   │   ├── fontdb v0.24.0
│   │   │       │   │   │   │   ├── log v0.4.34
│   │   │       │   │   │   │   ├── memmap2 v0.9.11
│   │   │       │   │   │   │   ├── slotmap v1.1.1 (*)
│   │   │       │   │   │   │   └── tinyvec v1.13.3
│   │   │       │   │   │   ├── harfrust v0.12.0
│   │   │       │   │   │   │   ├── bitflags v2.13.2 (*)
│   │   │       │   │   │   │   ├── bytemuck v1.25.2 (*)
│   │   │       │   │   │   │   ├── read-fonts v0.41.0 (*)
│   │   │       │   │   │   │   └── smallvec v1.16.1 (*)
│   │   │       │   │   │   ├── imagesize v0.15.0
│   │   │       │   │   │   ├── kurbo v0.13.1 (*)
│   │   │       │   │   │   ├── log v0.4.34
│   │   │       │   │   │   ├── pico-args v0.5.0
│   │   │       │   │   │   ├── roxmltree v0.21.1
│   │   │       │   │   │   │   └── memchr v2.8.3
│   │   │       │   │   │   ├── simplecss v0.2.2
│   │   │       │   │   │   │   └── log v0.4.34
│   │   │       │   │   │   ├── siphasher v1.0.3
│   │   │       │   │   │   ├── skrifa v0.44.0 (*)
│   │   │       │   │   │   ├── strict-num v0.1.1 (*)
│   │   │       │   │   │   ├── svgtypes v0.16.1 (*)
│   │   │       │   │   │   ├── tiny-skia-path v0.12.0 (*)
│   │   │       │   │   │   ├── unicode-bidi v0.3.18 (*)
│   │   │       │   │   │   ├── unicode-script v0.5.8
│   │   │       │   │   │   ├── unicode-vo v0.1.0
│   │   │       │   │   │   └── xmlwriter v0.1.0
│   │   │       │   │   └── zune-jpeg v0.5.15 (*)
│   │   │       │   ├── servo-allocator v0.7.0 (https://github.com/servo/servo?rev=aac43a3f31a259f04a574f5ec4e959c943ad7cc7#aac43a3f)
│   │   │       │   │   └── windows-sys v0.61.2 (*)
│   │   │       │   ├── servo_arc v0.5.0
│   │   │       │   │   ├── serde v1.0.229 (*)
│   │   │       │   │   └── stable_deref_trait v1.2.1
│   │   │       │   ├── smallvec v1.16.1 (*)
│   │   │       │   ├── string_cache v0.11.0 (*)
│   │   │       │   ├── stylo v0.22.0
│   │   │       │   │   ├── app_units v0.7.8 (*)
│   │   │       │   │   ├── arrayvec v0.7.8
│   │   │       │   │   ├── atomic_refcell v0.1.14
│   │   │       │   │   ├── bitflags v2.13.2 (*)
│   │   │       │   │   ├── byteorder v1.5.0
│   │   │       │   │   ├── cssparser v0.38.0
│   │   │       │   │   │   ├── cssparser-macros v0.7.1 (proc-macro) (*)
│   │   │       │   │   │   ├── dtoa-short v0.3.5 (*)
│   │   │       │   │   │   ├── itoa v1.0.18
│   │   │       │   │   │   ├── phf v0.14.0 (*)
│   │   │       │   │   │   ├── serde v1.0.229 (*)
│   │   │       │   │   │   └── smallvec v1.16.1 (*)
│   │   │       │   │   ├── derive_more v2.1.1 (*)
│   │   │       │   │   ├── encoding_rs v0.8.41 (*)
│   │   │       │   │   ├── euclid v0.22.14 (*)
│   │   │       │   │   ├── icu_segmenter v1.5.0
│   │   │       │   │   │   ├── core_maths v0.1.1 (*)
│   │   │       │   │   │   ├── displaydoc v0.2.7 (proc-macro) (*)
│   │   │       │   │   │   ├── icu_collections v1.5.0
│   │   │       │   │   │   │   ├── displaydoc v0.2.7 (proc-macro) (*)
│   │   │       │   │   │   │   ├── yoke v0.7.5
│   │   │       │   │   │   │   │   ├── stable_deref_trait v1.2.1
│   │   │       │   │   │   │   │   ├── yoke-derive v0.7.5 (proc-macro)
│   │   │       │   │   │   │   │   │   ├── proc-macro2 v1.0.107 (*)
│   │   │       │   │   │   │   │   │   ├── quote v1.0.47 (*)
│   │   │       │   │   │   │   │   │   ├── syn v2.0.119 (*)
│   │   │       │   │   │   │   │   │   └── synstructure v0.13.2 (*)
│   │   │       │   │   │   │   │   └── zerofrom v0.1.8 (*)
│   │   │       │   │   │   │   ├── zerofrom v0.1.8 (*)
│   │   │       │   │   │   │   └── zerovec v0.10.4
│   │   │       │   │   │   │       ├── yoke v0.7.5 (*)
│   │   │       │   │   │   │       ├── zerofrom v0.1.8 (*)
│   │   │       │   │   │   │       └── zerovec-derive v0.10.4 (proc-macro)
│   │   │       │   │   │   │           ├── proc-macro2 v1.0.107 (*)
│   │   │       │   │   │   │           ├── quote v1.0.47 (*)
│   │   │       │   │   │   │           └── syn v2.0.119 (*)
│   │   │       │   │   │   ├── icu_locid v1.5.0
│   │   │       │   │   │   │   ├── displaydoc v0.2.7 (proc-macro) (*)
│   │   │       │   │   │   │   ├── litemap v0.7.5
│   │   │       │   │   │   │   ├── tinystr v0.7.6
│   │   │       │   │   │   │   │   └── displaydoc v0.2.7 (proc-macro) (*)
│   │   │       │   │   │   │   └── writeable v0.5.5
│   │   │       │   │   │   ├── icu_provider v1.5.0
│   │   │       │   │   │   │   ├── displaydoc v0.2.7 (proc-macro) (*)
│   │   │       │   │   │   │   ├── icu_locid v1.5.0 (*)
│   │   │       │   │   │   │   ├── icu_provider_macros v1.5.0 (proc-macro)
│   │   │       │   │   │   │   │   ├── proc-macro2 v1.0.107 (*)
│   │   │       │   │   │   │   │   ├── quote v1.0.47 (*)
│   │   │       │   │   │   │   │   └── syn v2.0.119 (*)
│   │   │       │   │   │   │   ├── stable_deref_trait v1.2.1
│   │   │       │   │   │   │   ├── tinystr v0.7.6 (*)
│   │   │       │   │   │   │   ├── writeable v0.5.5
│   │   │       │   │   │   │   ├── yoke v0.7.5 (*)
│   │   │       │   │   │   │   ├── zerofrom v0.1.8 (*)
│   │   │       │   │   │   │   └── zerovec v0.10.4 (*)
│   │   │       │   │   │   ├── icu_segmenter_data v1.5.1
│   │   │       │   │   │   ├── utf8_iter v1.0.4
│   │   │       │   │   │   └── zerovec v0.10.4 (*)
│   │   │       │   │   ├── indexmap v2.14.2 (*)
│   │   │       │   │   ├── itertools v0.14.0 (*)
│   │   │       │   │   ├── itoa v1.0.18
│   │   │       │   │   ├── log v0.4.34
│   │   │       │   │   ├── malloc_size_of_derive v0.1.3 (proc-macro) (*)
│   │   │       │   │   ├── mime v0.3.17
│   │   │       │   │   ├── new_debug_unreachable v1.0.6
│   │   │       │   │   ├── num-derive v0.4.2 (proc-macro) (*)
│   │   │       │   │   ├── num-integer v0.1.47 (*)
│   │   │       │   │   ├── num-traits v0.2.19 (*)
│   │   │       │   │   ├── num_cpus v1.17.0
│   │   │       │   │   ├── parking_lot v0.12.5 (*)
│   │   │       │   │   ├── precomputed-hash v0.1.1
│   │   │       │   │   ├── rayon v1.12.0 (*)
│   │   │       │   │   ├── rayon-core v1.13.0 (*)
│   │   │       │   │   ├── rustc-hash v2.1.3
│   │   │       │   │   ├── selectors v0.41.0
│   │   │       │   │   │   ├── bitflags v2.13.2 (*)
│   │   │       │   │   │   ├── cssparser v0.38.0 (*)
│   │   │       │   │   │   ├── derive_more v2.1.1 (*)
│   │   │       │   │   │   ├── log v0.4.34
│   │   │       │   │   │   ├── new_debug_unreachable v1.0.6
│   │   │       │   │   │   ├── precomputed-hash v0.1.1
│   │   │       │   │   │   ├── rustc-hash v2.1.3
│   │   │       │   │   │   ├── servo_arc v0.5.0 (*)
│   │   │       │   │   │   ├── smallvec v1.16.1 (*)
│   │   │       │   │   │   ├── to_shmem v0.6.0
│   │   │       │   │   │   │   ├── cssparser v0.38.0 (*)
│   │   │       │   │   │   │   ├── servo_arc v0.5.0 (*)
│   │   │       │   │   │   │   ├── smallbitvec v2.6.1
│   │   │       │   │   │   │   ├── smallvec v1.16.1 (*)
│   │   │       │   │   │   │   ├── string_cache v0.11.0 (*)
│   │   │       │   │   │   │   └── thin-vec v0.2.20
│   │   │       │   │   │   └── to_shmem_derive v0.2.0 (proc-macro)
│   │   │       │   │   │       ├── darling v0.20.11
│   │   │       │   │   │       │   ├── darling_core v0.20.11
│   │   │       │   │   │       │   │   ├── fnv v1.0.7
│   │   │       │   │   │       │   │   ├── ident_case v1.0.1
│   │   │       │   │   │       │   │   ├── proc-macro2 v1.0.107 (*)
│   │   │       │   │   │       │   │   ├── quote v1.0.47 (*)
│   │   │       │   │   │       │   │   └── syn v2.0.119 (*)
│   │   │       │   │   │       │   └── darling_macro v0.20.11 (proc-macro)
│   │   │       │   │   │       │       ├── darling_core v0.20.11 (*)
│   │   │       │   │   │       │       ├── quote v1.0.47 (*)
│   │   │       │   │   │       │       └── syn v2.0.119 (*)
│   │   │       │   │   │       ├── proc-macro2 v1.0.107 (*)
│   │   │       │   │   │       ├── quote v1.0.47 (*)
│   │   │       │   │   │       ├── syn v2.0.119 (*)
│   │   │       │   │   │       └── synstructure v0.13.2 (*)
│   │   │       │   │   ├── serde v1.0.229 (*)
│   │   │       │   │   ├── servo_arc v0.5.0 (*)
│   │   │       │   │   ├── smallbitvec v2.6.1
│   │   │       │   │   ├── smallvec v1.16.1 (*)
│   │   │       │   │   ├── static_assertions v1.1.0
│   │   │       │   │   ├── string_cache v0.11.0 (*)
│   │   │       │   │   ├── strum v0.28.0 (*)
│   │   │       │   │   ├── strum_macros v0.28.0 (proc-macro) (*)
│   │   │       │   │   ├── stylo_atoms v0.22.0
│   │   │       │   │   │   └── string_cache v0.11.0 (*)
│   │   │       │   │   │   [build-dependencies]
│   │   │       │   │   │   └── string_cache_codegen v0.11.2 (*)
│   │   │       │   │   ├── stylo_derive v0.22.0 (proc-macro)
│   │   │       │   │   │   ├── darling v0.20.11 (*)
│   │   │       │   │   │   ├── proc-macro2 v1.0.107 (*)
│   │   │       │   │   │   ├── quote v1.0.47 (*)
│   │   │       │   │   │   ├── syn v2.0.119 (*)
│   │   │       │   │   │   └── synstructure v0.13.2 (*)
│   │   │       │   │   ├── stylo_dom v0.22.0
│   │   │       │   │   │   ├── bitflags v2.13.2 (*)
│   │   │       │   │   │   └── stylo_malloc_size_of v0.22.0
│   │   │       │   │   │       ├── app_units v0.7.8 (*)
│   │   │       │   │   │       ├── cssparser v0.38.0 (*)
│   │   │       │   │   │       ├── euclid v0.22.14 (*)
│   │   │       │   │   │       ├── parking_lot v0.12.5 (*)
│   │   │       │   │   │       ├── selectors v0.41.0 (*)
│   │   │       │   │   │       ├── servo_arc v0.5.0 (*)
│   │   │       │   │   │       ├── smallbitvec v2.6.1
│   │   │       │   │   │       ├── smallvec v1.16.1 (*)
│   │   │       │   │   │       ├── string_cache v0.11.0 (*)
│   │   │       │   │   │       ├── thin-vec v0.2.20
│   │   │       │   │   │       └── void v1.0.2
│   │   │       │   │   ├── stylo_malloc_size_of v0.22.0 (*)
│   │   │       │   │   ├── stylo_static_prefs v0.22.0 (*)
│   │   │       │   │   ├── stylo_traits v0.22.0
│   │   │       │   │   │   ├── app_units v0.7.8 (*)
│   │   │       │   │   │   ├── bitflags v2.13.2 (*)
│   │   │       │   │   │   ├── cssparser v0.38.0 (*)
│   │   │       │   │   │   ├── euclid v0.22.14 (*)
│   │   │       │   │   │   ├── malloc_size_of_derive v0.1.3 (proc-macro) (*)
│   │   │       │   │   │   ├── selectors v0.41.0 (*)
│   │   │       │   │   │   ├── serde v1.0.229 (*)
│   │   │       │   │   │   ├── servo_arc v0.5.0 (*)
│   │   │       │   │   │   ├── stylo_atoms v0.22.0 (*)
│   │   │       │   │   │   ├── stylo_malloc_size_of v0.22.0 (*)
│   │   │       │   │   │   ├── thin-vec v0.2.20
│   │   │       │   │   │   ├── to_shmem v0.6.0 (*)
│   │   │       │   │   │   ├── to_shmem_derive v0.2.0 (proc-macro) (*)
│   │   │       │   │   │   └── url v2.5.8 (*)
│   │   │       │   │   ├── thin-vec v0.2.20
│   │   │       │   │   ├── to_shmem v0.6.0 (*)
│   │   │       │   │   ├── to_shmem_derive v0.2.0 (proc-macro) (*)
│   │   │       │   │   ├── uluru v3.1.0
│   │   │       │   │   │   └── arrayvec v0.7.8
│   │   │       │   │   ├── url v2.5.8 (*)
│   │   │       │   │   ├── void v1.0.2
│   │   │       │   │   └── web_atoms v0.3.0 (*)
│   │   │       │   │   [build-dependencies]
│   │   │       │   │   ├── log v0.4.34
│   │   │       │   │   └── walkdir v2.5.0 (*)
│   │   │       │   ├── stylo_dom v0.22.0 (*)
│   │   │       │   ├── stylo_malloc_size_of v0.22.0 (*)
│   │   │       │   ├── taffy v0.14.0
│   │   │       │   │   ├── arrayvec v0.7.8
│   │   │       │   │   └── smallvec v1.16.1 (*)
│   │   │       │   ├── tendril v0.5.1 (*)
│   │   │       │   ├── time v0.3.55 (*)
│   │   │       │   ├── tokio v1.53.1 (*)
│   │   │       │   ├── unicode-bidi v0.3.18 (*)
│   │   │       │   ├── unicode-script v0.5.8
│   │   │       │   ├── url v2.5.8 (*)
│   │   │       │   ├── urlpattern v0.3.0
│   │   │       │   │   ├── regex v1.13.1 (*)
│   │   │       │   │   ├── serde v1.0.229 (*)
│   │   │       │   │   ├── unic-ucd-ident v0.9.0
│   │   │       │   │   │   ├── unic-char-property v0.9.0
│   │   │       │   │   │   │   └── unic-char-range v0.9.0
│   │   │       │   │   │   ├── unic-char-range v0.9.0
│   │   │       │   │   │   └── unic-ucd-version v0.9.0
│   │   │       │   │   │       └── unic-common v0.9.0
│   │   │       │   │   └── url v2.5.8 (*)
│   │   │       │   ├── uuid v1.27.0 (*)
│   │   │       │   ├── vello_cpu v0.2.0
│   │   │       │   │   ├── bytemuck v1.25.2 (*)
│   │   │       │   │   ├── crossbeam-channel v0.5.17 (*)
│   │   │       │   │   ├── glifo v0.3.0
│   │   │       │   │   │   ├── bytemuck v1.25.2 (*)
│   │   │       │   │   │   ├── foldhash v0.2.0
│   │   │       │   │   │   ├── hashbrown v0.17.1 (*)
│   │   │       │   │   │   ├── log v0.4.34
│   │   │       │   │   │   ├── peniko v0.6.1 (*)
│   │   │       │   │   │   ├── png v0.18.1 (*)
│   │   │       │   │   │   ├── skrifa v0.44.0 (*)
│   │   │       │   │   │   ├── smallvec v1.16.1 (*)
│   │   │       │   │   │   └── vello_common v0.2.0
│   │   │       │   │   │       ├── bytemuck v1.25.2 (*)
│   │   │       │   │   │       ├── fearless_simd v0.4.1
│   │   │       │   │   │       ├── guillotiere v0.7.0 (*)
│   │   │       │   │   │       ├── log v0.4.34
│   │   │       │   │   │       ├── peniko v0.6.1 (*)
│   │   │       │   │   │       ├── png v0.18.1 (*)
│   │   │       │   │   │       ├── smallvec v1.16.1 (*)
│   │   │       │   │   │       └── thiserror v2.0.20 (*)
│   │   │       │   │   ├── hashbrown v0.17.1 (*)
│   │   │       │   │   ├── ordered-channel v1.2.0
│   │   │       │   │   │   └── crossbeam-channel v0.5.17 (*)
│   │   │       │   │   ├── png v0.18.1 (*)
│   │   │       │   │   ├── rayon v1.12.0 (*)
│   │   │       │   │   ├── thread_local v1.1.10 (*)
│   │   │       │   │   └── vello_common v0.2.0 (*)
│   │   │       │   ├── webrender v0.70.0
│   │   │       │   │   ├── allocator-api2 v0.2.21 (*)
│   │   │       │   │   ├── bincode v1.3.3
│   │   │       │   │   │   └── serde v1.0.229 (*)
│   │   │       │   │   ├── bitflags v2.13.2 (*)
│   │   │       │   │   ├── byteorder v1.5.0
│   │   │       │   │   ├── derive_more v2.1.1 (*)
│   │   │       │   │   ├── etagere v0.2.15
│   │   │       │   │   │   ├── euclid v0.22.14 (*)
│   │   │       │   │   │   └── svg_fmt v0.4.5
│   │   │       │   │   ├── euclid v0.22.14 (*)
│   │   │       │   │   ├── gleam v0.15.1 (*)
│   │   │       │   │   ├── lazy_static v1.5.0 (*)
│   │   │       │   │   ├── log v0.4.34
│   │   │       │   │   ├── malloc_size_of_derive v0.1.3 (proc-macro) (*)
│   │   │       │   │   ├── num-traits v0.2.19 (*)
│   │   │       │   │   ├── peek-poke v0.3.0
│   │   │       │   │   │   ├── euclid v0.22.14 (*)
│   │   │       │   │   │   └── peek-poke-derive v0.3.0 (proc-macro)
│   │   │       │   │   │       ├── proc-macro2 v1.0.107 (*)
│   │   │       │   │   │       ├── quote v1.0.47 (*)
│   │   │       │   │   │       ├── syn v2.0.119 (*)
│   │   │       │   │   │       └── synstructure v0.13.2 (*)
│   │   │       │   │   ├── plane-split v0.18.0
│   │   │       │   │   │   ├── euclid v0.22.14 (*)
│   │   │       │   │   │   ├── log v0.4.34
│   │   │       │   │   │   └── smallvec v1.16.1 (*)
│   │   │       │   │   ├── rayon v1.12.0 (*)
│   │   │       │   │   ├── rustc-hash v2.1.3
│   │   │       │   │   ├── serde v1.0.229 (*)
│   │   │       │   │   ├── smallvec v1.16.1 (*)
│   │   │       │   │   ├── svg_fmt v0.4.5
│   │   │       │   │   ├── topological-sort v0.1.0
│   │   │       │   │   ├── tracy-rs v0.1.2
│   │   │       │   │   ├── webrender_api v0.70.0
│   │   │       │   │   │   ├── app_units v0.7.8 (*)
│   │   │       │   │   │   ├── bitflags v2.13.2 (*)
│   │   │       │   │   │   ├── byteorder v1.5.0
│   │   │       │   │   │   ├── crossbeam-channel v0.5.17 (*)
│   │   │       │   │   │   ├── euclid v0.22.14 (*)
│   │   │       │   │   │   ├── malloc_size_of_derive v0.1.3 (proc-macro) (*)
│   │   │       │   │   │   ├── peek-poke v0.3.0 (*)
│   │   │       │   │   │   ├── serde v1.0.229 (*)
│   │   │       │   │   │   ├── serde_bytes v0.11.19 (*)
│   │   │       │   │   │   ├── serde_derive v1.0.229 (proc-macro) (*)
│   │   │       │   │   │   ├── wr_malloc_size_of v0.2.2
│   │   │       │   │   │   │   ├── app_units v0.7.8 (*)
│   │   │       │   │   │   │   └── euclid v0.22.14 (*)
│   │   │       │   │   │   └── zeitstempel v0.2.2
│   │   │       │   │   │       ├── cfg-if v1.0.5
│   │   │       │   │   │       ├── once_cell v1.21.4 (*)
│   │   │       │   │   │       └── winapi v0.3.9
│   │   │       │   │   ├── webrender_build v0.70.0
│   │   │       │   │   │   ├── bitflags v2.13.2 (*)
│   │   │       │   │   │   └── lazy_static v1.5.0 (*)
│   │   │       │   │   ├── wr_glyph_rasterizer v0.70.0
│   │   │       │   │   │   ├── dwrote v0.11.5
│   │   │       │   │   │   │   ├── lazy_static v1.5.0 (*)
│   │   │       │   │   │   │   ├── libc v0.2.189
│   │   │       │   │   │   │   ├── serde v1.0.229 (*)
│   │   │       │   │   │   │   ├── serde_derive v1.0.229 (proc-macro) (*)
│   │   │       │   │   │   │   ├── winapi v0.3.9
│   │   │       │   │   │   │   └── wio v0.2.2 (*)
│   │   │       │   │   │   ├── euclid v0.22.14 (*)
│   │   │       │   │   │   ├── lazy_static v1.5.0 (*)
│   │   │       │   │   │   ├── log v0.4.34
│   │   │       │   │   │   ├── malloc_size_of_derive v0.1.3 (proc-macro) (*)
│   │   │       │   │   │   ├── rayon v1.12.0 (*)
│   │   │       │   │   │   ├── rustc-hash v2.1.3
│   │   │       │   │   │   ├── smallvec v1.16.1 (*)
│   │   │       │   │   │   ├── tracy-rs v0.1.2
│   │   │       │   │   │   ├── webrender_api v0.70.0 (*)
│   │   │       │   │   │   └── wr_malloc_size_of v0.2.2 (*)
│   │   │       │   │   ├── wr_malloc_size_of v0.2.2 (*)
│   │   │       │   │   └── zeitstempel v0.2.2 (*)
│   │   │       │   │   [build-dependencies]
│   │   │       │   │   ├── build-parallel v0.1.2
│   │   │       │   │   │   ├── crossbeam-utils v0.8.23
│   │   │       │   │   │   ├── jobserver v0.1.35 (*)
│   │   │       │   │   │   └── num_cpus v1.17.0
│   │   │       │   │   ├── glslopt v0.1.14
│   │   │       │   │   │   [build-dependencies]
│   │   │       │   │   │   └── cc v1.6.0 (*)
│   │   │       │   │   └── webrender_build v0.70.0 (*)
│   │   │       │   ├── webrender_api v0.70.0 (*)
│   │   │       │   └── wr_malloc_size_of v0.2.2 (*)
│   │   │       ├── smallvec v1.16.1 (*)
│   │   │       ├── time v0.3.55 (*)
│   │   │       ├── unicode-segmentation v1.13.3
│   │   │       ├── webrender_api v0.70.0 (*)
│   │   │       └── windows-sys v0.61.2 (*)
│   │   └── servo-base v0.7.0 (https://github.com/servo/servo?rev=aac43a3f31a259f04a574f5ec4e959c943ad7cc7#aac43a3f) (*)
│   ├── servo-base v0.7.0 (https://github.com/servo/servo?rev=aac43a3f31a259f04a574f5ec4e959c943ad7cc7#aac43a3f) (*)
│   ├── servo-canvas-traits v0.7.0 (https://github.com/servo/servo?rev=aac43a3f31a259f04a574f5ec4e959c943ad7cc7#aac43a3f)
│   │   ├── crossbeam-channel v0.5.17 (*)
│   │   ├── euclid v0.22.14 (*)
│   │   ├── glow v0.17.0
│   │   ├── kurbo v0.13.1 (*)
│   │   ├── log v0.4.34
│   │   ├── malloc_size_of_derive v0.1.3 (proc-macro) (*)
│   │   ├── serde v1.0.229 (*)
│   │   ├── servo-base v0.7.0 (https://github.com/servo/servo?rev=aac43a3f31a259f04a574f5ec4e959c943ad7cc7#aac43a3f) (*)
│   │   ├── servo-fonts-traits v0.7.0 (https://github.com/servo/servo?rev=aac43a3f31a259f04a574f5ec4e959c943ad7cc7#aac43a3f)
│   │   │   ├── atomic_refcell v0.1.14
│   │   │   ├── dwrote v0.11.5 (*)
│   │   │   ├── log v0.4.34
│   │   │   ├── malloc_size_of_derive v0.1.3 (proc-macro) (*)
│   │   │   ├── memmap2 v0.9.11
│   │   │   ├── num-derive v0.4.2 (proc-macro) (*)
│   │   │   ├── num-traits v0.2.19 (*)
│   │   │   ├── parking_lot v0.12.5 (*)
│   │   │   ├── read-fonts v0.43.3
│   │   │   │   ├── bytemuck v1.25.2 (*)
│   │   │   │   ├── font-types v0.12.5 (*)
│   │   │   │   └── once_cell v1.21.4 (*)
│   │   │   ├── serde v1.0.229 (*)
│   │   │   ├── servo-base v0.7.0 (https://github.com/servo/servo?rev=aac43a3f31a259f04a574f5ec4e959c943ad7cc7#aac43a3f) (*)
│   │   │   ├── servo-malloc-size-of v0.7.0 (https://github.com/servo/servo?rev=aac43a3f31a259f04a574f5ec4e959c943ad7cc7#aac43a3f) (*)
│   │   │   ├── servo-profile-traits v0.7.0 (https://github.com/servo/servo?rev=aac43a3f31a259f04a574f5ec4e959c943ad7cc7#aac43a3f)
│   │   │   │   ├── crossbeam-channel v0.5.17 (*)
│   │   │   │   ├── ipc-channel v0.23.0 (*)
│   │   │   │   ├── log v0.4.34
│   │   │   │   ├── malloc_size_of_derive v0.1.3 (proc-macro) (*)
│   │   │   │   ├── serde v1.0.229 (*)
│   │   │   │   ├── servo-allocator v0.7.0 (https://github.com/servo/servo?rev=aac43a3f31a259f04a574f5ec4e959c943ad7cc7#aac43a3f) (*)
│   │   │   │   ├── servo-base v0.7.0 (https://github.com/servo/servo?rev=aac43a3f31a259f04a574f5ec4e959c943ad7cc7#aac43a3f) (*)
│   │   │   │   ├── servo-malloc-size-of v0.7.0 (https://github.com/servo/servo?rev=aac43a3f31a259f04a574f5ec4e959c943ad7cc7#aac43a3f) (*)
│   │   │   │   └── time v0.3.55 (*)
│   │   │   ├── servo-url v0.7.0 (https://github.com/servo/servo?rev=aac43a3f31a259f04a574f5ec4e959c943ad7cc7#aac43a3f)
│   │   │   │   ├── encoding_rs v0.8.41 (*)
│   │   │   │   ├── malloc_size_of_derive v0.1.3 (proc-macro) (*)
│   │   │   │   ├── serde v1.0.229 (*)
│   │   │   │   ├── servo-malloc-size-of v0.7.0 (https://github.com/servo/servo?rev=aac43a3f31a259f04a574f5ec4e959c943ad7cc7#aac43a3f) (*)
│   │   │   │   ├── servo_arc v0.5.0 (*)
│   │   │   │   ├── url v2.5.8 (*)
│   │   │   │   └── uuid v1.27.0 (*)
│   │   │   ├── servo_arc v0.5.0 (*)
│   │   │   ├── stylo v0.22.0 (*)
│   │   │   ├── uuid v1.27.0 (*)
│   │   │   └── webrender_api v0.70.0 (*)
│   │   ├── servo-malloc-size-of v0.7.0 (https://github.com/servo/servo?rev=aac43a3f31a259f04a574f5ec4e959c943ad7cc7#aac43a3f) (*)
│   │   ├── servo-pixels v0.7.0 (https://github.com/servo/servo?rev=aac43a3f31a259f04a574f5ec4e959c943ad7cc7#aac43a3f)
│   │   │   ├── euclid v0.22.14 (*)
│   │   │   ├── image v0.25.10 (*)
│   │   │   ├── log v0.4.34
│   │   │   ├── malloc_size_of_derive v0.1.3 (proc-macro) (*)
│   │   │   ├── serde v1.0.229 (*)
│   │   │   ├── servo-base v0.7.0 (https://github.com/servo/servo?rev=aac43a3f31a259f04a574f5ec4e959c943ad7cc7#aac43a3f) (*)
│   │   │   ├── servo-malloc-size-of v0.7.0 (https://github.com/servo/servo?rev=aac43a3f31a259f04a574f5ec4e959c943ad7cc7#aac43a3f) (*)
│   │   │   └── webrender_api v0.70.0 (*)
│   │   ├── servo-profile-traits v0.7.0 (https://github.com/servo/servo?rev=aac43a3f31a259f04a574f5ec4e959c943ad7cc7#aac43a3f) (*)
│   │   ├── servo-webxr-api v0.7.0 (https://github.com/servo/servo?rev=aac43a3f31a259f04a574f5ec4e959c943ad7cc7#aac43a3f)
│   │   │   ├── euclid v0.22.14 (*)
│   │   │   ├── ipc-channel v0.23.0 (*)
│   │   │   ├── log v0.4.34
│   │   │   ├── malloc_size_of_derive v0.1.3 (proc-macro) (*)
│   │   │   ├── serde v1.0.229 (*)
│   │   │   ├── servo-base v0.7.0 (https://github.com/servo/servo?rev=aac43a3f31a259f04a574f5ec4e959c943ad7cc7#aac43a3f) (*)
│   │   │   ├── servo-embedder-traits v0.7.0 (https://github.com/servo/servo?rev=aac43a3f31a259f04a574f5ec4e959c943ad7cc7#aac43a3f)
│   │   │   │   ├── accesskit v0.24.1 (*)
│   │   │   │   ├── bitflags v2.13.2 (*)
│   │   │   │   ├── content-security-policy v0.9.0 (*)
│   │   │   │   ├── cookie v0.18.2 (*)
│   │   │   │   ├── crossbeam-channel v0.5.17 (*)
│   │   │   │   ├── euclid v0.22.14 (*)
│   │   │   │   ├── http v1.5.0 (*)
│   │   │   │   ├── image v0.25.10 (*)
│   │   │   │   ├── inventory v0.3.24
│   │   │   │   ├── keyboard-types v0.8.3 (*)
│   │   │   │   ├── log v0.4.34
│   │   │   │   ├── malloc_size_of_derive v0.1.3 (proc-macro) (*)
│   │   │   │   ├── rustc-hash v2.1.3
│   │   │   │   ├── serde v1.0.229 (*)
│   │   │   │   ├── servo-base v0.7.0 (https://github.com/servo/servo?rev=aac43a3f31a259f04a574f5ec4e959c943ad7cc7#aac43a3f) (*)
│   │   │   │   ├── servo-geometry v0.7.0 (https://github.com/servo/servo?rev=aac43a3f31a259f04a574f5ec4e959c943ad7cc7#aac43a3f)
│   │   │   │   │   ├── app_units v0.7.8 (*)
│   │   │   │   │   ├── euclid v0.22.14 (*)
│   │   │   │   │   ├── malloc_size_of_derive v0.1.3 (proc-macro) (*)
│   │   │   │   │   ├── servo-malloc-size-of v0.7.0 (https://github.com/servo/servo?rev=aac43a3f31a259f04a574f5ec4e959c943ad7cc7#aac43a3f) (*)
│   │   │   │   │   ├── webrender v0.70.0 (*)
│   │   │   │   │   └── webrender_api v0.70.0 (*)
│   │   │   │   ├── servo-hyper-serde v0.7.0 (https://github.com/servo/servo?rev=aac43a3f31a259f04a574f5ec4e959c943ad7cc7#aac43a3f)
│   │   │   │   │   ├── cookie v0.18.2 (*)
│   │   │   │   │   ├── headers v0.4.2
│   │   │   │   │   │   ├── base64 v0.22.1
│   │   │   │   │   │   ├── bytes v1.12.1 (*)
│   │   │   │   │   │   ├── headers-core v0.3.0
│   │   │   │   │   │   │   └── http v1.5.0 (*)
│   │   │   │   │   │   ├── http v1.5.0 (*)
│   │   │   │   │   │   ├── httpdate v1.0.3
│   │   │   │   │   │   ├── mime v0.3.17
│   │   │   │   │   │   └── sha1 v0.10.7 (*)
│   │   │   │   │   ├── http v1.5.0 (*)
│   │   │   │   │   ├── hyper v1.11.1 (*)
│   │   │   │   │   ├── mime v0.3.17
│   │   │   │   │   ├── serde_bytes v0.11.19 (*)
│   │   │   │   │   └── serde_core v1.0.229
│   │   │   │   ├── servo-malloc-size-of v0.7.0 (https://github.com/servo/servo?rev=aac43a3f31a259f04a574f5ec4e959c943ad7cc7#aac43a3f) (*)
│   │   │   │   ├── servo-pixels v0.7.0 (https://github.com/servo/servo?rev=aac43a3f31a259f04a574f5ec4e959c943ad7cc7#aac43a3f) (*)
│   │   │   │   ├── servo-url v0.7.0 (https://github.com/servo/servo?rev=aac43a3f31a259f04a574f5ec4e959c943ad7cc7#aac43a3f) (*)
│   │   │   │   ├── strum v0.28.0 (*)
│   │   │   │   ├── stylo v0.22.0 (*)
│   │   │   │   ├── stylo_traits v0.22.0 (*)
│   │   │   │   ├── url v2.5.8 (*)
│   │   │   │   ├── uuid v1.27.0 (*)
│   │   │   │   ├── webdriver v0.54.0
│   │   │   │   │   ├── base64 v0.22.1
│   │   │   │   │   ├── bytes v1.12.1 (*)
│   │   │   │   │   ├── cookie v0.16.2
│   │   │   │   │   │   └── time v0.3.55 (*)
│   │   │   │   │   │   [build-dependencies]
│   │   │   │   │   │   └── version_check v0.9.5
│   │   │   │   │   ├── http v1.5.0 (*)
│   │   │   │   │   ├── icu_segmenter v2.3.0 (*)
│   │   │   │   │   ├── log v0.4.34
│   │   │   │   │   ├── serde v1.0.229 (*)
│   │   │   │   │   ├── serde_derive v1.0.229 (proc-macro) (*)
│   │   │   │   │   ├── serde_json v1.0.151 (*)
│   │   │   │   │   ├── thiserror v1.0.69 (*)
│   │   │   │   │   ├── time v0.3.55 (*)
│   │   │   │   │   ├── tokio v1.53.1 (*)
│   │   │   │   │   ├── url v2.5.8 (*)
│   │   │   │   │   └── warp v0.4.3
│   │   │   │   │       ├── bytes v1.12.1 (*)
│   │   │   │   │       ├── futures-util v0.3.34 (*)
│   │   │   │   │       ├── headers v0.4.2 (*)
│   │   │   │   │       ├── http v1.5.0 (*)
│   │   │   │   │       ├── http-body v1.1.0 (*)
│   │   │   │   │       ├── http-body-util v0.1.5 (*)
│   │   │   │   │       ├── hyper v1.11.1 (*)
│   │   │   │   │       ├── hyper-util v0.1.20 (*)
│   │   │   │   │       ├── log v0.4.34
│   │   │   │   │       ├── mime v0.3.17
│   │   │   │   │       ├── mime_guess v2.0.5 (*)
│   │   │   │   │       ├── percent-encoding v2.3.2
│   │   │   │   │       ├── pin-project v1.1.13 (*)
│   │   │   │   │       ├── scoped-tls v1.0.1
│   │   │   │   │       ├── serde v1.0.229 (*)
│   │   │   │   │       ├── serde_json v1.0.151 (*)
│   │   │   │   │       ├── serde_urlencoded v0.7.1
│   │   │   │   │       │   ├── form_urlencoded v1.2.2 (*)
│   │   │   │   │       │   ├── itoa v1.0.18
│   │   │   │   │       │   ├── ryu v1.0.23
│   │   │   │   │       │   └── serde v1.0.229 (*)
│   │   │   │   │       ├── tokio v1.53.1 (*)
│   │   │   │   │       ├── tokio-util v0.7.19 (*)
│   │   │   │   │       ├── tower-service v0.3.3
│   │   │   │   │       └── tracing v0.1.44 (*)
│   │   │   │   └── webrender_api v0.70.0 (*)
│   │   │   ├── servo-malloc-size-of v0.7.0 (https://github.com/servo/servo?rev=aac43a3f31a259f04a574f5ec4e959c943ad7cc7#aac43a3f) (*)
│   │   │   └── servo-profile-traits v0.7.0 (https://github.com/servo/servo?rev=aac43a3f31a259f04a574f5ec4e959c943ad7cc7#aac43a3f) (*)
│   │   ├── strum v0.28.0 (*)
│   │   ├── stylo v0.22.0 (*)
│   │   └── webrender_api v0.70.0 (*)
│   ├── servo-config v0.7.0 (https://github.com/servo/servo?rev=aac43a3f31a259f04a574f5ec4e959c943ad7cc7#aac43a3f) (*)
│   ├── servo-constellation v0.7.0 (https://github.com/servo/servo?rev=aac43a3f31a259f04a574f5ec4e959c943ad7cc7#aac43a3f)
│   │   ├── accesskit v0.24.1 (*)
│   │   ├── backtrace v0.3.76 (*)
│   │   ├── base64 v0.23.1
│   │   ├── content-security-policy v0.9.0 (*)
│   │   ├── crossbeam-channel v0.5.17 (*)
│   │   ├── euclid v0.22.14 (*)
│   │   ├── ipc-channel v0.23.0 (*)
│   │   ├── keyboard-types v0.8.3 (*)
│   │   ├── log v0.4.34
│   │   ├── parking_lot v0.12.5 (*)
│   │   ├── rand v0.10.3 (*)
│   │   ├── rustc-hash v2.1.3
│   │   ├── serde v1.0.229 (*)
│   │   ├── servo-background-hang-monitor v0.7.0 (https://github.com/servo/servo?rev=aac43a3f31a259f04a574f5ec4e959c943ad7cc7#aac43a3f) (*)
│   │   ├── servo-background-hang-monitor-api v0.7.0 (https://github.com/servo/servo?rev=aac43a3f31a259f04a574f5ec4e959c943ad7cc7#aac43a3f) (*)
│   │   ├── servo-base v0.7.0 (https://github.com/servo/servo?rev=aac43a3f31a259f04a574f5ec4e959c943ad7cc7#aac43a3f) (*)
│   │   ├── servo-canvas v0.7.0 (https://github.com/servo/servo?rev=aac43a3f31a259f04a574f5ec4e959c943ad7cc7#aac43a3f)
│   │   │   ├── bytemuck v1.25.2 (*)
│   │   │   ├── crossbeam-channel v0.5.17 (*)
│   │   │   ├── euclid v0.22.14 (*)
│   │   │   ├── kurbo v0.13.1 (*)
│   │   │   ├── log v0.4.34
│   │   │   ├── peniko v0.6.1 (*)
│   │   │   ├── rustc-hash v2.1.3
│   │   │   ├── servo-base v0.7.0 (https://github.com/servo/servo?rev=aac43a3f31a259f04a574f5ec4e959c943ad7cc7#aac43a3f) (*)
│   │   │   ├── servo-canvas-traits v0.7.0 (https://github.com/servo/servo?rev=aac43a3f31a259f04a574f5ec4e959c943ad7cc7#aac43a3f) (*)
│   │   │   ├── servo-config v0.7.0 (https://github.com/servo/servo?rev=aac43a3f31a259f04a574f5ec4e959c943ad7cc7#aac43a3f) (*)
│   │   │   ├── servo-fonts v0.7.0 (https://github.com/servo/servo?rev=aac43a3f31a259f04a574f5ec4e959c943ad7cc7#aac43a3f)
│   │   │   │   ├── app_units v0.7.8 (*)
│   │   │   │   ├── atomic_refcell v0.1.14
│   │   │   │   ├── bitflags v2.13.2 (*)
│   │   │   │   ├── content-security-policy v0.9.0 (*)
│   │   │   │   ├── dwrote v0.11.5 (*)
│   │   │   │   ├── euclid v0.22.14 (*)
│   │   │   │   ├── font-types v0.12.5 (*)
│   │   │   │   ├── fontsan v0.7.0 (*)
│   │   │   │   ├── harfbuzz-sys v0.8.0
│   │   │   │   │   └── windows v0.62.2 (*)
│   │   │   │   │   [build-dependencies]
│   │   │   │   │   ├── cc v1.6.0 (*)
│   │   │   │   │   └── pkg-config v0.3.34
│   │   │   │   ├── icu_locale_core v2.3.0 (*)
│   │   │   │   ├── icu_properties v2.3.0 (*)
│   │   │   │   ├── itertools v0.15.0
│   │   │   │   │   └── either v1.18.0
│   │   │   │   ├── libc v0.2.189
│   │   │   │   ├── log v0.4.34
│   │   │   │   ├── malloc_size_of_derive v0.1.3 (proc-macro) (*)
│   │   │   │   ├── memmap2 v0.9.11
│   │   │   │   ├── num-traits v0.2.19 (*)
│   │   │   │   ├── ohos-deviceinfo v0.1.0
│   │   │   │   │   └── ohos-deviceinfo-sys v0.1.8
│   │   │   │   ├── parking_lot v0.12.5 (*)
│   │   │   │   ├── postcard v1.1.3 (*)
│   │   │   │   ├── read-fonts v0.43.3 (*)
│   │   │   │   ├── rustc-hash v2.1.3
│   │   │   │   ├── serde v1.0.229 (*)
│   │   │   │   ├── servo-base v0.7.0 (https://github.com/servo/servo?rev=aac43a3f31a259f04a574f5ec4e959c943ad7cc7#aac43a3f) (*)
│   │   │   │   ├── servo-config v0.7.0 (https://github.com/servo/servo?rev=aac43a3f31a259f04a574f5ec4e959c943ad7cc7#aac43a3f) (*)
│   │   │   │   ├── servo-fonts-traits v0.7.0 (https://github.com/servo/servo?rev=aac43a3f31a259f04a574f5ec4e959c943ad7cc7#aac43a3f) (*)
│   │   │   │   ├── servo-malloc-size-of v0.7.0 (https://github.com/servo/servo?rev=aac43a3f31a259f04a574f5ec4e959c943ad7cc7#aac43a3f) (*)
│   │   │   │   ├── servo-net-traits v0.7.0 (https://github.com/servo/servo?rev=aac43a3f31a259f04a574f5ec4e959c943ad7cc7#aac43a3f)
│   │   │   │   │   ├── bytes v1.12.1 (*)
│   │   │   │   │   ├── content-security-policy v0.9.0 (*)
│   │   │   │   │   ├── cookie v0.18.2 (*)
│   │   │   │   │   ├── crossbeam-channel v0.5.17 (*)
│   │   │   │   │   ├── data-url v0.3.2
│   │   │   │   │   ├── headers v0.4.2 (*)
│   │   │   │   │   ├── http v1.5.0 (*)
│   │   │   │   │   ├── hyper-util v0.1.20 (*)
│   │   │   │   │   ├── ipc-channel v0.23.0 (*)
│   │   │   │   │   ├── log v0.4.34
│   │   │   │   │   ├── malloc_size_of_derive v0.1.3 (proc-macro) (*)
│   │   │   │   │   ├── mime v0.3.17
│   │   │   │   │   ├── num-traits v0.2.19 (*)
│   │   │   │   │   ├── parking_lot v0.12.5 (*)
│   │   │   │   │   ├── percent-encoding v2.3.2
│   │   │   │   │   ├── rand v0.10.3 (*)
│   │   │   │   │   ├── resvg v0.48.1 (*)
│   │   │   │   │   ├── rustc-hash v2.1.3
│   │   │   │   │   ├── rustls v0.23.45 (*)
│   │   │   │   │   ├── rustls-pki-types v1.15.1 (*)
│   │   │   │   │   ├── serde v1.0.229 (*)
│   │   │   │   │   ├── serde_bytes v0.11.19 (*)
│   │   │   │   │   ├── serde_with v3.24.0
│   │   │   │   │   │   ├── serde_core v1.0.229
│   │   │   │   │   │   └── serde_with_macros v3.24.0 (proc-macro)
│   │   │   │   │   │       ├── darling v0.24.1 (*)
│   │   │   │   │   │       ├── proc-macro2 v1.0.107 (*)
│   │   │   │   │   │       ├── quote v1.0.47 (*)
│   │   │   │   │   │       └── syn v3.0.6 (*)
│   │   │   │   │   ├── servo-base v0.7.0 (https://github.com/servo/servo?rev=aac43a3f31a259f04a574f5ec4e959c943ad7cc7#aac43a3f) (*)
│   │   │   │   │   ├── servo-config v0.7.0 (https://github.com/servo/servo?rev=aac43a3f31a259f04a574f5ec4e959c943ad7cc7#aac43a3f) (*)
│   │   │   │   │   ├── servo-embedder-traits v0.7.0 (https://github.com/servo/servo?rev=aac43a3f31a259f04a574f5ec4e959c943ad7cc7#aac43a3f) (*)
│   │   │   │   │   ├── servo-hyper-serde v0.7.0 (https://github.com/servo/servo?rev=aac43a3f31a259f04a574f5ec4e959c943ad7cc7#aac43a3f) (*)
│   │   │   │   │   ├── servo-malloc-size-of v0.7.0 (https://github.com/servo/servo?rev=aac43a3f31a259f04a574f5ec4e959c943ad7cc7#aac43a3f) (*)
│   │   │   │   │   ├── servo-paint-api v0.7.0 (https://github.com/servo/servo?rev=aac43a3f31a259f04a574f5ec4e959c943ad7cc7#aac43a3f)
│   │   │   │   │   │   ├── bitflags v2.13.2 (*)
│   │   │   │   │   │   ├── crossbeam-channel v0.5.17 (*)
│   │   │   │   │   │   ├── dpi v0.1.2
│   │   │   │   │   │   ├── euclid v0.22.14 (*)
│   │   │   │   │   │   ├── gleam v0.15.1 (*)
│   │   │   │   │   │   ├── glow v0.17.0
│   │   │   │   │   │   ├── image v0.25.10 (*)
│   │   │   │   │   │   ├── log v0.4.34
│   │   │   │   │   │   ├── malloc_size_of_derive v0.1.3 (proc-macro) (*)
│   │   │   │   │   │   ├── parking_lot v0.12.5 (*)
│   │   │   │   │   │   ├── raw-window-handle v0.6.2
│   │   │   │   │   │   ├── rustc-hash v2.1.3
│   │   │   │   │   │   ├── serde v1.0.229 (*)
│   │   │   │   │   │   ├── serde_bytes v0.11.19 (*)
│   │   │   │   │   │   ├── servo-base v0.7.0 (https://github.com/servo/servo?rev=aac43a3f31a259f04a574f5ec4e959c943ad7cc7#aac43a3f) (*)
│   │   │   │   │   │   ├── servo-embedder-traits v0.7.0 (https://github.com/servo/servo?rev=aac43a3f31a259f04a574f5ec4e959c943ad7cc7#aac43a3f) (*)
│   │   │   │   │   │   ├── servo-geometry v0.7.0 (https://github.com/servo/servo?rev=aac43a3f31a259f04a574f5ec4e959c943ad7cc7#aac43a3f) (*)
│   │   │   │   │   │   ├── servo-malloc-size-of v0.7.0 (https://github.com/servo/servo?rev=aac43a3f31a259f04a574f5ec4e959c943ad7cc7#aac43a3f) (*)
│   │   │   │   │   │   ├── servo-profile-traits v0.7.0 (https://github.com/servo/servo?rev=aac43a3f31a259f04a574f5ec4e959c943ad7cc7#aac43a3f) (*)
│   │   │   │   │   │   ├── servo-tracing v0.7.0 (proc-macro) (https://github.com/servo/servo?rev=aac43a3f31a259f04a574f5ec4e959c943ad7cc7#aac43a3f)
│   │   │   │   │   │   │   ├── proc-macro2 v1.0.107 (*)
│   │   │   │   │   │   │   ├── quote v1.0.47 (*)
│   │   │   │   │   │   │   └── syn v2.0.119 (*)
│   │   │   │   │   │   ├── servo-url v0.7.0 (https://github.com/servo/servo?rev=aac43a3f31a259f04a574f5ec4e959c943ad7cc7#aac43a3f) (*)
│   │   │   │   │   │   ├── smallvec v1.16.1 (*)
│   │   │   │   │   │   ├── strum v0.28.0 (*)
│   │   │   │   │   │   ├── stylo v0.22.0 (*)
│   │   │   │   │   │   ├── stylo_traits v0.22.0 (*)
│   │   │   │   │   │   ├── surfman v0.14.0 (*)
│   │   │   │   │   │   └── webrender_api v0.70.0 (*)
│   │   │   │   │   ├── servo-pixels v0.7.0 (https://github.com/servo/servo?rev=aac43a3f31a259f04a574f5ec4e959c943ad7cc7#aac43a3f) (*)
│   │   │   │   │   ├── servo-profile-traits v0.7.0 (https://github.com/servo/servo?rev=aac43a3f31a259f04a574f5ec4e959c943ad7cc7#aac43a3f) (*)
│   │   │   │   │   ├── servo-url v0.7.0 (https://github.com/servo/servo?rev=aac43a3f31a259f04a574f5ec4e959c943ad7cc7#aac43a3f) (*)
│   │   │   │   │   ├── servo_arc v0.5.0 (*)
│   │   │   │   │   ├── sys-locale v0.3.2
│   │   │   │   │   ├── tokio v1.53.1 (*)
│   │   │   │   │   ├── url v2.5.8 (*)
│   │   │   │   │   ├── uuid v1.27.0 (*)
│   │   │   │   │   └── webrender_api v0.70.0 (*)
│   │   │   │   ├── servo-paint-api v0.7.0 (https://github.com/servo/servo?rev=aac43a3f31a259f04a574f5ec4e959c943ad7cc7#aac43a3f) (*)
│   │   │   │   ├── servo-profile-traits v0.7.0 (https://github.com/servo/servo?rev=aac43a3f31a259f04a574f5ec4e959c943ad7cc7#aac43a3f) (*)
│   │   │   │   ├── servo-tracing v0.7.0 (proc-macro) (https://github.com/servo/servo?rev=aac43a3f31a259f04a574f5ec4e959c943ad7cc7#aac43a3f) (*)
│   │   │   │   ├── servo-url v0.7.0 (https://github.com/servo/servo?rev=aac43a3f31a259f04a574f5ec4e959c943ad7cc7#aac43a3f) (*)
│   │   │   │   ├── servo_arc v0.5.0 (*)
│   │   │   │   ├── skrifa v0.46.2
│   │   │   │   │   ├── bytemuck v1.25.2 (*)
│   │   │   │   │   └── read-fonts v0.43.3 (*)
│   │   │   │   ├── smallvec v1.16.1 (*)
│   │   │   │   ├── stylo v0.22.0 (*)
│   │   │   │   ├── stylo_atoms v0.22.0 (*)
│   │   │   │   ├── unicode-properties v0.1.4
│   │   │   │   ├── unicode-script v0.5.8
│   │   │   │   ├── url v2.5.8 (*)
│   │   │   │   ├── uuid v1.27.0 (*)
│   │   │   │   ├── webrender_api v0.70.0 (*)
│   │   │   │   └── winapi v0.3.9
│   │   │   ├── servo-malloc-size-of v0.7.0 (https://github.com/servo/servo?rev=aac43a3f31a259f04a574f5ec4e959c943ad7cc7#aac43a3f) (*)
│   │   │   ├── servo-paint-api v0.7.0 (https://github.com/servo/servo?rev=aac43a3f31a259f04a574f5ec4e959c943ad7cc7#aac43a3f) (*)
│   │   │   ├── servo-pixels v0.7.0 (https://github.com/servo/servo?rev=aac43a3f31a259f04a574f5ec4e959c943ad7cc7#aac43a3f) (*)
│   │   │   ├── servo-profile-traits v0.7.0 (https://github.com/servo/servo?rev=aac43a3f31a259f04a574f5ec4e959c943ad7cc7#aac43a3f) (*)
│   │   │   ├── servo-tracing v0.7.0 (proc-macro) (https://github.com/servo/servo?rev=aac43a3f31a259f04a574f5ec4e959c943ad7cc7#aac43a3f) (*)
│   │   │   ├── stylo v0.22.0 (*)
│   │   │   ├── vello_cpu v0.2.0 (*)
│   │   │   └── webrender_api v0.70.0 (*)
│   │   ├── servo-canvas-traits v0.7.0 (https://github.com/servo/servo?rev=aac43a3f31a259f04a574f5ec4e959c943ad7cc7#aac43a3f) (*)
│   │   ├── servo-config v0.7.0 (https://github.com/servo/servo?rev=aac43a3f31a259f04a574f5ec4e959c943ad7cc7#aac43a3f) (*)
│   │   ├── servo-constellation-traits v0.7.0 (https://github.com/servo/servo?rev=aac43a3f31a259f04a574f5ec4e959c943ad7cc7#aac43a3f)
│   │   │   ├── accesskit v0.24.1 (*)
│   │   │   ├── base64 v0.23.1
│   │   │   ├── content-security-policy v0.9.0 (*)
│   │   │   ├── encoding_rs v0.8.41 (*)
│   │   │   ├── euclid v0.22.14 (*)
│   │   │   ├── http v1.5.0 (*)
│   │   │   ├── log v0.4.34
│   │   │   ├── malloc_size_of_derive v0.1.3 (proc-macro) (*)
│   │   │   ├── rustc-hash v2.1.3
│   │   │   ├── serde v1.0.229 (*)
│   │   │   ├── servo-base v0.7.0 (https://github.com/servo/servo?rev=aac43a3f31a259f04a574f5ec4e959c943ad7cc7#aac43a3f) (*)
│   │   │   ├── servo-canvas-traits v0.7.0 (https://github.com/servo/servo?rev=aac43a3f31a259f04a574f5ec4e959c943ad7cc7#aac43a3f) (*)
│   │   │   ├── servo-config v0.7.0 (https://github.com/servo/servo?rev=aac43a3f31a259f04a574f5ec4e959c943ad7cc7#aac43a3f) (*)
│   │   │   ├── servo-devtools-traits v0.7.0 (https://github.com/servo/servo?rev=aac43a3f31a259f04a574f5ec4e959c943ad7cc7#aac43a3f)
│   │   │   │   ├── bytes v1.12.1 (*)
│   │   │   │   ├── http v1.5.0 (*)
│   │   │   │   ├── malloc_size_of_derive v0.1.3 (proc-macro) (*)
│   │   │   │   ├── serde v1.0.229 (*)
│   │   │   │   ├── servo-base v0.7.0 (https://github.com/servo/servo?rev=aac43a3f31a259f04a574f5ec4e959c943ad7cc7#aac43a3f) (*)
│   │   │   │   ├── servo-embedder-traits v0.7.0 (https://github.com/servo/servo?rev=aac43a3f31a259f04a574f5ec4e959c943ad7cc7#aac43a3f) (*)
│   │   │   │   ├── servo-malloc-size-of v0.7.0 (https://github.com/servo/servo?rev=aac43a3f31a259f04a574f5ec4e959c943ad7cc7#aac43a3f) (*)
│   │   │   │   ├── servo-net-traits v0.7.0 (https://github.com/servo/servo?rev=aac43a3f31a259f04a574f5ec4e959c943ad7cc7#aac43a3f) (*)
│   │   │   │   ├── servo-profile-traits v0.7.0 (https://github.com/servo/servo?rev=aac43a3f31a259f04a574f5ec4e959c943ad7cc7#aac43a3f) (*)
│   │   │   │   ├── servo-url v0.7.0 (https://github.com/servo/servo?rev=aac43a3f31a259f04a574f5ec4e959c943ad7cc7#aac43a3f) (*)
│   │   │   │   └── uuid v1.27.0 (*)
│   │   │   ├── servo-embedder-traits v0.7.0 (https://github.com/servo/servo?rev=aac43a3f31a259f04a574f5ec4e959c943ad7cc7#aac43a3f) (*)
│   │   │   ├── servo-fonts-traits v0.7.0 (https://github.com/servo/servo?rev=aac43a3f31a259f04a574f5ec4e959c943ad7cc7#aac43a3f) (*)
│   │   │   ├── servo-hyper-serde v0.7.0 (https://github.com/servo/servo?rev=aac43a3f31a259f04a574f5ec4e959c943ad7cc7#aac43a3f) (*)
│   │   │   ├── servo-malloc-size-of v0.7.0 (https://github.com/servo/servo?rev=aac43a3f31a259f04a574f5ec4e959c943ad7cc7#aac43a3f) (*)
│   │   │   ├── servo-net-traits v0.7.0 (https://github.com/servo/servo?rev=aac43a3f31a259f04a574f5ec4e959c943ad7cc7#aac43a3f) (*)
│   │   │   ├── servo-paint-api v0.7.0 (https://github.com/servo/servo?rev=aac43a3f31a259f04a574f5ec4e959c943ad7cc7#aac43a3f) (*)
│   │   │   ├── servo-pixels v0.7.0 (https://github.com/servo/servo?rev=aac43a3f31a259f04a574f5ec4e959c943ad7cc7#aac43a3f) (*)
│   │   │   ├── servo-profile-traits v0.7.0 (https://github.com/servo/servo?rev=aac43a3f31a259f04a574f5ec4e959c943ad7cc7#aac43a3f) (*)
│   │   │   ├── servo-storage-traits v0.7.0 (https://github.com/servo/servo?rev=aac43a3f31a259f04a574f5ec4e959c943ad7cc7#aac43a3f)
│   │   │   │   ├── malloc_size_of_derive v0.1.3 (proc-macro) (*)
│   │   │   │   ├── serde v1.0.229 (*)
│   │   │   │   ├── servo-base v0.7.0 (https://github.com/servo/servo?rev=aac43a3f31a259f04a574f5ec4e959c943ad7cc7#aac43a3f) (*)
│   │   │   │   ├── servo-malloc-size-of v0.7.0 (https://github.com/servo/servo?rev=aac43a3f31a259f04a574f5ec4e959c943ad7cc7#aac43a3f) (*)
│   │   │   │   ├── servo-profile-traits v0.7.0 (https://github.com/servo/servo?rev=aac43a3f31a259f04a574f5ec4e959c943ad7cc7#aac43a3f) (*)
│   │   │   │   ├── servo-url v0.7.0 (https://github.com/servo/servo?rev=aac43a3f31a259f04a574f5ec4e959c943ad7cc7#aac43a3f) (*)
│   │   │   │   └── uuid v1.27.0 (*)
│   │   │   ├── servo-url v0.7.0 (https://github.com/servo/servo?rev=aac43a3f31a259f04a574f5ec4e959c943ad7cc7#aac43a3f) (*)
│   │   │   ├── strum v0.28.0 (*)
│   │   │   ├── uuid v1.27.0 (*)
│   │   │   ├── webrender_api v0.70.0 (*)
│   │   │   └── zeroize v1.9.0 (*)
│   │   ├── servo-devtools-traits v0.7.0 (https://github.com/servo/servo?rev=aac43a3f31a259f04a574f5ec4e959c943ad7cc7#aac43a3f) (*)
│   │   ├── servo-embedder-traits v0.7.0 (https://github.com/servo/servo?rev=aac43a3f31a259f04a574f5ec4e959c943ad7cc7#aac43a3f) (*)
│   │   ├── servo-fonts v0.7.0 (https://github.com/servo/servo?rev=aac43a3f31a259f04a574f5ec4e959c943ad7cc7#aac43a3f) (*)
│   │   ├── servo-layout-api v0.7.0 (https://github.com/servo/servo?rev=aac43a3f31a259f04a574f5ec4e959c943ad7cc7#aac43a3f)
│   │   │   ├── accesskit v0.24.1 (*)
│   │   │   ├── app_units v0.7.8 (*)
│   │   │   ├── atomic_refcell v0.1.14
│   │   │   ├── bitflags v2.13.2 (*)
│   │   │   ├── euclid v0.22.14 (*)
│   │   │   ├── html5ever v0.40.1
│   │   │   │   ├── log v0.4.34
│   │   │   │   ├── markup5ever v0.40.0 (*)
│   │   │   │   └── memchr v2.8.3
│   │   │   ├── libc v0.2.189
│   │   │   ├── malloc_size_of_derive v0.1.3 (proc-macro) (*)
│   │   │   ├── parking_lot v0.12.5 (*)
│   │   │   ├── rustc-hash v2.1.3
│   │   │   ├── selectors v0.41.0 (*)
│   │   │   ├── serde v1.0.229 (*)
│   │   │   ├── servo-background-hang-monitor-api v0.7.0 (https://github.com/servo/servo?rev=aac43a3f31a259f04a574f5ec4e959c943ad7cc7#aac43a3f) (*)
│   │   │   ├── servo-base v0.7.0 (https://github.com/servo/servo?rev=aac43a3f31a259f04a574f5ec4e959c943ad7cc7#aac43a3f) (*)
│   │   │   ├── servo-embedder-traits v0.7.0 (https://github.com/servo/servo?rev=aac43a3f31a259f04a574f5ec4e959c943ad7cc7#aac43a3f) (*)
│   │   │   ├── servo-fonts v0.7.0 (https://github.com/servo/servo?rev=aac43a3f31a259f04a574f5ec4e959c943ad7cc7#aac43a3f) (*)
│   │   │   ├── servo-malloc-size-of v0.7.0 (https://github.com/servo/servo?rev=aac43a3f31a259f04a574f5ec4e959c943ad7cc7#aac43a3f) (*)
│   │   │   ├── servo-net-traits v0.7.0 (https://github.com/servo/servo?rev=aac43a3f31a259f04a574f5ec4e959c943ad7cc7#aac43a3f) (*)
│   │   │   ├── servo-paint-api v0.7.0 (https://github.com/servo/servo?rev=aac43a3f31a259f04a574f5ec4e959c943ad7cc7#aac43a3f) (*)
│   │   │   ├── servo-pixels v0.7.0 (https://github.com/servo/servo?rev=aac43a3f31a259f04a574f5ec4e959c943ad7cc7#aac43a3f) (*)
│   │   │   ├── servo-profile-traits v0.7.0 (https://github.com/servo/servo?rev=aac43a3f31a259f04a574f5ec4e959c943ad7cc7#aac43a3f) (*)
│   │   │   ├── servo-script-traits v0.7.0 (https://github.com/servo/servo?rev=aac43a3f31a259f04a574f5ec4e959c943ad7cc7#aac43a3f)
│   │   │   │   ├── accesskit v0.24.1 (*)
│   │   │   │   ├── bitflags v2.13.2 (*)
│   │   │   │   ├── crossbeam-channel v0.5.17 (*)
│   │   │   │   ├── euclid v0.22.14 (*)
│   │   │   │   ├── keyboard-types v0.8.3 (*)
│   │   │   │   ├── malloc_size_of_derive v0.1.3 (proc-macro) (*)
│   │   │   │   ├── rustc-hash v2.1.3
│   │   │   │   ├── serde v1.0.229 (*)
│   │   │   │   ├── servo-base v0.7.0 (https://github.com/servo/servo?rev=aac43a3f31a259f04a574f5ec4e959c943ad7cc7#aac43a3f) (*)
│   │   │   │   ├── servo-canvas-traits v0.7.0 (https://github.com/servo/servo?rev=aac43a3f31a259f04a574f5ec4e959c943ad7cc7#aac43a3f) (*)
│   │   │   │   ├── servo-config v0.7.0 (https://github.com/servo/servo?rev=aac43a3f31a259f04a574f5ec4e959c943ad7cc7#aac43a3f) (*)
│   │   │   │   ├── servo-constellation-traits v0.7.0 (https://github.com/servo/servo?rev=aac43a3f31a259f04a574f5ec4e959c943ad7cc7#aac43a3f) (*)
│   │   │   │   ├── servo-devtools-traits v0.7.0 (https://github.com/servo/servo?rev=aac43a3f31a259f04a574f5ec4e959c943ad7cc7#aac43a3f) (*)
│   │   │   │   ├── servo-embedder-traits v0.7.0 (https://github.com/servo/servo?rev=aac43a3f31a259f04a574f5ec4e959c943ad7cc7#aac43a3f) (*)
│   │   │   │   ├── servo-fonts-traits v0.7.0 (https://github.com/servo/servo?rev=aac43a3f31a259f04a574f5ec4e959c943ad7cc7#aac43a3f) (*)
│   │   │   │   ├── servo-malloc-size-of v0.7.0 (https://github.com/servo/servo?rev=aac43a3f31a259f04a574f5ec4e959c943ad7cc7#aac43a3f) (*)
│   │   │   │   ├── servo-media-thread v0.7.0 (https://github.com/servo/servo?rev=aac43a3f31a259f04a574f5ec4e959c943ad7cc7#aac43a3f)
│   │   │   │   │   ├── euclid v0.22.14 (*)
│   │   │   │   │   ├── ipc-channel v0.23.0 (*)
│   │   │   │   │   ├── log v0.4.34
│   │   │   │   │   ├── malloc_size_of_derive v0.1.3 (proc-macro) (*)
│   │   │   │   │   ├── rustc-hash v2.1.3
│   │   │   │   │   ├── serde v1.0.229 (*)
│   │   │   │   │   ├── servo-base v0.7.0 (https://github.com/servo/servo?rev=aac43a3f31a259f04a574f5ec4e959c943ad7cc7#aac43a3f) (*)
│   │   │   │   │   ├── servo-config v0.7.0 (https://github.com/servo/servo?rev=aac43a3f31a259f04a574f5ec4e959c943ad7cc7#aac43a3f) (*)
│   │   │   │   │   ├── servo-malloc-size-of v0.7.0 (https://github.com/servo/servo?rev=aac43a3f31a259f04a574f5ec4e959c943ad7cc7#aac43a3f) (*)
│   │   │   │   │   ├── servo-media v0.7.0 (https://github.com/servo/servo?rev=aac43a3f31a259f04a574f5ec4e959c943ad7cc7#aac43a3f)
│   │   │   │   │   │   ├── servo-base v0.7.0 (https://github.com/servo/servo?rev=aac43a3f31a259f04a574f5ec4e959c943ad7cc7#aac43a3f) (*)
│   │   │   │   │   │   ├── servo-media-audio v0.7.0 (https://github.com/servo/servo?rev=aac43a3f31a259f04a574f5ec4e959c943ad7cc7#aac43a3f)
│   │   │   │   │   │   │   ├── byte-slice-cast v1.2.3
│   │   │   │   │   │   │   ├── euclid v0.22.14 (*)
│   │   │   │   │   │   │   ├── log v0.4.34
│   │   │   │   │   │   │   ├── malloc_size_of_derive v0.1.3 (proc-macro) (*)
│   │   │   │   │   │   │   ├── num-complex v0.4.6 (*)
│   │   │   │   │   │   │   ├── num-traits v0.2.19 (*)
│   │   │   │   │   │   │   ├── petgraph v0.8.3 (*)
│   │   │   │   │   │   │   ├── realfft v3.5.0 (*)
│   │   │   │   │   │   │   ├── rustc-hash v2.1.3
│   │   │   │   │   │   │   ├── serde v1.0.229 (*)
│   │   │   │   │   │   │   ├── servo-base v0.7.0 (https://github.com/servo/servo?rev=aac43a3f31a259f04a574f5ec4e959c943ad7cc7#aac43a3f) (*)
│   │   │   │   │   │   │   ├── servo-malloc-size-of v0.7.0 (https://github.com/servo/servo?rev=aac43a3f31a259f04a574f5ec4e959c943ad7cc7#aac43a3f) (*)
│   │   │   │   │   │   │   ├── servo-media-derive v0.7.0 (proc-macro) (https://github.com/servo/servo?rev=aac43a3f31a259f04a574f5ec4e959c943ad7cc7#aac43a3f)
│   │   │   │   │   │   │   │   ├── proc-macro2 v1.0.107 (*)
│   │   │   │   │   │   │   │   ├── quote v1.0.47 (*)
│   │   │   │   │   │   │   │   └── syn v2.0.119 (*)
│   │   │   │   │   │   │   ├── servo-media-player v0.7.0 (https://github.com/servo/servo?rev=aac43a3f31a259f04a574f5ec4e959c943ad7cc7#aac43a3f)
│   │   │   │   │   │   │   │   ├── malloc_size_of_derive v0.1.3 (proc-macro) (*)
│   │   │   │   │   │   │   │   ├── serde v1.0.229 (*)
│   │   │   │   │   │   │   │   ├── servo-base v0.7.0 (https://github.com/servo/servo?rev=aac43a3f31a259f04a574f5ec4e959c943ad7cc7#aac43a3f) (*)
│   │   │   │   │   │   │   │   ├── servo-malloc-size-of v0.7.0 (https://github.com/servo/servo?rev=aac43a3f31a259f04a574f5ec4e959c943ad7cc7#aac43a3f) (*)
│   │   │   │   │   │   │   │   ├── servo-media-streams v0.7.0 (https://github.com/servo/servo?rev=aac43a3f31a259f04a574f5ec4e959c943ad7cc7#aac43a3f)
│   │   │   │   │   │   │   │   │   ├── malloc_size_of_derive v0.1.3 (proc-macro) (*)
│   │   │   │   │   │   │   │   │   ├── servo-malloc-size-of v0.7.0 (https://github.com/servo/servo?rev=aac43a3f31a259f04a574f5ec4e959c943ad7cc7#aac43a3f) (*)
│   │   │   │   │   │   │   │   │   └── uuid v1.27.0 (*)
│   │   │   │   │   │   │   │   └── servo-media-traits v0.7.0 (https://github.com/servo/servo?rev=aac43a3f31a259f04a574f5ec4e959c943ad7cc7#aac43a3f)
│   │   │   │   │   │   │   │       ├── malloc_size_of_derive v0.1.3 (proc-macro) (*)
│   │   │   │   │   │   │   │       └── servo-malloc-size-of v0.7.0 (https://github.com/servo/servo?rev=aac43a3f31a259f04a574f5ec4e959c943ad7cc7#aac43a3f) (*)
│   │   │   │   │   │   │   ├── servo-media-streams v0.7.0 (https://github.com/servo/servo?rev=aac43a3f31a259f04a574f5ec4e959c943ad7cc7#aac43a3f) (*)
│   │   │   │   │   │   │   ├── servo-media-traits v0.7.0 (https://github.com/servo/servo?rev=aac43a3f31a259f04a574f5ec4e959c943ad7cc7#aac43a3f) (*)
│   │   │   │   │   │   │   ├── smallvec v1.16.1 (*)
│   │   │   │   │   │   │   └── speexdsp-resampler v0.1.0
│   │   │   │   │   │   ├── servo-media-player v0.7.0 (https://github.com/servo/servo?rev=aac43a3f31a259f04a574f5ec4e959c943ad7cc7#aac43a3f) (*)
│   │   │   │   │   │   ├── servo-media-streams v0.7.0 (https://github.com/servo/servo?rev=aac43a3f31a259f04a574f5ec4e959c943ad7cc7#aac43a3f) (*)
│   │   │   │   │   │   ├── servo-media-traits v0.7.0 (https://github.com/servo/servo?rev=aac43a3f31a259f04a574f5ec4e959c943ad7cc7#aac43a3f) (*)
│   │   │   │   │   │   └── servo-media-webrtc v0.7.0 (https://github.com/servo/servo?rev=aac43a3f31a259f04a574f5ec4e959c943ad7cc7#aac43a3f)
│   │   │   │   │   │       ├── log v0.4.34
│   │   │   │   │   │       ├── servo-media-streams v0.7.0 (https://github.com/servo/servo?rev=aac43a3f31a259f04a574f5ec4e959c943ad7cc7#aac43a3f) (*)
│   │   │   │   │   │       └── uuid v1.27.0 (*)
│   │   │   │   │   ├── servo-paint-api v0.7.0 (https://github.com/servo/servo?rev=aac43a3f31a259f04a574f5ec4e959c943ad7cc7#aac43a3f) (*)
│   │   │   │   │   └── webrender_api v0.70.0 (*)
│   │   │   │   ├── servo-net-traits v0.7.0 (https://github.com/servo/servo?rev=aac43a3f31a259f04a574f5ec4e959c943ad7cc7#aac43a3f) (*)
│   │   │   │   ├── servo-paint-api v0.7.0 (https://github.com/servo/servo?rev=aac43a3f31a259f04a574f5ec4e959c943ad7cc7#aac43a3f) (*)
│   │   │   │   ├── servo-pixels v0.7.0 (https://github.com/servo/servo?rev=aac43a3f31a259f04a574f5ec4e959c943ad7cc7#aac43a3f) (*)
│   │   │   │   ├── servo-profile-traits v0.7.0 (https://github.com/servo/servo?rev=aac43a3f31a259f04a574f5ec4e959c943ad7cc7#aac43a3f) (*)
│   │   │   │   ├── servo-storage-traits v0.7.0 (https://github.com/servo/servo?rev=aac43a3f31a259f04a574f5ec4e959c943ad7cc7#aac43a3f) (*)
│   │   │   │   ├── servo-url v0.7.0 (https://github.com/servo/servo?rev=aac43a3f31a259f04a574f5ec4e959c943ad7cc7#aac43a3f) (*)
│   │   │   │   ├── servo-webxr-api v0.7.0 (https://github.com/servo/servo?rev=aac43a3f31a259f04a574f5ec4e959c943ad7cc7#aac43a3f) (*)
│   │   │   │   ├── strum v0.28.0 (*)
│   │   │   │   ├── stylo_atoms v0.22.0 (*)
│   │   │   │   ├── stylo_traits v0.22.0 (*)
│   │   │   │   └── webrender_api v0.70.0 (*)
│   │   │   ├── servo-url v0.7.0 (https://github.com/servo/servo?rev=aac43a3f31a259f04a574f5ec4e959c943ad7cc7#aac43a3f) (*)
│   │   │   ├── servo_arc v0.5.0 (*)
│   │   │   ├── stylo v0.22.0 (*)
│   │   │   ├── stylo_traits v0.22.0 (*)
│   │   │   ├── uuid v1.27.0 (*)
│   │   │   └── webrender_api v0.70.0 (*)
│   │   ├── servo-media-thread v0.7.0 (https://github.com/servo/servo?rev=aac43a3f31a259f04a574f5ec4e959c943ad7cc7#aac43a3f) (*)
│   │   ├── servo-net v0.7.0 (https://github.com/servo/servo?rev=aac43a3f31a259f04a574f5ec4e959c943ad7cc7#aac43a3f)
│   │   │   ├── async-compression v0.4.48 (*)
│   │   │   ├── async-recursion v1.1.1 (proc-macro)
│   │   │   │   ├── proc-macro2 v1.0.107 (*)
│   │   │   │   ├── quote v1.0.47 (*)
│   │   │   │   └── syn v2.0.119 (*)
│   │   │   ├── async-tungstenite v0.35.0
│   │   │   │   ├── atomic-waker v1.1.2
│   │   │   │   ├── futures-core v0.3.34
│   │   │   │   ├── futures-io v0.3.34
│   │   │   │   ├── futures-task v0.3.34
│   │   │   │   ├── futures-util v0.3.34 (*)
│   │   │   │   ├── log v0.4.34
│   │   │   │   ├── pin-project-lite v0.2.17
│   │   │   │   ├── rustls-pki-types v1.15.1 (*)
│   │   │   │   ├── tokio v1.53.1 (*)
│   │   │   │   ├── tokio-rustls v0.26.5 (*)
│   │   │   │   ├── tungstenite v0.30.0
│   │   │   │   │   ├── bytes v1.12.1 (*)
│   │   │   │   │   ├── data-encoding v2.11.1
│   │   │   │   │   ├── http v1.5.0 (*)
│   │   │   │   │   ├── httparse v1.10.1
│   │   │   │   │   ├── log v0.4.34
│   │   │   │   │   ├── rand v0.10.3 (*)
│   │   │   │   │   ├── rustls v0.23.45 (*)
│   │   │   │   │   ├── rustls-pki-types v1.15.1 (*)
│   │   │   │   │   ├── sha1 v0.11.0 (*)
│   │   │   │   │   └── thiserror v2.0.20 (*)
│   │   │   │   └── webpki-roots v1.0.9 (*)
│   │   │   ├── aws-lc-rs v1.18.1 (*)
│   │   │   ├── base64 v0.23.1
│   │   │   ├── bytes v1.12.1 (*)
│   │   │   ├── chrono v0.4.45 (*)
│   │   │   ├── content-security-policy v0.9.0 (*)
│   │   │   ├── cookie v0.18.2 (*)
│   │   │   ├── crossbeam-channel v0.5.17 (*)
│   │   │   ├── data-url v0.3.2
│   │   │   ├── fst v0.4.7
│   │   │   ├── futures v0.3.34 (*)
│   │   │   ├── futures-core v0.3.34
│   │   │   ├── futures-util v0.3.34 (*)
│   │   │   ├── headers v0.4.2 (*)
│   │   │   ├── http v1.5.0 (*)
│   │   │   ├── http-body-util v0.1.5 (*)
│   │   │   ├── hyper v1.11.1 (*)
│   │   │   ├── hyper-rustls v0.27.9 (*)
│   │   │   ├── hyper-util v0.1.20 (*)
│   │   │   ├── imsz v0.4.1
│   │   │   ├── ipc-channel v0.23.0 (*)
│   │   │   ├── itertools v0.15.0 (*)
│   │   │   ├── log v0.4.34
│   │   │   ├── malloc_size_of_derive v0.1.3 (proc-macro) (*)
│   │   │   ├── mime v0.3.17
│   │   │   ├── mime_guess v2.0.5 (*)
│   │   │   ├── nom v8.0.0 (*)
│   │   │   ├── parking_lot v0.12.5 (*)
│   │   │   ├── postcard v1.1.3 (*)
│   │   │   ├── quick_cache v0.7.0
│   │   │   │   ├── equivalent v1.0.2
│   │   │   │   ├── foldhash v0.2.0
│   │   │   │   └── hashbrown v0.17.1 (*)
│   │   │   ├── rand v0.10.3 (*)
│   │   │   ├── regex v1.13.1 (*)
│   │   │   ├── resvg v0.48.1 (*)
│   │   │   ├── rusqlite v0.38.0
│   │   │   │   ├── bitflags v2.13.2 (*)
│   │   │   │   ├── fallible-iterator v0.3.0
│   │   │   │   ├── fallible-streaming-iterator v0.1.9
│   │   │   │   ├── hashlink v0.11.1
│   │   │   │   │   └── hashbrown v0.16.1 (*)
│   │   │   │   ├── libsqlite3-sys v0.36.0
│   │   │   │   │   [build-dependencies]
│   │   │   │   │   ├── cc v1.6.0 (*)
│   │   │   │   │   ├── pkg-config v0.3.34
│   │   │   │   │   └── vcpkg v0.2.15
│   │   │   │   └── smallvec v1.16.1 (*)
│   │   │   ├── rustc-hash v2.1.3
│   │   │   ├── rustls v0.23.45 (*)
│   │   │   ├── rustls-pki-types v1.15.1 (*)
│   │   │   ├── rustls-platform-verifier v0.7.0 (*)
│   │   │   ├── sea-query v1.0.2
│   │   │   │   └── sea-query-derive v1.0.0 (proc-macro)
│   │   │   │       ├── darling v0.20.11 (*)
│   │   │   │       ├── heck v0.4.1
│   │   │   │       ├── proc-macro2 v1.0.107 (*)
│   │   │   │       ├── quote v1.0.47 (*)
│   │   │   │       ├── syn v2.0.119 (*)
│   │   │   │       └── thiserror v2.0.20 (*)
│   │   │   ├── sea-query-rusqlite v0.8.0
│   │   │   │   ├── rusqlite v0.38.0 (*)
│   │   │   │   └── sea-query v1.0.2 (*)
│   │   │   ├── serde v1.0.229 (*)
│   │   │   ├── servo-base v0.7.0 (https://github.com/servo/servo?rev=aac43a3f31a259f04a574f5ec4e959c943ad7cc7#aac43a3f) (*)
│   │   │   ├── servo-config v0.7.0 (https://github.com/servo/servo?rev=aac43a3f31a259f04a574f5ec4e959c943ad7cc7#aac43a3f) (*)
│   │   │   ├── servo-devtools-traits v0.7.0 (https://github.com/servo/servo?rev=aac43a3f31a259f04a574f5ec4e959c943ad7cc7#aac43a3f) (*)
│   │   │   ├── servo-embedder-traits v0.7.0 (https://github.com/servo/servo?rev=aac43a3f31a259f04a574f5ec4e959c943ad7cc7#aac43a3f) (*)
│   │   │   ├── servo-fonts v0.7.0 (https://github.com/servo/servo?rev=aac43a3f31a259f04a574f5ec4e959c943ad7cc7#aac43a3f) (*)
│   │   │   ├── servo-hyper-serde v0.7.0 (https://github.com/servo/servo?rev=aac43a3f31a259f04a574f5ec4e959c943ad7cc7#aac43a3f) (*)
│   │   │   ├── servo-malloc-size-of v0.7.0 (https://github.com/servo/servo?rev=aac43a3f31a259f04a574f5ec4e959c943ad7cc7#aac43a3f) (*)
│   │   │   ├── servo-net-traits v0.7.0 (https://github.com/servo/servo?rev=aac43a3f31a259f04a574f5ec4e959c943ad7cc7#aac43a3f) (*)
│   │   │   ├── servo-paint-api v0.7.0 (https://github.com/servo/servo?rev=aac43a3f31a259f04a574f5ec4e959c943ad7cc7#aac43a3f) (*)
│   │   │   ├── servo-pixels v0.7.0 (https://github.com/servo/servo?rev=aac43a3f31a259f04a574f5ec4e959c943ad7cc7#aac43a3f) (*)
│   │   │   ├── servo-profile-traits v0.7.0 (https://github.com/servo/servo?rev=aac43a3f31a259f04a574f5ec4e959c943ad7cc7#aac43a3f) (*)
│   │   │   ├── servo-tracing v0.7.0 (proc-macro) (https://github.com/servo/servo?rev=aac43a3f31a259f04a574f5ec4e959c943ad7cc7#aac43a3f) (*)
│   │   │   ├── servo-url v0.7.0 (https://github.com/servo/servo?rev=aac43a3f31a259f04a574f5ec4e959c943ad7cc7#aac43a3f) (*)
│   │   │   ├── servo_arc v0.5.0 (*)
│   │   │   ├── smallvec v1.16.1 (*)
│   │   │   ├── tempfile v3.27.0 (*)
│   │   │   ├── time v0.3.55 (*)
│   │   │   ├── tokio v1.53.1 (*)
│   │   │   ├── tokio-rustls v0.26.5 (*)
│   │   │   ├── tokio-stream v0.1.19 (*)
│   │   │   ├── tokio-util v0.7.19 (*)
│   │   │   ├── tower v0.5.3 (*)
│   │   │   ├── tungstenite v0.30.0 (*)
│   │   │   ├── url v2.5.8 (*)
│   │   │   ├── uuid v1.27.0 (*)
│   │   │   ├── webpki-roots v1.0.9 (*)
│   │   │   └── webrender_api v0.70.0 (*)
│   │   ├── servo-net-traits v0.7.0 (https://github.com/servo/servo?rev=aac43a3f31a259f04a574f5ec4e959c943ad7cc7#aac43a3f) (*)
│   │   ├── servo-paint-api v0.7.0 (https://github.com/servo/servo?rev=aac43a3f31a259f04a574f5ec4e959c943ad7cc7#aac43a3f) (*)
│   │   ├── servo-profile-traits v0.7.0 (https://github.com/servo/servo?rev=aac43a3f31a259f04a574f5ec4e959c943ad7cc7#aac43a3f) (*)
│   │   ├── servo-script-traits v0.7.0 (https://github.com/servo/servo?rev=aac43a3f31a259f04a574f5ec4e959c943ad7cc7#aac43a3f) (*)
│   │   ├── servo-storage-traits v0.7.0 (https://github.com/servo/servo?rev=aac43a3f31a259f04a574f5ec4e959c943ad7cc7#aac43a3f) (*)
│   │   ├── servo-tracing v0.7.0 (proc-macro) (https://github.com/servo/servo?rev=aac43a3f31a259f04a574f5ec4e959c943ad7cc7#aac43a3f) (*)
│   │   ├── servo-url v0.7.0 (https://github.com/servo/servo?rev=aac43a3f31a259f04a574f5ec4e959c943ad7cc7#aac43a3f) (*)
│   │   ├── servo-webxr-api v0.7.0 (https://github.com/servo/servo?rev=aac43a3f31a259f04a574f5ec4e959c943ad7cc7#aac43a3f) (*)
│   │   ├── stylo v0.22.0 (*)
│   │   └── stylo_traits v0.22.0 (*)
│   ├── servo-constellation-traits v0.7.0 (https://github.com/servo/servo?rev=aac43a3f31a259f04a574f5ec4e959c943ad7cc7#aac43a3f) (*)
│   ├── servo-default-resources v0.7.0 (https://github.com/servo/servo?rev=aac43a3f31a259f04a574f5ec4e959c943ad7cc7#aac43a3f)
│   │   └── servo-embedder-traits v0.7.0 (https://github.com/servo/servo?rev=aac43a3f31a259f04a574f5ec4e959c943ad7cc7#aac43a3f) (*)
│   ├── servo-devtools v0.7.0 (https://github.com/servo/servo?rev=aac43a3f31a259f04a574f5ec4e959c943ad7cc7#aac43a3f)
│   │   ├── atomic_refcell v0.1.14
│   │   ├── base64 v0.23.1
│   │   ├── chrono v0.4.45 (*)
│   │   ├── crossbeam-channel v0.5.17 (*)
│   │   ├── headers v0.4.2 (*)
│   │   ├── http v1.5.0 (*)
│   │   ├── log v0.4.34
│   │   ├── malloc_size_of_derive v0.1.3 (proc-macro) (*)
│   │   ├── parking_lot v0.12.5 (*)
│   │   ├── rand v0.10.3 (*)
│   │   ├── rustc-hash v2.1.3
│   │   ├── serde v1.0.229 (*)
│   │   ├── serde_json v1.0.151 (*)
│   │   ├── servo-base v0.7.0 (https://github.com/servo/servo?rev=aac43a3f31a259f04a574f5ec4e959c943ad7cc7#aac43a3f) (*)
│   │   ├── servo-config v0.7.0 (https://github.com/servo/servo?rev=aac43a3f31a259f04a574f5ec4e959c943ad7cc7#aac43a3f) (*)
│   │   ├── servo-devtools-traits v0.7.0 (https://github.com/servo/servo?rev=aac43a3f31a259f04a574f5ec4e959c943ad7cc7#aac43a3f) (*)
│   │   ├── servo-embedder-traits v0.7.0 (https://github.com/servo/servo?rev=aac43a3f31a259f04a574f5ec4e959c943ad7cc7#aac43a3f) (*)
│   │   ├── servo-malloc-size-of v0.7.0 (https://github.com/servo/servo?rev=aac43a3f31a259f04a574f5ec4e959c943ad7cc7#aac43a3f) (*)
│   │   ├── servo-net v0.7.0 (https://github.com/servo/servo?rev=aac43a3f31a259f04a574f5ec4e959c943ad7cc7#aac43a3f) (*)
│   │   ├── servo-net-traits v0.7.0 (https://github.com/servo/servo?rev=aac43a3f31a259f04a574f5ec4e959c943ad7cc7#aac43a3f) (*)
│   │   ├── servo-profile-traits v0.7.0 (https://github.com/servo/servo?rev=aac43a3f31a259f04a574f5ec4e959c943ad7cc7#aac43a3f) (*)
│   │   ├── servo-url v0.7.0 (https://github.com/servo/servo?rev=aac43a3f31a259f04a574f5ec4e959c943ad7cc7#aac43a3f) (*)
│   │   └── uuid v1.27.0 (*)
│   │   [build-dependencies]
│   │   └── chrono v0.4.45 (*)
│   ├── servo-devtools-traits v0.7.0 (https://github.com/servo/servo?rev=aac43a3f31a259f04a574f5ec4e959c943ad7cc7#aac43a3f) (*)
│   ├── servo-embedder-traits v0.7.0 (https://github.com/servo/servo?rev=aac43a3f31a259f04a574f5ec4e959c943ad7cc7#aac43a3f) (*)
│   ├── servo-fonts v0.7.0 (https://github.com/servo/servo?rev=aac43a3f31a259f04a574f5ec4e959c943ad7cc7#aac43a3f) (*)
│   ├── servo-geometry v0.7.0 (https://github.com/servo/servo?rev=aac43a3f31a259f04a574f5ec4e959c943ad7cc7#aac43a3f) (*)
│   ├── servo-layout v0.7.0 (https://github.com/servo/servo?rev=aac43a3f31a259f04a574f5ec4e959c943ad7cc7#aac43a3f)
│   │   ├── accesskit v0.24.1 (*)
│   │   ├── app_units v0.7.8 (*)
│   │   ├── arrayvec v0.7.8
│   │   ├── atomic_refcell v0.1.14
│   │   ├── bitflags v2.13.2 (*)
│   │   ├── data-url v0.3.2
│   │   ├── euclid v0.22.14 (*)
│   │   ├── icu_locale_core v2.3.0 (*)
│   │   ├── icu_properties v2.3.0 (*)
│   │   ├── icu_segmenter v2.3.0 (*)
│   │   ├── itertools v0.15.0 (*)
│   │   ├── kurbo v0.13.1 (*)
│   │   ├── log v0.4.34
│   │   ├── malloc_size_of_derive v0.1.3 (proc-macro) (*)
│   │   ├── num-derive v0.4.2 (proc-macro) (*)
│   │   ├── num-traits v0.2.19 (*)
│   │   ├── once_cell v1.21.4 (*)
│   │   ├── parking_lot v0.12.5 (*)
│   │   ├── phf v0.14.0 (*)
│   │   ├── rayon v1.12.0 (*)
│   │   ├── rustc-hash v2.1.3
│   │   ├── selectors v0.41.0 (*)
│   │   ├── serde v1.0.229 (*)
│   │   ├── servo-base v0.7.0 (https://github.com/servo/servo?rev=aac43a3f31a259f04a574f5ec4e959c943ad7cc7#aac43a3f) (*)
│   │   ├── servo-config v0.7.0 (https://github.com/servo/servo?rev=aac43a3f31a259f04a574f5ec4e959c943ad7cc7#aac43a3f) (*)
│   │   ├── servo-embedder-traits v0.7.0 (https://github.com/servo/servo?rev=aac43a3f31a259f04a574f5ec4e959c943ad7cc7#aac43a3f) (*)
│   │   ├── servo-fonts v0.7.0 (https://github.com/servo/servo?rev=aac43a3f31a259f04a574f5ec4e959c943ad7cc7#aac43a3f) (*)
│   │   ├── servo-fonts-traits v0.7.0 (https://github.com/servo/servo?rev=aac43a3f31a259f04a574f5ec4e959c943ad7cc7#aac43a3f) (*)
│   │   ├── servo-geometry v0.7.0 (https://github.com/servo/servo?rev=aac43a3f31a259f04a574f5ec4e959c943ad7cc7#aac43a3f) (*)
│   │   ├── servo-layout-api v0.7.0 (https://github.com/servo/servo?rev=aac43a3f31a259f04a574f5ec4e959c943ad7cc7#aac43a3f) (*)
│   │   ├── servo-malloc-size-of v0.7.0 (https://github.com/servo/servo?rev=aac43a3f31a259f04a574f5ec4e959c943ad7cc7#aac43a3f) (*)
│   │   ├── servo-net-traits v0.7.0 (https://github.com/servo/servo?rev=aac43a3f31a259f04a574f5ec4e959c943ad7cc7#aac43a3f) (*)
│   │   ├── servo-paint-api v0.7.0 (https://github.com/servo/servo?rev=aac43a3f31a259f04a574f5ec4e959c943ad7cc7#aac43a3f) (*)
│   │   ├── servo-pixels v0.7.0 (https://github.com/servo/servo?rev=aac43a3f31a259f04a574f5ec4e959c943ad7cc7#aac43a3f) (*)
│   │   ├── servo-profile-traits v0.7.0 (https://github.com/servo/servo?rev=aac43a3f31a259f04a574f5ec4e959c943ad7cc7#aac43a3f) (*)
│   │   ├── servo-script v0.7.0 (https://github.com/servo/servo?rev=aac43a3f31a259f04a574f5ec4e959c943ad7cc7#aac43a3f)
│   │   │   ├── accesskit v0.24.1 (*)
│   │   │   ├── app_units v0.7.8 (*)
│   │   │   ├── arrayvec v0.7.8
│   │   │   ├── atomic_refcell v0.1.14
│   │   │   ├── aws-lc-rs v1.18.1 (*)
│   │   │   ├── backtrace v0.3.76 (*)
│   │   │   ├── base64 v0.23.1
│   │   │   ├── base64ct v1.8.3
│   │   │   ├── bitflags v2.13.2 (*)
│   │   │   ├── buf-read-ext v0.4.0
│   │   │   ├── bytes v1.12.1 (*)
│   │   │   ├── chardetng v1.0.0
│   │   │   │   ├── cfg-if v1.0.5
│   │   │   │   ├── encoding_rs v0.8.41 (*)
│   │   │   │   └── memchr v2.8.3
│   │   │   ├── chrono v0.4.45 (*)
│   │   │   ├── content-security-policy v0.9.0 (*)
│   │   │   ├── cookie v0.18.2 (*)
│   │   │   ├── crossbeam-channel v0.5.17 (*)
│   │   │   ├── crypto-bigint v0.7.5
│   │   │   │   ├── cpubits v0.1.1
│   │   │   │   ├── ctutils v0.4.2 (*)
│   │   │   │   ├── num-traits v0.2.19 (*)
│   │   │   │   └── rand_core v0.10.1
│   │   │   ├── cssparser v0.38.0 (*)
│   │   │   ├── data-url v0.3.2
│   │   │   ├── encoding_rs v0.8.41 (*)
│   │   │   ├── euclid v0.22.14 (*)
│   │   │   ├── flate2 v1.1.10 (*)
│   │   │   ├── glow v0.17.0
│   │   │   ├── headers v0.4.2 (*)
│   │   │   ├── html5ever v0.40.1 (*)
│   │   │   ├── http v1.5.0 (*)
│   │   │   ├── httparse v1.10.1
│   │   │   ├── icu_locale_core v2.3.0 (*)
│   │   │   ├── indexmap v2.14.2 (*)
│   │   │   ├── ipc-channel v0.23.0 (*)
│   │   │   ├── itertools v0.15.0 (*)
│   │   │   ├── keyboard-types v0.8.3 (*)
│   │   │   ├── libc v0.2.189
│   │   │   ├── log v0.4.34
│   │   │   ├── malloc_size_of_derive v0.1.3 (proc-macro) (*)
│   │   │   ├── markup5ever v0.40.0 (*)
│   │   │   ├── mime v0.3.17
│   │   │   ├── mime_guess v2.0.5 (*)
│   │   │   ├── mozjs v0.26.4
│   │   │   │   ├── encoding_rs v0.8.41 (*)
│   │   │   │   ├── libc v0.2.189
│   │   │   │   ├── log v0.4.34
│   │   │   │   ├── mozjs_sys v153.3.0-1
│   │   │   │   │   ├── encoding_c v0.9.8
│   │   │   │   │   │   └── encoding_rs v0.8.41 (*)
│   │   │   │   │   ├── encoding_c_mem v0.2.6
│   │   │   │   │   │   └── encoding_rs v0.8.41 (*)
│   │   │   │   │   ├── icu_capi v2.1.2 (https://github.com/unicode-org/icu4x?rev=30120d6a07fc5bb03a6c7647077bd2658b2559de#30120d6a)
│   │   │   │   │   │   ├── diplomat v0.14.0 (proc-macro)
│   │   │   │   │   │   │   ├── diplomat_core v0.14.0
│   │   │   │   │   │   │   │   ├── proc-macro2 v1.0.107 (*)
│   │   │   │   │   │   │   │   ├── quote v1.0.47 (*)
│   │   │   │   │   │   │   │   ├── serde v1.0.229 (*)
│   │   │   │   │   │   │   │   ├── smallvec v1.16.1
│   │   │   │   │   │   │   │   ├── strck v1.0.0
│   │   │   │   │   │   │   │   │   └── unicode-ident v1.0.26
│   │   │   │   │   │   │   │   └── syn v2.0.119 (*)
│   │   │   │   │   │   │   ├── proc-macro2 v1.0.107 (*)
│   │   │   │   │   │   │   ├── quote v1.0.47 (*)
│   │   │   │   │   │   │   └── syn v2.0.119 (*)
│   │   │   │   │   │   ├── diplomat-runtime v0.14.0
│   │   │   │   │   │   ├── icu_calendar v2.1.1 (https://github.com/unicode-org/icu4x?rev=30120d6a07fc5bb03a6c7647077bd2658b2559de#30120d6a)
│   │   │   │   │   │   │   ├── calendrical_calculations v0.2.3 (https://github.com/unicode-org/icu4x?rev=30120d6a07fc5bb03a6c7647077bd2658b2559de#30120d6a)
│   │   │   │   │   │   │   │   ├── core_maths v0.1.1 (*)
│   │   │   │   │   │   │   │   └── displaydoc v0.2.7 (proc-macro) (*)
│   │   │   │   │   │   │   ├── displaydoc v0.2.7 (proc-macro) (*)
│   │   │   │   │   │   │   ├── icu_calendar_data v2.1.1 (https://github.com/unicode-org/icu4x?rev=30120d6a07fc5bb03a6c7647077bd2658b2559de#30120d6a)
│   │   │   │   │   │   │   ├── icu_locale v2.1.1 (https://github.com/unicode-org/icu4x?rev=30120d6a07fc5bb03a6c7647077bd2658b2559de#30120d6a)
│   │   │   │   │   │   │   │   ├── icu_collections v2.1.1 (https://github.com/unicode-org/icu4x?rev=30120d6a07fc5bb03a6c7647077bd2658b2559de#30120d6a)
│   │   │   │   │   │   │   │   │   ├── displaydoc v0.2.7 (proc-macro) (*)
│   │   │   │   │   │   │   │   │   ├── potential_utf v0.1.4 (https://github.com/unicode-org/icu4x?rev=30120d6a07fc5bb03a6c7647077bd2658b2559de#30120d6a)
│   │   │   │   │   │   │   │   │   │   ├── writeable v0.6.2 (https://github.com/unicode-org/icu4x?rev=30120d6a07fc5bb03a6c7647077bd2658b2559de#30120d6a)
│   │   │   │   │   │   │   │   │   │   └── zerovec v0.11.5 (https://github.com/unicode-org/icu4x?rev=30120d6a07fc5bb03a6c7647077bd2658b2559de#30120d6a)
│   │   │   │   │   │   │   │   │   │       ├── yoke v0.8.1 (https://github.com/unicode-org/icu4x?rev=30120d6a07fc5bb03a6c7647077bd2658b2559de#30120d6a)
│   │   │   │   │   │   │   │   │   │       │   ├── stable_deref_trait v1.2.1
│   │   │   │   │   │   │   │   │   │       │   ├── yoke-derive v0.8.1 (proc-macro) (https://github.com/unicode-org/icu4x?rev=30120d6a07fc5bb03a6c7647077bd2658b2559de#30120d6a)
│   │   │   │   │   │   │   │   │   │       │   │   ├── proc-macro2 v1.0.107 (*)
│   │   │   │   │   │   │   │   │   │       │   │   ├── quote v1.0.47 (*)
│   │   │   │   │   │   │   │   │   │       │   │   ├── syn v2.0.119 (*)
│   │   │   │   │   │   │   │   │   │       │   │   └── synstructure v0.13.2 (*)
│   │   │   │   │   │   │   │   │   │       │   └── zerofrom v0.1.6 (https://github.com/unicode-org/icu4x?rev=30120d6a07fc5bb03a6c7647077bd2658b2559de#30120d6a)
│   │   │   │   │   │   │   │   │   │       │       └── zerofrom-derive v0.1.6 (proc-macro) (https://github.com/unicode-org/icu4x?rev=30120d6a07fc5bb03a6c7647077bd2658b2559de#30120d6a)
│   │   │   │   │   │   │   │   │   │       │           ├── proc-macro2 v1.0.107 (*)
│   │   │   │   │   │   │   │   │   │       │           ├── quote v1.0.47 (*)
│   │   │   │   │   │   │   │   │   │       │           ├── syn v2.0.119 (*)
│   │   │   │   │   │   │   │   │   │       │           └── synstructure v0.13.2 (*)
│   │   │   │   │   │   │   │   │   │       ├── zerofrom v0.1.6 (https://github.com/unicode-org/icu4x?rev=30120d6a07fc5bb03a6c7647077bd2658b2559de#30120d6a) (*)
│   │   │   │   │   │   │   │   │   │       └── zerovec-derive v0.11.2 (proc-macro) (https://github.com/unicode-org/icu4x?rev=30120d6a07fc5bb03a6c7647077bd2658b2559de#30120d6a)
│   │   │   │   │   │   │   │   │   │           ├── proc-macro2 v1.0.107 (*)
│   │   │   │   │   │   │   │   │   │           ├── quote v1.0.47 (*)
│   │   │   │   │   │   │   │   │   │           └── syn v2.0.119 (*)
│   │   │   │   │   │   │   │   │   ├── yoke v0.8.1 (https://github.com/unicode-org/icu4x?rev=30120d6a07fc5bb03a6c7647077bd2658b2559de#30120d6a) (*)
│   │   │   │   │   │   │   │   │   ├── zerofrom v0.1.6 (https://github.com/unicode-org/icu4x?rev=30120d6a07fc5bb03a6c7647077bd2658b2559de#30120d6a) (*)
│   │   │   │   │   │   │   │   │   └── zerovec v0.11.5 (https://github.com/unicode-org/icu4x?rev=30120d6a07fc5bb03a6c7647077bd2658b2559de#30120d6a) (*)
│   │   │   │   │   │   │   │   ├── icu_locale_core v2.1.1 (https://github.com/unicode-org/icu4x?rev=30120d6a07fc5bb03a6c7647077bd2658b2559de#30120d6a)
│   │   │   │   │   │   │   │   │   ├── displaydoc v0.2.7 (proc-macro) (*)
│   │   │   │   │   │   │   │   │   ├── litemap v0.8.1 (https://github.com/unicode-org/icu4x?rev=30120d6a07fc5bb03a6c7647077bd2658b2559de#30120d6a)
│   │   │   │   │   │   │   │   │   ├── tinystr v0.8.2 (https://github.com/unicode-org/icu4x?rev=30120d6a07fc5bb03a6c7647077bd2658b2559de#30120d6a)
│   │   │   │   │   │   │   │   │   │   ├── displaydoc v0.2.7 (proc-macro) (*)
│   │   │   │   │   │   │   │   │   │   └── zerovec v0.11.5 (https://github.com/unicode-org/icu4x?rev=30120d6a07fc5bb03a6c7647077bd2658b2559de#30120d6a) (*)
│   │   │   │   │   │   │   │   │   ├── writeable v0.6.2 (https://github.com/unicode-org/icu4x?rev=30120d6a07fc5bb03a6c7647077bd2658b2559de#30120d6a)
│   │   │   │   │   │   │   │   │   └── zerovec v0.11.5 (https://github.com/unicode-org/icu4x?rev=30120d6a07fc5bb03a6c7647077bd2658b2559de#30120d6a) (*)
│   │   │   │   │   │   │   │   ├── icu_locale_data v2.1.2 (https://github.com/unicode-org/icu4x?rev=30120d6a07fc5bb03a6c7647077bd2658b2559de#30120d6a)
│   │   │   │   │   │   │   │   ├── icu_provider v2.1.1 (https://github.com/unicode-org/icu4x?rev=30120d6a07fc5bb03a6c7647077bd2658b2559de#30120d6a)
│   │   │   │   │   │   │   │   │   ├── displaydoc v0.2.7 (proc-macro) (*)
│   │   │   │   │   │   │   │   │   ├── icu_locale_core v2.1.1 (https://github.com/unicode-org/icu4x?rev=30120d6a07fc5bb03a6c7647077bd2658b2559de#30120d6a) (*)
│   │   │   │   │   │   │   │   │   ├── stable_deref_trait v1.2.1
│   │   │   │   │   │   │   │   │   ├── writeable v0.6.2 (https://github.com/unicode-org/icu4x?rev=30120d6a07fc5bb03a6c7647077bd2658b2559de#30120d6a)
│   │   │   │   │   │   │   │   │   ├── yoke v0.8.1 (https://github.com/unicode-org/icu4x?rev=30120d6a07fc5bb03a6c7647077bd2658b2559de#30120d6a) (*)
│   │   │   │   │   │   │   │   │   ├── zerofrom v0.1.6 (https://github.com/unicode-org/icu4x?rev=30120d6a07fc5bb03a6c7647077bd2658b2559de#30120d6a) (*)
│   │   │   │   │   │   │   │   │   ├── zerotrie v0.2.3 (https://github.com/unicode-org/icu4x?rev=30120d6a07fc5bb03a6c7647077bd2658b2559de#30120d6a)
│   │   │   │   │   │   │   │   │   │   ├── displaydoc v0.2.7 (proc-macro) (*)
│   │   │   │   │   │   │   │   │   │   ├── yoke v0.8.1 (https://github.com/unicode-org/icu4x?rev=30120d6a07fc5bb03a6c7647077bd2658b2559de#30120d6a) (*)
│   │   │   │   │   │   │   │   │   │   └── zerofrom v0.1.6 (https://github.com/unicode-org/icu4x?rev=30120d6a07fc5bb03a6c7647077bd2658b2559de#30120d6a) (*)
│   │   │   │   │   │   │   │   │   └── zerovec v0.11.5 (https://github.com/unicode-org/icu4x?rev=30120d6a07fc5bb03a6c7647077bd2658b2559de#30120d6a) (*)
│   │   │   │   │   │   │   │   ├── potential_utf v0.1.4 (https://github.com/unicode-org/icu4x?rev=30120d6a07fc5bb03a6c7647077bd2658b2559de#30120d6a) (*)
│   │   │   │   │   │   │   │   ├── tinystr v0.8.2 (https://github.com/unicode-org/icu4x?rev=30120d6a07fc5bb03a6c7647077bd2658b2559de#30120d6a) (*)
│   │   │   │   │   │   │   │   └── zerovec v0.11.5 (https://github.com/unicode-org/icu4x?rev=30120d6a07fc5bb03a6c7647077bd2658b2559de#30120d6a) (*)
│   │   │   │   │   │   │   ├── icu_locale_core v2.1.1 (https://github.com/unicode-org/icu4x?rev=30120d6a07fc5bb03a6c7647077bd2658b2559de#30120d6a) (*)
│   │   │   │   │   │   │   ├── icu_provider v2.1.1 (https://github.com/unicode-org/icu4x?rev=30120d6a07fc5bb03a6c7647077bd2658b2559de#30120d6a) (*)
│   │   │   │   │   │   │   ├── ixdtf v0.6.4 (https://github.com/unicode-org/icu4x?rev=30120d6a07fc5bb03a6c7647077bd2658b2559de#30120d6a)
│   │   │   │   │   │   │   ├── tinystr v0.8.2 (https://github.com/unicode-org/icu4x?rev=30120d6a07fc5bb03a6c7647077bd2658b2559de#30120d6a) (*)
│   │   │   │   │   │   │   └── zerovec v0.11.5 (https://github.com/unicode-org/icu4x?rev=30120d6a07fc5bb03a6c7647077bd2658b2559de#30120d6a) (*)
│   │   │   │   │   │   ├── icu_locale_core v2.1.1 (https://github.com/unicode-org/icu4x?rev=30120d6a07fc5bb03a6c7647077bd2658b2559de#30120d6a) (*)
│   │   │   │   │   │   ├── icu_provider v2.1.1 (https://github.com/unicode-org/icu4x?rev=30120d6a07fc5bb03a6c7647077bd2658b2559de#30120d6a) (*)
│   │   │   │   │   │   ├── icu_provider_adapters v2.1.1 (https://github.com/unicode-org/icu4x?rev=30120d6a07fc5bb03a6c7647077bd2658b2559de#30120d6a)
│   │   │   │   │   │   │   ├── icu_locale v2.1.1 (https://github.com/unicode-org/icu4x?rev=30120d6a07fc5bb03a6c7647077bd2658b2559de#30120d6a) (*)
│   │   │   │   │   │   │   └── icu_provider v2.1.1 (https://github.com/unicode-org/icu4x?rev=30120d6a07fc5bb03a6c7647077bd2658b2559de#30120d6a) (*)
│   │   │   │   │   │   ├── icu_segmenter v2.1.2 (https://github.com/unicode-org/icu4x?rev=30120d6a07fc5bb03a6c7647077bd2658b2559de#30120d6a)
│   │   │   │   │   │   │   ├── core_maths v0.1.1 (*)
│   │   │   │   │   │   │   ├── icu_collections v2.1.1 (https://github.com/unicode-org/icu4x?rev=30120d6a07fc5bb03a6c7647077bd2658b2559de#30120d6a) (*)
│   │   │   │   │   │   │   ├── icu_locale v2.1.1 (https://github.com/unicode-org/icu4x?rev=30120d6a07fc5bb03a6c7647077bd2658b2559de#30120d6a) (*)
│   │   │   │   │   │   │   ├── icu_provider v2.1.1 (https://github.com/unicode-org/icu4x?rev=30120d6a07fc5bb03a6c7647077bd2658b2559de#30120d6a) (*)
│   │   │   │   │   │   │   ├── icu_segmenter_data v2.1.1 (https://github.com/unicode-org/icu4x?rev=30120d6a07fc5bb03a6c7647077bd2658b2559de#30120d6a)
│   │   │   │   │   │   │   ├── potential_utf v0.1.4 (https://github.com/unicode-org/icu4x?rev=30120d6a07fc5bb03a6c7647077bd2658b2559de#30120d6a) (*)
│   │   │   │   │   │   │   ├── utf8_iter v1.0.4
│   │   │   │   │   │   │   └── zerovec v0.11.5 (https://github.com/unicode-org/icu4x?rev=30120d6a07fc5bb03a6c7647077bd2658b2559de#30120d6a) (*)
│   │   │   │   │   │   ├── icu_time v2.1.1 (https://github.com/unicode-org/icu4x?rev=30120d6a07fc5bb03a6c7647077bd2658b2559de#30120d6a)
│   │   │   │   │   │   │   ├── calendrical_calculations v0.2.3 (https://github.com/unicode-org/icu4x?rev=30120d6a07fc5bb03a6c7647077bd2658b2559de#30120d6a) (*)
│   │   │   │   │   │   │   ├── displaydoc v0.2.7 (proc-macro) (*)
│   │   │   │   │   │   │   ├── icu_calendar v2.1.1 (https://github.com/unicode-org/icu4x?rev=30120d6a07fc5bb03a6c7647077bd2658b2559de#30120d6a) (*)
│   │   │   │   │   │   │   ├── icu_locale_core v2.1.1 (https://github.com/unicode-org/icu4x?rev=30120d6a07fc5bb03a6c7647077bd2658b2559de#30120d6a) (*)
│   │   │   │   │   │   │   ├── icu_provider v2.1.1 (https://github.com/unicode-org/icu4x?rev=30120d6a07fc5bb03a6c7647077bd2658b2559de#30120d6a) (*)
│   │   │   │   │   │   │   ├── icu_time_data v2.1.1 (https://github.com/unicode-org/icu4x?rev=30120d6a07fc5bb03a6c7647077bd2658b2559de#30120d6a)
│   │   │   │   │   │   │   ├── ixdtf v0.6.4 (https://github.com/unicode-org/icu4x?rev=30120d6a07fc5bb03a6c7647077bd2658b2559de#30120d6a)
│   │   │   │   │   │   │   ├── zerotrie v0.2.3 (https://github.com/unicode-org/icu4x?rev=30120d6a07fc5bb03a6c7647077bd2658b2559de#30120d6a) (*)
│   │   │   │   │   │   │   └── zerovec v0.11.5 (https://github.com/unicode-org/icu4x?rev=30120d6a07fc5bb03a6c7647077bd2658b2559de#30120d6a) (*)
│   │   │   │   │   │   ├── tinystr v0.8.2 (https://github.com/unicode-org/icu4x?rev=30120d6a07fc5bb03a6c7647077bd2658b2559de#30120d6a) (*)
│   │   │   │   │   │   └── writeable v0.6.2 (https://github.com/unicode-org/icu4x?rev=30120d6a07fc5bb03a6c7647077bd2658b2559de#30120d6a)
│   │   │   │   │   ├── libc v0.2.189
│   │   │   │   │   ├── libz-sys v1.1.29 (*)
│   │   │   │   │   ├── mozjs_collator_glue v153.3.0
│   │   │   │   │   │   ├── arraystring v0.3.0
│   │   │   │   │   │   │   └── typenum v1.20.1
│   │   │   │   │   │   ├── arrayvec v0.7.8
│   │   │   │   │   │   ├── icu_locale_core v2.3.0 (*)
│   │   │   │   │   │   ├── mozjs_icu_collator v153.3.0 (C:\Users\mark_\Code\repos\turnstone\vendor\mozjs-icu-collator)
│   │   │   │   │   │   │   ├── displaydoc v0.2.7 (proc-macro) (*)
│   │   │   │   │   │   │   ├── icu_locale v2.3.1
│   │   │   │   │   │   │   │   ├── icu_collections v2.3.0 (*)
│   │   │   │   │   │   │   │   ├── icu_locale_core v2.3.0 (*)
│   │   │   │   │   │   │   │   ├── icu_locale_data v2.3.0
│   │   │   │   │   │   │   │   ├── icu_locale_fallback v2.3.0 (*)
│   │   │   │   │   │   │   │   ├── icu_provider v2.3.1 (*)
│   │   │   │   │   │   │   │   ├── tinystr v0.8.4 (*)
│   │   │   │   │   │   │   │   └── zerovec v0.11.8 (*)
│   │   │   │   │   │   │   ├── icu_locale_core v2.3.0 (*)
│   │   │   │   │   │   │   ├── icu_properties v2.3.0 (*)
│   │   │   │   │   │   │   ├── icu_provider v2.3.1 (*)
│   │   │   │   │   │   │   ├── mozjs_icu_collator_data v153.3.0
│   │   │   │   │   │   │   ├── mozjs_icu_collections v153.3.0
│   │   │   │   │   │   │   │   ├── displaydoc v0.2.7 (proc-macro) (*)
│   │   │   │   │   │   │   │   ├── icu_casemap v2.3.0
│   │   │   │   │   │   │   │   │   ├── icu_casemap_data v2.3.0
│   │   │   │   │   │   │   │   │   ├── icu_collections v2.3.0 (*)
│   │   │   │   │   │   │   │   │   ├── icu_locale_core v2.3.0 (*)
│   │   │   │   │   │   │   │   │   ├── icu_properties v2.3.0 (*)
│   │   │   │   │   │   │   │   │   ├── icu_provider v2.3.1 (*)
│   │   │   │   │   │   │   │   │   ├── potential_utf v0.1.6 (*)
│   │   │   │   │   │   │   │   │   ├── writeable v0.6.4
│   │   │   │   │   │   │   │   │   └── zerovec v0.11.8 (*)
│   │   │   │   │   │   │   │   ├── potential_utf v0.1.6 (*)
│   │   │   │   │   │   │   │   ├── yoke v0.8.3 (*)
│   │   │   │   │   │   │   │   ├── zerofrom v0.1.8 (*)
│   │   │   │   │   │   │   │   └── zerovec v0.11.8 (*)
│   │   │   │   │   │   │   ├── mozjs_icu_normalizer v153.3.0 (C:\Users\mark_\Code\repos\turnstone\vendor\mozjs-icu-normalizer)
│   │   │   │   │   │   │   │   ├── displaydoc v0.2.7 (proc-macro) (*)
│   │   │   │   │   │   │   │   ├── icu_provider v2.3.1 (*)
│   │   │   │   │   │   │   │   ├── mozjs_icu_collections v153.3.0 (*)
│   │   │   │   │   │   │   │   ├── mozjs_icu_normalizer_data v153.3.0
│   │   │   │   │   │   │   │   ├── mozjs_utf16_iter v153.3.0
│   │   │   │   │   │   │   │   │   └── mozjs_icu_collections v153.3.0 (*)
│   │   │   │   │   │   │   │   ├── mozjs_utf8_iter v153.3.0
│   │   │   │   │   │   │   │   │   └── mozjs_icu_collections v153.3.0 (*)
│   │   │   │   │   │   │   │   ├── smallvec v1.16.1 (*)
│   │   │   │   │   │   │   │   ├── write16 v1.0.0
│   │   │   │   │   │   │   │   │   └── smallvec v1.16.1 (*)
│   │   │   │   │   │   │   │   └── zerovec v0.11.8 (*)
│   │   │   │   │   │   │   ├── mozjs_utf16_iter v153.3.0 (*)
│   │   │   │   │   │   │   ├── mozjs_utf8_iter v153.3.0 (*)
│   │   │   │   │   │   │   ├── smallvec v1.16.1 (*)
│   │   │   │   │   │   │   ├── tinystr v0.8.4 (*)
│   │   │   │   │   │   │   └── zerovec v0.11.8 (*)
│   │   │   │   │   │   ├── tinystr v0.8.4 (*)
│   │   │   │   │   │   └── writeable v0.6.4
│   │   │   │   │   │   [build-dependencies]
│   │   │   │   │   │   └── cbindgen v0.29.4
│   │   │   │   │   │       ├── clap v4.6.7
│   │   │   │   │   │       │   ├── clap_builder v4.6.7
│   │   │   │   │   │       │   │   ├── anstream v1.0.0 (*)
│   │   │   │   │   │       │   │   ├── anstyle v1.0.14
│   │   │   │   │   │       │   │   ├── clap_lex v1.1.1
│   │   │   │   │   │       │   │   └── strsim v0.11.1
│   │   │   │   │   │       │   └── clap_derive v4.6.7 (proc-macro)
│   │   │   │   │   │       │       ├── heck v0.5.0
│   │   │   │   │   │       │       ├── proc-macro2 v1.0.107 (*)
│   │   │   │   │   │       │       ├── quote v1.0.47 (*)
│   │   │   │   │   │       │       └── syn v3.0.6 (*)
│   │   │   │   │   │       ├── heck v0.5.0
│   │   │   │   │   │       ├── indexmap v2.14.2 (*)
│   │   │   │   │   │       ├── log v0.4.34
│   │   │   │   │   │       ├── proc-macro2 v1.0.107 (*)
│   │   │   │   │   │       ├── quote v1.0.47 (*)
│   │   │   │   │   │       ├── serde v1.0.229 (*)
│   │   │   │   │   │       ├── serde_json v1.0.151
│   │   │   │   │   │       │   ├── itoa v1.0.18
│   │   │   │   │   │       │   ├── memchr v2.8.3
│   │   │   │   │   │       │   ├── serde_core v1.0.229
│   │   │   │   │   │       │   └── zmij v1.0.23
│   │   │   │   │   │       ├── syn v2.0.119 (*)
│   │   │   │   │   │       ├── tempfile v3.27.0 (*)
│   │   │   │   │   │       └── toml v0.9.12+spec-1.1.0
│   │   │   │   │   │           ├── serde_core v1.0.229
│   │   │   │   │   │           ├── serde_spanned v1.1.1 (*)
│   │   │   │   │   │           ├── toml_datetime v0.7.5+spec-1.1.0 (*)
│   │   │   │   │   │           ├── toml_parser v1.1.3+spec-1.1.0 (*)
│   │   │   │   │   │           └── winnow v0.7.15
│   │   │   │   │   ├── mozjs_locale_glue v153.3.0
│   │   │   │   │   │   └── icu_locale v2.3.1 (*)
│   │   │   │   │   │   [build-dependencies]
│   │   │   │   │   │   └── cbindgen v0.29.4 (*)
│   │   │   │   │   ├── mozjs_normalizer_glue v153.3.0
│   │   │   │   │   │   ├── encoding_rs v0.8.41 (*)
│   │   │   │   │   │   ├── mozjs_icu_normalizer v153.3.0 (C:\Users\mark_\Code\repos\turnstone\vendor\mozjs-icu-normalizer) (*)
│   │   │   │   │   │   ├── smallvec v1.16.1 (*)
│   │   │   │   │   │   └── write16 v1.0.0 (*)
│   │   │   │   │   │   [build-dependencies]
│   │   │   │   │   │   └── cbindgen v0.29.4 (*)
│   │   │   │   │   ├── mozjs_properties_glue v153.3.0
│   │   │   │   │   │   ├── icu_casemap v2.3.0 (*)
│   │   │   │   │   │   ├── icu_properties v2.3.0 (*)
│   │   │   │   │   │   └── mozjs_icu_collections v153.3.0 (*)
│   │   │   │   │   │   [build-dependencies]
│   │   │   │   │   │   └── cbindgen v0.29.4 (*)
│   │   │   │   │   └── mozjs_unicode_bidi_ffi v153.3.0
│   │   │   │   │       ├── icu_properties v2.3.0 (*)
│   │   │   │   │       └── unicode-bidi v0.3.18 (*)
│   │   │   │   │       [build-dependencies]
│   │   │   │   │       └── cbindgen v0.29.4 (*)
│   │   │   │   │   [build-dependencies]
│   │   │   │   │   ├── bindgen v0.72.1 (*)
│   │   │   │   │   ├── cc v1.6.0 (*)
│   │   │   │   │   ├── flate2 v1.1.10 (*)
│   │   │   │   │   ├── tar v0.4.46
│   │   │   │   │   │   └── filetime v0.2.29
│   │   │   │   │   │       └── cfg-if v1.0.5
│   │   │   │   │   └── walkdir v2.5.0 (*)
│   │   │   │   └── num-traits v0.2.19 (*)
│   │   │   │   [build-dependencies]
│   │   │   │   ├── bindgen v0.72.1 (*)
│   │   │   │   └── cc v1.6.0 (*)
│   │   │   ├── nom-rfc8288 v0.4.0
│   │   │   │   ├── itertools v0.14.0 (*)
│   │   │   │   ├── nom v8.0.0 (*)
│   │   │   │   ├── nom-language v0.1.0
│   │   │   │   │   └── nom v8.0.0 (*)
│   │   │   │   └── thiserror v2.0.20 (*)
│   │   │   ├── num-traits v0.2.19 (*)
│   │   │   ├── num_cpus v1.17.0
│   │   │   ├── parking_lot v0.12.5 (*)
│   │   │   ├── percent-encoding v2.3.2
│   │   │   ├── phf v0.14.0 (*)
│   │   │   ├── postcard v1.1.3 (*)
│   │   │   ├── rand v0.10.3 (*)
│   │   │   ├── regex v1.13.1 (*)
│   │   │   ├── resvg v0.48.1 (*)
│   │   │   ├── rustc-hash v2.1.3
│   │   │   ├── selectors v0.41.0 (*)
│   │   │   ├── serde v1.0.229 (*)
│   │   │   ├── serde_json v1.0.151 (*)
│   │   │   ├── servo-background-hang-monitor-api v0.7.0 (https://github.com/servo/servo?rev=aac43a3f31a259f04a574f5ec4e959c943ad7cc7#aac43a3f) (*)
│   │   │   ├── servo-base v0.7.0 (https://github.com/servo/servo?rev=aac43a3f31a259f04a574f5ec4e959c943ad7cc7#aac43a3f) (*)
│   │   │   ├── servo-canvas-traits v0.7.0 (https://github.com/servo/servo?rev=aac43a3f31a259f04a574f5ec4e959c943ad7cc7#aac43a3f) (*)
│   │   │   ├── servo-config v0.7.0 (https://github.com/servo/servo?rev=aac43a3f31a259f04a574f5ec4e959c943ad7cc7#aac43a3f) (*)
│   │   │   ├── servo-constellation-traits v0.7.0 (https://github.com/servo/servo?rev=aac43a3f31a259f04a574f5ec4e959c943ad7cc7#aac43a3f) (*)
│   │   │   ├── servo-deny-public-fields v0.7.0 (proc-macro) (https://github.com/servo/servo?rev=aac43a3f31a259f04a574f5ec4e959c943ad7cc7#aac43a3f)
│   │   │   │   ├── proc-macro2 v1.0.107 (*)
│   │   │   │   ├── syn v2.0.119 (*)
│   │   │   │   └── synstructure v0.13.2 (*)
│   │   │   ├── servo-devtools-traits v0.7.0 (https://github.com/servo/servo?rev=aac43a3f31a259f04a574f5ec4e959c943ad7cc7#aac43a3f) (*)
│   │   │   ├── servo-dom-struct v0.7.0 (proc-macro) (https://github.com/servo/servo?rev=aac43a3f31a259f04a574f5ec4e959c943ad7cc7#aac43a3f)
│   │   │   │   ├── prettyplease v0.2.37
│   │   │   │   │   ├── proc-macro2 v1.0.107 (*)
│   │   │   │   │   └── syn v2.0.119 (*)
│   │   │   │   ├── proc-macro2 v1.0.107 (*)
│   │   │   │   ├── quote v1.0.47 (*)
│   │   │   │   └── syn v2.0.119 (*)
│   │   │   ├── servo-embedder-traits v0.7.0 (https://github.com/servo/servo?rev=aac43a3f31a259f04a574f5ec4e959c943ad7cc7#aac43a3f) (*)
│   │   │   ├── servo-fonts v0.7.0 (https://github.com/servo/servo?rev=aac43a3f31a259f04a574f5ec4e959c943ad7cc7#aac43a3f) (*)
│   │   │   ├── servo-fonts-traits v0.7.0 (https://github.com/servo/servo?rev=aac43a3f31a259f04a574f5ec4e959c943ad7cc7#aac43a3f) (*)
│   │   │   ├── servo-geometry v0.7.0 (https://github.com/servo/servo?rev=aac43a3f31a259f04a574f5ec4e959c943ad7cc7#aac43a3f) (*)
│   │   │   ├── servo-hyper-serde v0.7.0 (https://github.com/servo/servo?rev=aac43a3f31a259f04a574f5ec4e959c943ad7cc7#aac43a3f) (*)
│   │   │   ├── servo-jstraceable-derive v0.7.0 (proc-macro) (https://github.com/servo/servo?rev=aac43a3f31a259f04a574f5ec4e959c943ad7cc7#aac43a3f)
│   │   │   │   ├── proc-macro2 v1.0.107 (*)
│   │   │   │   ├── syn v2.0.119 (*)
│   │   │   │   └── synstructure v0.13.2 (*)
│   │   │   ├── servo-layout-api v0.7.0 (https://github.com/servo/servo?rev=aac43a3f31a259f04a574f5ec4e959c943ad7cc7#aac43a3f) (*)
│   │   │   ├── servo-malloc-size-of v0.7.0 (https://github.com/servo/servo?rev=aac43a3f31a259f04a574f5ec4e959c943ad7cc7#aac43a3f) (*)
│   │   │   ├── servo-media v0.7.0 (https://github.com/servo/servo?rev=aac43a3f31a259f04a574f5ec4e959c943ad7cc7#aac43a3f) (*)
│   │   │   ├── servo-media-thread v0.7.0 (https://github.com/servo/servo?rev=aac43a3f31a259f04a574f5ec4e959c943ad7cc7#aac43a3f) (*)
│   │   │   ├── servo-metrics v0.7.0 (https://github.com/servo/servo?rev=aac43a3f31a259f04a574f5ec4e959c943ad7cc7#aac43a3f)
│   │   │   │   ├── malloc_size_of_derive v0.1.3 (proc-macro) (*)
│   │   │   │   ├── servo-base v0.7.0 (https://github.com/servo/servo?rev=aac43a3f31a259f04a574f5ec4e959c943ad7cc7#aac43a3f) (*)
│   │   │   │   ├── servo-config v0.7.0 (https://github.com/servo/servo?rev=aac43a3f31a259f04a574f5ec4e959c943ad7cc7#aac43a3f) (*)
│   │   │   │   ├── servo-malloc-size-of v0.7.0 (https://github.com/servo/servo?rev=aac43a3f31a259f04a574f5ec4e959c943ad7cc7#aac43a3f) (*)
│   │   │   │   ├── servo-paint-api v0.7.0 (https://github.com/servo/servo?rev=aac43a3f31a259f04a574f5ec4e959c943ad7cc7#aac43a3f) (*)
│   │   │   │   ├── servo-profile-traits v0.7.0 (https://github.com/servo/servo?rev=aac43a3f31a259f04a574f5ec4e959c943ad7cc7#aac43a3f) (*)
│   │   │   │   ├── servo-script-traits v0.7.0 (https://github.com/servo/servo?rev=aac43a3f31a259f04a574f5ec4e959c943ad7cc7#aac43a3f) (*)
│   │   │   │   └── servo-url v0.7.0 (https://github.com/servo/servo?rev=aac43a3f31a259f04a574f5ec4e959c943ad7cc7#aac43a3f) (*)
│   │   │   ├── servo-net-traits v0.7.0 (https://github.com/servo/servo?rev=aac43a3f31a259f04a574f5ec4e959c943ad7cc7#aac43a3f) (*)
│   │   │   ├── servo-paint-api v0.7.0 (https://github.com/servo/servo?rev=aac43a3f31a259f04a574f5ec4e959c943ad7cc7#aac43a3f) (*)
│   │   │   ├── servo-pixels v0.7.0 (https://github.com/servo/servo?rev=aac43a3f31a259f04a574f5ec4e959c943ad7cc7#aac43a3f) (*)
│   │   │   ├── servo-profile-traits v0.7.0 (https://github.com/servo/servo?rev=aac43a3f31a259f04a574f5ec4e959c943ad7cc7#aac43a3f) (*)
│   │   │   ├── servo-script-bindings v0.7.0 (https://github.com/servo/servo?rev=aac43a3f31a259f04a574f5ec4e959c943ad7cc7#aac43a3f)
│   │   │   │   ├── atomic_refcell v0.1.14
│   │   │   │   ├── bitflags v2.13.2 (*)
│   │   │   │   ├── crossbeam-channel v0.5.17 (*)
│   │   │   │   ├── encoding_rs v0.8.41 (*)
│   │   │   │   ├── html5ever v0.40.1 (*)
│   │   │   │   ├── indexmap v2.14.2 (*)
│   │   │   │   ├── keyboard-types v0.8.3 (*)
│   │   │   │   ├── libc v0.2.189
│   │   │   │   ├── log v0.4.34
│   │   │   │   ├── malloc_size_of_derive v0.1.3 (proc-macro) (*)
│   │   │   │   ├── mozjs v0.26.4 (*)
│   │   │   │   ├── num-traits v0.2.19 (*)
│   │   │   │   ├── parking_lot v0.12.5 (*)
│   │   │   │   ├── phf v0.14.0 (*)
│   │   │   │   ├── regex v1.13.1 (*)
│   │   │   │   ├── rustc-hash v2.1.3
│   │   │   │   ├── serde v1.0.229 (*)
│   │   │   │   ├── servo-base v0.7.0 (https://github.com/servo/servo?rev=aac43a3f31a259f04a574f5ec4e959c943ad7cc7#aac43a3f) (*)
│   │   │   │   ├── servo-config v0.7.0 (https://github.com/servo/servo?rev=aac43a3f31a259f04a574f5ec4e959c943ad7cc7#aac43a3f) (*)
│   │   │   │   ├── servo-constellation-traits v0.7.0 (https://github.com/servo/servo?rev=aac43a3f31a259f04a574f5ec4e959c943ad7cc7#aac43a3f) (*)
│   │   │   │   ├── servo-deny-public-fields v0.7.0 (proc-macro) (https://github.com/servo/servo?rev=aac43a3f31a259f04a574f5ec4e959c943ad7cc7#aac43a3f) (*)
│   │   │   │   ├── servo-dom-struct v0.7.0 (proc-macro) (https://github.com/servo/servo?rev=aac43a3f31a259f04a574f5ec4e959c943ad7cc7#aac43a3f) (*)
│   │   │   │   ├── servo-jstraceable-derive v0.7.0 (proc-macro) (https://github.com/servo/servo?rev=aac43a3f31a259f04a574f5ec4e959c943ad7cc7#aac43a3f) (*)
│   │   │   │   ├── servo-malloc-size-of v0.7.0 (https://github.com/servo/servo?rev=aac43a3f31a259f04a574f5ec4e959c943ad7cc7#aac43a3f) (*)
│   │   │   │   ├── servo-profile-traits v0.7.0 (https://github.com/servo/servo?rev=aac43a3f31a259f04a574f5ec4e959c943ad7cc7#aac43a3f) (*)
│   │   │   │   ├── servo-url v0.7.0 (https://github.com/servo/servo?rev=aac43a3f31a259f04a574f5ec4e959c943ad7cc7#aac43a3f) (*)
│   │   │   │   ├── servo_arc v0.5.0 (*)
│   │   │   │   ├── smallvec v1.16.1 (*)
│   │   │   │   ├── strum v0.28.0 (*)
│   │   │   │   ├── stylo v0.22.0 (*)
│   │   │   │   ├── stylo_atoms v0.22.0 (*)
│   │   │   │   ├── tendril v0.5.1 (*)
│   │   │   │   ├── xml5ever v0.40.0
│   │   │   │   │   ├── log v0.4.34
│   │   │   │   │   └── markup5ever v0.40.0 (*)
│   │   │   │   └── zeroize v1.9.0 (*)
│   │   │   │   [build-dependencies]
│   │   │   │   ├── phf_codegen v0.14.0 (*)
│   │   │   │   ├── phf_shared v0.14.0 (*)
│   │   │   │   └── serde_json v1.0.151 (*)
│   │   │   ├── servo-script-traits v0.7.0 (https://github.com/servo/servo?rev=aac43a3f31a259f04a574f5ec4e959c943ad7cc7#aac43a3f) (*)
│   │   │   ├── servo-storage-traits v0.7.0 (https://github.com/servo/servo?rev=aac43a3f31a259f04a574f5ec4e959c943ad7cc7#aac43a3f) (*)
│   │   │   ├── servo-timers v0.7.0 (https://github.com/servo/servo?rev=aac43a3f31a259f04a574f5ec4e959c943ad7cc7#aac43a3f)
│   │   │   │   ├── crossbeam-channel v0.5.17 (*)
│   │   │   │   ├── malloc_size_of_derive v0.1.3 (proc-macro) (*)
│   │   │   │   └── servo-malloc-size-of v0.7.0 (https://github.com/servo/servo?rev=aac43a3f31a259f04a574f5ec4e959c943ad7cc7#aac43a3f) (*)
│   │   │   ├── servo-tracing v0.7.0 (proc-macro) (https://github.com/servo/servo?rev=aac43a3f31a259f04a574f5ec4e959c943ad7cc7#aac43a3f) (*)
│   │   │   ├── servo-url v0.7.0 (https://github.com/servo/servo?rev=aac43a3f31a259f04a574f5ec4e959c943ad7cc7#aac43a3f) (*)
│   │   │   ├── servo-webvtt v0.7.0 (https://github.com/servo/servo?rev=aac43a3f31a259f04a574f5ec4e959c943ad7cc7#aac43a3f)
│   │   │   │   ├── html5ever v0.40.1 (*)
│   │   │   │   ├── markup5ever v0.40.0 (*)
│   │   │   │   └── regex v1.13.1 (*)
│   │   │   ├── servo-xpath v0.7.0 (https://github.com/servo/servo?rev=aac43a3f31a259f04a574f5ec4e959c943ad7cc7#aac43a3f)
│   │   │   │   ├── log v0.4.34
│   │   │   │   ├── malloc_size_of_derive v0.1.3 (proc-macro) (*)
│   │   │   │   ├── markup5ever v0.40.0 (*)
│   │   │   │   └── servo-malloc-size-of v0.7.0 (https://github.com/servo/servo?rev=aac43a3f31a259f04a574f5ec4e959c943ad7cc7#aac43a3f) (*)
│   │   │   ├── servo_arc v0.5.0 (*)
│   │   │   ├── smallvec v1.16.1 (*)
│   │   │   ├── strum v0.28.0 (*)
│   │   │   ├── stylo v0.22.0 (*)
│   │   │   ├── stylo_atoms v0.22.0 (*)
│   │   │   ├── stylo_dom v0.22.0 (*)
│   │   │   ├── stylo_malloc_size_of v0.22.0 (*)
│   │   │   ├── stylo_traits v0.22.0 (*)
│   │   │   ├── swapper v0.1.0
│   │   │   ├── tempfile v3.27.0 (*)
│   │   │   ├── tendril v0.5.1 (*)
│   │   │   ├── time v0.3.55 (*)
│   │   │   ├── unicode-bidi v0.3.18 (*)
│   │   │   ├── unicode-script v0.5.8
│   │   │   ├── url v2.5.8 (*)
│   │   │   ├── urlpattern v0.3.0 (*)
│   │   │   ├── uuid v1.27.0 (*)
│   │   │   ├── web_atoms v0.3.0 (*)
│   │   │   ├── webdriver v0.54.0 (*)
│   │   │   ├── webrender_api v0.70.0 (*)
│   │   │   └── xml5ever v0.40.0 (*)
│   │   ├── servo-script-traits v0.7.0 (https://github.com/servo/servo?rev=aac43a3f31a259f04a574f5ec4e959c943ad7cc7#aac43a3f) (*)
│   │   ├── servo-tracing v0.7.0 (proc-macro) (https://github.com/servo/servo?rev=aac43a3f31a259f04a574f5ec4e959c943ad7cc7#aac43a3f) (*)
│   │   ├── servo-url v0.7.0 (https://github.com/servo/servo?rev=aac43a3f31a259f04a574f5ec4e959c943ad7cc7#aac43a3f) (*)
│   │   ├── servo_arc v0.5.0 (*)
│   │   ├── smallvec v1.16.1 (*)
│   │   ├── strum v0.28.0 (*)
│   │   ├── stylo v0.22.0 (*)
│   │   ├── stylo_atoms v0.22.0 (*)
│   │   ├── stylo_traits v0.22.0 (*)
│   │   ├── taffy v0.14.0 (*)
│   │   ├── unicode-bidi v0.3.18 (*)
│   │   ├── unicode-script v0.5.8
│   │   ├── unicode_categories v0.1.1
│   │   ├── url v2.5.8 (*)
│   │   ├── uuid v1.27.0 (*)
│   │   ├── web_atoms v0.3.0 (*)
│   │   └── webrender_api v0.70.0 (*)
│   ├── servo-layout-api v0.7.0 (https://github.com/servo/servo?rev=aac43a3f31a259f04a574f5ec4e959c943ad7cc7#aac43a3f) (*)
│   ├── servo-media v0.7.0 (https://github.com/servo/servo?rev=aac43a3f31a259f04a574f5ec4e959c943ad7cc7#aac43a3f) (*)
│   ├── servo-media-dummy v0.7.0 (https://github.com/servo/servo?rev=aac43a3f31a259f04a574f5ec4e959c943ad7cc7#aac43a3f)
│   │   ├── servo-base v0.7.0 (https://github.com/servo/servo?rev=aac43a3f31a259f04a574f5ec4e959c943ad7cc7#aac43a3f) (*)
│   │   ├── servo-media v0.7.0 (https://github.com/servo/servo?rev=aac43a3f31a259f04a574f5ec4e959c943ad7cc7#aac43a3f) (*)
│   │   ├── servo-media-audio v0.7.0 (https://github.com/servo/servo?rev=aac43a3f31a259f04a574f5ec4e959c943ad7cc7#aac43a3f) (*)
│   │   ├── servo-media-player v0.7.0 (https://github.com/servo/servo?rev=aac43a3f31a259f04a574f5ec4e959c943ad7cc7#aac43a3f) (*)
│   │   ├── servo-media-streams v0.7.0 (https://github.com/servo/servo?rev=aac43a3f31a259f04a574f5ec4e959c943ad7cc7#aac43a3f) (*)
│   │   ├── servo-media-traits v0.7.0 (https://github.com/servo/servo?rev=aac43a3f31a259f04a574f5ec4e959c943ad7cc7#aac43a3f) (*)
│   │   └── servo-media-webrtc v0.7.0 (https://github.com/servo/servo?rev=aac43a3f31a259f04a574f5ec4e959c943ad7cc7#aac43a3f) (*)
│   ├── servo-media-thread v0.7.0 (https://github.com/servo/servo?rev=aac43a3f31a259f04a574f5ec4e959c943ad7cc7#aac43a3f) (*)
│   ├── servo-net v0.7.0 (https://github.com/servo/servo?rev=aac43a3f31a259f04a574f5ec4e959c943ad7cc7#aac43a3f) (*)
│   ├── servo-net-traits v0.7.0 (https://github.com/servo/servo?rev=aac43a3f31a259f04a574f5ec4e959c943ad7cc7#aac43a3f) (*)
│   ├── servo-paint v0.7.0 (https://github.com/servo/servo?rev=aac43a3f31a259f04a574f5ec4e959c943ad7cc7#aac43a3f)
│   │   ├── bitflags v2.13.2 (*)
│   │   ├── crossbeam-channel v0.5.17 (*)
│   │   ├── dpi v0.1.2
│   │   ├── euclid v0.22.14 (*)
│   │   ├── gleam v0.15.1 (*)
│   │   ├── image v0.25.10 (*)
│   │   ├── log v0.4.34
│   │   ├── rayon v1.12.0 (*)
│   │   ├── rustc-hash v2.1.3
│   │   ├── servo-allocator v0.7.0 (https://github.com/servo/servo?rev=aac43a3f31a259f04a574f5ec4e959c943ad7cc7#aac43a3f) (*)
│   │   ├── servo-base v0.7.0 (https://github.com/servo/servo?rev=aac43a3f31a259f04a574f5ec4e959c943ad7cc7#aac43a3f) (*)
│   │   ├── servo-canvas-traits v0.7.0 (https://github.com/servo/servo?rev=aac43a3f31a259f04a574f5ec4e959c943ad7cc7#aac43a3f) (*)
│   │   ├── servo-config v0.7.0 (https://github.com/servo/servo?rev=aac43a3f31a259f04a574f5ec4e959c943ad7cc7#aac43a3f) (*)
│   │   ├── servo-constellation-traits v0.7.0 (https://github.com/servo/servo?rev=aac43a3f31a259f04a574f5ec4e959c943ad7cc7#aac43a3f) (*)
│   │   ├── servo-embedder-traits v0.7.0 (https://github.com/servo/servo?rev=aac43a3f31a259f04a574f5ec4e959c943ad7cc7#aac43a3f) (*)
│   │   ├── servo-geometry v0.7.0 (https://github.com/servo/servo?rev=aac43a3f31a259f04a574f5ec4e959c943ad7cc7#aac43a3f) (*)
│   │   ├── servo-malloc-size-of v0.7.0 (https://github.com/servo/servo?rev=aac43a3f31a259f04a574f5ec4e959c943ad7cc7#aac43a3f) (*)
│   │   ├── servo-media-thread v0.7.0 (https://github.com/servo/servo?rev=aac43a3f31a259f04a574f5ec4e959c943ad7cc7#aac43a3f) (*)
│   │   ├── servo-paint-api v0.7.0 (https://github.com/servo/servo?rev=aac43a3f31a259f04a574f5ec4e959c943ad7cc7#aac43a3f) (*)
│   │   ├── servo-profile-traits v0.7.0 (https://github.com/servo/servo?rev=aac43a3f31a259f04a574f5ec4e959c943ad7cc7#aac43a3f) (*)
│   │   ├── servo-timers v0.7.0 (https://github.com/servo/servo?rev=aac43a3f31a259f04a574f5ec4e959c943ad7cc7#aac43a3f) (*)
│   │   ├── servo-tracing v0.7.0 (proc-macro) (https://github.com/servo/servo?rev=aac43a3f31a259f04a574f5ec4e959c943ad7cc7#aac43a3f) (*)
│   │   ├── smallvec v1.16.1 (*)
│   │   ├── stylo_traits v0.22.0 (*)
│   │   ├── surfman v0.14.0 (*)
│   │   ├── webrender v0.70.0 (*)
│   │   ├── webrender_api v0.70.0 (*)
│   │   └── wr_malloc_size_of v0.2.2 (*)
│   ├── servo-paint-api v0.7.0 (https://github.com/servo/servo?rev=aac43a3f31a259f04a574f5ec4e959c943ad7cc7#aac43a3f) (*)
│   ├── servo-profile v0.7.0 (https://github.com/servo/servo?rev=aac43a3f31a259f04a574f5ec4e959c943ad7cc7#aac43a3f)
│   │   ├── log v0.4.34
│   │   ├── serde v1.0.229 (*)
│   │   ├── serde_json v1.0.151 (*)
│   │   ├── servo-allocator v0.7.0 (https://github.com/servo/servo?rev=aac43a3f31a259f04a574f5ec4e959c943ad7cc7#aac43a3f) (*)
│   │   ├── servo-base v0.7.0 (https://github.com/servo/servo?rev=aac43a3f31a259f04a574f5ec4e959c943ad7cc7#aac43a3f) (*)
│   │   ├── servo-config v0.7.0 (https://github.com/servo/servo?rev=aac43a3f31a259f04a574f5ec4e959c943ad7cc7#aac43a3f) (*)
│   │   ├── servo-profile-traits v0.7.0 (https://github.com/servo/servo?rev=aac43a3f31a259f04a574f5ec4e959c943ad7cc7#aac43a3f) (*)
│   │   └── time v0.3.55 (*)
│   ├── servo-profile-traits v0.7.0 (https://github.com/servo/servo?rev=aac43a3f31a259f04a574f5ec4e959c943ad7cc7#aac43a3f) (*)
│   ├── servo-script v0.7.0 (https://github.com/servo/servo?rev=aac43a3f31a259f04a574f5ec4e959c943ad7cc7#aac43a3f) (*)
│   ├── servo-script-traits v0.7.0 (https://github.com/servo/servo?rev=aac43a3f31a259f04a574f5ec4e959c943ad7cc7#aac43a3f) (*)
│   ├── servo-storage v0.7.0 (https://github.com/servo/servo?rev=aac43a3f31a259f04a574f5ec4e959c943ad7cc7#aac43a3f)
│   │   ├── libc v0.2.189
│   │   ├── log v0.4.34
│   │   ├── malloc_size_of_derive v0.1.3 (proc-macro) (*)
│   │   ├── postcard v1.1.3 (*)
│   │   ├── rusqlite v0.38.0 (*)
│   │   ├── rustc-hash v2.1.3
│   │   ├── sea-query v1.0.2 (*)
│   │   ├── sea-query-rusqlite v0.8.0 (*)
│   │   ├── serde v1.0.229 (*)
│   │   ├── servo-base v0.7.0 (https://github.com/servo/servo?rev=aac43a3f31a259f04a574f5ec4e959c943ad7cc7#aac43a3f) (*)
│   │   ├── servo-config v0.7.0 (https://github.com/servo/servo?rev=aac43a3f31a259f04a574f5ec4e959c943ad7cc7#aac43a3f) (*)
│   │   ├── servo-malloc-size-of v0.7.0 (https://github.com/servo/servo?rev=aac43a3f31a259f04a574f5ec4e959c943ad7cc7#aac43a3f) (*)
│   │   ├── servo-net-traits v0.7.0 (https://github.com/servo/servo?rev=aac43a3f31a259f04a574f5ec4e959c943ad7cc7#aac43a3f) (*)
│   │   ├── servo-profile-traits v0.7.0 (https://github.com/servo/servo?rev=aac43a3f31a259f04a574f5ec4e959c943ad7cc7#aac43a3f) (*)
│   │   ├── servo-storage-traits v0.7.0 (https://github.com/servo/servo?rev=aac43a3f31a259f04a574f5ec4e959c943ad7cc7#aac43a3f) (*)
│   │   ├── servo-url v0.7.0 (https://github.com/servo/servo?rev=aac43a3f31a259f04a574f5ec4e959c943ad7cc7#aac43a3f) (*)
│   │   ├── tempfile v3.27.0 (*)
│   │   └── uuid v1.27.0 (*)
│   ├── servo-storage-traits v0.7.0 (https://github.com/servo/servo?rev=aac43a3f31a259f04a574f5ec4e959c943ad7cc7#aac43a3f) (*)
│   ├── servo-tracing v0.7.0 (proc-macro) (https://github.com/servo/servo?rev=aac43a3f31a259f04a574f5ec4e959c943ad7cc7#aac43a3f) (*)
│   ├── servo-url v0.7.0 (https://github.com/servo/servo?rev=aac43a3f31a259f04a574f5ec4e959c943ad7cc7#aac43a3f) (*)
│   ├── servo-wakelock v0.7.0 (https://github.com/servo/servo?rev=aac43a3f31a259f04a574f5ec4e959c943ad7cc7#aac43a3f)
│   │   ├── serde v1.0.229 (*)
│   │   └── servo-embedder-traits v0.7.0 (https://github.com/servo/servo?rev=aac43a3f31a259f04a574f5ec4e959c943ad7cc7#aac43a3f) (*)
│   ├── stylo v0.22.0 (*)
│   ├── stylo_traits v0.22.0 (*)
│   ├── surfman v0.14.0 (*)
│   ├── tokio v1.53.1 (*)
│   ├── url v2.5.8 (*)
│   ├── webrender v0.70.0 (*)
│   └── webrender_api v0.70.0 (*)
├── servo-wgpu-interop-adapter v0.1.0 (https://github.com/merely-made/wgpu-graft.git?rev=bb48281bd4a88a726a009e0518706881b74b7604#bb48281b)
│   ├── dpi v0.1.2
│   ├── euclid v0.22.14 (*)
│   ├── gleam v0.15.1 (*)
│   ├── glow v0.17.0
│   ├── grafting v0.6.0 (https://github.com/merely-made/wgpu-graft.git?rev=bb48281bd4a88a726a009e0518706881b74b7604#bb48281b) (*)
│   ├── image v0.25.10 (*)
│   ├── rustls v0.23.45 (*)
│   ├── servo v0.7.0 (https://github.com/servo/servo?rev=aac43a3f31a259f04a574f5ec4e959c943ad7cc7#aac43a3f) (*)
│   ├── surfman v0.14.0 (*)
│   ├── wgpu v30.0.1 (*)
│   └── winit v0.30.13 (*)
├── sprigging v0.2.1 (https://github.com/merely-made/mere.git?rev=57b4893db6909d5ed9c4ccae30216f0d8164201a#57b4893d) (*)
├── stickleback v0.1.1 (https://github.com/merely-made/mere.git?rev=57b4893db6909d5ed9c4ccae30216f0d8164201a#57b4893d) (*)
├── tabard v0.0.1 (https://github.com/merely-made/mere.git?rev=57b4893db6909d5ed9c4ccae30216f0d8164201a#57b4893d) (*)
├── taproot v0.1.0 (https://github.com/merely-made/genet.git?rev=965b64e206a47d1c8808472de9aa461233638768#965b64e2)
│   ├── document-session-api v0.1.0 (https://github.com/merely-made/genet.git?rev=965b64e206a47d1c8808472de9aa461233638768#965b64e2) (*)
│   ├── genet-livery v0.0.4 (https://github.com/merely-made/genet.git?rev=965b64e206a47d1c8808472de9aa461233638768#965b64e2) (*)
│   ├── genet-scripted-dom v0.1.2 (https://github.com/merely-made/genet.git?rev=965b64e206a47d1c8808472de9aa461233638768#965b64e2) (*)
│   └── layout-dom-api v0.1.1 (https://github.com/merely-made/genet.git?rev=965b64e206a47d1c8808472de9aa461233638768#965b64e2) (*)
├── tempfile v3.27.0 (*)
├── tokio v1.53.1 (*)
├── tracing v0.1.44 (*)
├── tracing-subscriber v0.3.23 (*)
├── turquet v0.13.0 (https://github.com/merely-made/turquet.git?rev=bc3c454f755d0bfd70ab48bd9556a1cda2213d41#bc3c454f)
│   ├── hifitime v4.3.1
│   │   ├── lexical-core v1.0.6
│   │   │   ├── lexical-parse-float v1.0.6
│   │   │   │   ├── lexical-parse-integer v1.0.6
│   │   │   │   │   └── lexical-util v1.0.7
│   │   │   │   └── lexical-util v1.0.7
│   │   │   ├── lexical-parse-integer v1.0.6 (*)
│   │   │   └── lexical-util v1.0.7
│   │   ├── num-traits v0.2.19 (*)
│   │   ├── serde v1.0.229 (*)
│   │   ├── serde_derive v1.0.229 (proc-macro) (*)
│   │   ├── snafu v0.9.2
│   │   │   └── snafu-derive v0.9.2 (proc-macro)
│   │   │       ├── heck v0.5.0
│   │   │       ├── proc-macro2 v1.0.107 (*)
│   │   │       ├── quote v1.0.47 (*)
│   │   │       └── syn v2.0.119 (*)
│   │   └── web-time v1.1.0
│   └── sofars v0.6.1
├── url v2.5.8 (*)
├── uuid v1.27.0 (*)
├── uxtree v0.0.2 (https://github.com/merely-made/mere.git?rev=57b4893db6909d5ed9c4ccae30216f0d8164201a#57b4893d) (*)
├── webview2-com v0.39.1 (*)
├── weld-engine v0.2.0 (https://github.com/merely-made/mere.git?rev=57b4893db6909d5ed9c4ccae30216f0d8164201a#57b4893d)
│   ├── dpi v0.1.2
│   ├── inker v0.1.1 (https://github.com/merely-made/mere.git?rev=57b4893db6909d5ed9c4ccae30216f0d8164201a#57b4893d) (*)
│   ├── tracing v0.1.44 (*)
│   └── welding v0.15.0 (https://github.com/merely-made/wgpu-weld.git?rev=c4dd593b7a730acb4aa6ffab0fe2edf8a0584083#c4dd593b)
│       ├── base64 v0.22.1
│       ├── cef v154.5.0+154.0.34
│       │   ├── anyhow v1.0.104
│       │   ├── ash v0.38.0+1.3.281 (*)
│       │   ├── cargo_metadata v0.23.1
│       │   │   ├── camino v1.2.6
│       │   │   │   └── serde_core v1.0.229
│       │   │   ├── cargo-platform v0.3.3
│       │   │   │   └── serde_core v1.0.229
│       │   │   ├── semver v1.0.28 (*)
│       │   │   ├── serde v1.0.229 (*)
│       │   │   ├── serde_json v1.0.151 (*)
│       │   │   └── thiserror v2.0.20 (*)
│       │   ├── cef-dll-sys v154.5.0+154.0.34
│       │   │   [build-dependencies]
│       │   │   ├── anyhow v1.0.104
│       │   │   ├── cc v1.6.0 (*)
│       │   │   ├── cmake v0.1.58 (*)
│       │   │   ├── download-cef v3.0.0
│       │   │   │   ├── bzip2 v0.6.1 (*)
│       │   │   │   ├── clap v4.6.7 (*)
│       │   │   │   ├── fs-err v3.3.1
│       │   │   │   │   [build-dependencies]
│       │   │   │   │   └── autocfg v1.5.1
│       │   │   │   ├── indicatif v0.18.6
│       │   │   │   │   ├── console v0.16.6
│       │   │   │   │   │   ├── encode_unicode v1.0.0
│       │   │   │   │   │   ├── libc v0.2.189
│       │   │   │   │   │   ├── unicode-width v0.2.2
│       │   │   │   │   │   └── windows-sys v0.61.2
│       │   │   │   │   │       └── windows-link v0.2.1
│       │   │   │   │   ├── portable-atomic v1.15.0
│       │   │   │   │   ├── unicode-width v0.2.2
│       │   │   │   │   └── unit-prefix v0.5.2
│       │   │   │   ├── regex v1.13.1 (*)
│       │   │   │   ├── semver v1.0.28
│       │   │   │   ├── serde v1.0.229 (*)
│       │   │   │   ├── serde_json v1.0.151 (*)
│       │   │   │   ├── sha1_smol v1.0.1
│       │   │   │   ├── tar v0.4.46 (*)
│       │   │   │   ├── thiserror v2.0.20 (*)
│       │   │   │   └── ureq v3.4.2
│       │   │   │       ├── base64 v0.23.1
│       │   │   │       ├── flate2 v1.1.10 (*)
│       │   │   │       ├── log v0.4.34
│       │   │   │       ├── percent-encoding v2.3.2
│       │   │   │       ├── rustls v0.23.45
│       │   │   │       │   ├── log v0.4.34
│       │   │   │       │   ├── once_cell v1.21.4
│       │   │   │       │   ├── ring v0.17.14
│       │   │   │       │   │   ├── cfg-if v1.0.5
│       │   │   │       │   │   ├── getrandom v0.2.17 (*)
│       │   │   │       │   │   └── untrusted v0.9.0
│       │   │   │       │   │   [build-dependencies]
│       │   │   │       │   │   └── cc v1.6.0 (*)
│       │   │   │       │   ├── rustls-pki-types v1.15.1 (*)
│       │   │   │       │   ├── rustls-webpki v0.103.15
│       │   │   │       │   │   ├── ring v0.17.14 (*)
│       │   │   │       │   │   ├── rustls-pki-types v1.15.1 (*)
│       │   │   │       │   │   └── untrusted v0.9.0
│       │   │   │       │   ├── subtle v2.6.1
│       │   │   │       │   └── zeroize v1.9.0
│       │   │   │       ├── rustls-pki-types v1.15.1 (*)
│       │   │   │       ├── serde v1.0.229 (*)
│       │   │   │       ├── serde_json v1.0.151 (*)
│       │   │   │       ├── socks v0.3.4
│       │   │   │       │   ├── byteorder v1.5.0
│       │   │   │       │   └── winapi v0.3.9
│       │   │   │       ├── ureq-proto v0.6.4
│       │   │   │       │   ├── base64 v0.23.1
│       │   │   │       │   ├── http v1.5.0
│       │   │   │       │   │   ├── bytes v1.12.1
│       │   │   │       │   │   └── itoa v1.0.18
│       │   │   │       │   ├── httparse v1.10.1
│       │   │   │       │   └── log v0.4.34
│       │   │   │       ├── utf8-zero v0.8.1
│       │   │   │       └── webpki-roots v1.0.9 (*)
│       │   │   └── serde_json v1.0.151 (*)
│       │   ├── clap v4.6.7 (*)
│       │   ├── serde v1.0.229 (*)
│       │   ├── serde_json v1.0.151 (*)
│       │   ├── thiserror v2.0.20 (*)
│       │   ├── tracing v0.1.44 (*)
│       │   ├── wgpu v30.0.1 (*)
│       │   ├── windows v0.62.2 (*)
│       │   └── windows-sys v0.61.2 (*)
│       ├── dpi v0.1.2
│       ├── grafting v0.6.0 (*)
│       ├── log v0.4.34
│       ├── serde_json v1.0.151 (*)
│       ├── thiserror v2.0.20 (*)
│       ├── wgpu v30.0.1 (*)
│       ├── wgpu-hal v30.0.1 (*)
│       └── windows v0.62.2 (*)
├── welding v0.15.0 (https://github.com/merely-made/wgpu-weld.git?rev=c4dd593b7a730acb4aa6ffab0fe2edf8a0584083#c4dd593b) (*)
├── wgpu v30.0.1 (*)
├── windows v0.62.2 (*)
├── winit v0.30.13 (*)
└── workbench v0.1.0 (https://github.com/merely-made/mere.git?rev=57b4893db6909d5ed9c4ccae30216f0d8164201a#57b4893d)
[dev-dependencies]
├── mien v0.0.1 (https://github.com/merely-made/mere.git?rev=57b4893db6909d5ed9c4ccae30216f0d8164201a#57b4893d) (*)
└── netfetcher v0.1.1 (https://github.com/merely-made/genet.git?rev=965b64e206a47d1c8808472de9aa461233638768#965b64e2) (*)

turnstone-sandbox-bootstrap-win v0.1.0 (C:\Users\mark_\Code\repos\turnstone\sandbox_bootstrap_win)
└── turnstone v0.1.0 (C:\Users\mark_\Code\repos\turnstone) (*)
