
running 713 tests
test a11y::bridge_integrity::the_pushed_tree_has_no_dangling_children_and_no_duplicate_ids ... ok
test a11y::bridge_integrity::a_contributed_tree_attaches_below_its_registered_pane ... ok
test a11y::route_table::a_routed_selection_changes_the_app_and_a_miss_says_so ... ok
test a11y::route_table::every_graph_member_is_reachable_by_route_when_an_orrery_exists ... ok
test a11y::tests::panes_workbench_and_documents_project_under_one_root ... ok
test a11y::tests::the_stitched_tree_is_coherent ... ok
test app::contributed_pane_arms::tests::contributed_summon_preserves_source_and_mints_one_identity ... ok
test app::contributed_pane_arms::tests::contributed_summon_rolls_back_when_blueprint_cannot_place_target ... ok
test app::contributed_pane_arms::tests::contributed_summon_targets_the_active_lens ... ok
test app::contributed_pane_arms::tests::knot_file_choices_are_palette_actions_lowered_to_shell_effects ... ok
test a11y::bridge_integrity::diagnostic_gloss_rows_attach_without_routes_and_retire_after_removal ... ok
test app::document_find_arms::tests::captured_target_and_request_drop_late_find_results ... ok
test a11y::route_table::an_omnibar_route_opens_the_omnibar_through_the_spine ... ok
test a11y::tests::the_omnibar_projects_while_open ... ok
test app::document_find_arms::tests::current_match_is_observable_and_accessible ... ok
test app::document_find_arms::tests::engine_managed_count_is_observed_without_synthetic_matches ... ok
test app::document_find_arms::tests::unsupported_engine_neither_offers_nor_opens_find ... ok
test app::document_find_arms::tests::workbench_find_and_zoom_follow_the_browser_page_with_an_independent_graph_cursor ... ok
test app::node_arms::tests::committed_content_navigation_grows_the_same_members_lineage ... ok
test app::feed_arms::tests::host_tick_runs_the_persisted_cadence ... ok
test app::feed_arms::tests::guid_stable_episode_url_change_navigates_the_existing_member ... ok
test app::node_arms::tests::page_zoom_steps_the_chromium_ladder_and_persists_the_request ... ok
test app::node_arms::tests::the_ladder_ends_report_rather_than_stepping_past_themselves ... ok
test app::feed_arms::tests::subscription_refresh_projects_unread_entries_once ... ok
test app::node_arms::tests::zoom_rows_appear_only_for_a_live_engine_that_reports_the_control ... ok
test app::node_arms::tests::opening_an_address_keeps_the_new_selection_through_pane_rendering ... ok
test app::omnibar_arms::tests::captured_search_respects_a_single_row_setting ... ok
test app::omnibar_arms::tests::captured_page_mode_finds_body_text_without_recall_rows ... ok
test app::omnibar_arms::tests::captured_page_mode_drops_results_after_stale_or_empty_refresh ... ok
test app::omnibar_arms::tests::committing_a_captured_source_opens_its_source_address ... ok
test app::palette::tests::captured_collection_rows_preserve_worker_versions_and_mark_selection ... ok
test app::palette::tests::duplicate_collection_names_have_stable_distinct_palette_labels ... ok
test app::palette::tests::stale_captured_collection_selection_offers_the_latest_version ... ok
test app::pane_arms::tests::floating_pane_moves_through_live_primary_and_lens_projections ... ok
test app::palette::tests::committing_a_captured_collection_row_emits_its_exact_version ... ok
test app::redshank_arms::tests::opening_an_enclosure_yields_a_redshank_episode_pane ... ok
test app::redshank_arms::tests::a_note_and_progress_project_into_the_graph_and_reopen_after_a_restart ... ok
test app::resident_admission_tests::uninstall_persists_revocation_and_rebuild_rejects_lagging_binding ... ok
test app::resident_admission_tests::pause_skips_manual_runs_and_resume_is_durable ... ok
test app::runtime_pool::tests::display_budget_survives_graph_replacement_and_unknown_rate ... ok
test app::runtime_pool::tests::forme_runtime_key_keeps_graph_and_forme_separate ... ok
test app::runtime_pool::tests::graph_pool_keeps_two_graph_authorities_independent ... ok
test app::runtime_pool::tests::pane_selections_do_not_alias_on_one_graph ... ok
test app::runtime_pool::tests::pane_viewports_do_not_alias_on_one_graph ... ok
test app::runtime_pool::tests::workbenches_are_owned_by_their_forme_runtime ... ok
test app::tests::a_held_document_is_refused_outside_a_place_and_its_node_stays ... ok
test app::tests::a_left_place_refuses_reconnect_and_rejoins_by_clearing_its_mark ... ok
test app::tests::a_profile_with_no_vault_still_registers_a_knot_engine ... ok
test app::tests::a_refused_invitation_leaves_no_binding_in_app_state ... ok
test app::resident_run_tests::adopting_foreign_run_records_clears_the_live_table_without_rewriting_them ... ok
test app::resident_admission_tests::duplicate_subjects_refuse_manual_routing_without_actions ... ok
test app::tests::a_stale_join_answer_cannot_bind_a_session ... ok
test app::tests::a_shared_knot_address_needs_no_path_of_its_own ... ok
test app::tests::actor_fetched_body_is_retained_for_the_requested_content_spawn ... ok
test app::tests::adopt_session_restores_the_saved_canvas_layout_from_facets ... ok
test app::tests::available_actions_lead_with_the_contextual_rows ... ok
test app::tests::an_expired_invitation_is_reported_with_its_time ... ok
test app::tests::back_forward_and_reload_flow_through_the_spine ... ok
test app::tests::binary_page_response_becomes_durable_download_custody ... ok
test app::tests::browser_states_refresh_and_round_trip ... ok
test app::tests::boot_launch_fetch_precedes_the_restored_content_spawn ... ok
test app::tests::capture_action_preserves_explicit_member_for_the_host ... ok
test app::tests::close_session_trashes_and_recover_restores_identity ... ok
test app::tests::changed_gemini_certificate_requires_an_explicit_trust_commit_before_refetch ... ok
test app::tests::committing_a_node_row_selects_without_fetch_effects ... ok
test app::tests::composing_a_gloss_pane_toggles_sections_on_its_own_leaf ... ok
test app::resident_run_tests::malformed_run_store_refuses_before_manual_body_mutation ... ok
test app::tests::content_flip_lowers_and_fails_honestly ... ok
test app::tests::copying_the_local_rendezvous_carries_the_whole_ticket ... ok
test app::tests::committing_an_action_row_runs_the_action_and_closes ... ok
test app::tests::delete_stages_into_the_bin_and_recover_restores_identity ... ok
test app::tests::configured_row_limit_applies_to_the_live_omnibar_projection ... ok
test app::tests::corrupt_admission_state_refuses_install_without_replacing_tombstones ... ok
test app::tests::empty_recycle_bin_forgets_on_command ... ok
test app::tests::failed_leave_from_joining_cannot_adopt_a_late_join_answer ... ok
test app::tests::a_rerooted_profile_refuses_automatic_certificate_reissue ... ok
test app::tests::fork_session_snapshots_the_component_with_its_facets ... ok
test app::tests::gemini_identity_is_confirmed_once_and_reused_only_for_its_capsule ... ok
test app::tests::graph_views_workbenches_and_followers_are_pane_scoped ... ok
test app::tests::deleting_a_denizen_archives_its_world_and_recovery_restores_residency ... ok
test app::tests::keep_action_is_target_bound_idempotent_and_observable ... ok
test app::tests::leave_place_is_correlated_and_failure_keeps_a_retryable_degraded_binding ... ok
test app::tests::denizen_installs_after_visible_review ... ok
test app::tests::lens_ops_close_removes_the_summoned_pane ... ok
test app::tests::live_settings_snapshot_reconfigures_the_running_chrome_value_once ... ok
test app::tests::malformed_place_binding_is_visible_without_hiding_cached_graph ... ok
test app::tests::fork_carries_denizen_worlds_as_real_copies ... ok
test app::tests::micron_form_editor_is_explicit_redacts_masked_input_and_emits_one_request ... ok
test app::tests::micron_form_fixed_variable_action_selection_and_visible_edit_errors ... ok
test app::tests::micron_form_refuses_submission_after_source_address_changes ... ok
test app::tests::moving_a_composed_section_reorders_that_leaf_and_clamps ... ok
test app::tests::micron_form_navigation_reload_and_close_cancel_and_ignore_late_reply ... ok
test app::tests::nomadnet_omnibar_stop_and_reload_keep_native_request_identity ... ok
test app::tests::install_delegates_from_the_profile_identity_and_uninstall_revokes_it ... ok
test app::tests::micron_form_rejects_refreshed_source_before_send_and_on_reply ... ok
test app::tests::omnibar_transcript_freezes_its_open_context_and_repeats_it ... ok
test app::tests::ordinary_smolweb_input_navigates_and_refetches_with_a_percent_encoded_query ... ok
test app::tests::place_collection_completion_is_correlated_and_failure_keeps_the_snapshot ... ok
test app::tests::place_collection_selection_lowers_the_exact_version_and_clear ... ok
test app::tests::place_artifacts_are_written_where_the_person_asked ... ok
test app::tests::place_prekey_offer_is_written_beside_its_card ... ok
test app::tests::place_binding_survives_switch_and_restart_as_a_worker_open ... ok
test app::tests::place_founding_prompts_commit_escape_and_refuse ... ok
test app::tests::place_revoke_rows_are_a_founders_one_per_other_member ... ok
test app::tests::place_reader_invitation_and_share_rows_act_only_inside_a_place ... ok
test app::tests::publishing_pane_is_a_summonable_window_control ... ok
test app::tests::place_invite_lifetime_suffix_is_read_from_the_right ... ok
test app::tests::recall_keeps_a_footing_inside_the_row_budget ... ok
test app::tests::reconnect_hint_cleanup_can_fail_at_binding_removal_without_losing_history ... ok
test app::tests::place_status_leaves_the_omnibar_open_over_a_pane_open ... ok
test app::tests::reconnect_metadata_failure_does_not_remove_the_admitted_binding ... ok
test app::tests::reconnect_place_requires_binding_and_ignores_departed_generation ... ok
test app::tests::reload_after_a_failed_native_fetch_replaces_the_error_with_a_content_spawn ... ok
test app::tests::place_status_refresh_is_local_filtered_and_generation_scoped ... ok
test app::tests::requested_page_scale_round_trips_through_the_store ... ok
test app::tests::retired_static_viewer_pins_migrate_to_livery ... ok
test app::tests::recall_never_outranks_the_typed_address ... ok
test app::tests::rename_session_through_the_omnibar_mode ... ok
test app::tests::session_restore_applies_law_before_overlays_and_records_refusal ... ok
test app::tests::shared_knot_pane_is_a_summonable_reader_control ... ok
test app::tests::source_capture_carries_current_target_without_requesting_png ... ok
test app::tests::shared_nodes_arrive_without_disturbing_the_local_canvas ... ok
test app::tests::source_capture_refuses_a_member_without_a_current_target ... ok
test app::tests::source_capture_completion_attaches_an_ordered_node_reference_series ... ok
test app::tests::stale_or_failed_source_capture_completion_never_attaches_a_reference ... ok
test app::tests::sensitive_smolweb_input_is_masked_and_never_enters_graph_or_events ... ok
test app::tests::stop_cancels_only_the_focused_request_and_rejects_its_late_answer ... ok
test app::tests::streamed_page_spawns_from_a_prefix_then_replaces_and_settles ... ok
test app::tests::stale_place_update_from_a_departed_session_is_ignored ... ok
test app::tests::summon_enforces_registry_multiplicity_in_one_space ... ok
test app::tests::spartan_prompt_target_resolves_against_its_source_member ... ok
test app::tests::tear_out_moves_the_leaf_and_keeps_its_id ... ok
test app::tests::superseded_recall_answers_drop ... ok
test app::tests::the_cascade_budget_arrives_from_settings_and_changes_live ... ok
test app::tests::the_overmap_composes_sections_too ... ok
test app::tests::the_actions_lane_and_short_needles_never_recall ... ok
test app::tests::resident_petitions_run_through_the_gate ... ok
test app::tests::titan_address_opens_an_explicit_composer_without_uploading ... ok
test app::tests::titan_composer_stages_body_mime_hidden_token_and_literal_confirmation ... ok
test app::tests::typing_asks_for_recall_and_the_answer_becomes_rows ... ok
test app::tests::workbench_actions_flow_through_the_spine ... ok
test app::tests::workbench_persists_and_restores_pruned ... ok
test app::user_agent_decision_arms::tests::authentication_secrets_are_redacted_and_absent_from_observation ... ok
test app::user_agent_decision_arms::tests::permission_choice_is_retained_and_lowers_the_captured_request ... ok
test app::user_agent_decision_arms::tests::withdrawn_request_cannot_answer_a_later_navigation ... ok
test app::tests::the_row_count_follows_the_viewport_under_the_configured_ceiling ... ok
test arrange_pane::tests::intents_lower_to_the_palette_actions_by_id ... ok
test arrange_pane::tests::current_refusal_attaches_to_the_platform_tree_and_clears_without_dom_sync ... ok
test app::tests::workbench_browser_commands_preserve_the_independent_graph_selection ... ok
test behaviors::tests::a_delta_naming_one_node_yields_that_node ... ok
test behaviors::tests::a_digest_names_the_nodes_that_changed_not_their_containers ... ok
test behaviors::tests::a_field_delta_names_no_node ... ok
test behaviors::tests::a_malformed_id_yields_no_scope_rather_than_a_bogus_one ... ok
test behaviors::tests::a_node_the_graph_does_not_hold_falls_back_to_its_bare_id ... ok
test behaviors::tests::a_relation_delta_yields_both_ends ... ok
test behaviors::tests::an_unwoken_context_is_empty_rather_than_absent ... ok
test arrange_pane::tests::refused_overlays_are_visible_and_keep_the_applied_law ... ok
test browse::tests::certificate_request_prompts_once_then_reports_rejection ... ok
test browse::tests::changed_certificate_preserves_the_fetch_target_and_both_fingerprints ... ok
test arrange_pane::tests::the_rows_read_the_canvas_back ... ok
test browse::tests::failed_favicon_completion_clears_its_pending_request ... ok
test browse::tests::favicon_completions_remove_only_their_own_request ... ok
test behaviors::tests::typed_journal_authors_preserve_no_self_wake_subject_matching ... ok
test browse::tests::input_response_keeps_actor_target_separate_from_graph_owner ... ok
test browse::tests::page_progress_keeps_the_request_pending_until_terminal_answer ... ok
test browse::tests::pending_table_correlates_and_refuses_to_guess ... ok
test browse::tests::subresource_waiters_share_one_fetch_and_clear_together ... ok
test app::tests::swapped_script_body_is_refused_before_runtime_execution ... ok
test browse::tests::superseding_and_stopping_cancel_only_the_named_request ... ok
test browse::tests::superseded_node_drops_the_late_result ... ok
test browse::tests::favicon_write_stores_png_bytes_under_their_digest ... ok
test browse::tests::enrichment_stamps_the_requesting_node_among_url_twins ... ok
test cambium_pane::tests::a_roster_cell_resolves_by_text ... ok
test cambium_pane::tests::grid_dom_is_hit_testable ... ok
test cambium_pane::tests::every_tab_is_drawn_in_the_strip ... ok
test cambium_pane::tests::clicking_a_tab_switches_the_body ... ok
test cambium_pane::tests::two_roster_runners_keep_independent_selection ... ok
test cambium_pane::tests::a_row_in_a_long_narrow_roster_navigates_to_its_own_url ... ok
test cambium_pane::tests::tablist_height_matches_the_sheet ... ok
test chrome_view::tests::a_changed_chrome_cascades_again ... ok
test chrome_view::tests::authentication_card_debug_withholds_credential_fields ... ok
test chrome_view::tests::authentication_card_masks_password_and_a11y_withholds_credentials ... ok
test chrome_view::tests::a_press_hit_tests_without_cascading_again ... ok
test chrome_view::tests::active_fetch_switches_reload_to_stop_and_projects_link_preview ... ok
test chrome_view::tests::an_unchanged_chrome_paints_without_cascading_again ... ok
test chrome_view::tests::browser_strip_targets_the_workbench_member_without_moving_graph_selection ... ok
test chrome_view::tests::document_find_projects_controlled_input_status_and_controls ... ok
test chrome_view::tests::browser_strip_routes_per_node_back_forward_and_reload ... ok
test chrome_view::tests::hidden_shellbar_is_removed_from_the_chrome_and_a11y_projections ... ok
test chrome_view::tests::chrome_windows_are_forest_siblings_with_scoped_layout ... ok
test chrome_view::tests::clicking_a_suggestion_row_bubbles_its_index ... ok
test chrome_view::tests::live_appearance_is_applied_to_the_retained_chrome_surface ... ok
test chrome_view::tests::keep_button_targets_the_member_then_projects_kept_state ... ok
test chrome_view::tests::permission_decision_projects_origin_choices_and_accessibility ... ok
test content::tests::fetched_documents_are_member_and_address_scoped ... ok
test content::tests::flip_toggles_and_failure_retries ... ok
test content::tests::live_nodes_lists_only_live ... ok
test content::tests::source_candidates_are_html_and_address_scoped ... ok
test content::tests::streamed_documents_accumulate_exact_bytes_before_decoding ... ok
test chrome_view::tests::one_mutation_invalidates_every_window_root ... ok
test content_classes::tests::download_record_displaces_the_generic_web_page_class ... ok
test content_classes::tests::reconciliation_is_idempotent ... ok
test contributed_a11y::tests::a_new_admission_never_reuses_the_old_platform_action_id ... ok
test contributed_a11y::tests::an_unfocused_dom_does_not_invent_focus_and_its_root_uses_the_pane_rect ... ok
test content_classes::tests::web_and_note_classes_coexist_and_are_admitted_in_one_graph ... ok
test contributed_a11y::tests::equal_dom_ids_in_two_panes_never_collide ... ok
test chrome_view::tests::the_caret_split_mirrors_omnibar_state ... ok
test contributed_a11y::tests::namespacing_places_bounds_and_preserves_distinct_actions ... ok
test contributed_a11y::tests::current_runner_focus_is_admitted_repeatedly_without_activation ... ok
test chrome_view::tests::install_review_wraps_intact_and_keeps_card_and_click_geometry ... ok
test contributed_surface::tests::admission_generations_never_wrap_or_reuse_removed_identity ... ok
test contributed_a11y::tests::queued_old_admission_cannot_activate_a_current_runner_control ... ok
test contributed_surface::tests::erased_sessions_dispatch_and_sync_independently_and_drop_from_map ... ok
test contributed_surface::tests::registration_asserts_the_descriptor_source_kind_matches_the_schema ... ok
test contributed_surface::tests::registry_rejects_duplicate_and_validates_schema ... ok
test contributed_surface::tests::retained_map_reuses_one_source_and_replaces_a_repinned_source ... ok
test contributed_a11y::tests::test_provider_without_host_effects_still_admits_current_actions ... ok
test contributed_surface::tests::source_schema_is_only_external_schema ... ok
test contributed_surface::tests::typed_unavailability_becomes_a_generic_retained_surface ... ok
test contributed_a11y::tests::helper_refuses_hidden_disabled_and_unsupported_runner_actions ... ok
test denizen::tests::a_deadband_is_strictly_parsed_and_named_in_review ... ok
test denizen::tests::a_legacy_binding_rebuilds_and_asks_for_a_heal ... ok
test contributed_surface::tests::admitted_pane_exposes_its_retained_dom_and_complete_probe_stylesheet ... ok
test contributed_surface::tests::retained_projection_and_actions_share_the_live_dom_session ... ok
test diagnostic_observations::tests::byte_limit_accounts_the_encoded_category_and_envelope ... ok
test diagnostic_observations::tests::event_copy_omits_urls_paths_titles_prompts_and_errors ... ok
test diagnostic_observations::tests::inspection_age_and_disabled_status_are_actual_store_readings ... ok
test diagnostic_observations::tests::inspection_keeps_loss_redaction_and_receipt_reader_independent ... ok
test diagnostic_observations::tests::inspection_settings_are_independent_of_retention ... ok
test diagnostic_observations::tests::overflow_is_visible_to_independent_readers ... ok
test denizen::tests::nested_logs_round_trip_through_disk ... ok
test diagnostic_observations::tests::requested_export_failure_fails_the_scenario_sentinel ... ok
test diagnostic_observations::tests::zero_configuration_reports_disabled_retention ... ok
test diagnostic_observations::tests::successful_requested_receipt_exports_records_and_loss ... ok
test distillery_installed_surface::tests::malformed_mesh_ids_and_spinning_cadences_are_refused_before_admission ... ok
test distillery_installed_surface::tests::payload_version_is_checked_before_the_snapshot_is_built ... ok
test distillery_installed_surface::tests::registry_admits_the_published_distillery_surface_from_a_versioned_source ... ok
test distillery_installed_surface::tests::admitted_surface_renders_the_projected_profile_and_paths ... ok
test distillery_installed_surface::tests::resident_cadences_round_trip_through_the_versioned_source ... ok
test download::tests::attachment_and_unrenderable_media_download_but_text_stays_a_document ... ok
test download::tests::filename_prefers_disposition_and_removes_path_authority ... ok
test distillery_installed_surface::tests::retained_accessibility_projects_a_generic_status_surface ... ok
test feed::tests::gemtext_feed_preserves_relative_urls_dates_and_dedupes ... ok
test feed::tests::guid_identity_survives_an_enclosure_or_link_change ... ok
test feed::tests::podcast_facts_resolve_against_the_caller_base_and_guid_wins_deduplication ... ok
test feed::tests::rss_and_json_feed_share_the_entry_shape ... ok
test feed::tests::schedule_survives_restart_and_suppresses_unchanged_entries ... ok
test foreign_a11y::tests::duplicate_ownership_cycles_invalid_focus_and_local_graphs_fail_closed ... ok
test foreign_a11y::tests::fixture_text_optin_never_exposes_password_nodes_or_descendants ... ok
test foreign_a11y::tests::hidden_remount_and_adapter_reactivation_replay_all_descendants ... ok
test foreign_a11y::tests::idle_delta_reaches_consumer_without_a_pixel_frame ... ok
test foreign_a11y::tests::inactive_adapter_does_not_consume_pending_activation ... ok
test foreign_a11y::tests::incomplete_tree_waits_and_invalid_host_frame_keeps_publication_pending ... ok
test foreign_a11y::tests::malformed_known_tree_withdraws_but_unknown_tree_cannot_corrupt ... ok
test foreign_a11y::tests::navigation_prunes_old_nested_trees_and_ignores_stale_callbacks ... ok
test foreign_a11y::tests::nested_focus_and_two_panes_keep_identical_local_ids_distinct ... ok
test foreign_a11y::tests::publication_diagnostic_uses_emitted_frame_not_pending_supplier_delta ... ok
test foreign_a11y::tests::publication_diagnostic_withdraws_hidden_retired_malformed_and_reset_trees ... ok
test foreign_a11y::tests::removed_local_nodes_retire_their_actions ... ok
test foreign_a11y::tests::retirement_and_new_root_reject_old_generation_actions_and_updates ... ok
test foreign_a11y::tests::unix_consumer::activation_at_every_batch_boundary_restarts_nested_replay ... ok
test foreign_a11y::tests::unix_consumer::recursive_frame_orders_descendants_and_preserves_two_pane_ids ... ok
test foreign_a11y::tests::windows_consumer::activation_at_every_batch_boundary_restarts_nested_replay ... ok
test foreign_a11y::tests::windows_consumer::recursive_frame_orders_descendants_and_preserves_two_pane_ids ... ok
test frame_timing::tests::ms_reports_the_frame_log_unit ... ok
test frame_timing::tests::raster_totals_are_derived_from_the_split ... ok
test frame_timing::tests::reset_clears_between_frame_accumulation ... ok
test frame_timing::tests::suggestion_runs_and_refits_count_separately ... ok
test gemini_identity::tests::approval_is_persona_and_capsule_scoped_and_persists_without_secrets ... ok
test gemini_identity::tests::identity_is_stable_per_persona_and_unlinkable_across_capsules ... ok
test gemini_trust::tests::a_change_requires_the_current_pin_and_persists_the_decision ... ok
test gemini_trust::tests::an_interrupted_replace_recovers_the_previous_pin ... ok
test gemini_trust::tests::first_contact_survives_reopen ... ok
test identity::tests::opening_the_vault_retires_the_unsealed_seed ... ok
test identity::tests::the_root_identity_survives_a_restart ... ok
test identity::tests::the_unsealed_fallback_persists_and_says_so ... ok
test inspector_pane::tests::clip_button_bubbles_a_typed_inspector_intent ... ok
test download::tests::store_writes_a_collision_free_copy_and_retrievable_blob ... ok
test inspector_pane::tests::engine_inventory_mapping_preserves_unknown_saved_pin ... ok
test cookie_custody::tests::a_cookie_set_in_one_run_is_there_in_the_next ... ok
test denizen::tests::staged_installs_are_content_derived_and_reviewable ... ok
test inspector_pane::tests::engine_inventory_new_registration_reaches_picker_and_observation ... ok
test inspector_pane::tests::engine_inventory_resync_discards_focus_request_when_rows_change ... ok
test inspector_pane::tests::engine_inventory_survives_session_adoption ... ok
test inspector_pane::tests::focused_document_capabilities_sit_beside_the_viewer_picker ... ok
test inspector_pane::tests::engine_inventory_valid_selection_recovers_failed_pin_but_keeps_at_rest_closed ... ok
test inspector_pane::tests::engine_inventory_human_label_keeps_engine_id_scenario_target ... ok
test inspector_pane::tests::engine_inventory_saved_unknown_is_selected_disabled_and_refuses_click ... ok
test inspector_pane::tests::synced_sections_reach_the_dom ... ok
test inspector_pane::tests::the_requested_page_zoom_is_mirrored_beside_the_capability ... ok
test inspector_pane::tests::probe_resolved_clip_button_reaches_the_pane_at_receipt_size ... ok
test inspector_view::tests::a_lane_without_introspection_is_reported_not_synthesized ... ok
test inspector_view::tests::closing_content_drops_the_facts ... ok
test inspector_view::tests::focused_node_with_live_content_reports_both_sections ... ok
test inspector_view::tests::livery_and_weld_capability_limits_are_presented_honestly ... ok
test inspector_view::tests::no_focus_reports_none_honestly ... ok
test inspector_view::tests::only_a_person_with_the_ui_id_renders_as_you ... ok
test knot_authoring::tests::a_blank_path_setting_reads_as_unset ... ok
test knot_authoring::tests::a_member_with_no_vault_visits_but_holds_nothing ... ok
test knot_authoring::tests::a_place_held_address_matches_the_holder_own_disclosed_address ... ok
test knot_authoring::tests::a_place_held_address_names_its_holder_and_stays_a_knot_address ... ok
test knot_authoring::tests::a_visit_only_engine_offers_no_clip_target ... ok
test knot_authoring::tests::dom_ranges_only_name_an_observed_representation ... ok
test knot_authoring::tests::inspector_clip_crosses_the_typed_endpoint_action ... ignored, receipt: set KNOT_ENDPOINT_TEST_BIN to a built Mere knot_endpoint
test knot_authoring::tests::inspector_clip_retains_livery_source_evidence_end_to_end ... ignored, receipt: set KNOT_ENDPOINT_TEST_BIN to a built Mere knot_endpoint
test knot_authoring::tests::knot_addresses_are_selected_without_claiming_other_files ... ok
test knot_authoring::tests::only_a_personae_root_is_read_as_a_holder ... ok
test inspector_pane::tests::viewer_controls_write_the_followed_member_instead_of_the_runtime_cursor ... ok
test knot_authoring::tests::real_knot_consumer_saves_rejects_stale_and_reopens ... ignored, receipt: set KNOT_ENDPOINT_TEST_BIN to a built Mere knot_endpoint
test knot_authoring::tests::received_communal_auto_run_waits_for_explicit_confirmation ... ignored, receipt: set KNOT_ENDPOINT_TEST_BIN to a built Mere knot_endpoint
test knot_authoring::tests::resolve_and_run_cross_the_consented_authoring_path ... ignored, receipt: set KNOT_ENDPOINT_TEST_BIN to a built Mere knot_endpoint
test knot_authoring::tests::sealed_cache_age_uses_readable_units ... ok
test knot_authoring::tests::sealed_cache_attribution_is_visible_in_the_derived_preview ... ok
test knot_authoring::tests::projected_action_is_probe_drivable_by_instance_identity ... ok
test knot_authoring::tests::synced_knot_head_becomes_public_scenograph_revision_without_save_token ... ok
test knot_authoring::tests::sharing_rewrites_a_locally_held_document_to_its_holder ... ok
test knot_authoring::tests::unversioned_knot_source_requires_a_runtime_witness_without_durable_token ... ok
test knot_document_surface::tests::absent_file_is_a_generic_typed_unavailable_surface ... ok
test knot_document_surface::tests::native_protocol_sources_are_admitted_by_extension ... ok
test knot_document_surface::tests::payload_version_is_checked_before_file_authority_is_opened ... ok
test knot_document_surface::tests::read_only_source_opens_a_read_only_document_session ... ok
test knot_document_surface::tests::registry_admits_the_published_knot_surface_from_a_versioned_file_source ... ok
test knot_document_surface::tests::native_protocol_file_sessions_edit_and_save_exact_source_bytes ... ok
test inspector_pane::tests::picking_a_viewer_reports_the_intent_and_mirrors_back ... ok
test nomadnet::tests::micron_session_preserves_source_and_produces_scene ... ok
test nomadnet::tests::native_address_keeps_destination_and_opaque_path ... ok
test nomadnet::tests::native_projection_qualifies_same_node_page_links ... ok
test nomadnet::tests::unresolved_aliases_are_rejected_in_every_retained_container ... ok
test knot_document_surface::tests::retained_accessibility_distinguishes_editable_and_read_only_documents ... ok
test observe::tests::snapshot_projects_focused_document_capabilities ... ok
test observe::tests::semantic_actions_emit_events ... ok
test nomadnet::tests::micron_form_explicit_interface_sends_map_and_bounds_resource_reply ... ok
test observe::tests::snapshot_reports_a_retained_engine_applied_page_zoom ... ok
test overmap::tests::a_label_less_session_titles_by_id_prefix ... ok
test overmap::tests::duplicate_container_ids_collapse_rather_than_corrupt ... ok
test overmap::tests::session_of_url_rejects_foreign_urls ... ok
test overmap::tests::sessions_project_as_container_nodes_with_lineage ... ok
test pane::tests::a_divider_ratio_moves_the_seam ... ok
test pane::tests::a_horizontal_split_halves_the_width_by_ratio ... ok
test pane::tests::a_single_leaf_takes_the_whole_area ... ok
test pane::tests::a_vertical_split_halves_the_height ... ok
test pane::tests::maximize_gives_one_pane_the_whole_area ... ok
test pane::tests::placement_carries_the_leaf_graph_binding ... ok
test panes::blueprint_tests::a_named_layout_carries_a_non_default_chrome_composition ... ok
test panes::blueprint_tests::context_following_resolves_focus_and_pin_makes_it_fixed ... ok
test panes::blueprint_tests::floating_pane_relocates_through_dock_and_window_without_losing_identity ... ok
test panes::blueprint_tests::floating_relocates_the_same_pane_and_survives_serde ... ok
test panes::blueprint_tests::nary_tabs_mixed_surfaces_drag_resize_save_reload_and_tear_out ... ok
test panes::blueprint_tests::normalization_prunes_unknowns_joins_splits_and_repairs_fractions ... ok
test panes::blueprint_tests::tearout_moves_one_pane_spec_between_spaces_without_changing_identity ... ok
test panes::blueprint_tests::validation_rejects_duplicate_stations_and_forme_graph_mismatch ... ok
test panes::blueprint_tests::validation_rejects_one_pane_id_in_two_spaces ... ok
test panes::legacy_bridge::tests::conversion_preserves_leaf_identity_and_binary_ratios ... ok
test panes::registry::tests::built_in_ids_and_schemas_are_unique_and_namespaced ... ok
test panes::registry::tests::publishing_workflows_are_typed_registrations ... ok
test panes::registry::tests::registration_is_the_legacy_content_factory ... ok
test panes::registry::tests::retired_system_and_placeholder_are_not_registered ... ok
test panes::registry::tests::source_shapes_validate_fixed_and_following_sources ... ok
test observe::tests::snapshot_reports_the_requested_page_zoom ... ok
test panes::store::tests::load_returns_none_when_no_file ... ok
test panes::store::tests::malformed_json_is_invalid_data ... ok
test panes::store::tests::configured_gloss_section_order_survives_frame_and_lens_save ... ok
test panes::store::tests::save_then_load_round_trips_layout ... ok
test panes::tests::dedupe_graph_panes_keeps_one_orrery_per_graph ... ok
test panes::tests::each_leaf_emits_a_pane_node_with_content_tag_label ... ok
test panes::tests::frame_layout_round_trips_through_serde ... ok
test panes::tests::graph_bound_panes_are_classified_apart_from_window_chrome ... ok
test panes::tests::ids_are_deterministic_across_runs ... ok
test panes::tests::project_frame_with_attaches_subtree_to_matching_leaf ... ok
test panes::tests::reparent_leaf_moves_leaf_without_losing_pane_id ... ok
test panes::tests::reparent_leaf_refuses_self_move ... ok
test panes::tests::reparent_leaf_refuses_when_target_is_not_a_leaf ... ok
test panes::tests::retag_graph_bound_from_repoints_only_the_outgoing_graph ... ok
test panes::tests::retag_graph_bound_repoints_only_graph_bound_leaves ... ok
test panes::tests::root_carries_frame_label ... ok
test panes::tests::set_split_ratio_clamps_and_finds_path ... ok
test panes::tests::split_nodes_carry_axis_and_ratio_in_description ... ok
test panes::store::tests::retired_panes_restore_their_content_and_arrangement_in_frame_and_lenses ... ok
test place::captured_collection::tests::missing_and_unavailable_manifest_statuses_never_become_text ... ok
test observe::tests::snapshot_reads_focus_omnibar_and_content_coherently ... ok
test place::contract::tests::every_place_state_maps_to_a_report_that_holds_its_invariants ... ok
test place::contract::tests::grant_expired_maps_to_expired_with_reading_unknown ... ok
test place::contract::tests::grant_revoked_maps_to_revoked_with_reading_cut ... ok
test place::contract::tests::left_maps_to_the_left_verdict_with_reading_unknown_and_no_membership ... ok
test place::contract::tests::member_standing_maps_to_joined_with_membership_and_a_grant ... ok
test place::contract::tests::membership_revoked_maps_to_revoked_with_reading_cut ... ok
test place::captured_collection::tests::targeted_withdrawal_remints_only_the_selected_contribution_away ... ok
test place::invite::tests::a_tampered_artifact_is_refused_by_its_own_digest ... ok
test place::invite::tests::a_well_formed_invitation_round_trips_and_validates ... ok
test place::invite::tests::an_addressed_artifact_never_reads_as_verified_empty ... ok
test place::invite::tests::a_projection_grant_is_optional_and_digest_checked_like_the_rest ... ok
test place::invite::tests::an_oversized_inline_artifact_is_refused_before_it_is_trusted ... ok
test place::invite::tests::an_unknown_carrier_survives_parsing_but_is_never_dialed ... ok
test place::invite::tests::rendezvous_bounds_refuse_a_flooded_envelope ... ok
test place::invite::tests::version_and_binding_faults_are_named_distinctly ... ok
test inspector_pane::tests::narrow_inspector_probe_selects_registered_scry_for_followed_b_after_a ... ok
test place::captured_collection::tests::local_records_group_search_and_survive_cold_reopen ... ok
test place::lanes::tests::a_founder_binds_listen_only_and_reports_its_own_rendezvous ... ok
test place::lanes::tests::a_founder_reconnects_through_an_empty_descriptor ... ok
test place::lanes::tests::a_closed_live_bind_releases_the_store_lock_for_a_reopen ... ok
test place::lanes::tests::a_joiner_catches_up_on_a_live_place_over_one_ticket ... ok
test place::lanes::tests::a_live_share_withdrawal_empties_the_receiver_selected_collection ... ok
2026-10-07T20:37:14.368549Z  WARN p2panda_sync::protocols::topic_log_sync: sync session closed with error error=DecodeMessage("Io(Custom { kind: NotConnected, error: ConnectionLost(ApplicationClosed(ApplicationClose { error_code: 0, reason: b\"\" })) })")
2026-10-07T20:37:14.368765Z  WARN p2panda_net::sync::actors::topic_manager: sync session failed: Io(Custom { kind: NotConnected, error: ConnectionLost(ApplicationClosed(ApplicationClose { error_code: 0, reason: b"" })) }) session_id=5 topic="dee8efc325"
2026-10-07T20:37:14.368761Z  WARN p2panda_sync::protocols::topic_log_sync: sync session closed with error error=DecodeMessage("Io(Custom { kind: NotConnected, error: ConnectionLost(ApplicationClosed(ApplicationClose { error_code: 0, reason: b\"\" })) })")
2026-10-07T20:37:14.369031Z  WARN p2panda_sync::protocols::topic_log_sync: sync session closed with error error=DecodeMessage("Io(Custom { kind: NotConnected, error: ConnectionLost(ApplicationClosed(ApplicationClose { error_code: 0, reason: b\"\" })) })")
2026-10-07T20:37:14.369085Z  WARN p2panda_net::sync::actors::topic_manager: sync session failed: Io(Custom { kind: NotConnected, error: ConnectionLost(ApplicationClosed(ApplicationClose { error_code: 0, reason: b"" })) }) session_id=5 topic="dee8efc325"
2026-10-07T20:37:14.369173Z  WARN p2panda_sync::protocols::topic_log_sync: sync session closed with error error=DecodeMessage("Io(Custom { kind: NotConnected, error: ConnectionLost(ApplicationClosed(ApplicationClose { error_code: 0, reason: b\"\" })) })")
2026-10-07T20:37:14.369324Z  WARN p2panda_net::sync::actors::topic_manager: sync session failed: Io(Custom { kind: NotConnected, error: ConnectionLost(ApplicationClosed(ApplicationClose { error_code: 0, reason: b"" })) }) session_id=5 topic="dee8efc325"
2026-10-07T20:37:14.369429Z  WARN p2panda_net::sync::actors::topic_manager: sync session failed: error sending on message sink: Io(Custom { kind: NotConnected, error: ConnectionLost(ApplicationClosed(ApplicationClose { error_code: 0, reason: b"" })) }) session_id=4 topic="dee8efc325"
2026-10-07T20:37:14.369737Z  WARN p2panda_net::sync::actors::topic_manager: sync session failed: error sending on message sink: Io(Custom { kind: NotConnected, error: ConnectionLost(ApplicationClosed(ApplicationClose { error_code: 0, reason: b"" })) }) session_id=5 topic="dee8efc325"
2026-10-07T20:37:14.372232Z  WARN p2panda_sync::protocols::topic_log_sync: sync session closed with error error=DecodeMessage("Io(Custom { kind: NotConnected, error: ConnectionLost(ApplicationClosed(ApplicationClose { error_code: 0, reason: b\"\" })) })")
2026-10-07T20:37:14.372718Z ERROR iroh::socket::transports::relay: relay_recv_channel closed
2026-10-07T20:37:14.373840Z ERROR iroh::socket::transports::relay: relay_recv_channel closed
2026-10-07T20:37:14.375694Z ERROR iroh::socket::transports::relay: relay_recv_channel closed
2026-10-07T20:37:14.376543Z ERROR iroh::socket::transports::relay: relay_recv_channel closed
test place::lanes::tests::a_bounded_writer_grant_expires_while_connected_and_reconnect_still_admits ... ok
2026-10-07T20:37:16.185408Z  WARN p2panda_net::iroh_endpoint::actors::connection: connection establishment failed: Endpoint is closed
2026-10-07T20:37:16.524978Z  WARN p2panda_net::iroh_mdns::actor: found invalid transport info coming from iroh's services endpoint_id=9b662f09bb44edb188b2a022b4eb969d44181252866340d454e017372d38d19b
2026-10-07T20:37:16.565763Z  WARN p2panda_net::iroh_mdns::actor: found invalid transport info coming from iroh's services endpoint_id=9b662f09bb44edb188b2a022b4eb969d44181252866340d454e017372d38d19b
2026-10-07T20:37:16.713563Z ERROR iroh::socket: Endpoint dropped without calling `Endpoint::close`. Aborting ungracefully.
2026-10-07T20:37:16.821057Z  WARN p2panda_net::sync::actors::topic_manager: sync session failed: Io(Custom { kind: NotConnected, error: ConnectionLost(ApplicationClosed(ApplicationClose { error_code: 0, reason: b"" })) }) session_id=1 topic="9c9c9c9c9c"
2026-10-07T20:37:16.821065Z  WARN p2panda_net::sync::actors::topic_manager: sync session failed: Io(Custom { kind: NotConnected, error: ConnectionLost(ApplicationClosed(ApplicationClose { error_code: 0, reason: b"" })) }) session_id=1 topic="9c9c9c9c9c"
2026-10-07T20:37:16.821057Z  WARN p2panda_net::sync::actors::topic_manager: sync session failed: Io(Custom { kind: NotConnected, error: ConnectionLost(ApplicationClosed(ApplicationClose { error_code: 0, reason: b"" })) }) session_id=0 topic="9c9c9c9c9c"
2026-10-07T20:37:16.821587Z  WARN p2panda_net::sync::actors::topic_manager: sync session failed: Io(Custom { kind: NotConnected, error: ConnectionLost(ApplicationClosed(ApplicationClose { error_code: 0, reason: b"" })) }) session_id=0 topic="9c9c9c9c9c"
test place::lanes::tests::a_joined_member_reads_chat_authored_after_a_later_invite ... ok
2026-10-07T20:37:18.901976Z  WARN p2panda_sync::protocols::topic_log_sync: sync session closed with error error=DecodeMessage("Io(Custom { kind: NotConnected, error: ConnectionLost(ApplicationClosed(ApplicationClose { error_code: 0, reason: b\"\" })) })")
2026-10-07T20:37:18.902283Z  WARN p2panda_sync::protocols::topic_log_sync: sync session closed with error error=DecodeMessage("Io(Custom { kind: NotConnected, error: ConnectionLost(ApplicationClosed(ApplicationClose { error_code: 0, reason: b\"\" })) })")
2026-10-07T20:37:18.902578Z  WARN p2panda_sync::protocols::topic_log_sync: sync session closed with error error=DecodeMessage("Io(Custom { kind: NotConnected, error: ConnectionLost(ApplicationClosed(ApplicationClose { error_code: 0, reason: b\"\" })) })")
2026-10-07T20:37:18.902726Z  WARN p2panda_net::sync::actors::topic_manager: sync session failed: Io(Custom { kind: NotConnected, error: ConnectionLost(ApplicationClosed(ApplicationClose { error_code: 0, reason: b"" })) }) session_id=1 topic="f6abb34577"
2026-10-07T20:37:18.902755Z  WARN p2panda_net::sync::actors::topic_manager: sync session failed: Io(Custom { kind: NotConnected, error: ConnectionLost(ApplicationClosed(ApplicationClose { error_code: 0, reason: b"" })) }) session_id=0 topic="ca524b6676"
2026-10-07T20:37:18.902829Z  WARN p2panda_sync::protocols::topic_log_sync: sync session closed with error error=DecodeMessage("Io(Custom { kind: NotConnected, error: ConnectionLost(ApplicationClosed(ApplicationClose { error_code: 0, reason: b\"\" })) })")
2026-10-07T20:37:18.903080Z  WARN p2panda_sync::protocols::topic_log_sync: sync session closed with error error=DecodeMessage("Io(Custom { kind: NotConnected, error: ConnectionLost(ApplicationClosed(ApplicationClose { error_code: 0, reason: b\"\" })) })")
2026-10-07T20:37:18.903105Z  WARN p2panda_sync::protocols::topic_log_sync: sync session closed with error error=DecodeMessage("Io(Custom { kind: NotConnected, error: ConnectionLost(ApplicationClosed(ApplicationClose { error_code: 0, reason: b\"\" })) })")
2026-10-07T20:37:18.903224Z  WARN p2panda_net::sync::actors::topic_manager: sync session failed: Io(Custom { kind: NotConnected, error: ConnectionLost(ApplicationClosed(ApplicationClose { error_code: 0, reason: b"" })) }) session_id=1 topic="f4c4ff8d2b"
2026-10-07T20:37:18.903352Z  WARN p2panda_sync::protocols::topic_log_sync: sync session closed with error error=DecodeMessage("Io(Custom { kind: NotConnected, error: ConnectionLost(ApplicationClosed(ApplicationClose { error_code: 0, reason: b\"\" })) })")
2026-10-07T20:37:18.903539Z  WARN p2panda_net::sync::actors::topic_manager: sync session failed: Io(Custom { kind: NotConnected, error: ConnectionLost(ApplicationClosed(ApplicationClose { error_code: 0, reason: b"" })) }) session_id=0 topic="e6e7d94cc8"
2026-10-07T20:37:18.903871Z  WARN p2panda_sync::protocols::topic_log_sync: sync session closed with error error=DecodeMessage("Io(Custom { kind: NotConnected, error: ConnectionLost(ApplicationClosed(ApplicationClose { error_code: 0, reason: b\"\" })) })")
2026-10-07T20:37:18.903830Z  WARN p2panda_net::sync::actors::topic_manager: sync session failed: Io(Custom { kind: NotConnected, error: ConnectionLost(ApplicationClosed(ApplicationClose { error_code: 0, reason: b"" })) }) session_id=1 topic="ca524b6676"
2026-10-07T20:37:18.904172Z  WARN p2panda_net::sync::actors::topic_manager: sync session failed: Io(Custom { kind: NotConnected, error: ConnectionLost(ApplicationClosed(ApplicationClose { error_code: 0, reason: b"" })) }) session_id=0 topic="ca524b6676"
2026-10-07T20:37:18.904684Z  WARN p2panda_sync::protocols::topic_log_sync: sync session closed with error error=DecodeMessage("Io(Custom { kind: NotConnected, error: ConnectionLost(ApplicationClosed(ApplicationClose { error_code: 0, reason: b\"\" })) })")
2026-10-07T20:37:18.905640Z  WARN p2panda_sync::protocols::topic_log_sync: sync session closed with error error=DecodeMessage("Io(Custom { kind: NotConnected, error: ConnectionLost(ApplicationClosed(ApplicationClose { error_code: 0, reason: b\"\" })) })")
2026-10-07T20:37:18.906705Z ERROR iroh::socket::transports::relay: relay_recv_channel closed
2026-10-07T20:37:18.907889Z ERROR iroh::socket::transports::relay: relay_recv_channel closed
2026-10-07T20:37:19.210862Z ERROR iroh::socket::transports::relay: relay_recv_channel closed
2026-10-07T20:37:19.212150Z ERROR iroh::socket::transports::relay: relay_recv_channel closed
test place::lanes::tests::a_membership_admission_and_a_shared_node_race_to_a_connected_joiner ... ok
2026-10-07T20:37:19.376537Z  WARN p2panda_net::sync::actors::topic_manager: sync session failed: Io(Custom { kind: NotConnected, error: ConnectionLost(ApplicationClosed(ApplicationClose { error_code: 0, reason: b"" })) }) session_id=4 topic="dee8efc325"
2026-10-07T20:37:19.376554Z  WARN p2panda_net::sync::actors::topic_manager: sync session failed: Io(Custom { kind: NotConnected, error: ConnectionLost(ApplicationClosed(ApplicationClose { error_code: 0, reason: b"" })) }) session_id=4 topic="dee8efc325"
2026-10-07T20:37:21.837354Z ERROR iroh::socket: Endpoint dropped without calling `Endpoint::close`. Aborting ungracefully.
2026-10-07T20:37:22.432391Z  WARN p2panda_net::iroh_mdns::actor: found invalid transport info coming from iroh's services endpoint_id=9b662f09bb44edb188b2a022b4eb969d44181252866340d454e017372d38d19b
2026-10-07T20:37:23.320655Z  WARN p2panda_net::iroh_mdns::actor: found invalid transport info coming from iroh's services endpoint_id=9b662f09bb44edb188b2a022b4eb969d44181252866340d454e017372d38d19b
2026-10-07T20:37:23.334908Z  WARN p2panda_net::iroh_mdns::actor: found invalid transport info coming from iroh's services endpoint_id=9b662f09bb44edb188b2a022b4eb969d44181252866340d454e017372d38d19b
2026-10-07T20:37:23.905445Z  WARN p2panda_net::sync::actors::topic_manager: sync session failed: Io(Custom { kind: NotConnected, error: ConnectionLost(ApplicationClosed(ApplicationClose { error_code: 0, reason: b"" })) }) session_id=0 topic="f4c4ff8d2b"
2026-10-07T20:37:23.905626Z  WARN p2panda_net::sync::actors::topic_manager: sync session failed: Io(Custom { kind: NotConnected, error: ConnectionLost(ApplicationClosed(ApplicationClose { error_code: 0, reason: b"" })) }) session_id=0 topic="f6abb34577"
2026-10-07T20:37:23.905653Z  WARN p2panda_net::sync::actors::topic_manager: sync session failed: Io(Custom { kind: NotConnected, error: ConnectionLost(ApplicationClosed(ApplicationClose { error_code: 0, reason: b"" })) }) session_id=0 topic="ca524b6676"
2026-10-07T20:37:23.905781Z  WARN p2panda_net::sync::actors::topic_manager: sync session failed: Io(Custom { kind: NotConnected, error: ConnectionLost(ApplicationClosed(ApplicationClose { error_code: 0, reason: b"" })) }) session_id=1 topic="ca524b6676"
2026-10-07T20:37:24.884465Z  WARN p2panda_net::iroh_mdns::actor: found invalid transport info coming from iroh's services endpoint_id=9b662f09bb44edb188b2a022b4eb969d44181252866340d454e017372d38d19b
2026-10-07T20:37:24.884757Z  WARN p2panda_net::iroh_mdns::actor: found invalid transport info coming from iroh's services endpoint_id=9b662f09bb44edb188b2a022b4eb969d44181252866340d454e017372d38d19b
2026-10-07T20:37:24.885155Z  WARN p2panda_net::iroh_mdns::actor: found invalid transport info coming from iroh's services endpoint_id=9b662f09bb44edb188b2a022b4eb969d44181252866340d454e017372d38d19b
2026-10-07T20:37:24.897790Z  WARN p2panda_net::iroh_mdns::actor: found invalid transport info coming from iroh's services endpoint_id=9b662f09bb44edb188b2a022b4eb969d44181252866340d454e017372d38d19b
2026-10-07T20:37:24.898509Z  WARN p2panda_net::iroh_mdns::actor: found invalid transport info coming from iroh's services endpoint_id=9b662f09bb44edb188b2a022b4eb969d44181252866340d454e017372d38d19b
2026-10-07T20:37:24.898655Z  WARN p2panda_net::iroh_mdns::actor: found invalid transport info coming from iroh's services endpoint_id=9b662f09bb44edb188b2a022b4eb969d44181252866340d454e017372d38d19b
2026-10-07T20:37:27.924717Z  WARN p2panda_net::iroh_mdns::actor: found invalid transport info coming from iroh's services endpoint_id=9b662f09bb44edb188b2a022b4eb969d44181252866340d454e017372d38d19b
2026-10-07T20:37:27.925725Z  WARN p2panda_net::iroh_mdns::actor: found invalid transport info coming from iroh's services endpoint_id=9b662f09bb44edb188b2a022b4eb969d44181252866340d454e017372d38d19b
2026-10-07T20:37:27.925855Z  WARN p2panda_net::iroh_mdns::actor: found invalid transport info coming from iroh's services endpoint_id=9b662f09bb44edb188b2a022b4eb969d44181252866340d454e017372d38d19b
2026-10-07T20:37:27.926131Z  WARN p2panda_net::iroh_mdns::actor: found invalid transport info coming from iroh's services endpoint_id=9b662f09bb44edb188b2a022b4eb969d44181252866340d454e017372d38d19b
2026-10-07T20:37:27.926272Z  WARN p2panda_net::iroh_mdns::actor: found invalid transport info coming from iroh's services endpoint_id=9b662f09bb44edb188b2a022b4eb969d44181252866340d454e017372d38d19b
2026-10-07T20:37:27.937966Z  WARN p2panda_net::iroh_mdns::actor: found invalid transport info coming from iroh's services endpoint_id=9b662f09bb44edb188b2a022b4eb969d44181252866340d454e017372d38d19b
2026-10-07T20:37:27.938428Z  WARN p2panda_net::iroh_mdns::actor: found invalid transport info coming from iroh's services endpoint_id=9b662f09bb44edb188b2a022b4eb969d44181252866340d454e017372d38d19b
2026-10-07T20:37:27.938514Z  WARN p2panda_net::iroh_mdns::actor: found invalid transport info coming from iroh's services endpoint_id=9b662f09bb44edb188b2a022b4eb969d44181252866340d454e017372d38d19b
2026-10-07T20:37:27.939120Z  WARN p2panda_net::iroh_mdns::actor: found invalid transport info coming from iroh's services endpoint_id=9b662f09bb44edb188b2a022b4eb969d44181252866340d454e017372d38d19b
2026-10-07T20:37:27.939280Z  WARN p2panda_net::iroh_mdns::actor: found invalid transport info coming from iroh's services endpoint_id=9b662f09bb44edb188b2a022b4eb969d44181252866340d454e017372d38d19b
2026-10-07T20:37:28.408027Z  WARN p2panda_sync::protocols::topic_log_sync: sync session closed with error error=DecodeMessage("Io(Custom { kind: NotConnected, error: ConnectionLost(ApplicationClosed(ApplicationClose { error_code: 0, reason: b\"\" })) })")
2026-10-07T20:37:28.408283Z  WARN p2panda_sync::protocols::topic_log_sync: sync session closed with error error=DecodeMessage("Io(Custom { kind: NotConnected, error: ConnectionLost(ApplicationClosed(ApplicationClose { error_code: 0, reason: b\"\" })) })")
2026-10-07T20:37:28.408346Z  WARN p2panda_net::sync::actors::topic_manager: sync session failed: Io(Custom { kind: NotConnected, error: ConnectionLost(ApplicationClosed(ApplicationClose { error_code: 0, reason: b"" })) }) session_id=1 topic="8e9dfe6083"
2026-10-07T20:37:28.408423Z  WARN p2panda_net::sync::actors::topic_manager: sync session failed: Io(Custom { kind: NotConnected, error: ConnectionLost(ApplicationClosed(ApplicationClose { error_code: 0, reason: b"" })) }) session_id=1 topic="2a47837380"
2026-10-07T20:37:28.408452Z  WARN p2panda_sync::protocols::topic_log_sync: sync session closed with error error=DecodeMessage("Io(Custom { kind: NotConnected, error: ConnectionLost(ApplicationClosed(ApplicationClose { error_code: 0, reason: b\"\" })) })")
2026-10-07T20:37:28.408693Z  WARN p2panda_sync::protocols::topic_log_sync: sync session closed with error error=DecodeMessage("Io(Custom { kind: NotConnected, error: ConnectionLost(ApplicationClosed(ApplicationClose { error_code: 0, reason: b\"\" })) })")
2026-10-07T20:37:28.408889Z  WARN p2panda_net::sync::actors::topic_manager: sync session failed: Io(Custom { kind: NotConnected, error: ConnectionLost(ApplicationClosed(ApplicationClose { error_code: 0, reason: b"" })) }) session_id=1 topic="2a47837380"
2026-10-07T20:37:28.408927Z  WARN p2panda_sync::protocols::topic_log_sync: sync session closed with error error=DecodeMessage("Io(Custom { kind: NotConnected, error: ConnectionLost(ApplicationClosed(ApplicationClose { error_code: 0, reason: b\"\" })) })")
2026-10-07T20:37:28.409027Z  WARN p2panda_net::sync::actors::topic_manager: sync session failed: Io(Custom { kind: NotConnected, error: ConnectionLost(ApplicationClosed(ApplicationClose { error_code: 0, reason: b"" })) }) session_id=1 topic="2a47837380"
2026-10-07T20:37:28.409104Z  WARN p2panda_net::sync::actors::topic_manager: sync session failed: error sending on message sink: Io(Custom { kind: NotConnected, error: ConnectionLost(ApplicationClosed(ApplicationClose { error_code: 0, reason: b"" })) }) session_id=1 topic="2a47837380"
2026-10-07T20:37:28.411093Z  WARN p2panda_sync::protocols::topic_log_sync: sync session closed with error error=DecodeMessage("Io(Custom { kind: NotConnected, error: ConnectionLost(ApplicationClosed(ApplicationClose { error_code: 0, reason: b\"\" })) })")
2026-10-07T20:37:28.411304Z  WARN p2panda_sync::protocols::topic_log_sync: sync session closed with error error=DecodeMessage("Io(Custom { kind: NotConnected, error: ConnectionLost(ApplicationClosed(ApplicationClose { error_code: 0, reason: b\"\" })) })")
2026-10-07T20:37:28.411528Z  WARN p2panda_sync::protocols::topic_log_sync: sync session closed with error error=DecodeMessage("Io(Custom { kind: NotConnected, error: ConnectionLost(ApplicationClosed(ApplicationClose { error_code: 0, reason: b\"\" })) })")
2026-10-07T20:37:28.412307Z ERROR iroh::socket::transports::relay: relay_recv_channel closed
2026-10-07T20:37:28.413330Z ERROR iroh::socket::transports::relay: relay_recv_channel closed
2026-10-07T20:37:28.414901Z ERROR iroh::socket::transports::relay: relay_recv_channel closed
2026-10-07T20:37:28.415861Z ERROR iroh::socket::transports::relay: relay_recv_channel closed
test place::lanes::tests::a_reader_is_refused_at_the_projection_door ... ok
2026-10-07T20:37:29.313194Z  WARN p2panda_sync::protocols::topic_log_sync: sync session closed with error error=DecodeMessage("Io(Custom { kind: NotConnected, error: ConnectionLost(ApplicationClosed(ApplicationClose { error_code: 0, reason: b\"\" })) })")
2026-10-07T20:37:29.313470Z  WARN p2panda_sync::protocols::topic_log_sync: sync session closed with error error=DecodeMessage("Io(Custom { kind: NotConnected, error: ConnectionLost(ApplicationClosed(ApplicationClose { error_code: 0, reason: b\"\" })) })")
2026-10-07T20:37:29.313694Z  WARN p2panda_net::sync::actors::topic_manager: sync session failed: Io(Custom { kind: NotConnected, error: ConnectionLost(ApplicationClosed(ApplicationClose { error_code: 0, reason: b"" })) }) session_id=0 topic="7e7e7e7e7e"
2026-10-07T20:37:29.313713Z  WARN p2panda_net::sync::actors::topic_manager: sync session failed: Io(Custom { kind: NotConnected, error: ConnectionLost(ApplicationClosed(ApplicationClose { error_code: 0, reason: b"" })) }) session_id=0 topic="7e7e7e7e7e"
2026-10-07T20:37:29.313863Z  WARN p2panda_sync::protocols::topic_log_sync: sync session closed with error error=DecodeMessage("Io(Custom { kind: NotConnected, error: ConnectionLost(ApplicationClosed(ApplicationClose { error_code: 0, reason: b\"\" })) })")
2026-10-07T20:37:29.314038Z  WARN p2panda_sync::protocols::topic_log_sync: sync session closed with error error=DecodeMessage("Io(Custom { kind: NotConnected, error: ConnectionLost(ApplicationClosed(ApplicationClose { error_code: 0, reason: b\"\" })) })")
2026-10-07T20:37:29.314089Z  WARN p2panda_net::sync::actors::topic_manager: sync session failed: Io(Custom { kind: NotConnected, error: ConnectionLost(ApplicationClosed(ApplicationClose { error_code: 0, reason: b"" })) }) session_id=0 topic="7e7e7e7e7e"
2026-10-07T20:37:29.314352Z  WARN p2panda_sync::protocols::topic_log_sync: sync session closed with error error=DecodeMessage("Io(Custom { kind: NotConnected, error: ConnectionLost(ApplicationClosed(ApplicationClose { error_code: 0, reason: b\"\" })) })")
2026-10-07T20:37:29.314519Z  WARN p2panda_net::sync::actors::topic_manager: sync session failed: Io(Custom { kind: NotConnected, error: ConnectionLost(ApplicationClosed(ApplicationClose { error_code: 0, reason: b"" })) }) session_id=0 topic="7e7e7e7e7e"
2026-10-07T20:37:29.314528Z  WARN p2panda_net::sync::actors::topic_manager: sync session failed: Io(Custom { kind: NotConnected, error: ConnectionLost(ApplicationClosed(ApplicationClose { error_code: 0, reason: b"" })) }) session_id=0 topic="8080808080"
2026-10-07T20:37:29.314701Z  WARN p2panda_net::sync::actors::topic_manager: sync session failed: error sending on message sink: Io(Custom { kind: NotConnected, error: ConnectionLost(ApplicationClosed(ApplicationClose { error_code: 0, reason: b"" })) }) session_id=0 topic="7e7e7e7e7e"
2026-10-07T20:37:29.314855Z  WARN p2panda_net::sync::actors::topic_manager: sync session failed: error sending on message sink: Io(Custom { kind: NotConnected, error: ConnectionLost(ApplicationClosed(ApplicationClose { error_code: 0, reason: b"" })) }) session_id=0 topic="7f7f7f7f7f"
2026-10-07T20:37:29.315349Z ERROR iroh::socket::transports::relay: relay_recv_channel closed
2026-10-07T20:37:29.316342Z ERROR iroh::socket::transports::relay: relay_recv_channel closed
test place::lanes::tests::a_partition_heals_and_both_sides_converge ... ok
2026-10-07T20:37:31.392531Z  WARN p2panda_sync::protocols::topic_log_sync: sync session closed with error error=DecodeMessage("Io(Custom { kind: NotConnected, error: ConnectionLost(ApplicationClosed(ApplicationClose { error_code: 0, reason: b\"\" })) })")
2026-10-07T20:37:31.392737Z  WARN p2panda_net::sync::actors::topic_manager: sync session failed: Io(Custom { kind: NotConnected, error: ConnectionLost(ApplicationClosed(ApplicationClose { error_code: 0, reason: b"" })) }) session_id=0 topic="bb85551f1e"
2026-10-07T20:37:31.392886Z  WARN p2panda_sync::protocols::topic_log_sync: sync session closed with error error=DecodeMessage("Io(Custom { kind: NotConnected, error: ConnectionLost(ApplicationClosed(ApplicationClose { error_code: 0, reason: b\"\" })) })")
2026-10-07T20:37:31.393126Z  WARN p2panda_net::sync::actors::topic_manager: sync session failed: Io(Custom { kind: NotConnected, error: ConnectionLost(ApplicationClosed(ApplicationClose { error_code: 0, reason: b"" })) }) session_id=1 topic="bb85551f1e"
2026-10-07T20:37:31.393161Z  WARN p2panda_sync::protocols::topic_log_sync: sync session closed with error error=DecodeMessage("Io(Custom { kind: NotConnected, error: ConnectionLost(ApplicationClosed(ApplicationClose { error_code: 0, reason: b\"\" })) })")
2026-10-07T20:37:31.393214Z  WARN p2panda_sync::protocols::topic_log_sync: sync session closed with error error=DecodeMessage("Io(Custom { kind: NotConnected, error: ConnectionLost(ApplicationClosed(ApplicationClose { error_code: 0, reason: b\"\" })) })")
2026-10-07T20:37:31.393313Z  WARN p2panda_net::sync::actors::topic_manager: sync session failed: Io(Custom { kind: NotConnected, error: ConnectionLost(ApplicationClosed(ApplicationClose { error_code: 0, reason: b"" })) }) session_id=0 topic="bb85551f1e"
2026-10-07T20:37:31.393418Z  WARN p2panda_net::sync::actors::topic_manager: sync session failed: Io(Custom { kind: NotConnected, error: ConnectionLost(ApplicationClosed(ApplicationClose { error_code: 0, reason: b"" })) }) session_id=1 topic="bb85551f1e"
2026-10-07T20:37:31.393501Z  WARN p2panda_sync::protocols::topic_log_sync: sync session closed with error error=DecodeMessage("Io(Custom { kind: NotConnected, error: ConnectionLost(ApplicationClosed(ApplicationClose { error_code: 0, reason: b\"\" })) })")
2026-10-07T20:37:31.393630Z  WARN p2panda_sync::protocols::topic_log_sync: sync session closed with error error=DecodeMessage("Io(Custom { kind: NotConnected, error: ConnectionLost(ApplicationClosed(ApplicationClose { error_code: 0, reason: b\"\" })) })")
2026-10-07T20:37:31.393772Z  WARN p2panda_net::sync::actors::topic_manager: sync session failed: Io(Custom { kind: NotConnected, error: ConnectionLost(ApplicationClosed(ApplicationClose { error_code: 0, reason: b"" })) }) session_id=0 topic="87ef8640a4"
2026-10-07T20:37:31.393834Z  WARN p2panda_sync::protocols::topic_log_sync: sync session closed with error error=DecodeMessage("Io(Custom { kind: NotConnected, error: ConnectionLost(ApplicationClosed(ApplicationClose { error_code: 0, reason: b\"\" })) })")
2026-10-07T20:37:31.393859Z  WARN p2panda_net::sync::actors::topic_manager: sync session failed: Io(Custom { kind: NotConnected, error: ConnectionLost(ApplicationClosed(ApplicationClose { error_code: 0, reason: b"" })) }) session_id=1 topic="d65b681dc9"
2026-10-07T20:37:31.394089Z  WARN p2panda_sync::protocols::topic_log_sync: sync session closed with error error=DecodeMessage("Io(Custom { kind: NotConnected, error: ConnectionLost(ApplicationClosed(ApplicationClose { error_code: 0, reason: b\"\" })) })")
2026-10-07T20:37:31.394089Z  WARN p2panda_net::sync::actors::topic_manager: sync session failed: Io(Custom { kind: NotConnected, error: ConnectionLost(ApplicationClosed(ApplicationClose { error_code: 0, reason: b"" })) }) session_id=0 topic="bb85551f1e"
2026-10-07T20:37:31.394291Z  WARN p2panda_sync::protocols::topic_log_sync: sync session closed with error error=DecodeMessage("Io(Custom { kind: NotConnected, error: ConnectionLost(ApplicationClosed(ApplicationClose { error_code: 0, reason: b\"\" })) })")
2026-10-07T20:37:31.394562Z  WARN p2panda_net::sync::actors::topic_manager: sync session failed: error sending on message sink: Io(Custom { kind: NotConnected, error: ConnectionLost(ApplicationClosed(ApplicationClose { error_code: 0, reason: b"" })) }) session_id=1 topic="bb85551f1e"
2026-10-07T20:37:31.395014Z  WARN p2panda_sync::protocols::topic_log_sync: sync session closed with error error=DecodeMessage("Io(Custom { kind: NotConnected, error: ConnectionLost(ApplicationClosed(ApplicationClose { error_code: 0, reason: b\"\" })) })")
2026-10-07T20:37:31.395348Z  WARN p2panda_sync::protocols::topic_log_sync: sync session closed with error error=DecodeMessage("Io(Custom { kind: NotConnected, error: ConnectionLost(ApplicationClosed(ApplicationClose { error_code: 0, reason: b\"\" })) })")
2026-10-07T20:37:31.395719Z  WARN p2panda_sync::protocols::topic_log_sync: sync session closed with error error=DecodeMessage("Io(Custom { kind: NotConnected, error: ConnectionLost(ApplicationClosed(ApplicationClose { error_code: 0, reason: b\"\" })) })")
2026-10-07T20:37:31.395878Z  WARN p2panda_sync::protocols::topic_log_sync: sync session closed with error error=DecodeMessage("Io(Custom { kind: NotConnected, error: ConnectionLost(ApplicationClosed(ApplicationClose { error_code: 0, reason: b\"\" })) })")
2026-10-07T20:37:31.396045Z  WARN p2panda_sync::protocols::topic_log_sync: sync session closed with error error=DecodeMessage("Io(Custom { kind: NotConnected, error: ConnectionLost(ApplicationClosed(ApplicationClose { error_code: 0, reason: b\"\" })) })")
2026-10-07T20:37:31.396643Z ERROR iroh::socket::transports::relay: relay_recv_channel closed
2026-10-07T20:37:31.397703Z ERROR iroh::socket::transports::relay: relay_recv_channel closed
2026-10-07T20:37:31.399241Z ERROR iroh::socket::transports::relay: relay_recv_channel closed
2026-10-07T20:37:31.400230Z ERROR iroh::socket::transports::relay: relay_recv_channel closed
test place::lanes::tests::a_projection_session_nudges_the_founder_the_way_a_lane_arrival_does ... ok
2026-10-07T20:37:31.647593Z  WARN p2panda_net::iroh_mdns::actor: found invalid transport info coming from iroh's services endpoint_id=9b662f09bb44edb188b2a022b4eb969d44181252866340d454e017372d38d19b
2026-10-07T20:37:31.647840Z  WARN p2panda_net::iroh_mdns::actor: found invalid transport info coming from iroh's services endpoint_id=9b662f09bb44edb188b2a022b4eb969d44181252866340d454e017372d38d19b
2026-10-07T20:37:31.661210Z  WARN p2panda_net::iroh_mdns::actor: found invalid transport info coming from iroh's services endpoint_id=9b662f09bb44edb188b2a022b4eb969d44181252866340d454e017372d38d19b
2026-10-07T20:37:31.661772Z  WARN p2panda_net::iroh_mdns::actor: found invalid transport info coming from iroh's services endpoint_id=9b662f09bb44edb188b2a022b4eb969d44181252866340d454e017372d38d19b
2026-10-07T20:37:33.424427Z  WARN p2panda_net::sync::actors::topic_manager: sync session failed: Io(Custom { kind: NotConnected, error: ConnectionLost(ApplicationClosed(ApplicationClose { error_code: 0, reason: b"" })) }) session_id=0 topic="2a47837380"
2026-10-07T20:37:33.424512Z  WARN p2panda_net::sync::actors::topic_manager: sync session failed: Io(Custom { kind: NotConnected, error: ConnectionLost(ApplicationClosed(ApplicationClose { error_code: 0, reason: b"" })) }) session_id=0 topic="8e9dfe6083"
2026-10-07T20:37:33.424769Z  WARN p2panda_net::sync::actors::topic_manager: sync session failed: Io(Custom { kind: NotConnected, error: ConnectionLost(ApplicationClosed(ApplicationClose { error_code: 0, reason: b"" })) }) session_id=0 topic="2a47837380"
2026-10-07T20:37:33.424793Z  WARN p2panda_net::sync::actors::topic_manager: sync session failed: Io(Custom { kind: NotConnected, error: ConnectionLost(ApplicationClosed(ApplicationClose { error_code: 0, reason: b"" })) }) session_id=0 topic="2a47837380"
2026-10-07T20:37:33.586154Z  WARN p2panda_net::iroh_mdns::actor: found invalid transport info coming from iroh's services endpoint_id=9b662f09bb44edb188b2a022b4eb969d44181252866340d454e017372d38d19b
2026-10-07T20:37:33.586354Z  WARN p2panda_net::iroh_mdns::actor: found invalid transport info coming from iroh's services endpoint_id=9b662f09bb44edb188b2a022b4eb969d44181252866340d454e017372d38d19b
2026-10-07T20:37:33.600342Z  WARN p2panda_net::iroh_mdns::actor: found invalid transport info coming from iroh's services endpoint_id=9b662f09bb44edb188b2a022b4eb969d44181252866340d454e017372d38d19b
2026-10-07T20:37:33.600591Z  WARN p2panda_net::iroh_mdns::actor: found invalid transport info coming from iroh's services endpoint_id=9b662f09bb44edb188b2a022b4eb969d44181252866340d454e017372d38d19b
2026-10-07T20:37:34.446806Z ERROR iroh::socket: Endpoint dropped without calling `Endpoint::close`. Aborting ungracefully.
2026-10-07T20:37:35.180897Z  WARN p2panda_sync::protocols::topic_log_sync: sync session closed with error error=DecodeMessage("Io(Custom { kind: NotConnected, error: ConnectionLost(ApplicationClosed(ApplicationClose { error_code: 0, reason: b\"\" })) })")
2026-10-07T20:37:35.181131Z  WARN p2panda_net::sync::actors::topic_manager: sync session failed: Io(Custom { kind: NotConnected, error: ConnectionLost(ApplicationClosed(ApplicationClose { error_code: 0, reason: b"" })) }) session_id=0 topic="fa7ac0a731"
2026-10-07T20:37:35.181474Z  WARN p2panda_sync::protocols::topic_log_sync: sync session closed with error error=DecodeMessage("Io(Custom { kind: NotConnected, error: ConnectionLost(ApplicationClosed(ApplicationClose { error_code: 0, reason: b\"\" })) })")
2026-10-07T20:37:35.181669Z  WARN p2panda_net::sync::actors::topic_manager: sync session failed: Io(Custom { kind: NotConnected, error: ConnectionLost(ApplicationClosed(ApplicationClose { error_code: 0, reason: b"" })) }) session_id=0 topic="fa7ac0a731"
2026-10-07T20:37:35.181927Z  WARN p2panda_sync::protocols::topic_log_sync: sync session closed with error error=DecodeMessage("Io(Custom { kind: NotConnected, error: ConnectionLost(ApplicationClosed(ApplicationClose { error_code: 0, reason: b\"\" })) })")
2026-10-07T20:37:35.182126Z  WARN p2panda_net::sync::actors::topic_manager: sync session failed: Io(Custom { kind: NotConnected, error: ConnectionLost(ApplicationClosed(ApplicationClose { error_code: 0, reason: b"" })) }) session_id=1 topic="fa7ac0a731"
2026-10-07T20:37:35.182173Z  WARN p2panda_sync::protocols::topic_log_sync: sync session closed with error error=DecodeMessage("Io(Custom { kind: NotConnected, error: ConnectionLost(ApplicationClosed(ApplicationClose { error_code: 0, reason: b\"\" })) })")
2026-10-07T20:37:35.182379Z  WARN p2panda_net::sync::actors::topic_manager: sync session failed: Io(Custom { kind: NotConnected, error: ConnectionLost(ApplicationClosed(ApplicationClose { error_code: 0, reason: b"" })) }) session_id=1 topic="bcf99cbe71"
2026-10-07T20:37:35.182512Z  WARN p2panda_sync::protocols::topic_log_sync: sync session closed with error error=DecodeMessage("Io(Custom { kind: NotConnected, error: ConnectionLost(ApplicationClosed(ApplicationClose { error_code: 0, reason: b\"\" })) })")
2026-10-07T20:37:35.182739Z  WARN p2panda_net::sync::actors::topic_manager: sync session failed: Io(Custom { kind: NotConnected, error: ConnectionLost(ApplicationClosed(ApplicationClose { error_code: 0, reason: b"" })) }) session_id=0 topic="fa7ac0a731"
2026-10-07T20:37:35.182772Z  WARN p2panda_net::sync::actors::topic_manager: sync session failed: error sending on message sink: Io(Custom { kind: NotConnected, error: ConnectionLost(ApplicationClosed(ApplicationClose { error_code: 0, reason: b"" })) }) session_id=0 topic="15de0eba64"
2026-10-07T20:37:35.182895Z  WARN p2panda_net::sync::actors::topic_manager: sync session failed: error sending on message sink: Io(Custom { kind: NotConnected, error: ConnectionLost(ApplicationClosed(ApplicationClose { error_code: 0, reason: b"" })) }) session_id=1 topic="fa7ac0a731"
2026-10-07T20:37:35.183069Z  WARN p2panda_net::sync::actors::topic_manager: sync session failed: error sending on message sink: Io(Custom { kind: NotConnected, error: ConnectionLost(ApplicationClosed(ApplicationClose { error_code: 0, reason: b"" })) }) session_id=0 topic="d0d7bdbf5b"
2026-10-07T20:37:35.183262Z  WARN p2panda_sync::protocols::topic_log_sync: sync session closed with error error=DecodeMessage("Io(Custom { kind: NotConnected, error: ConnectionLost(ApplicationClosed(ApplicationClose { error_code: 0, reason: b\"\" })) })")
2026-10-07T20:37:35.183447Z  WARN p2panda_sync::protocols::topic_log_sync: sync session closed with error error=DecodeMessage("Io(Custom { kind: NotConnected, error: ConnectionLost(ApplicationClosed(ApplicationClose { error_code: 0, reason: b\"\" })) })")
2026-10-07T20:37:35.183590Z  WARN p2panda_sync::protocols::topic_log_sync: sync session closed with error error=DecodeMessage("Io(Custom { kind: NotConnected, error: ConnectionLost(ApplicationClosed(ApplicationClose { error_code: 0, reason: b\"\" })) })")
2026-10-07T20:37:35.184512Z  WARN p2panda_sync::protocols::topic_log_sync: sync session closed with error error=DecodeMessage("Io(Custom { kind: NotConnected, error: ConnectionLost(ApplicationClosed(ApplicationClose { error_code: 0, reason: b\"\" })) })")
2026-10-07T20:37:35.185047Z ERROR iroh::socket::transports::relay: relay_recv_channel closed
2026-10-07T20:37:35.186157Z ERROR iroh::socket::transports::relay: relay_recv_channel closed
2026-10-07T20:37:36.398776Z  WARN p2panda_net::sync::actors::topic_manager: sync session failed: Io(Custom { kind: NotConnected, error: ConnectionLost(ApplicationClosed(ApplicationClose { error_code: 0, reason: b"" })) }) session_id=1 topic="bb85551f1e"
2026-10-07T20:37:36.398802Z  WARN p2panda_net::sync::actors::topic_manager: sync session failed: Io(Custom { kind: NotConnected, error: ConnectionLost(ApplicationClosed(ApplicationClose { error_code: 0, reason: b"" })) }) session_id=1 topic="bb85551f1e"
2026-10-07T20:37:36.398907Z  WARN p2panda_net::sync::actors::topic_manager: sync session failed: Io(Custom { kind: NotConnected, error: ConnectionLost(ApplicationClosed(ApplicationClose { error_code: 0, reason: b"" })) }) session_id=1 topic="bb85551f1e"
2026-10-07T20:37:36.398956Z  WARN p2panda_net::sync::actors::topic_manager: sync session failed: Io(Custom { kind: NotConnected, error: ConnectionLost(ApplicationClosed(ApplicationClose { error_code: 0, reason: b"" })) }) session_id=1 topic="87ef8640a4"
2026-10-07T20:37:36.399356Z  WARN p2panda_net::sync::actors::topic_manager: sync session failed: Io(Custom { kind: NotConnected, error: ConnectionLost(ApplicationClosed(ApplicationClose { error_code: 0, reason: b"" })) }) session_id=0 topic="d65b681dc9"
2026-10-07T20:37:36.399604Z  WARN p2panda_net::sync::actors::topic_manager: sync session failed: Io(Custom { kind: NotConnected, error: ConnectionLost(ApplicationClosed(ApplicationClose { error_code: 0, reason: b"" })) }) session_id=0 topic="bb85551f1e"
2026-10-07T20:37:36.399705Z  WARN p2panda_net::sync::actors::topic_manager: sync session failed: Io(Custom { kind: NotConnected, error: ConnectionLost(ApplicationClosed(ApplicationClose { error_code: 0, reason: b"" })) }) session_id=0 topic="bb85551f1e"
2026-10-07T20:37:37.391793Z  WARN p2panda_net::iroh_mdns::actor: found invalid transport info coming from iroh's services endpoint_id=9b662f09bb44edb188b2a022b4eb969d44181252866340d454e017372d38d19b
2026-10-07T20:37:37.392306Z  WARN p2panda_net::iroh_mdns::actor: found invalid transport info coming from iroh's services endpoint_id=9b662f09bb44edb188b2a022b4eb969d44181252866340d454e017372d38d19b
2026-10-07T20:37:39.041470Z  WARN p2panda_net::iroh_mdns::actor: found invalid transport info coming from iroh's services endpoint_id=9b662f09bb44edb188b2a022b4eb969d44181252866340d454e017372d38d19b
2026-10-07T20:37:39.041973Z  WARN p2panda_net::iroh_mdns::actor: found invalid transport info coming from iroh's services endpoint_id=9b662f09bb44edb188b2a022b4eb969d44181252866340d454e017372d38d19b
2026-10-07T20:37:39.042348Z  WARN p2panda_net::iroh_mdns::actor: found invalid transport info coming from iroh's services endpoint_id=9b662f09bb44edb188b2a022b4eb969d44181252866340d454e017372d38d19b
test place::lanes::tests::a_revoke_with_no_group_recipient_is_refused_and_changes_nothing ... ok
2026-10-07T20:37:40.184772Z  WARN p2panda_net::sync::actors::topic_manager: sync session failed: Io(Custom { kind: NotConnected, error: ConnectionLost(ApplicationClosed(ApplicationClose { error_code: 0, reason: b"" })) }) session_id=1 topic="fa7ac0a731"
2026-10-07T20:37:40.184906Z  WARN p2panda_net::sync::actors::topic_manager: sync session failed: Io(Custom { kind: NotConnected, error: ConnectionLost(ApplicationClosed(ApplicationClose { error_code: 0, reason: b"" })) }) session_id=0 topic="bcf99cbe71"
2026-10-07T20:37:40.184942Z  WARN p2panda_net::sync::actors::topic_manager: sync session failed: Io(Custom { kind: NotConnected, error: ConnectionLost(ApplicationClosed(ApplicationClose { error_code: 0, reason: b"" })) }) session_id=0 topic="fa7ac0a731"
2026-10-07T20:37:40.185050Z  WARN p2panda_net::sync::actors::topic_manager: sync session failed: Io(Custom { kind: NotConnected, error: ConnectionLost(ApplicationClosed(ApplicationClose { error_code: 0, reason: b"" })) }) session_id=1 topic="fa7ac0a731"
2026-10-07T20:37:40.302386Z ERROR iroh::socket::remote_map::remote_state: could not close last open path
2026-10-07T20:37:40.307287Z ERROR iroh::socket::remote_map::remote_state: could not close last open path
2026-10-07T20:37:40.307588Z ERROR iroh::socket::remote_map::remote_state: could not close last open path
2026-10-07T20:37:42.959436Z  WARN p2panda_sync::protocols::topic_log_sync: sync session closed with error error=DecodeMessage("Io(Custom { kind: NotConnected, error: ConnectionLost(ApplicationClosed(ApplicationClose { error_code: 0, reason: b\"\" })) })")
2026-10-07T20:37:42.959752Z  WARN p2panda_net::sync::actors::topic_manager: sync session failed: Io(Custom { kind: NotConnected, error: ConnectionLost(ApplicationClosed(ApplicationClose { error_code: 0, reason: b"" })) }) session_id=0 topic="8a8a8a8a8a"
2026-10-07T20:37:42.959897Z  WARN p2panda_sync::protocols::topic_log_sync: sync session closed with error error=DecodeMessage("Io(Custom { kind: NotConnected, error: ConnectionLost(ApplicationClosed(ApplicationClose { error_code: 0, reason: b\"\" })) })")
2026-10-07T20:37:42.960147Z  WARN p2panda_sync::protocols::topic_log_sync: sync session closed with error error=DecodeMessage("Io(Custom { kind: NotConnected, error: ConnectionLost(ApplicationClosed(ApplicationClose { error_code: 0, reason: b\"\" })) })")
2026-10-07T20:37:42.960196Z  WARN p2panda_net::sync::actors::topic_manager: sync session failed: Io(Custom { kind: NotConnected, error: ConnectionLost(ApplicationClosed(ApplicationClose { error_code: 0, reason: b"" })) }) session_id=1 topic="8b8b8b8b8b"
2026-10-07T20:37:42.960358Z  WARN p2panda_sync::protocols::topic_log_sync: sync session closed with error error=DecodeMessage("Io(Custom { kind: NotConnected, error: ConnectionLost(ApplicationClosed(ApplicationClose { error_code: 0, reason: b\"\" })) })")
2026-10-07T20:37:42.960360Z  WARN p2panda_net::sync::actors::topic_manager: sync session failed: Io(Custom { kind: NotConnected, error: ConnectionLost(ApplicationClosed(ApplicationClose { error_code: 0, reason: b"" })) }) session_id=0 topic="8a8a8a8a8a"
2026-10-07T20:37:42.960620Z  WARN p2panda_sync::protocols::topic_log_sync: sync session closed with error error=DecodeMessage("Io(Custom { kind: NotConnected, error: ConnectionLost(ApplicationClosed(ApplicationClose { error_code: 0, reason: b\"\" })) })")
2026-10-07T20:37:42.960848Z  WARN p2panda_sync::protocols::topic_log_sync: sync session closed with error error=DecodeMessage("Io(Custom { kind: NotConnected, error: ConnectionLost(ApplicationClosed(ApplicationClose { error_code: 0, reason: b\"\" })) })")
2026-10-07T20:37:42.960899Z  WARN p2panda_net::sync::actors::topic_manager: sync session failed: Io(Custom { kind: NotConnected, error: ConnectionLost(ApplicationClosed(ApplicationClose { error_code: 0, reason: b"" })) }) session_id=0 topic="8a8a8a8a8a"
2026-10-07T20:37:42.960807Z  WARN p2panda_net::sync::actors::topic_manager: sync session failed: Io(Custom { kind: NotConnected, error: ConnectionLost(ApplicationClosed(ApplicationClose { error_code: 0, reason: b"" })) }) session_id=1 topic="8a8a8a8a8a"
2026-10-07T20:37:42.961199Z  WARN p2panda_sync::protocols::topic_log_sync: sync session closed with error error=DecodeMessage("Io(Custom { kind: NotConnected, error: ConnectionLost(ApplicationClosed(ApplicationClose { error_code: 0, reason: b\"\" })) })")
2026-10-07T20:37:42.961169Z  WARN p2panda_net::sync::actors::topic_manager: sync session failed: Io(Custom { kind: NotConnected, error: ConnectionLost(ApplicationClosed(ApplicationClose { error_code: 0, reason: b"" })) }) session_id=1 topic="8c8c8c8c8c"
2026-10-07T20:37:42.961579Z  WARN p2panda_net::sync::actors::topic_manager: sync session failed: error sending on message sink: Io(Custom { kind: NotConnected, error: ConnectionLost(ApplicationClosed(ApplicationClose { error_code: 0, reason: b"" })) }) session_id=0 topic="8a8a8a8a8a"
2026-10-07T20:37:42.962259Z  WARN p2panda_sync::protocols::topic_log_sync: sync session closed with error error=DecodeMessage("Io(Custom { kind: NotConnected, error: ConnectionLost(ApplicationClosed(ApplicationClose { error_code: 0, reason: b\"\" })) })")
2026-10-07T20:37:42.962907Z  WARN p2panda_sync::protocols::topic_log_sync: sync session closed with error error=DecodeMessage("Io(Custom { kind: NotConnected, error: ConnectionLost(ApplicationClosed(ApplicationClose { error_code: 0, reason: b\"\" })) })")
2026-10-07T20:37:42.963109Z  WARN p2panda_sync::protocols::topic_log_sync: sync session closed with error error=DecodeMessage("Io(Custom { kind: NotConnected, error: ConnectionLost(ApplicationClosed(ApplicationClose { error_code: 0, reason: b\"\" })) })")
2026-10-07T20:37:42.963324Z  WARN p2panda_sync::protocols::topic_log_sync: sync session closed with error error=DecodeMessage("Io(Custom { kind: NotConnected, error: ConnectionLost(ApplicationClosed(ApplicationClose { error_code: 0, reason: b\"\" })) })")
2026-10-07T20:37:42.963528Z  WARN p2panda_sync::protocols::topic_log_sync: sync session closed with error error=DecodeMessage("Io(Custom { kind: NotConnected, error: ConnectionLost(ApplicationClosed(ApplicationClose { error_code: 0, reason: b\"\" })) })")
2026-10-07T20:37:42.963765Z ERROR iroh::socket::transports::relay: relay_recv_channel closed
2026-10-07T20:37:42.964839Z ERROR iroh::socket::transports::relay: relay_recv_channel closed
2026-10-07T20:37:44.290712Z  WARN p2panda_net::iroh_mdns::actor: found invalid transport info coming from iroh's services endpoint_id=9b662f09bb44edb188b2a022b4eb969d44181252866340d454e017372d38d19b
2026-10-07T20:37:44.290950Z  WARN p2panda_net::iroh_mdns::actor: found invalid transport info coming from iroh's services endpoint_id=9b662f09bb44edb188b2a022b4eb969d44181252866340d454e017372d38d19b
2026-10-07T20:37:44.291575Z  WARN p2panda_net::iroh_mdns::actor: found invalid transport info coming from iroh's services endpoint_id=9b662f09bb44edb188b2a022b4eb969d44181252866340d454e017372d38d19b
2026-10-07T20:37:44.301477Z  WARN p2panda_net::iroh_mdns::actor: found invalid transport info coming from iroh's services endpoint_id=9b662f09bb44edb188b2a022b4eb969d44181252866340d454e017372d38d19b
2026-10-07T20:37:44.304204Z  WARN p2panda_net::iroh_mdns::actor: found invalid transport info coming from iroh's services endpoint_id=9b662f09bb44edb188b2a022b4eb969d44181252866340d454e017372d38d19b
2026-10-07T20:37:44.305563Z  WARN p2panda_net::iroh_mdns::actor: found invalid transport info coming from iroh's services endpoint_id=9b662f09bb44edb188b2a022b4eb969d44181252866340d454e017372d38d19b
2026-10-07T20:37:45.239403Z  WARN p2panda_net::sync::actors::topic_manager: sync session failed: address book does not have any iroh address info for node id cd90dce317f7869ac01cf8972256f31f8deb53a148ea74bede2edbb532affbb9 session_id=2 topic="535bcaa16c"
2026-10-07T20:37:45.239717Z  WARN p2panda_net::sync::actors::topic_manager: sync session failed: address book does not have any iroh address info for node id cd90dce317f7869ac01cf8972256f31f8deb53a148ea74bede2edbb532affbb9 session_id=2 topic="535bcaa16c"
2026-10-07T20:37:45.239807Z  WARN p2panda_net::sync::actors::topic_manager: sync session failed: address book does not have any iroh address info for node id cd90dce317f7869ac01cf8972256f31f8deb53a148ea74bede2edbb532affbb9 session_id=2 topic="535bcaa16c"
2026-10-07T20:37:45.240149Z  WARN p2panda_net::sync::actors::topic_manager: sync session failed: address book does not have any iroh address info for node id cd90dce317f7869ac01cf8972256f31f8deb53a148ea74bede2edbb532affbb9 session_id=2 topic="535bcaa16c"
2026-10-07T20:37:45.240552Z  WARN p2panda_net::sync::actors::topic_manager: sync session failed: address book does not have any iroh address info for node id cd90dce317f7869ac01cf8972256f31f8deb53a148ea74bede2edbb532affbb9 session_id=2 topic="535bcaa16c"
2026-10-07T20:37:45.240865Z  WARN p2panda_net::sync::actors::topic_manager: sync session failed: address book does not have any iroh address info for node id cd90dce317f7869ac01cf8972256f31f8deb53a148ea74bede2edbb532affbb9 session_id=2 topic="535bcaa16c"
2026-10-07T20:37:45.241510Z  WARN p2panda_net::sync::actors::topic_manager: sync session failed: address book does not have any iroh address info for node id cd90dce317f7869ac01cf8972256f31f8deb53a148ea74bede2edbb532affbb9 session_id=2 topic="172ce48446"
2026-10-07T20:37:45.241724Z  WARN p2panda_net::sync::actors::topic_manager: sync session failed: address book does not have any iroh address info for node id cd90dce317f7869ac01cf8972256f31f8deb53a148ea74bede2edbb532affbb9 session_id=2 topic="535bcaa16c"
2026-10-07T20:37:45.265041Z  WARN p2panda_net::sync::actors::topic_manager: sync session failed: address book does not have any iroh address info for node id cd90dce317f7869ac01cf8972256f31f8deb53a148ea74bede2edbb532affbb9 session_id=2 topic="f8010b6e1f"
2026-10-07T20:37:45.541166Z  WARN p2panda_sync::protocols::topic_log_sync: sync session closed with error error=DecodeMessage("Io(Custom { kind: NotConnected, error: ConnectionLost(LocallyClosed) })")
2026-10-07T20:37:45.541399Z  WARN p2panda_net::sync::actors::topic_manager: sync session failed: Io(Custom { kind: NotConnected, error: ConnectionLost(LocallyClosed) }) session_id=3 topic="bcf99cbe71"
2026-10-07T20:37:45.541573Z  WARN p2panda_net::sync::actors::topic_manager: sync session failed: error sending on message sink: Io(Custom { kind: NotConnected, error: ConnectionLost(LocallyClosed) }) session_id=3 topic="fa7ac0a731"
2026-10-07T20:37:45.541691Z  WARN p2panda_sync::protocols::topic_log_sync: sync session closed with error error=DecodeMessage("Io(Custom { kind: NotConnected, error: ConnectionLost(ApplicationClosed(ApplicationClose { error_code: 0, reason: b\"\" })) })")
2026-10-07T20:37:45.541927Z  WARN p2panda_net::sync::actors::topic_manager: sync session failed: Io(Custom { kind: NotConnected, error: ConnectionLost(ApplicationClosed(ApplicationClose { error_code: 0, reason: b"" })) }) session_id=0 topic="bcf99cbe71"
2026-10-07T20:37:45.542155Z  WARN p2panda_sync::protocols::topic_log_sync: sync session closed with error error=DecodeMessage("Io(Custom { kind: NotConnected, error: ConnectionLost(ApplicationClosed(ApplicationClose { error_code: 0, reason: b\"\" })) })")
2026-10-07T20:37:45.542241Z  WARN p2panda_sync::protocols::topic_log_sync: sync session closed with error error=DecodeMessage("Io(Custom { kind: NotConnected, error: ConnectionLost(ApplicationClosed(ApplicationClose { error_code: 0, reason: b\"\" })) })")
2026-10-07T20:37:45.542947Z  WARN p2panda_net::sync::actors::topic_manager: sync session failed: Io(Custom { kind: NotConnected, error: ConnectionLost(ApplicationClosed(ApplicationClose { error_code: 0, reason: b"" })) }) session_id=0 topic="fa7ac0a731"
2026-10-07T20:37:45.543094Z  WARN p2panda_net::sync::actors::topic_manager: sync session failed: Io(Custom { kind: NotConnected, error: ConnectionLost(ApplicationClosed(ApplicationClose { error_code: 0, reason: b"" })) }) session_id=1 topic="fa7ac0a731"
2026-10-07T20:37:45.543227Z  WARN p2panda_sync::protocols::topic_log_sync: sync session closed with error error=DecodeMessage("Io(Custom { kind: NotConnected, error: ConnectionLost(ApplicationClosed(ApplicationClose { error_code: 0, reason: b\"\" })) })")
2026-10-07T20:37:45.543475Z  WARN p2panda_sync::protocols::topic_log_sync: sync session closed with error error=DecodeMessage("Io(Custom { kind: NotConnected, error: ConnectionLost(ApplicationClosed(ApplicationClose { error_code: 0, reason: b\"\" })) })")
2026-10-07T20:37:45.543481Z  WARN p2panda_sync::protocols::topic_log_sync: sync session closed with error error=DecodeMessage("Io(Custom { kind: NotConnected, error: ConnectionLost(ApplicationClosed(ApplicationClose { error_code: 0, reason: b\"\" })) })")
2026-10-07T20:37:45.543691Z  WARN p2panda_net::sync::actors::topic_manager: sync session failed: Io(Custom { kind: NotConnected, error: ConnectionLost(ApplicationClosed(ApplicationClose { error_code: 0, reason: b"" })) }) session_id=0 topic="d0d7bdbf5b"
2026-10-07T20:37:45.543799Z  WARN p2panda_net::sync::actors::topic_manager: sync session failed: Io(Custom { kind: NotConnected, error: ConnectionLost(ApplicationClosed(ApplicationClose { error_code: 0, reason: b"" })) }) session_id=0 topic="fa7ac0a731"
2026-10-07T20:37:45.544007Z  WARN p2panda_sync::protocols::topic_log_sync: sync session closed with error error=DecodeMessage("Io(Custom { kind: NotConnected, error: ConnectionLost(ApplicationClosed(ApplicationClose { error_code: 0, reason: b\"\" })) })")
2026-10-07T20:37:45.544265Z  WARN p2panda_sync::protocols::topic_log_sync: sync session closed with error error=DecodeMessage("Io(Custom { kind: NotConnected, error: ConnectionLost(ApplicationClosed(ApplicationClose { error_code: 0, reason: b\"\" })) })")
2026-10-07T20:37:45.544289Z  WARN p2panda_net::sync::actors::topic_manager: sync session failed: Io(Custom { kind: NotConnected, error: ConnectionLost(ApplicationClosed(ApplicationClose { error_code: 0, reason: b"" })) }) session_id=0 topic="fa7ac0a731"
2026-10-07T20:37:45.544472Z  WARN p2panda_net::sync::actors::topic_manager: sync session failed: Io(Custom { kind: NotConnected, error: ConnectionLost(ApplicationClosed(ApplicationClose { error_code: 0, reason: b"" })) }) session_id=1 topic="fa7ac0a731"
2026-10-07T20:37:45.544621Z  WARN p2panda_sync::protocols::topic_log_sync: sync session closed with error error=DecodeMessage("Io(Custom { kind: NotConnected, error: ConnectionLost(ApplicationClosed(ApplicationClose { error_code: 0, reason: b\"\" })) })")
2026-10-07T20:37:45.545300Z  WARN p2panda_sync::protocols::topic_log_sync: sync session closed with error error=DecodeMessage("Io(Custom { kind: NotConnected, error: ConnectionLost(ApplicationClosed(ApplicationClose { error_code: 0, reason: b\"\" })) })")
2026-10-07T20:37:45.545563Z  WARN p2panda_sync::protocols::topic_log_sync: sync session closed with error error=DecodeMessage("Io(Custom { kind: NotConnected, error: ConnectionLost(ApplicationClosed(ApplicationClose { error_code: 0, reason: b\"\" })) })")
2026-10-07T20:37:45.545745Z  WARN p2panda_sync::protocols::topic_log_sync: sync session closed with error error=DecodeMessage("Io(Custom { kind: NotConnected, error: ConnectionLost(ApplicationClosed(ApplicationClose { error_code: 0, reason: b\"\" })) })")
2026-10-07T20:37:45.545777Z  WARN p2panda_sync::protocols::topic_log_sync: sync session closed with error error=DecodeMessage("Io(Custom { kind: NotConnected, error: ConnectionLost(ApplicationClosed(ApplicationClose { error_code: 0, reason: b\"\" })) })")
2026-10-07T20:37:45.545998Z  WARN p2panda_sync::protocols::topic_log_sync: sync session closed with error error=DecodeMessage("Io(Custom { kind: NotConnected, error: ConnectionLost(ApplicationClosed(ApplicationClose { error_code: 0, reason: b\"\" })) })")
2026-10-07T20:37:45.546040Z  WARN p2panda_sync::protocols::topic_log_sync: sync session closed with error error=DecodeMessage("Io(Custom { kind: NotConnected, error: ConnectionLost(ApplicationClosed(ApplicationClose { error_code: 0, reason: b\"\" })) })")
2026-10-07T20:37:45.546064Z  WARN p2panda_sync::protocols::topic_log_sync: sync session closed with error error=DecodeMessage("Io(Custom { kind: NotConnected, error: ConnectionLost(ApplicationClosed(ApplicationClose { error_code: 0, reason: b\"\" })) })")
2026-10-07T20:37:45.546209Z  WARN p2panda_net::sync::actors::topic_manager: sync session failed: Io(Custom { kind: NotConnected, error: ConnectionLost(ApplicationClosed(ApplicationClose { error_code: 0, reason: b"" })) }) session_id=0 topic="15de0eba64"
2026-10-07T20:37:45.546274Z  WARN p2panda_sync::protocols::topic_log_sync: sync session closed with error error=DecodeMessage("Io(Custom { kind: NotConnected, error: ConnectionLost(ApplicationClosed(ApplicationClose { error_code: 0, reason: b\"\" })) })")
2026-10-07T20:37:45.546436Z  WARN p2panda_net::sync::actors::topic_manager: sync session failed: Io(Custom { kind: NotConnected, error: ConnectionLost(ApplicationClosed(ApplicationClose { error_code: 0, reason: b"" })) }) session_id=0 topic="fa7ac0a731"
2026-10-07T20:37:45.546664Z  WARN p2panda_sync::protocols::topic_log_sync: sync session closed with error error=DecodeMessage("Io(Custom { kind: NotConnected, error: ConnectionLost(ApplicationClosed(ApplicationClose { error_code: 0, reason: b\"\" })) })")
2026-10-07T20:37:45.546842Z  WARN p2panda_sync::protocols::topic_log_sync: sync session closed with error error=DecodeMessage("Io(Custom { kind: NotConnected, error: ConnectionLost(ApplicationClosed(ApplicationClose { error_code: 0, reason: b\"\" })) })")
2026-10-07T20:37:45.546771Z  WARN p2panda_net::sync::actors::topic_manager: sync session failed: Io(Custom { kind: NotConnected, error: ConnectionLost(ApplicationClosed(ApplicationClose { error_code: 0, reason: b"" })) }) session_id=0 topic="fa7ac0a731"
2026-10-07T20:37:45.546900Z  WARN p2panda_sync::protocols::topic_log_sync: sync session closed with error error=DecodeMessage("Io(Custom { kind: NotConnected, error: ConnectionLost(ApplicationClosed(ApplicationClose { error_code: 0, reason: b\"\" })) })")
2026-10-07T20:37:45.547186Z ERROR iroh::socket::transports::relay: relay_recv_channel closed
2026-10-07T20:37:45.548441Z ERROR iroh::socket::transports::relay: relay_recv_channel closed
2026-10-07T20:37:46.099314Z ERROR iroh::socket::transports::relay: relay_recv_channel closed
2026-10-07T20:37:46.100315Z ERROR iroh::socket::transports::relay: relay_recv_channel closed
test place::lanes::tests::a_replayed_operation_adds_no_place_state ... ok
2026-10-07T20:37:46.752706Z  WARN p2panda_net::iroh_mdns::actor: found invalid transport info coming from iroh's services endpoint_id=9b662f09bb44edb188b2a022b4eb969d44181252866340d454e017372d38d19b
2026-10-07T20:37:46.752944Z  WARN p2panda_net::iroh_mdns::actor: found invalid transport info coming from iroh's services endpoint_id=9b662f09bb44edb188b2a022b4eb969d44181252866340d454e017372d38d19b
2026-10-07T20:37:46.753117Z  WARN p2panda_net::iroh_mdns::actor: found invalid transport info coming from iroh's services endpoint_id=9b662f09bb44edb188b2a022b4eb969d44181252866340d454e017372d38d19b
2026-10-07T20:37:46.753175Z  WARN p2panda_net::iroh_mdns::actor: found invalid transport info coming from iroh's services endpoint_id=9b662f09bb44edb188b2a022b4eb969d44181252866340d454e017372d38d19b
2026-10-07T20:37:47.961986Z  WARN p2panda_net::sync::actors::topic_manager: sync session failed: Io(Custom { kind: NotConnected, error: ConnectionLost(ApplicationClosed(ApplicationClose { error_code: 0, reason: b"" })) }) session_id=0 topic="8b8b8b8b8b"
2026-10-07T20:37:47.962158Z  WARN p2panda_net::sync::actors::topic_manager: sync session failed: Io(Custom { kind: NotConnected, error: ConnectionLost(ApplicationClosed(ApplicationClose { error_code: 0, reason: b"" })) }) session_id=1 topic="8a8a8a8a8a"
2026-10-07T20:37:47.978639Z  WARN p2panda_net::sync::actors::topic_manager: sync session failed: Io(Custom { kind: NotConnected, error: ConnectionLost(ApplicationClosed(ApplicationClose { error_code: 0, reason: b"" })) }) session_id=0 topic="8a8a8a8a8a"
2026-10-07T20:37:47.978903Z  WARN p2panda_net::sync::actors::topic_manager: sync session failed: Io(Custom { kind: NotConnected, error: ConnectionLost(ApplicationClosed(ApplicationClose { error_code: 0, reason: b"" })) }) session_id=1 topic="8a8a8a8a8a"
2026-10-07T20:37:47.978997Z  WARN p2panda_net::sync::actors::topic_manager: sync session failed: Io(Custom { kind: NotConnected, error: ConnectionLost(ApplicationClosed(ApplicationClose { error_code: 0, reason: b"" })) }) session_id=0 topic="8c8c8c8c8c"
2026-10-07T20:37:47.979104Z  WARN p2panda_net::sync::actors::topic_manager: sync session failed: Io(Custom { kind: NotConnected, error: ConnectionLost(ApplicationClosed(ApplicationClose { error_code: 0, reason: b"" })) }) session_id=1 topic="8a8a8a8a8a"
2026-10-07T20:37:50.547594Z  WARN p2panda_net::sync::actors::topic_manager: sync session failed: Io(Custom { kind: NotConnected, error: ConnectionLost(ApplicationClosed(ApplicationClose { error_code: 0, reason: b"" })) }) session_id=1 topic="bcf99cbe71"
2026-10-07T20:37:50.547817Z  WARN p2panda_net::sync::actors::topic_manager: sync session failed: Io(Custom { kind: NotConnected, error: ConnectionLost(ApplicationClosed(ApplicationClose { error_code: 0, reason: b"" })) }) session_id=1 topic="fa7ac0a731"
2026-10-07T20:37:50.548004Z  WARN p2panda_net::sync::actors::topic_manager: sync session failed: Io(Custom { kind: NotConnected, error: ConnectionLost(ApplicationClosed(ApplicationClose { error_code: 0, reason: b"" })) }) session_id=1 topic="fa7ac0a731"
2026-10-07T20:37:50.548199Z  WARN p2panda_net::sync::actors::topic_manager: sync session failed: Io(Custom { kind: NotConnected, error: ConnectionLost(ApplicationClosed(ApplicationClose { error_code: 0, reason: b"" })) }) session_id=1 topic="fa7ac0a731"
2026-10-07T20:37:50.548303Z  WARN p2panda_net::sync::actors::topic_manager: sync session failed: Io(Custom { kind: NotConnected, error: ConnectionLost(ApplicationClosed(ApplicationClose { error_code: 0, reason: b"" })) }) session_id=0 topic="fa7ac0a731"
2026-10-07T20:37:50.548681Z  WARN p2panda_net::sync::actors::topic_manager: sync session failed: Io(Custom { kind: NotConnected, error: ConnectionLost(ApplicationClosed(ApplicationClose { error_code: 0, reason: b"" })) }) session_id=1 topic="fa7ac0a731"
2026-10-07T20:37:50.549189Z  WARN p2panda_net::sync::actors::topic_manager: sync session failed: Io(Custom { kind: NotConnected, error: ConnectionLost(ApplicationClosed(ApplicationClose { error_code: 0, reason: b"" })) }) session_id=1 topic="fa7ac0a731"
2026-10-07T20:37:50.549742Z  WARN p2panda_net::sync::actors::topic_manager: sync session failed: Io(Custom { kind: NotConnected, error: ConnectionLost(ApplicationClosed(ApplicationClose { error_code: 0, reason: b"" })) }) session_id=0 topic="fa7ac0a731"
2026-10-07T20:37:50.549960Z  WARN p2panda_net::sync::actors::topic_manager: sync session failed: Io(Custom { kind: NotConnected, error: ConnectionLost(ApplicationClosed(ApplicationClose { error_code: 0, reason: b"" })) }) session_id=1 topic="d0d7bdbf5b"
2026-10-07T20:37:50.563552Z  WARN p2panda_net::sync::actors::topic_manager: sync session failed: Io(Custom { kind: NotConnected, error: ConnectionLost(ApplicationClosed(ApplicationClose { error_code: 0, reason: b"" })) }) session_id=1 topic="15de0eba64"
2026-10-07T20:37:51.189465Z  WARN p2panda_net::iroh_mdns::actor: found invalid transport info coming from iroh's services endpoint_id=9b662f09bb44edb188b2a022b4eb969d44181252866340d454e017372d38d19b
2026-10-07T20:37:51.189894Z  WARN p2panda_net::iroh_mdns::actor: found invalid transport info coming from iroh's services endpoint_id=9b662f09bb44edb188b2a022b4eb969d44181252866340d454e017372d38d19b
2026-10-07T20:37:51.190078Z  WARN p2panda_net::iroh_mdns::actor: found invalid transport info coming from iroh's services endpoint_id=9b662f09bb44edb188b2a022b4eb969d44181252866340d454e017372d38d19b
2026-10-07T20:37:51.191848Z  WARN p2panda_net::iroh_mdns::actor: found invalid transport info coming from iroh's services endpoint_id=9b662f09bb44edb188b2a022b4eb969d44181252866340d454e017372d38d19b
2026-10-07T20:37:51.191854Z  WARN p2panda_net::iroh_mdns::actor: found invalid transport info coming from iroh's services endpoint_id=9b662f09bb44edb188b2a022b4eb969d44181252866340d454e017372d38d19b
2026-10-07T20:37:51.193707Z  WARN p2panda_net::iroh_mdns::actor: found invalid transport info coming from iroh's services endpoint_id=9b662f09bb44edb188b2a022b4eb969d44181252866340d454e017372d38d19b
2026-10-07T20:37:55.266056Z  WARN p2panda_net::sync::actors::topic_manager: sync session failed: address book does not have any iroh address info for node id 5315bece2a5e77d676b508aeb3828871ffef6bd894a9bd35ca4825b9041400b8 session_id=2 topic="7c7d87029e"
2026-10-07T20:37:55.267895Z  WARN p2panda_net::sync::actors::topic_manager: sync session failed: address book does not have any iroh address info for node id 5315bece2a5e77d676b508aeb3828871ffef6bd894a9bd35ca4825b9041400b8 session_id=2 topic="7c7d87029e"
2026-10-07T20:37:55.268025Z  WARN p2panda_net::sync::actors::topic_manager: sync session failed: address book does not have any iroh address info for node id 5315bece2a5e77d676b508aeb3828871ffef6bd894a9bd35ca4825b9041400b8 session_id=2 topic="7c7d87029e"
2026-10-07T20:37:55.268480Z  WARN p2panda_net::sync::actors::topic_manager: sync session failed: address book does not have any iroh address info for node id 5315bece2a5e77d676b508aeb3828871ffef6bd894a9bd35ca4825b9041400b8 session_id=2 topic="7c7d87029e"
2026-10-07T20:37:55.268606Z  WARN p2panda_net::sync::actors::topic_manager: sync session failed: address book does not have any iroh address info for node id 5315bece2a5e77d676b508aeb3828871ffef6bd894a9bd35ca4825b9041400b8 session_id=2 topic="7c7d87029e"
2026-10-07T20:37:55.268743Z  WARN p2panda_net::sync::actors::topic_manager: sync session failed: address book does not have any iroh address info for node id 5315bece2a5e77d676b508aeb3828871ffef6bd894a9bd35ca4825b9041400b8 session_id=2 topic="e95fa4cb2d"
2026-10-07T20:37:55.268798Z  WARN p2panda_net::sync::actors::topic_manager: sync session failed: address book does not have any iroh address info for node id 5315bece2a5e77d676b508aeb3828871ffef6bd894a9bd35ca4825b9041400b8 session_id=2 topic="e347e241b4"
2026-10-07T20:37:55.268990Z  WARN p2panda_net::sync::actors::topic_manager: sync session failed: address book does not have any iroh address info for node id 5315bece2a5e77d676b508aeb3828871ffef6bd894a9bd35ca4825b9041400b8 session_id=2 topic="7c7d87029e"
2026-10-07T20:37:55.269340Z  WARN p2panda_net::sync::actors::topic_manager: sync session failed: address book does not have any iroh address info for node id 5315bece2a5e77d676b508aeb3828871ffef6bd894a9bd35ca4825b9041400b8 session_id=2 topic="7c7d87029e"
2026-10-07T20:37:55.269551Z  WARN p2panda_net::sync::actors::topic_manager: sync session failed: address book does not have any iroh address info for node id 5315bece2a5e77d676b508aeb3828871ffef6bd894a9bd35ca4825b9041400b8 session_id=2 topic="d0809fb532"
2026-10-07T20:37:55.834832Z  WARN p2panda_sync::protocols::topic_log_sync: sync session closed with error error=DecodeMessage("Io(Custom { kind: NotConnected, error: ConnectionLost(ApplicationClosed(ApplicationClose { error_code: 0, reason: b\"\" })) })")
2026-10-07T20:37:55.835366Z  WARN p2panda_net::sync::actors::topic_manager: sync session failed: Io(Custom { kind: NotConnected, error: ConnectionLost(ApplicationClosed(ApplicationClose { error_code: 0, reason: b"" })) }) session_id=2 topic="8a8a8a8a8a"
2026-10-07T20:37:55.835416Z  WARN p2panda_sync::protocols::topic_log_sync: sync session closed with error error=DecodeMessage("Io(Custom { kind: NotConnected, error: ConnectionLost(ApplicationClosed(ApplicationClose { error_code: 0, reason: b\"\" })) })")
2026-10-07T20:37:55.835574Z  WARN p2panda_sync::protocols::topic_log_sync: sync session closed with error error=DecodeMessage("Io(Custom { kind: NotConnected, error: ConnectionLost(ApplicationClosed(ApplicationClose { error_code: 0, reason: b\"\" })) })")
2026-10-07T20:37:55.835736Z  WARN p2panda_net::sync::actors::topic_manager: sync session failed: Io(Custom { kind: NotConnected, error: ConnectionLost(ApplicationClosed(ApplicationClose { error_code: 0, reason: b"" })) }) session_id=3 topic="8a8a8a8a8a"
2026-10-07T20:37:55.835918Z  WARN p2panda_sync::protocols::topic_log_sync: sync session closed with error error=DecodeMessage("Io(Custom { kind: NotConnected, error: ConnectionLost(ApplicationClosed(ApplicationClose { error_code: 0, reason: b\"\" })) })")
2026-10-07T20:37:55.836113Z  WARN p2panda_sync::protocols::topic_log_sync: sync session closed with error error=DecodeMessage("Io(Custom { kind: NotConnected, error: ConnectionLost(ApplicationClosed(ApplicationClose { error_code: 0, reason: b\"\" })) })")
2026-10-07T20:37:55.836158Z  WARN p2panda_net::sync::actors::topic_manager: sync session failed: Io(Custom { kind: NotConnected, error: ConnectionLost(ApplicationClosed(ApplicationClose { error_code: 0, reason: b"" })) }) session_id=3 topic="8a8a8a8a8a"
2026-10-07T20:37:55.836424Z  WARN p2panda_sync::protocols::topic_log_sync: sync session closed with error error=DecodeMessage("Io(Custom { kind: NotConnected, error: ConnectionLost(ApplicationClosed(ApplicationClose { error_code: 0, reason: b\"\" })) })")
2026-10-07T20:37:55.836438Z  WARN p2panda_sync::protocols::topic_log_sync: sync session closed with error error=DecodeMessage("Io(Custom { kind: NotConnected, error: ConnectionLost(ApplicationClosed(ApplicationClose { error_code: 0, reason: b\"\" })) })")
2026-10-07T20:37:55.836744Z  WARN p2panda_net::sync::actors::topic_manager: sync session failed: Io(Custom { kind: NotConnected, error: ConnectionLost(ApplicationClosed(ApplicationClose { error_code: 0, reason: b"" })) }) session_id=3 topic="8a8a8a8a8a"
2026-10-07T20:37:55.837031Z  WARN p2panda_net::sync::actors::topic_manager: sync session failed: Io(Custom { kind: NotConnected, error: ConnectionLost(ApplicationClosed(ApplicationClose { error_code: 0, reason: b"" })) }) session_id=2 topic="8a8a8a8a8a"
2026-10-07T20:37:55.837049Z  WARN p2panda_sync::protocols::topic_log_sync: sync session closed with error error=DecodeMessage("Io(Custom { kind: NotConnected, error: ConnectionLost(ApplicationClosed(ApplicationClose { error_code: 0, reason: b\"\" })) })")
2026-10-07T20:37:55.837130Z  WARN p2panda_sync::protocols::topic_log_sync: sync session closed with error error=DecodeMessage("Io(Custom { kind: NotConnected, error: ConnectionLost(ApplicationClosed(ApplicationClose { error_code: 0, reason: b\"\" })) })")
2026-10-07T20:37:55.837478Z  WARN p2panda_net::sync::actors::topic_manager: sync session failed: Io(Custom { kind: NotConnected, error: ConnectionLost(ApplicationClosed(ApplicationClose { error_code: 0, reason: b"" })) }) session_id=2 topic="8a8a8a8a8a"
2026-10-07T20:37:55.837677Z  WARN p2panda_sync::protocols::topic_log_sync: sync session closed with error error=DecodeMessage("Io(Custom { kind: NotConnected, error: ConnectionLost(ApplicationClosed(ApplicationClose { error_code: 0, reason: b\"\" })) })")
2026-10-07T20:37:55.837849Z  WARN p2panda_sync::protocols::topic_log_sync: sync session closed with error error=DecodeMessage("Io(Custom { kind: NotConnected, error: ConnectionLost(ApplicationClosed(ApplicationClose { error_code: 0, reason: b\"\" })) })")
2026-10-07T20:37:55.837901Z  WARN p2panda_sync::protocols::topic_log_sync: sync session closed with error error=DecodeMessage("Io(Custom { kind: NotConnected, error: ConnectionLost(ApplicationClosed(ApplicationClose { error_code: 0, reason: b\"\" })) })")
2026-10-07T20:37:55.837960Z  WARN p2panda_net::sync::actors::topic_manager: sync session failed: error sending on message sink: Io(Custom { kind: NotConnected, error: ConnectionLost(ApplicationClosed(ApplicationClose { error_code: 0, reason: b"" })) }) session_id=3 topic="8a8a8a8a8a"
2026-10-07T20:37:55.838101Z  WARN p2panda_net::sync::actors::topic_manager: sync session failed: Io(Custom { kind: NotConnected, error: ConnectionLost(ApplicationClosed(ApplicationClose { error_code: 0, reason: b"" })) }) session_id=2 topic="8b8b8b8b8b"
2026-10-07T20:37:55.838216Z  WARN p2panda_net::sync::actors::topic_manager: sync session failed: Io(Custom { kind: NotConnected, error: ConnectionLost(ApplicationClosed(ApplicationClose { error_code: 0, reason: b"" })) }) session_id=2 topic="8c8c8c8c8c"
2026-10-07T20:37:55.838222Z  WARN p2panda_sync::protocols::topic_log_sync: sync session closed with error error=DecodeMessage("Io(Custom { kind: NotConnected, error: ConnectionLost(ApplicationClosed(ApplicationClose { error_code: 0, reason: b\"\" })) })")
2026-10-07T20:37:55.838664Z  WARN p2panda_sync::protocols::topic_log_sync: sync session closed with error error=DecodeMessage("Io(Custom { kind: NotConnected, error: ConnectionLost(ApplicationClosed(ApplicationClose { error_code: 0, reason: b\"\" })) })")
2026-10-07T20:37:55.838858Z  WARN p2panda_sync::protocols::topic_log_sync: sync session closed with error error=DecodeMessage("Io(Custom { kind: NotConnected, error: ConnectionLost(ApplicationClosed(ApplicationClose { error_code: 0, reason: b\"\" })) })")
2026-10-07T20:37:55.839273Z ERROR iroh::socket::transports::relay: relay_recv_channel closed
2026-10-07T20:37:55.840467Z ERROR iroh::socket::transports::relay: relay_recv_channel closed
test place::lanes::tests::a_restarted_place_keeps_what_it_converged_on ... ok
2026-10-07T20:37:58.923387Z  WARN p2panda_net::iroh_mdns::actor: found invalid transport info coming from iroh's services endpoint_id=9b662f09bb44edb188b2a022b4eb969d44181252866340d454e017372d38d19b
2026-10-07T20:37:58.923816Z  WARN p2panda_net::iroh_mdns::actor: found invalid transport info coming from iroh's services endpoint_id=9b662f09bb44edb188b2a022b4eb969d44181252866340d454e017372d38d19b
2026-10-07T20:37:58.924190Z  WARN p2panda_net::iroh_mdns::actor: found invalid transport info coming from iroh's services endpoint_id=9b662f09bb44edb188b2a022b4eb969d44181252866340d454e017372d38d19b
2026-10-07T20:37:58.924671Z  WARN p2panda_net::iroh_mdns::actor: found invalid transport info coming from iroh's services endpoint_id=9b662f09bb44edb188b2a022b4eb969d44181252866340d454e017372d38d19b
2026-10-07T20:37:58.924758Z  WARN p2panda_net::iroh_mdns::actor: found invalid transport info coming from iroh's services endpoint_id=9b662f09bb44edb188b2a022b4eb969d44181252866340d454e017372d38d19b
2026-10-07T20:37:58.924785Z  WARN p2panda_net::iroh_mdns::actor: found invalid transport info coming from iroh's services endpoint_id=9b662f09bb44edb188b2a022b4eb969d44181252866340d454e017372d38d19b
2026-10-07T20:37:58.924806Z  WARN p2panda_net::iroh_mdns::actor: found invalid transport info coming from iroh's services endpoint_id=9b662f09bb44edb188b2a022b4eb969d44181252866340d454e017372d38d19b
2026-10-07T20:37:58.925511Z  WARN p2panda_net::iroh_mdns::actor: found invalid transport info coming from iroh's services endpoint_id=9b662f09bb44edb188b2a022b4eb969d44181252866340d454e017372d38d19b
2026-10-07T20:38:00.847521Z  WARN p2panda_net::sync::actors::topic_manager: sync session failed: Io(Custom { kind: NotConnected, error: ConnectionLost(ApplicationClosed(ApplicationClose { error_code: 0, reason: b"" })) }) session_id=2 topic="8a8a8a8a8a"
2026-10-07T20:38:00.868069Z  WARN p2panda_net::sync::actors::topic_manager: sync session failed: Io(Custom { kind: NotConnected, error: ConnectionLost(ApplicationClosed(ApplicationClose { error_code: 0, reason: b"" })) }) session_id=3 topic="8a8a8a8a8a"
2026-10-07T20:38:00.871960Z  WARN p2panda_net::sync::actors::topic_manager: sync session failed: Io(Custom { kind: NotConnected, error: ConnectionLost(ApplicationClosed(ApplicationClose { error_code: 0, reason: b"" })) }) session_id=3 topic="8a8a8a8a8a"
2026-10-07T20:38:00.881619Z  WARN p2panda_net::sync::actors::topic_manager: sync session failed: Io(Custom { kind: NotConnected, error: ConnectionLost(ApplicationClosed(ApplicationClose { error_code: 0, reason: b"" })) }) session_id=3 topic="8a8a8a8a8a"
2026-10-07T20:38:00.899796Z  WARN p2panda_net::sync::actors::topic_manager: sync session failed: Io(Custom { kind: NotConnected, error: ConnectionLost(ApplicationClosed(ApplicationClose { error_code: 0, reason: b"" })) }) session_id=2 topic="8a8a8a8a8a"
2026-10-07T20:38:00.902320Z  WARN p2panda_net::sync::actors::topic_manager: sync session failed: Io(Custom { kind: NotConnected, error: ConnectionLost(ApplicationClosed(ApplicationClose { error_code: 0, reason: b"" })) }) session_id=3 topic="8c8c8c8c8c"
2026-10-07T20:38:00.902911Z  WARN p2panda_net::sync::actors::topic_manager: sync session failed: Io(Custom { kind: NotConnected, error: ConnectionLost(ApplicationClosed(ApplicationClose { error_code: 0, reason: b"" })) }) session_id=2 topic="8a8a8a8a8a"
2026-10-07T20:38:03.372240Z  WARN turnstone::place::worker: group-key frame refused reason=addressed direct message for 5e2b7b78ac322d00b565735dc768bec690e01080eef986f9ed9babc8dc1e5536 is required
2026-10-07T20:38:03.372379Z  WARN turnstone::place::worker: group-key frame refused reason=addressed direct message for 5e2b7b78ac322d00b565735dc768bec690e01080eef986f9ed9babc8dc1e5536 is required
2026-10-07T20:38:04.377682Z  WARN p2panda_net::iroh_mdns::actor: found invalid transport info coming from iroh's services endpoint_id=9b662f09bb44edb188b2a022b4eb969d44181252866340d454e017372d38d19b
2026-10-07T20:38:04.380310Z  WARN p2panda_net::iroh_mdns::actor: found invalid transport info coming from iroh's services endpoint_id=9b662f09bb44edb188b2a022b4eb969d44181252866340d454e017372d38d19b
2026-10-07T20:38:04.381912Z  WARN p2panda_net::iroh_mdns::actor: found invalid transport info coming from iroh's services endpoint_id=9b662f09bb44edb188b2a022b4eb969d44181252866340d454e017372d38d19b
2026-10-07T20:38:04.384326Z  WARN p2panda_net::iroh_mdns::actor: found invalid transport info coming from iroh's services endpoint_id=9b662f09bb44edb188b2a022b4eb969d44181252866340d454e017372d38d19b
2026-10-07T20:38:04.386401Z  WARN p2panda_net::iroh_mdns::actor: found invalid transport info coming from iroh's services endpoint_id=9b662f09bb44edb188b2a022b4eb969d44181252866340d454e017372d38d19b
2026-10-07T20:38:04.387970Z  WARN p2panda_net::iroh_mdns::actor: found invalid transport info coming from iroh's services endpoint_id=9b662f09bb44edb188b2a022b4eb969d44181252866340d454e017372d38d19b
2026-10-07T20:38:04.388963Z  WARN p2panda_net::iroh_mdns::actor: found invalid transport info coming from iroh's services endpoint_id=9b662f09bb44edb188b2a022b4eb969d44181252866340d454e017372d38d19b
2026-10-07T20:38:04.392247Z  WARN p2panda_net::iroh_mdns::actor: found invalid transport info coming from iroh's services endpoint_id=9b662f09bb44edb188b2a022b4eb969d44181252866340d454e017372d38d19b
2026-10-07T20:38:04.395122Z  WARN p2panda_net::iroh_mdns::actor: found invalid transport info coming from iroh's services endpoint_id=9b662f09bb44edb188b2a022b4eb969d44181252866340d454e017372d38d19b
2026-10-07T20:38:04.409594Z  WARN p2panda_net::iroh_mdns::actor: found invalid transport info coming from iroh's services endpoint_id=9b662f09bb44edb188b2a022b4eb969d44181252866340d454e017372d38d19b
2026-10-07T20:38:04.906440Z  WARN p2panda_sync::protocols::topic_log_sync: sync session closed with error error=DecodeMessage("Io(Custom { kind: NotConnected, error: ConnectionLost(LocallyClosed) })")
2026-10-07T20:38:04.906900Z  WARN p2panda_sync::protocols::topic_log_sync: sync session closed with error error=DecodeMessage("Io(Custom { kind: NotConnected, error: ConnectionLost(LocallyClosed) })")
2026-10-07T20:38:04.907332Z  WARN p2panda_net::sync::actors::topic_manager: sync session failed: Io(Custom { kind: NotConnected, error: ConnectionLost(LocallyClosed) }) session_id=1 topic="76af51a443"
2026-10-07T20:38:04.907629Z  WARN p2panda_sync::protocols::topic_log_sync: sync session closed with error error=DecodeMessage("Io(Custom { kind: NotConnected, error: ConnectionLost(LocallyClosed) })")
2026-10-07T20:38:04.907855Z  WARN p2panda_sync::protocols::topic_log_sync: sync session closed with error error=DecodeMessage("Io(Custom { kind: NotConnected, error: ConnectionLost(LocallyClosed) })")
2026-10-07T20:38:04.908518Z  WARN p2panda_net::sync::actors::topic_manager: sync session failed: error sending on message sink: Io(Custom { kind: NotConnected, error: ConnectionLost(LocallyClosed) }) session_id=1 topic="e97c93dbe0"
2026-10-07T20:38:04.908750Z  WARN p2panda_net::sync::actors::topic_manager: sync session failed: error sending on message sink: Io(Custom { kind: NotConnected, error: ConnectionLost(LocallyClosed) }) session_id=0 topic="e97c93dbe0"
2026-10-07T20:38:04.908951Z  WARN p2panda_sync::protocols::topic_log_sync: sync session closed with error error=DecodeMessage("Io(Custom { kind: NotConnected, error: ConnectionLost(ApplicationClosed(ApplicationClose { error_code: 0, reason: b\"\" })) })")
2026-10-07T20:38:04.909668Z  WARN p2panda_sync::protocols::topic_log_sync: sync session closed with error error=DecodeMessage("Io(Custom { kind: NotConnected, error: ConnectionLost(ApplicationClosed(ApplicationClose { error_code: 0, reason: b\"\" })) })")
2026-10-07T20:38:04.909894Z  WARN p2panda_net::sync::actors::topic_manager: sync session failed: Io(Custom { kind: NotConnected, error: ConnectionLost(ApplicationClosed(ApplicationClose { error_code: 0, reason: b"" })) }) session_id=1 topic="e97c93dbe0"
2026-10-07T20:38:04.910898Z  WARN p2panda_sync::protocols::topic_log_sync: sync session closed with error error=DecodeMessage("Io(Custom { kind: NotConnected, error: ConnectionLost(ApplicationClosed(ApplicationClose { error_code: 0, reason: b\"\" })) })")
2026-10-07T20:38:04.911441Z  WARN p2panda_sync::protocols::topic_log_sync: sync session closed with error error=DecodeMessage("Io(Custom { kind: NotConnected, error: ConnectionLost(ApplicationClosed(ApplicationClose { error_code: 0, reason: b\"\" })) })")
2026-10-07T20:38:04.912065Z  WARN p2panda_sync::protocols::topic_log_sync: sync session closed with error error=DecodeMessage("Io(Custom { kind: NotConnected, error: ConnectionLost(ApplicationClosed(ApplicationClose { error_code: 0, reason: b\"\" })) })")
2026-10-07T20:38:04.912327Z  WARN p2panda_sync::protocols::topic_log_sync: sync session closed with error error=DecodeMessage("Io(Custom { kind: NotConnected, error: ConnectionLost(ApplicationClosed(ApplicationClose { error_code: 0, reason: b\"\" })) })")
2026-10-07T20:38:04.912434Z  WARN p2panda_net::sync::actors::topic_manager: sync session failed: Io(Custom { kind: NotConnected, error: ConnectionLost(ApplicationClosed(ApplicationClose { error_code: 0, reason: b"" })) }) session_id=0 topic="6f3bd8b2ab"
2026-10-07T20:38:04.912918Z  WARN p2panda_sync::protocols::topic_log_sync: sync session closed with error error=DecodeMessage("Io(Custom { kind: NotConnected, error: ConnectionLost(ApplicationClosed(ApplicationClose { error_code: 0, reason: b\"\" })) })")
2026-10-07T20:38:04.913039Z  WARN p2panda_net::sync::actors::topic_manager: sync session failed: Io(Custom { kind: NotConnected, error: ConnectionLost(ApplicationClosed(ApplicationClose { error_code: 0, reason: b"" })) }) session_id=0 topic="6f3bd8b2ab"
2026-10-07T20:38:04.913546Z  WARN p2panda_sync::protocols::topic_log_sync: sync session closed with error error=DecodeMessage("Io(Custom { kind: NotConnected, error: ConnectionLost(ApplicationClosed(ApplicationClose { error_code: 0, reason: b\"\" })) })")
2026-10-07T20:38:04.913836Z  WARN p2panda_sync::protocols::topic_log_sync: sync session closed with error error=DecodeMessage("Io(Custom { kind: NotConnected, error: ConnectionLost(ApplicationClosed(ApplicationClose { error_code: 0, reason: b\"\" })) })")
2026-10-07T20:38:04.914006Z  WARN p2panda_sync::protocols::topic_log_sync: sync session closed with error error=DecodeMessage("Io(Custom { kind: NotConnected, error: ConnectionLost(ApplicationClosed(ApplicationClose { error_code: 0, reason: b\"\" })) })")
2026-10-07T20:38:04.914095Z  WARN p2panda_sync::protocols::topic_log_sync: sync session closed with error error=DecodeMessage("Io(Custom { kind: NotConnected, error: ConnectionLost(ApplicationClosed(ApplicationClose { error_code: 0, reason: b\"\" })) })")
2026-10-07T20:38:04.914243Z  WARN p2panda_net::sync::actors::topic_manager: sync session failed: Io(Custom { kind: NotConnected, error: ConnectionLost(ApplicationClosed(ApplicationClose { error_code: 0, reason: b"" })) }) session_id=1 topic="6f3bd8b2ab"
2026-10-07T20:38:04.914884Z  WARN p2panda_sync::protocols::topic_log_sync: sync session closed with error error=DecodeMessage("Io(Custom { kind: NotConnected, error: ConnectionLost(ApplicationClosed(ApplicationClose { error_code: 0, reason: b\"\" })) })")
2026-10-07T20:38:04.915250Z  WARN p2panda_net::sync::actors::topic_manager: sync session failed: Io(Custom { kind: NotConnected, error: ConnectionLost(ApplicationClosed(ApplicationClose { error_code: 0, reason: b"" })) }) session_id=1 topic="c34d6e6a86"
2026-10-07T20:38:04.915448Z  WARN p2panda_sync::protocols::topic_log_sync: sync session closed with error error=DecodeMessage("Io(Custom { kind: NotConnected, error: ConnectionLost(ApplicationClosed(ApplicationClose { error_code: 0, reason: b\"\" })) })")
2026-10-07T20:38:04.915599Z  WARN p2panda_sync::protocols::topic_log_sync: sync session closed with error error=DecodeMessage("Io(Custom { kind: NotConnected, error: ConnectionLost(ApplicationClosed(ApplicationClose { error_code: 0, reason: b\"\" })) })")
2026-10-07T20:38:04.915810Z ERROR iroh::socket::transports::relay: relay_recv_channel closed
2026-10-07T20:38:04.915592Z  WARN p2panda_net::sync::actors::topic_manager: sync session failed: Io(Custom { kind: NotConnected, error: ConnectionLost(ApplicationClosed(ApplicationClose { error_code: 0, reason: b"" })) }) session_id=1 topic="6f3bd8b2ab"
2026-10-07T20:38:04.915834Z  WARN p2panda_sync::protocols::topic_log_sync: sync session closed with error error=DecodeMessage("Io(Custom { kind: NotConnected, error: ConnectionLost(ApplicationClosed(ApplicationClose { error_code: 0, reason: b\"\" })) })")
2026-10-07T20:38:04.916121Z  WARN p2panda_sync::protocols::topic_log_sync: sync session closed with error error=DecodeMessage("Io(Custom { kind: NotConnected, error: ConnectionLost(ApplicationClosed(ApplicationClose { error_code: 0, reason: b\"\" })) })")
2026-10-07T20:38:04.916535Z  WARN p2panda_net::sync::actors::topic_manager: sync session failed: Io(Custom { kind: NotConnected, error: ConnectionLost(ApplicationClosed(ApplicationClose { error_code: 0, reason: b"" })) }) session_id=1 topic="6f3bd8b2ab"
2026-10-07T20:38:04.917050Z ERROR iroh::socket::transports::relay: relay_recv_channel closed
2026-10-07T20:38:04.919739Z  WARN p2panda_net::sync::actors::topic_manager: sync session failed: Io(Custom { kind: NotConnected, error: ConnectionLost(LocallyClosed) }) session_id=1 topic="6f3bd8b2ab"
2026-10-07T20:38:04.920066Z  WARN p2panda_sync::protocols::topic_log_sync: sync session closed with error error=DecodeMessage("Io(Custom { kind: NotConnected, error: ConnectionLost(ApplicationClosed(ApplicationClose { error_code: 0, reason: b\"\" })) })")
2026-10-07T20:38:04.920336Z  WARN p2panda_sync::protocols::topic_log_sync: sync session closed with error error=DecodeMessage("Io(Custom { kind: NotConnected, error: ConnectionLost(ApplicationClosed(ApplicationClose { error_code: 0, reason: b\"\" })) })")
2026-10-07T20:38:04.920727Z  WARN p2panda_net::sync::actors::topic_manager: sync session failed: error sending on message sink: Io(Custom { kind: NotConnected, error: ConnectionLost(LocallyClosed) }) session_id=1 topic="6f3bd8b2ab"
2026-10-07T20:38:04.920817Z  WARN p2panda_net::sync::actors::topic_manager: sync session failed: error sending on message sink: Io(Custom { kind: NotConnected, error: ConnectionLost(LocallyClosed) }) session_id=0 topic="6f3bd8b2ab"
2026-10-07T20:38:04.920937Z  WARN p2panda_sync::protocols::topic_log_sync: sync session closed with error error=DecodeMessage("Io(Custom { kind: NotConnected, error: ConnectionLost(ApplicationClosed(ApplicationClose { error_code: 0, reason: b\"\" })) })")
2026-10-07T20:38:04.921252Z  WARN p2panda_sync::protocols::topic_log_sync: sync session closed with error error=DecodeMessage("Io(Custom { kind: NotConnected, error: ConnectionLost(ApplicationClosed(ApplicationClose { error_code: 0, reason: b\"\" })) })")
2026-10-07T20:38:04.921462Z  WARN p2panda_net::sync::actors::topic_manager: sync session failed: Io(Custom { kind: NotConnected, error: ConnectionLost(ApplicationClosed(ApplicationClose { error_code: 0, reason: b"" })) }) session_id=0 topic="6f3bd8b2ab"
2026-10-07T20:38:04.921560Z  WARN p2panda_net::sync::actors::topic_manager: sync session failed: Io(Custom { kind: NotConnected, error: ConnectionLost(ApplicationClosed(ApplicationClose { error_code: 0, reason: b"" })) }) session_id=0 topic="6f3bd8b2ab"
2026-10-07T20:38:04.921979Z  WARN p2panda_net::sync::actors::topic_manager: sync session failed: error sending on message sink: Io(Custom { kind: NotConnected, error: ConnectionLost(LocallyClosed) }) session_id=0 topic="c34d6e6a86"
2026-10-07T20:38:04.922094Z  WARN p2panda_net::sync::actors::topic_manager: sync session failed: error sending on message sink: Io(Custom { kind: NotConnected, error: ConnectionLost(LocallyClosed) }) session_id=1 topic="c34d6e6a86"
2026-10-07T20:38:04.922652Z  WARN p2panda_net::sync::actors::topic_manager: sync session failed: Io(Custom { kind: NotConnected, error: ConnectionLost(ApplicationClosed(ApplicationClose { error_code: 0, reason: b"" })) }) session_id=0 topic="76af51a443"
2026-10-07T20:38:05.042352Z  WARN p2panda_sync::protocols::topic_log_sync: sync session closed with error error=DecodeMessage("Io(Custom { kind: NotConnected, error: ConnectionLost(ApplicationClosed(ApplicationClose { error_code: 0, reason: b\"\" })) })")
2026-10-07T20:38:05.042761Z  WARN p2panda_sync::protocols::topic_log_sync: sync session closed with error error=DecodeMessage("Io(Custom { kind: NotConnected, error: ConnectionLost(ApplicationClosed(ApplicationClose { error_code: 0, reason: b\"\" })) })")
2026-10-07T20:38:05.042999Z  WARN p2panda_sync::protocols::topic_log_sync: sync session closed with error error=DecodeMessage("Io(Custom { kind: NotConnected, error: ConnectionLost(ApplicationClosed(ApplicationClose { error_code: 0, reason: b\"\" })) })")
2026-10-07T20:38:05.043335Z  WARN p2panda_net::sync::actors::topic_manager: sync session failed: Io(Custom { kind: NotConnected, error: ConnectionLost(ApplicationClosed(ApplicationClose { error_code: 0, reason: b"" })) }) session_id=0 topic="535bcaa16c"
2026-10-07T20:38:05.043452Z  WARN p2panda_sync::protocols::topic_log_sync: sync session closed with error error=DecodeMessage("Io(Custom { kind: NotConnected, error: ConnectionLost(ApplicationClosed(ApplicationClose { error_code: 0, reason: b\"\" })) })")
2026-10-07T20:38:05.043691Z  WARN p2panda_net::sync::actors::topic_manager: sync session failed: Io(Custom { kind: NotConnected, error: ConnectionLost(ApplicationClosed(ApplicationClose { error_code: 0, reason: b"" })) }) session_id=2 topic="535bcaa16c"
2026-10-07T20:38:05.043786Z  WARN p2panda_net::sync::actors::topic_manager: sync session failed: Io(Custom { kind: NotConnected, error: ConnectionLost(ApplicationClosed(ApplicationClose { error_code: 0, reason: b"" })) }) session_id=1 topic="535bcaa16c"
2026-10-07T20:38:05.043892Z  WARN p2panda_sync::protocols::topic_log_sync: sync session closed with error error=DecodeMessage("Io(Custom { kind: NotConnected, error: ConnectionLost(ApplicationClosed(ApplicationClose { error_code: 0, reason: b\"\" })) })")
2026-10-07T20:38:05.043967Z  WARN p2panda_sync::protocols::topic_log_sync: sync session closed with error error=DecodeMessage("Io(Custom { kind: NotConnected, error: ConnectionLost(ApplicationClosed(ApplicationClose { error_code: 0, reason: b\"\" })) })")
2026-10-07T20:38:05.044292Z  WARN p2panda_sync::protocols::topic_log_sync: sync session closed with error error=DecodeMessage("Io(Custom { kind: NotConnected, error: ConnectionLost(ApplicationClosed(ApplicationClose { error_code: 0, reason: b\"\" })) })")
2026-10-07T20:38:05.045154Z  WARN p2panda_sync::protocols::topic_log_sync: sync session closed with error error=DecodeMessage("Io(Custom { kind: NotConnected, error: ConnectionLost(ApplicationClosed(ApplicationClose { error_code: 0, reason: b\"\" })) })")
2026-10-07T20:38:05.045150Z  WARN p2panda_net::sync::actors::topic_manager: sync session failed: Io(Custom { kind: NotConnected, error: ConnectionLost(ApplicationClosed(ApplicationClose { error_code: 0, reason: b"" })) }) session_id=1 topic="535bcaa16c"
2026-10-07T20:38:05.045257Z  WARN p2panda_net::sync::actors::topic_manager: sync session failed: Io(Custom { kind: NotConnected, error: ConnectionLost(ApplicationClosed(ApplicationClose { error_code: 0, reason: b"" })) }) session_id=0 topic="535bcaa16c"
2026-10-07T20:38:05.045422Z  WARN p2panda_sync::protocols::topic_log_sync: sync session closed with error error=DecodeMessage("Io(Custom { kind: NotConnected, error: ConnectionLost(ApplicationClosed(ApplicationClose { error_code: 0, reason: b\"\" })) })")
2026-10-07T20:38:05.045498Z  WARN p2panda_sync::protocols::topic_log_sync: sync session closed with error error=DecodeMessage("Io(Custom { kind: NotConnected, error: ConnectionLost(ApplicationClosed(ApplicationClose { error_code: 0, reason: b\"\" })) })")
2026-10-07T20:38:05.045660Z  WARN p2panda_sync::protocols::topic_log_sync: sync session closed with error error=DecodeMessage("Io(Custom { kind: NotConnected, error: ConnectionLost(ApplicationClosed(ApplicationClose { error_code: 0, reason: b\"\" })) })")
2026-10-07T20:38:05.046254Z  WARN p2panda_net::sync::actors::topic_manager: sync session failed: Io(Custom { kind: NotConnected, error: ConnectionLost(ApplicationClosed(ApplicationClose { error_code: 0, reason: b"" })) }) session_id=2 topic="172ce48446"
2026-10-07T20:38:05.046421Z  WARN p2panda_sync::protocols::topic_log_sync: sync session closed with error error=DecodeMessage("Io(Custom { kind: NotConnected, error: ConnectionLost(ApplicationClosed(ApplicationClose { error_code: 0, reason: b\"\" })) })")
2026-10-07T20:38:05.046302Z  WARN p2panda_sync::protocols::topic_log_sync: sync session closed with error error=DecodeMessage("Io(Custom { kind: NotConnected, error: ConnectionLost(ApplicationClosed(ApplicationClose { error_code: 0, reason: b\"\" })) })")
2026-10-07T20:38:05.046533Z  WARN p2panda_sync::protocols::topic_log_sync: sync session closed with error error=DecodeMessage("Io(Custom { kind: NotConnected, error: ConnectionLost(ApplicationClosed(ApplicationClose { error_code: 0, reason: b\"\" })) })")
2026-10-07T20:38:05.046747Z  WARN p2panda_net::sync::actors::topic_manager: sync session failed: Io(Custom { kind: NotConnected, error: ConnectionLost(ApplicationClosed(ApplicationClose { error_code: 0, reason: b"" })) }) session_id=1 topic="535bcaa16c"
2026-10-07T20:38:05.047115Z  WARN p2panda_sync::protocols::topic_log_sync: sync session closed with error error=DecodeMessage("Io(Custom { kind: NotConnected, error: ConnectionLost(ApplicationClosed(ApplicationClose { error_code: 0, reason: b\"\" })) })")
2026-10-07T20:38:05.047176Z  WARN p2panda_net::sync::actors::topic_manager: sync session failed: Io(Custom { kind: NotConnected, error: ConnectionLost(ApplicationClosed(ApplicationClose { error_code: 0, reason: b"" })) }) session_id=0 topic="535bcaa16c"
2026-10-07T20:38:05.047293Z  WARN p2panda_sync::protocols::topic_log_sync: sync session closed with error error=DecodeMessage("Io(Custom { kind: NotConnected, error: ConnectionLost(ApplicationClosed(ApplicationClose { error_code: 0, reason: b\"\" })) })")
2026-10-07T20:38:05.047358Z  WARN p2panda_net::sync::actors::topic_manager: sync session failed: Io(Custom { kind: NotConnected, error: ConnectionLost(ApplicationClosed(ApplicationClose { error_code: 0, reason: b"" })) }) session_id=0 topic="535bcaa16c"
2026-10-07T20:38:05.047418Z  WARN p2panda_sync::protocols::topic_log_sync: sync session closed with error error=DecodeMessage("Io(Custom { kind: NotConnected, error: ConnectionLost(ApplicationClosed(ApplicationClose { error_code: 0, reason: b\"\" })) })")
2026-10-07T20:38:05.048052Z  WARN p2panda_net::sync::actors::topic_manager: sync session failed: Io(Custom { kind: NotConnected, error: ConnectionLost(ApplicationClosed(ApplicationClose { error_code: 0, reason: b"" })) }) session_id=0 topic="535bcaa16c"
2026-10-07T20:38:05.048747Z  WARN p2panda_sync::protocols::topic_log_sync: sync session closed with error error=DecodeMessage("Io(Custom { kind: NotConnected, error: ConnectionLost(ApplicationClosed(ApplicationClose { error_code: 0, reason: b\"\" })) })")
2026-10-07T20:38:05.048733Z  WARN p2panda_sync::protocols::topic_log_sync: sync session closed with error error=DecodeMessage("Io(Custom { kind: NotConnected, error: ConnectionLost(ApplicationClosed(ApplicationClose { error_code: 0, reason: b\"\" })) })")
2026-10-07T20:38:05.049169Z  WARN p2panda_net::sync::actors::topic_manager: sync session failed: Io(Custom { kind: NotConnected, error: ConnectionLost(ApplicationClosed(ApplicationClose { error_code: 0, reason: b"" })) }) session_id=0 topic="6ebc87f98e"
2026-10-07T20:38:05.049284Z  WARN p2panda_sync::protocols::topic_log_sync: sync session closed with error error=DecodeMessage("Io(Custom { kind: NotConnected, error: ConnectionLost(ApplicationClosed(ApplicationClose { error_code: 0, reason: b\"\" })) })")
2026-10-07T20:38:05.049370Z  WARN p2panda_net::sync::actors::topic_manager: sync session failed: Io(Custom { kind: NotConnected, error: ConnectionLost(ApplicationClosed(ApplicationClose { error_code: 0, reason: b"" })) }) session_id=0 topic="535bcaa16c"
2026-10-07T20:38:05.049421Z  WARN p2panda_sync::protocols::topic_log_sync: sync session closed with error error=DecodeMessage("Io(Custom { kind: NotConnected, error: ConnectionLost(ApplicationClosed(ApplicationClose { error_code: 0, reason: b\"\" })) })")
2026-10-07T20:38:05.049490Z  WARN p2panda_net::sync::actors::topic_manager: sync session failed: Io(Custom { kind: NotConnected, error: ConnectionLost(ApplicationClosed(ApplicationClose { error_code: 0, reason: b"" })) }) session_id=0 topic="535bcaa16c"
2026-10-07T20:38:05.049396Z  WARN p2panda_net::sync::actors::topic_manager: sync session failed: Io(Custom { kind: NotConnected, error: ConnectionLost(ApplicationClosed(ApplicationClose { error_code: 0, reason: b"" })) }) session_id=0 topic="535bcaa16c"
2026-10-07T20:38:05.049689Z  WARN p2panda_net::sync::actors::topic_manager: sync session failed: Io(Custom { kind: NotConnected, error: ConnectionLost(ApplicationClosed(ApplicationClose { error_code: 0, reason: b"" })) }) session_id=1 topic="6ebc87f98e"
2026-10-07T20:38:05.049766Z  WARN p2panda_sync::protocols::topic_log_sync: sync session closed with error error=DecodeMessage("Io(Custom { kind: NotConnected, error: ConnectionLost(ApplicationClosed(ApplicationClose { error_code: 0, reason: b\"\" })) })")
2026-10-07T20:38:05.050013Z  WARN p2panda_sync::protocols::topic_log_sync: sync session closed with error error=DecodeMessage("Io(Custom { kind: NotConnected, error: ConnectionLost(ApplicationClosed(ApplicationClose { error_code: 0, reason: b\"\" })) })")
2026-10-07T20:38:05.050213Z  WARN p2panda_net::sync::actors::topic_manager: sync session failed: Io(Custom { kind: NotConnected, error: ConnectionLost(ApplicationClosed(ApplicationClose { error_code: 0, reason: b"" })) }) session_id=2 topic="f8010b6e1f"
2026-10-07T20:38:05.050434Z  WARN p2panda_sync::protocols::topic_log_sync: sync session closed with error error=DecodeMessage("Io(Custom { kind: NotConnected, error: ConnectionLost(ApplicationClosed(ApplicationClose { error_code: 0, reason: b\"\" })) })")
2026-10-07T20:38:05.050935Z  WARN p2panda_sync::protocols::topic_log_sync: sync session closed with error error=DecodeMessage("Io(Custom { kind: NotConnected, error: ConnectionLost(ApplicationClosed(ApplicationClose { error_code: 0, reason: b\"\" })) })")
2026-10-07T20:38:05.051292Z  WARN p2panda_net::sync::actors::topic_manager: sync session failed: Io(Custom { kind: NotConnected, error: ConnectionLost(ApplicationClosed(ApplicationClose { error_code: 0, reason: b"" })) }) session_id=0 topic="535bcaa16c"
2026-10-07T20:38:05.051317Z  WARN p2panda_sync::protocols::topic_log_sync: sync session closed with error error=DecodeMessage("Io(Custom { kind: NotConnected, error: ConnectionLost(ApplicationClosed(ApplicationClose { error_code: 0, reason: b\"\" })) })")
2026-10-07T20:38:05.051647Z  WARN p2panda_sync::protocols::topic_log_sync: sync session closed with error error=DecodeMessage("Io(Custom { kind: NotConnected, error: ConnectionLost(ApplicationClosed(ApplicationClose { error_code: 0, reason: b\"\" })) })")
2026-10-07T20:38:05.051929Z  WARN p2panda_net::sync::actors::topic_manager: sync session failed: Io(Custom { kind: NotConnected, error: ConnectionLost(ApplicationClosed(ApplicationClose { error_code: 0, reason: b"" })) }) session_id=0 topic="6ebc87f98e"
2026-10-07T20:38:05.052467Z  WARN p2panda_sync::protocols::topic_log_sync: sync session closed with error error=DecodeMessage("Io(Custom { kind: NotConnected, error: ConnectionLost(ApplicationClosed(ApplicationClose { error_code: 0, reason: b\"\" })) })")
2026-10-07T20:38:05.052655Z  WARN p2panda_sync::protocols::topic_log_sync: sync session closed with error error=DecodeMessage("Io(Custom { kind: NotConnected, error: ConnectionLost(ApplicationClosed(ApplicationClose { error_code: 0, reason: b\"\" })) })")
2026-10-07T20:38:05.052866Z  WARN p2panda_sync::protocols::topic_log_sync: sync session closed with error error=DecodeMessage("Io(Custom { kind: NotConnected, error: ConnectionLost(ApplicationClosed(ApplicationClose { error_code: 0, reason: b\"\" })) })")
2026-10-07T20:38:05.052787Z  WARN p2panda_net::sync::actors::topic_manager: sync session failed: error sending on message sink: Io(Custom { kind: NotConnected, error: ConnectionLost(ApplicationClosed(ApplicationClose { error_code: 0, reason: b"" })) }) session_id=1 topic="535bcaa16c"
2026-10-07T20:38:05.053034Z  WARN p2panda_sync::protocols::topic_log_sync: sync session closed with error error=DecodeMessage("Io(Custom { kind: NotConnected, error: ConnectionLost(ApplicationClosed(ApplicationClose { error_code: 0, reason: b\"\" })) })")
2026-10-07T20:38:05.053232Z  WARN p2panda_net::sync::actors::topic_manager: sync session failed: Io(Custom { kind: NotConnected, error: ConnectionLost(ApplicationClosed(ApplicationClose { error_code: 0, reason: b"" })) }) session_id=2 topic="535bcaa16c"
2026-10-07T20:38:05.053279Z  WARN p2panda_net::sync::actors::topic_manager: sync session failed: Io(Custom { kind: NotConnected, error: ConnectionLost(ApplicationClosed(ApplicationClose { error_code: 0, reason: b"" })) }) session_id=0 topic="535bcaa16c"
2026-10-07T20:38:05.054052Z  WARN p2panda_net::sync::actors::topic_manager: sync session failed: Io(Custom { kind: NotConnected, error: ConnectionLost(ApplicationClosed(ApplicationClose { error_code: 0, reason: b"" })) }) session_id=0 topic="535bcaa16c"
2026-10-07T20:38:05.054768Z  WARN p2panda_sync::protocols::topic_log_sync: sync session closed with error error=DecodeMessage("Io(Custom { kind: NotConnected, error: ConnectionLost(ApplicationClosed(ApplicationClose { error_code: 0, reason: b\"\" })) })")
2026-10-07T20:38:05.054839Z  WARN p2panda_net::sync::actors::topic_manager: sync session failed: Io(Custom { kind: NotConnected, error: ConnectionLost(ApplicationClosed(ApplicationClose { error_code: 0, reason: b"" })) }) session_id=1 topic="535bcaa16c"
2026-10-07T20:38:05.055052Z  WARN p2panda_net::sync::actors::topic_manager: sync session failed: Io(Custom { kind: NotConnected, error: ConnectionLost(ApplicationClosed(ApplicationClose { error_code: 0, reason: b"" })) }) session_id=0 topic="172ce48446"
2026-10-07T20:38:05.055255Z  WARN p2panda_net::sync::actors::topic_manager: sync session failed: error sending on message sink: Io(Custom { kind: NotConnected, error: ConnectionLost(ApplicationClosed(ApplicationClose { error_code: 0, reason: b"" })) }) session_id=0 topic="f8010b6e1f"
2026-10-07T20:38:05.055509Z  WARN p2panda_sync::protocols::topic_log_sync: sync session closed with error error=DecodeMessage("Io(Custom { kind: NotConnected, error: ConnectionLost(ApplicationClosed(ApplicationClose { error_code: 0, reason: b\"\" })) })")
2026-10-07T20:38:05.055700Z  WARN p2panda_sync::protocols::topic_log_sync: sync session closed with error error=DecodeMessage("Io(Custom { kind: NotConnected, error: ConnectionLost(ApplicationClosed(ApplicationClose { error_code: 0, reason: b\"\" })) })")
2026-10-07T20:38:05.056934Z  WARN p2panda_net::sync::actors::topic_manager: sync session failed: Io(Custom { kind: NotConnected, error: ConnectionLost(ApplicationClosed(ApplicationClose { error_code: 0, reason: b"" })) }) session_id=2 topic="535bcaa16c"
2026-10-07T20:38:05.057093Z  WARN p2panda_net::sync::actors::topic_manager: sync session failed: error sending on message sink: Io(Custom { kind: NotConnected, error: ConnectionLost(ApplicationClosed(ApplicationClose { error_code: 0, reason: b"" })) }) session_id=0 topic="535bcaa16c"
2026-10-07T20:38:05.057440Z  WARN p2panda_sync::protocols::topic_log_sync: sync session closed with error error=DecodeMessage("Io(Custom { kind: NotConnected, error: ConnectionLost(ApplicationClosed(ApplicationClose { error_code: 0, reason: b\"\" })) })")
2026-10-07T20:38:05.058198Z  WARN p2panda_sync::protocols::topic_log_sync: sync session closed with error error=DecodeMessage("Io(Custom { kind: NotConnected, error: ConnectionLost(ApplicationClosed(ApplicationClose { error_code: 0, reason: b\"\" })) })")
2026-10-07T20:38:05.058413Z  WARN p2panda_sync::protocols::topic_log_sync: sync session closed with error error=DecodeMessage("Io(Custom { kind: NotConnected, error: ConnectionLost(ApplicationClosed(ApplicationClose { error_code: 0, reason: b\"\" })) })")
2026-10-07T20:38:05.058709Z  WARN p2panda_sync::protocols::topic_log_sync: sync session closed with error error=DecodeMessage("Io(Custom { kind: NotConnected, error: ConnectionLost(ApplicationClosed(ApplicationClose { error_code: 0, reason: b\"\" })) })")
2026-10-07T20:38:05.058833Z  WARN p2panda_sync::protocols::topic_log_sync: sync session closed with error error=DecodeMessage("Io(Custom { kind: NotConnected, error: ConnectionLost(ApplicationClosed(ApplicationClose { error_code: 0, reason: b\"\" })) })")
2026-10-07T20:38:05.059331Z  WARN p2panda_sync::protocols::topic_log_sync: sync session closed with error error=DecodeMessage("Io(Custom { kind: NotConnected, error: ConnectionLost(ApplicationClosed(ApplicationClose { error_code: 0, reason: b\"\" })) })")
2026-10-07T20:38:05.060395Z  WARN p2panda_sync::protocols::topic_log_sync: sync session closed with error error=DecodeMessage("Io(Custom { kind: NotConnected, error: ConnectionLost(ApplicationClosed(ApplicationClose { error_code: 0, reason: b\"\" })) })")
2026-10-07T20:38:05.060642Z  WARN p2panda_sync::protocols::topic_log_sync: sync session closed with error error=DecodeMessage("Io(Custom { kind: NotConnected, error: ConnectionLost(ApplicationClosed(ApplicationClose { error_code: 0, reason: b\"\" })) })")
2026-10-07T20:38:05.061421Z  WARN p2panda_sync::protocols::topic_log_sync: sync session closed with error error=DecodeMessage("Io(Custom { kind: NotConnected, error: ConnectionLost(ApplicationClosed(ApplicationClose { error_code: 0, reason: b\"\" })) })")
2026-10-07T20:38:05.061633Z  WARN p2panda_sync::protocols::topic_log_sync: sync session closed with error error=DecodeMessage("Io(Custom { kind: NotConnected, error: ConnectionLost(ApplicationClosed(ApplicationClose { error_code: 0, reason: b\"\" })) })")
2026-10-07T20:38:05.062290Z  WARN p2panda_sync::protocols::topic_log_sync: sync session closed with error error=DecodeMessage("Io(Custom { kind: NotConnected, error: ConnectionLost(ApplicationClosed(ApplicationClose { error_code: 0, reason: b\"\" })) })")
2026-10-07T20:38:05.062419Z ERROR iroh::socket::transports::relay: relay_recv_channel closed
2026-10-07T20:38:05.062636Z  WARN p2panda_sync::protocols::topic_log_sync: sync session closed with error error=DecodeMessage("Io(Custom { kind: NotConnected, error: ConnectionLost(ApplicationClosed(ApplicationClose { error_code: 0, reason: b\"\" })) })")
2026-10-07T20:38:05.063267Z  WARN p2panda_sync::protocols::topic_log_sync: sync session closed with error error=DecodeMessage("Io(Custom { kind: NotConnected, error: ConnectionLost(ApplicationClosed(ApplicationClose { error_code: 0, reason: b\"\" })) })")
2026-10-07T20:38:05.063548Z ERROR iroh::socket::transports::relay: relay_recv_channel closed
2026-10-07T20:38:05.073057Z  WARN p2panda_sync::protocols::topic_log_sync: sync session closed with error error=DecodeMessage("Io(Custom { kind: NotConnected, error: ConnectionLost(LocallyClosed) })")
2026-10-07T20:38:05.074013Z  WARN p2panda_sync::protocols::topic_log_sync: sync session closed with error error=DecodeMessage("Io(Custom { kind: NotConnected, error: ConnectionLost(LocallyClosed) })")
2026-10-07T20:38:05.074251Z  WARN p2panda_sync::protocols::topic_log_sync: sync session closed with error error=DecodeMessage("Io(Custom { kind: NotConnected, error: ConnectionLost(LocallyClosed) })")
2026-10-07T20:38:05.074420Z  WARN p2panda_sync::protocols::topic_log_sync: sync session closed with error error=DecodeMessage("Io(Custom { kind: NotConnected, error: ConnectionLost(LocallyClosed) })")
2026-10-07T20:38:05.074789Z  WARN p2panda_sync::protocols::topic_log_sync: sync session closed with error error=DecodeMessage("Io(Custom { kind: NotConnected, error: ConnectionLost(LocallyClosed) })")
2026-10-07T20:38:05.076079Z  WARN p2panda_sync::protocols::topic_log_sync: sync session closed with error error=DecodeMessage("Io(Custom { kind: NotConnected, error: ConnectionLost(LocallyClosed) })")
2026-10-07T20:38:05.076167Z  WARN p2panda_sync::protocols::topic_log_sync: sync session closed with error error=DecodeMessage("Io(Custom { kind: NotConnected, error: ConnectionLost(LocallyClosed) })")
2026-10-07T20:38:05.076556Z  WARN p2panda_sync::protocols::topic_log_sync: sync session closed with error error=DecodeMessage("Io(Custom { kind: NotConnected, error: ConnectionLost(LocallyClosed) })")
2026-10-07T20:38:05.076631Z  WARN p2panda_sync::protocols::topic_log_sync: sync session closed with error error=DecodeMessage("Io(Custom { kind: NotConnected, error: ConnectionLost(ApplicationClosed(ApplicationClose { error_code: 0, reason: b\"\" })) })")
2026-10-07T20:38:05.076998Z  WARN p2panda_net::sync::actors::topic_manager: sync session failed: Io(Custom { kind: NotConnected, error: ConnectionLost(LocallyClosed) }) session_id=3 topic="535bcaa16c"
2026-10-07T20:38:05.079767Z  WARN p2panda_net::sync::actors::topic_manager: sync session failed: Io(Custom { kind: NotConnected, error: ConnectionLost(ApplicationClosed(ApplicationClose { error_code: 0, reason: b"" })) }) session_id=1 topic="535bcaa16c"
2026-10-07T20:38:05.080958Z  WARN p2panda_sync::protocols::topic_log_sync: sync session closed with error error=DecodeMessage("Io(Custom { kind: NotConnected, error: ConnectionLost(ApplicationClosed(ApplicationClose { error_code: 0, reason: b\"\" })) })")
2026-10-07T20:38:05.084157Z  WARN p2panda_sync::protocols::topic_log_sync: sync session closed with error error=DecodeMessage("Io(Custom { kind: NotConnected, error: ConnectionLost(ApplicationClosed(ApplicationClose { error_code: 0, reason: b\"\" })) })")
2026-10-07T20:38:05.084445Z  WARN p2panda_sync::protocols::topic_log_sync: sync session closed with error error=DecodeMessage("Io(Custom { kind: NotConnected, error: ConnectionLost(ApplicationClosed(ApplicationClose { error_code: 0, reason: b\"\" })) })")
2026-10-07T20:38:05.084692Z  WARN p2panda_sync::protocols::topic_log_sync: sync session closed with error error=DecodeMessage("Io(Custom { kind: NotConnected, error: ConnectionLost(ApplicationClosed(ApplicationClose { error_code: 0, reason: b\"\" })) })")
2026-10-07T20:38:05.085166Z  WARN p2panda_sync::protocols::topic_log_sync: sync session closed with error error=DecodeMessage("Io(Custom { kind: NotConnected, error: ConnectionLost(ApplicationClosed(ApplicationClose { error_code: 0, reason: b\"\" })) })")
2026-10-07T20:38:05.085645Z  WARN p2panda_sync::protocols::topic_log_sync: sync session closed with error error=DecodeMessage("Io(Custom { kind: NotConnected, error: ConnectionLost(ApplicationClosed(ApplicationClose { error_code: 0, reason: b\"\" })) })")
2026-10-07T20:38:05.085744Z  WARN p2panda_sync::protocols::topic_log_sync: sync session closed with error error=DecodeMessage("Io(Custom { kind: NotConnected, error: ConnectionLost(ApplicationClosed(ApplicationClose { error_code: 0, reason: b\"\" })) })")
2026-10-07T20:38:05.086098Z  WARN p2panda_sync::protocols::topic_log_sync: sync session closed with error error=DecodeMessage("Io(Custom { kind: NotConnected, error: ConnectionLost(ApplicationClosed(ApplicationClose { error_code: 0, reason: b\"\" })) })")
2026-10-07T20:38:05.086141Z  WARN p2panda_sync::protocols::topic_log_sync: sync session closed with error error=DecodeMessage("Io(Custom { kind: NotConnected, error: ConnectionLost(ApplicationClosed(ApplicationClose { error_code: 0, reason: b\"\" })) })")
2026-10-07T20:38:05.087064Z  WARN p2panda_sync::protocols::topic_log_sync: sync session closed with error error=DecodeMessage("Io(Custom { kind: NotConnected, error: ConnectionLost(ApplicationClosed(ApplicationClose { error_code: 0, reason: b\"\" })) })")
2026-10-07T20:38:05.087683Z ERROR iroh::socket::transports::relay: relay_recv_channel closed
2026-10-07T20:38:07.778963Z  WARN p2panda_sync::protocols::topic_log_sync: sync session closed with error error=DecodeMessage("Io(Custom { kind: NotConnected, error: ConnectionLost(ApplicationClosed(ApplicationClose { error_code: 0, reason: b\"\" })) })")
2026-10-07T20:38:07.779143Z  WARN p2panda_net::sync::actors::topic_manager: sync session failed: Io(Custom { kind: NotConnected, error: ConnectionLost(ApplicationClosed(ApplicationClose { error_code: 0, reason: b"" })) }) session_id=1 topic="e221f0abc9"
2026-10-07T20:38:07.779514Z  WARN p2panda_sync::protocols::topic_log_sync: sync session closed with error error=DecodeMessage("Io(Custom { kind: NotConnected, error: ConnectionLost(ApplicationClosed(ApplicationClose { error_code: 0, reason: b\"\" })) })")
2026-10-07T20:38:07.779668Z  WARN p2panda_sync::protocols::topic_log_sync: sync session closed with error error=DecodeMessage("Io(Custom { kind: NotConnected, error: ConnectionLost(ApplicationClosed(ApplicationClose { error_code: 0, reason: b\"\" })) })")
2026-10-07T20:38:07.779669Z  WARN p2panda_net::sync::actors::topic_manager: sync session failed: Io(Custom { kind: NotConnected, error: ConnectionLost(ApplicationClosed(ApplicationClose { error_code: 0, reason: b"" })) }) session_id=1 topic="418954f599"
2026-10-07T20:38:07.780078Z  WARN p2panda_net::sync::actors::topic_manager: sync session failed: error sending on message sink: Io(Custom { kind: NotConnected, error: ConnectionLost(ApplicationClosed(ApplicationClose { error_code: 0, reason: b"" })) }) session_id=1 topic="e221f0abc9"
2026-10-07T20:38:07.780238Z  WARN p2panda_sync::protocols::topic_log_sync: sync session closed with error error=DecodeMessage("Io(Custom { kind: NotConnected, error: ConnectionLost(ApplicationClosed(ApplicationClose { error_code: 0, reason: b\"\" })) })")
2026-10-07T20:38:07.780340Z  WARN p2panda_sync::protocols::topic_log_sync: sync session closed with error error=DecodeMessage("Io(Custom { kind: NotConnected, error: ConnectionLost(ApplicationClosed(ApplicationClose { error_code: 0, reason: b\"\" })) })")
2026-10-07T20:38:07.780492Z  WARN p2panda_net::sync::actors::topic_manager: sync session failed: error sending on message sink: Io(Custom { kind: NotConnected, error: ConnectionLost(ApplicationClosed(ApplicationClose { error_code: 0, reason: b"" })) }) session_id=1 topic="e221f0abc9"
2026-10-07T20:38:07.780431Z  WARN p2panda_net::sync::actors::topic_manager: sync session failed: Io(Custom { kind: NotConnected, error: ConnectionLost(ApplicationClosed(ApplicationClose { error_code: 0, reason: b"" })) }) session_id=0 topic="62a92bebdd"
2026-10-07T20:38:07.780575Z  WARN p2panda_net::sync::actors::topic_manager: sync session failed: Io(Custom { kind: NotConnected, error: ConnectionLost(ApplicationClosed(ApplicationClose { error_code: 0, reason: b"" })) }) session_id=0 topic="8136a14fd4"
2026-10-07T20:38:07.782466Z  WARN p2panda_sync::protocols::topic_log_sync: sync session closed with error error=DecodeMessage("Io(Custom { kind: NotConnected, error: ConnectionLost(ApplicationClosed(ApplicationClose { error_code: 0, reason: b\"\" })) })")
2026-10-07T20:38:07.783247Z ERROR iroh::socket::transports::relay: relay_recv_channel closed
2026-10-07T20:38:07.784429Z ERROR iroh::socket::transports::relay: relay_recv_channel closed
test place::lanes::tests::a_visited_document_reports_unavailable_when_the_holder_dies_without_closing ... ok
2026-10-07T20:38:09.108541Z  WARN p2panda_net::iroh_mdns::actor: found invalid transport info coming from iroh's services endpoint_id=9b662f09bb44edb188b2a022b4eb969d44181252866340d454e017372d38d19b
2026-10-07T20:38:09.110103Z  WARN p2panda_net::iroh_mdns::actor: found invalid transport info coming from iroh's services endpoint_id=9b662f09bb44edb188b2a022b4eb969d44181252866340d454e017372d38d19b
2026-10-07T20:38:09.110453Z  WARN p2panda_net::iroh_mdns::actor: found invalid transport info coming from iroh's services endpoint_id=9b662f09bb44edb188b2a022b4eb969d44181252866340d454e017372d38d19b
2026-10-07T20:38:09.110472Z  WARN p2panda_net::iroh_mdns::actor: found invalid transport info coming from iroh's services endpoint_id=9b662f09bb44edb188b2a022b4eb969d44181252866340d454e017372d38d19b
2026-10-07T20:38:09.110547Z  WARN p2panda_net::iroh_mdns::actor: found invalid transport info coming from iroh's services endpoint_id=9b662f09bb44edb188b2a022b4eb969d44181252866340d454e017372d38d19b
2026-10-07T20:38:09.110508Z  WARN p2panda_net::iroh_mdns::actor: found invalid transport info coming from iroh's services endpoint_id=9b662f09bb44edb188b2a022b4eb969d44181252866340d454e017372d38d19b
2026-10-07T20:38:09.110717Z  WARN p2panda_net::iroh_mdns::actor: found invalid transport info coming from iroh's services endpoint_id=9b662f09bb44edb188b2a022b4eb969d44181252866340d454e017372d38d19b
2026-10-07T20:38:09.122077Z  WARN p2panda_net::iroh_mdns::actor: found invalid transport info coming from iroh's services endpoint_id=9b662f09bb44edb188b2a022b4eb969d44181252866340d454e017372d38d19b
2026-10-07T20:38:09.122349Z  WARN p2panda_net::iroh_mdns::actor: found invalid transport info coming from iroh's services endpoint_id=9b662f09bb44edb188b2a022b4eb969d44181252866340d454e017372d38d19b
2026-10-07T20:38:09.123416Z  WARN p2panda_net::iroh_mdns::actor: found invalid transport info coming from iroh's services endpoint_id=9b662f09bb44edb188b2a022b4eb969d44181252866340d454e017372d38d19b
2026-10-07T20:38:09.123546Z  WARN p2panda_net::iroh_mdns::actor: found invalid transport info coming from iroh's services endpoint_id=9b662f09bb44edb188b2a022b4eb969d44181252866340d454e017372d38d19b
2026-10-07T20:38:09.123564Z  WARN p2panda_net::iroh_mdns::actor: found invalid transport info coming from iroh's services endpoint_id=9b662f09bb44edb188b2a022b4eb969d44181252866340d454e017372d38d19b
2026-10-07T20:38:09.123940Z  WARN p2panda_net::iroh_mdns::actor: found invalid transport info coming from iroh's services endpoint_id=9b662f09bb44edb188b2a022b4eb969d44181252866340d454e017372d38d19b
2026-10-07T20:38:09.124209Z  WARN p2panda_net::iroh_mdns::actor: found invalid transport info coming from iroh's services endpoint_id=9b662f09bb44edb188b2a022b4eb969d44181252866340d454e017372d38d19b
2026-10-07T20:38:09.917677Z  WARN p2panda_net::sync::actors::topic_manager: sync session failed: Io(Custom { kind: NotConnected, error: ConnectionLost(ApplicationClosed(ApplicationClose { error_code: 0, reason: b"" })) }) session_id=0 topic="6f3bd8b2ab"
2026-10-07T20:38:09.917680Z  WARN p2panda_net::sync::actors::topic_manager: sync session failed: Io(Custom { kind: NotConnected, error: ConnectionLost(ApplicationClosed(ApplicationClose { error_code: 0, reason: b"" })) }) session_id=1 topic="6f3bd8b2ab"
2026-10-07T20:38:09.917677Z  WARN p2panda_net::sync::actors::topic_manager: sync session failed: Io(Custom { kind: NotConnected, error: ConnectionLost(ApplicationClosed(ApplicationClose { error_code: 0, reason: b"" })) }) session_id=0 topic="e97c93dbe0"
2026-10-07T20:38:09.917699Z  WARN p2panda_net::sync::actors::topic_manager: sync session failed: Io(Custom { kind: NotConnected, error: ConnectionLost(ApplicationClosed(ApplicationClose { error_code: 0, reason: b"" })) }) session_id=0 topic="6f3bd8b2ab"
2026-10-07T20:38:09.917841Z  WARN p2panda_net::sync::actors::topic_manager: sync session failed: Io(Custom { kind: NotConnected, error: ConnectionLost(ApplicationClosed(ApplicationClose { error_code: 0, reason: b"" })) }) session_id=1 topic="6f3bd8b2ab"
2026-10-07T20:38:09.917786Z  WARN p2panda_net::sync::actors::topic_manager: sync session failed: Io(Custom { kind: NotConnected, error: ConnectionLost(LocallyClosed) }) session_id=0 topic="76af51a443"
2026-10-07T20:38:09.917970Z  WARN p2panda_net::sync::actors::topic_manager: sync session failed: Io(Custom { kind: NotConnected, error: ConnectionLost(ApplicationClosed(ApplicationClose { error_code: 0, reason: b"" })) }) session_id=0 topic="c34d6e6a86"
2026-10-07T20:38:09.933367Z  WARN p2panda_net::sync::actors::topic_manager: sync session failed: Io(Custom { kind: NotConnected, error: ConnectionLost(ApplicationClosed(ApplicationClose { error_code: 0, reason: b"" })) }) session_id=0 topic="6f3bd8b2ab"
2026-10-07T20:38:09.933367Z  WARN p2panda_net::sync::actors::topic_manager: sync session failed: Io(Custom { kind: NotConnected, error: ConnectionLost(ApplicationClosed(ApplicationClose { error_code: 0, reason: b"" })) }) session_id=1 topic="6f3bd8b2ab"
2026-10-07T20:38:09.933415Z  WARN p2panda_net::sync::actors::topic_manager: sync session failed: Io(Custom { kind: NotConnected, error: ConnectionLost(ApplicationClosed(ApplicationClose { error_code: 0, reason: b"" })) }) session_id=1 topic="76af51a443"
2026-10-07T20:38:09.933418Z  WARN p2panda_net::sync::actors::topic_manager: sync session failed: Io(Custom { kind: NotConnected, error: ConnectionLost(ApplicationClosed(ApplicationClose { error_code: 0, reason: b"" })) }) session_id=1 topic="6f3bd8b2ab"
2026-10-07T20:38:09.933521Z  WARN p2panda_net::sync::actors::topic_manager: sync session failed: Io(Custom { kind: NotConnected, error: ConnectionLost(LocallyClosed) }) session_id=0 topic="6f3bd8b2ab"
2026-10-07T20:38:10.059698Z  WARN p2panda_net::sync::actors::topic_manager: sync session failed: Io(Custom { kind: NotConnected, error: ConnectionLost(ApplicationClosed(ApplicationClose { error_code: 0, reason: b"" })) }) session_id=1 topic="535bcaa16c"
2026-10-07T20:38:10.059701Z  WARN p2panda_net::sync::actors::topic_manager: sync session failed: Io(Custom { kind: NotConnected, error: ConnectionLost(ApplicationClosed(ApplicationClose { error_code: 0, reason: b"" })) }) session_id=1 topic="535bcaa16c"
2026-10-07T20:38:10.059825Z  WARN p2panda_net::sync::actors::topic_manager: sync session failed: Io(Custom { kind: NotConnected, error: ConnectionLost(ApplicationClosed(ApplicationClose { error_code: 0, reason: b"" })) }) session_id=1 topic="535bcaa16c"
2026-10-07T20:38:10.059874Z  WARN p2panda_net::sync::actors::topic_manager: sync session failed: Io(Custom { kind: NotConnected, error: ConnectionLost(ApplicationClosed(ApplicationClose { error_code: 0, reason: b"" })) }) session_id=0 topic="f8010b6e1f"
2026-10-07T20:38:10.059698Z  WARN p2panda_net::sync::actors::topic_manager: sync session failed: Io(Custom { kind: NotConnected, error: ConnectionLost(ApplicationClosed(ApplicationClose { error_code: 0, reason: b"" })) }) session_id=2 topic="6ebc87f98e"
2026-10-07T20:38:10.060042Z  WARN p2panda_net::sync::actors::topic_manager: sync session failed: Io(Custom { kind: NotConnected, error: ConnectionLost(ApplicationClosed(ApplicationClose { error_code: 0, reason: b"" })) }) session_id=0 topic="172ce48446"
2026-10-07T20:38:10.060160Z  WARN p2panda_net::sync::actors::topic_manager: sync session failed: Io(Custom { kind: NotConnected, error: ConnectionLost(ApplicationClosed(ApplicationClose { error_code: 0, reason: b"" })) }) session_id=1 topic="535bcaa16c"
2026-10-07T20:38:10.060191Z  WARN p2panda_net::sync::actors::topic_manager: sync session failed: Io(Custom { kind: NotConnected, error: ConnectionLost(ApplicationClosed(ApplicationClose { error_code: 0, reason: b"" })) }) session_id=0 topic="535bcaa16c"
2026-10-07T20:38:10.060178Z  WARN p2panda_net::sync::actors::topic_manager: sync session failed: Io(Custom { kind: NotConnected, error: ConnectionLost(ApplicationClosed(ApplicationClose { error_code: 0, reason: b"" })) }) session_id=1 topic="535bcaa16c"
2026-10-07T20:38:10.060178Z  WARN p2panda_net::sync::actors::topic_manager: sync session failed: Io(Custom { kind: NotConnected, error: ConnectionLost(ApplicationClosed(ApplicationClose { error_code: 0, reason: b"" })) }) session_id=2 topic="535bcaa16c"
2026-10-07T20:38:10.060224Z  WARN p2panda_net::sync::actors::topic_manager: sync session failed: Io(Custom { kind: NotConnected, error: ConnectionLost(ApplicationClosed(ApplicationClose { error_code: 0, reason: b"" })) }) session_id=1 topic="535bcaa16c"
2026-10-07T20:38:10.060305Z  WARN p2panda_net::sync::actors::topic_manager: sync session failed: Io(Custom { kind: NotConnected, error: ConnectionLost(ApplicationClosed(ApplicationClose { error_code: 0, reason: b"" })) }) session_id=2 topic="535bcaa16c"
2026-10-07T20:38:10.060339Z  WARN p2panda_net::sync::actors::topic_manager: sync session failed: Io(Custom { kind: NotConnected, error: ConnectionLost(ApplicationClosed(ApplicationClose { error_code: 0, reason: b"" })) }) session_id=2 topic="535bcaa16c"
2026-10-07T20:38:10.060405Z  WARN p2panda_net::sync::actors::topic_manager: sync session failed: Io(Custom { kind: NotConnected, error: ConnectionLost(ApplicationClosed(ApplicationClose { error_code: 0, reason: b"" })) }) session_id=0 topic="535bcaa16c"
2026-10-07T20:38:10.060513Z  WARN p2panda_net::sync::actors::topic_manager: sync session failed: Io(Custom { kind: NotConnected, error: ConnectionLost(ApplicationClosed(ApplicationClose { error_code: 0, reason: b"" })) }) session_id=1 topic="6ebc87f98e"
2026-10-07T20:38:10.060531Z  WARN p2panda_net::sync::actors::topic_manager: sync session failed: Io(Custom { kind: NotConnected, error: ConnectionLost(ApplicationClosed(ApplicationClose { error_code: 0, reason: b"" })) }) session_id=1 topic="535bcaa16c"
2026-10-07T20:38:10.060632Z  WARN p2panda_net::sync::actors::topic_manager: sync session failed: Io(Custom { kind: NotConnected, error: ConnectionLost(ApplicationClosed(ApplicationClose { error_code: 0, reason: b"" })) }) session_id=0 topic="535bcaa16c"
2026-10-07T20:38:10.060666Z  WARN p2panda_net::sync::actors::topic_manager: sync session failed: Io(Custom { kind: NotConnected, error: ConnectionLost(ApplicationClosed(ApplicationClose { error_code: 0, reason: b"" })) }) session_id=1 topic="535bcaa16c"
2026-10-07T20:38:10.060824Z  WARN p2panda_net::sync::actors::topic_manager: sync session failed: Io(Custom { kind: NotConnected, error: ConnectionLost(ApplicationClosed(ApplicationClose { error_code: 0, reason: b"" })) }) session_id=0 topic="535bcaa16c"
2026-10-07T20:38:10.060857Z  WARN p2panda_net::sync::actors::topic_manager: sync session failed: Io(Custom { kind: NotConnected, error: ConnectionLost(ApplicationClosed(ApplicationClose { error_code: 0, reason: b"" })) }) session_id=0 topic="535bcaa16c"
2026-10-07T20:38:10.060884Z  WARN p2panda_net::sync::actors::topic_manager: sync session failed: Io(Custom { kind: NotConnected, error: ConnectionLost(ApplicationClosed(ApplicationClose { error_code: 0, reason: b"" })) }) session_id=0 topic="535bcaa16c"
2026-10-07T20:38:10.061095Z  WARN p2panda_net::sync::actors::topic_manager: sync session failed: Io(Custom { kind: NotConnected, error: ConnectionLost(ApplicationClosed(ApplicationClose { error_code: 0, reason: b"" })) }) session_id=0 topic="6ebc87f98e"
2026-10-07T20:38:10.061108Z  WARN p2panda_net::sync::actors::topic_manager: sync session failed: Io(Custom { kind: NotConnected, error: ConnectionLost(ApplicationClosed(ApplicationClose { error_code: 0, reason: b"" })) }) session_id=0 topic="535bcaa16c"
2026-10-07T20:38:10.891743Z ERROR iroh::socket: Endpoint dropped without calling `Endpoint::close`. Aborting ungracefully.
2026-10-07T20:38:12.805053Z  WARN p2panda_net::sync::actors::topic_manager: sync session failed: Io(Custom { kind: NotConnected, error: ConnectionLost(ApplicationClosed(ApplicationClose { error_code: 0, reason: b"" })) }) session_id=0 topic="e221f0abc9"
2026-10-07T20:38:12.824106Z  WARN p2panda_net::sync::actors::topic_manager: sync session failed: Io(Custom { kind: NotConnected, error: ConnectionLost(ApplicationClosed(ApplicationClose { error_code: 0, reason: b"" })) }) session_id=0 topic="418954f599"
2026-10-07T20:38:14.373544Z  WARN p2panda_net::iroh_mdns::actor: found invalid transport info coming from iroh's services endpoint_id=9b662f09bb44edb188b2a022b4eb969d44181252866340d454e017372d38d19b
2026-10-07T20:38:14.374403Z  WARN p2panda_net::iroh_mdns::actor: found invalid transport info coming from iroh's services endpoint_id=9b662f09bb44edb188b2a022b4eb969d44181252866340d454e017372d38d19b
2026-10-07T20:38:14.377565Z  WARN p2panda_net::iroh_mdns::actor: found invalid transport info coming from iroh's services endpoint_id=9b662f09bb44edb188b2a022b4eb969d44181252866340d454e017372d38d19b
2026-10-07T20:38:14.378299Z  WARN p2panda_net::iroh_mdns::actor: found invalid transport info coming from iroh's services endpoint_id=9b662f09bb44edb188b2a022b4eb969d44181252866340d454e017372d38d19b
2026-10-07T20:38:14.384387Z  WARN p2panda_net::iroh_mdns::actor: found invalid transport info coming from iroh's services endpoint_id=9b662f09bb44edb188b2a022b4eb969d44181252866340d454e017372d38d19b
2026-10-07T20:38:14.385229Z  WARN p2panda_net::iroh_mdns::actor: found invalid transport info coming from iroh's services endpoint_id=9b662f09bb44edb188b2a022b4eb969d44181252866340d454e017372d38d19b
2026-10-07T20:38:14.390444Z  WARN p2panda_net::iroh_mdns::actor: found invalid transport info coming from iroh's services endpoint_id=9b662f09bb44edb188b2a022b4eb969d44181252866340d454e017372d38d19b
2026-10-07T20:38:15.061878Z  WARN p2panda_net::sync::actors::topic_manager: sync session failed: Io(Custom { kind: NotConnected, error: ConnectionLost(LocallyClosed) }) session_id=2 topic="6ebc87f98e"
2026-10-07T20:38:15.061878Z  WARN p2panda_net::sync::actors::topic_manager: sync session failed: Io(Custom { kind: NotConnected, error: ConnectionLost(LocallyClosed) }) session_id=3 topic="535bcaa16c"
2026-10-07T20:38:15.062034Z  WARN p2panda_net::sync::actors::topic_manager: sync session failed: Io(Custom { kind: NotConnected, error: ConnectionLost(LocallyClosed) }) session_id=3 topic="535bcaa16c"
2026-10-07T20:38:15.062155Z  WARN p2panda_net::sync::actors::topic_manager: sync session failed: Io(Custom { kind: NotConnected, error: ConnectionLost(ApplicationClosed(ApplicationClose { error_code: 0, reason: b"" })) }) session_id=3 topic="6ebc87f98e"
2026-10-07T20:38:15.062286Z  WARN p2panda_net::sync::actors::topic_manager: sync session failed: Io(Custom { kind: NotConnected, error: ConnectionLost(ApplicationClosed(ApplicationClose { error_code: 0, reason: b"" })) }) session_id=1 topic="172ce48446"
2026-10-07T20:38:15.062295Z  WARN p2panda_net::sync::actors::topic_manager: sync session failed: Io(Custom { kind: NotConnected, error: ConnectionLost(ApplicationClosed(ApplicationClose { error_code: 0, reason: b"" })) }) session_id=1 topic="535bcaa16c"
2026-10-07T20:38:15.062353Z  WARN p2panda_net::sync::actors::topic_manager: sync session failed: Io(Custom { kind: NotConnected, error: ConnectionLost(ApplicationClosed(ApplicationClose { error_code: 0, reason: b"" })) }) session_id=1 topic="535bcaa16c"
2026-10-07T20:38:15.062572Z  WARN p2panda_net::sync::actors::topic_manager: sync session failed: Io(Custom { kind: NotConnected, error: ConnectionLost(ApplicationClosed(ApplicationClose { error_code: 0, reason: b"" })) }) session_id=1 topic="535bcaa16c"
2026-10-07T20:38:15.062653Z  WARN p2panda_net::sync::actors::topic_manager: sync session failed: Io(Custom { kind: NotConnected, error: ConnectionLost(ApplicationClosed(ApplicationClose { error_code: 0, reason: b"" })) }) session_id=1 topic="f8010b6e1f"
2026-10-07T20:38:15.062844Z  WARN p2panda_net::sync::actors::topic_manager: sync session failed: Io(Custom { kind: NotConnected, error: ConnectionLost(LocallyClosed) }) session_id=3 topic="535bcaa16c"
2026-10-07T20:38:15.063559Z  WARN p2panda_net::sync::actors::topic_manager: sync session failed: Io(Custom { kind: NotConnected, error: ConnectionLost(ApplicationClosed(ApplicationClose { error_code: 0, reason: b"" })) }) session_id=1 topic="535bcaa16c"
2026-10-07T20:38:15.063760Z  WARN p2panda_net::sync::actors::topic_manager: sync session failed: Io(Custom { kind: NotConnected, error: ConnectionLost(ApplicationClosed(ApplicationClose { error_code: 0, reason: b"" })) }) session_id=1 topic="535bcaa16c"
2026-10-07T20:38:15.063760Z  WARN p2panda_net::sync::actors::topic_manager: sync session failed: Io(Custom { kind: NotConnected, error: ConnectionLost(ApplicationClosed(ApplicationClose { error_code: 0, reason: b"" })) }) session_id=1 topic="535bcaa16c"
2026-10-07T20:38:15.063897Z  WARN p2panda_net::sync::actors::topic_manager: sync session failed: Io(Custom { kind: NotConnected, error: ConnectionLost(LocallyClosed) }) session_id=3 topic="535bcaa16c"
2026-10-07T20:38:15.063788Z  WARN p2panda_net::sync::actors::topic_manager: sync session failed: Io(Custom { kind: NotConnected, error: ConnectionLost(LocallyClosed) }) session_id=3 topic="535bcaa16c"
2026-10-07T20:38:17.814658Z  WARN turnstone::place::worker: group-key frame refused reason=addressed direct message for 7d80945d37e6f371023c50afcb6b28790feb313042cf834fd3793316f80ac665 is required
2026-10-07T20:38:17.814731Z  WARN turnstone::place::worker: group-key frame refused reason=addressed direct message for 7d80945d37e6f371023c50afcb6b28790feb313042cf834fd3793316f80ac665 is required
2026-10-07T20:38:19.746056Z  WARN p2panda_net::iroh_mdns::actor: found invalid transport info coming from iroh's services endpoint_id=9b662f09bb44edb188b2a022b4eb969d44181252866340d454e017372d38d19b
2026-10-07T20:38:19.746660Z  WARN p2panda_net::iroh_mdns::actor: found invalid transport info coming from iroh's services endpoint_id=9b662f09bb44edb188b2a022b4eb969d44181252866340d454e017372d38d19b
2026-10-07T20:38:19.747039Z  WARN p2panda_net::iroh_mdns::actor: found invalid transport info coming from iroh's services endpoint_id=9b662f09bb44edb188b2a022b4eb969d44181252866340d454e017372d38d19b
2026-10-07T20:38:19.747268Z  WARN p2panda_net::iroh_mdns::actor: found invalid transport info coming from iroh's services endpoint_id=9b662f09bb44edb188b2a022b4eb969d44181252866340d454e017372d38d19b
2026-10-07T20:38:19.747326Z  WARN p2panda_net::iroh_mdns::actor: found invalid transport info coming from iroh's services endpoint_id=9b662f09bb44edb188b2a022b4eb969d44181252866340d454e017372d38d19b
2026-10-07T20:38:19.747382Z  WARN p2panda_net::iroh_mdns::actor: found invalid transport info coming from iroh's services endpoint_id=9b662f09bb44edb188b2a022b4eb969d44181252866340d454e017372d38d19b
2026-10-07T20:38:19.747637Z  WARN p2panda_net::iroh_mdns::actor: found invalid transport info coming from iroh's services endpoint_id=9b662f09bb44edb188b2a022b4eb969d44181252866340d454e017372d38d19b
2026-10-07T20:38:19.747855Z  WARN p2panda_net::iroh_mdns::actor: found invalid transport info coming from iroh's services endpoint_id=9b662f09bb44edb188b2a022b4eb969d44181252866340d454e017372d38d19b
2026-10-07T20:38:19.747904Z  WARN p2panda_net::iroh_mdns::actor: found invalid transport info coming from iroh's services endpoint_id=9b662f09bb44edb188b2a022b4eb969d44181252866340d454e017372d38d19b
2026-10-07T20:38:20.064849Z  WARN p2panda_net::sync::actors::topic_manager: sync session failed: Io(Custom { kind: NotConnected, error: ConnectionLost(ApplicationClosed(ApplicationClose { error_code: 0, reason: b"" })) }) session_id=1 topic="6ebc87f98e"
2026-10-07T20:38:20.064968Z  WARN p2panda_net::sync::actors::topic_manager: sync session failed: Io(Custom { kind: NotConnected, error: ConnectionLost(LocallyClosed) }) session_id=3 topic="6ebc87f98e"
2026-10-07T20:38:23.015716Z ERROR iroh::socket::transports::relay: relay_recv_channel closed
2026-10-07T20:38:23.016736Z ERROR iroh::socket::transports::relay: relay_recv_channel closed
2026-10-07T20:38:23.363401Z  WARN p2panda_sync::protocols::topic_log_sync: sync session closed with error error=DecodeMessage("Io(Custom { kind: NotConnected, error: ConnectionLost(ApplicationClosed(ApplicationClose { error_code: 0, reason: b\"\" })) })")
2026-10-07T20:38:23.363593Z  WARN p2panda_sync::protocols::topic_log_sync: sync session closed with error error=DecodeMessage("Io(Custom { kind: NotConnected, error: ConnectionLost(ApplicationClosed(ApplicationClose { error_code: 0, reason: b\"\" })) })")
2026-10-07T20:38:23.363764Z  WARN p2panda_net::sync::actors::topic_manager: sync session failed: Io(Custom { kind: NotConnected, error: ConnectionLost(ApplicationClosed(ApplicationClose { error_code: 0, reason: b"" })) }) session_id=1 topic="7c7d87029e"
2026-10-07T20:38:23.363799Z  WARN p2panda_sync::protocols::topic_log_sync: sync session closed with error error=DecodeMessage("Io(Custom { kind: NotConnected, error: ConnectionLost(ApplicationClosed(ApplicationClose { error_code: 0, reason: b\"\" })) })")
2026-10-07T20:38:23.363652Z  WARN p2panda_net::sync::actors::topic_manager: sync session failed: Io(Custom { kind: NotConnected, error: ConnectionLost(ApplicationClosed(ApplicationClose { error_code: 0, reason: b"" })) }) session_id=1 topic="7c7d87029e"
2026-10-07T20:38:23.364018Z  WARN p2panda_net::sync::actors::topic_manager: sync session failed: Io(Custom { kind: NotConnected, error: ConnectionLost(ApplicationClosed(ApplicationClose { error_code: 0, reason: b"" })) }) session_id=1 topic="d0809fb532"
2026-10-07T20:38:23.364041Z  WARN p2panda_sync::protocols::topic_log_sync: sync session closed with error error=DecodeMessage("Io(Custom { kind: NotConnected, error: ConnectionLost(ApplicationClosed(ApplicationClose { error_code: 0, reason: b\"\" })) })")
2026-10-07T20:38:23.364472Z  WARN p2panda_net::sync::actors::topic_manager: sync session failed: Io(Custom { kind: NotConnected, error: ConnectionLost(ApplicationClosed(ApplicationClose { error_code: 0, reason: b"" })) }) session_id=1 topic="7c7d87029e"
2026-10-07T20:38:23.364764Z  WARN p2panda_sync::protocols::topic_log_sync: sync session closed with error error=DecodeMessage("Io(Custom { kind: NotConnected, error: ConnectionLost(ApplicationClosed(ApplicationClose { error_code: 0, reason: b\"\" })) })")
2026-10-07T20:38:23.364912Z  WARN p2panda_sync::protocols::topic_log_sync: sync session closed with error error=DecodeMessage("Io(Custom { kind: NotConnected, error: ConnectionLost(ApplicationClosed(ApplicationClose { error_code: 0, reason: b\"\" })) })")
2026-10-07T20:38:23.364990Z  WARN p2panda_net::sync::actors::topic_manager: sync session failed: Io(Custom { kind: NotConnected, error: ConnectionLost(ApplicationClosed(ApplicationClose { error_code: 0, reason: b"" })) }) session_id=1 topic="7c7d87029e"
2026-10-07T20:38:23.365259Z  WARN p2panda_net::sync::actors::topic_manager: sync session failed: Io(Custom { kind: NotConnected, error: ConnectionLost(ApplicationClosed(ApplicationClose { error_code: 0, reason: b"" })) }) session_id=1 topic="7c7d87029e"
2026-10-07T20:38:23.365327Z  WARN p2panda_net::sync::actors::topic_manager: sync session failed: error sending on message sink: Io(Custom { kind: NotConnected, error: ConnectionLost(ApplicationClosed(ApplicationClose { error_code: 0, reason: b"" })) }) session_id=1 topic="e347e241b4"
2026-10-07T20:38:23.365793Z  WARN p2panda_sync::protocols::topic_log_sync: sync session closed with error error=DecodeMessage("Io(Custom { kind: NotConnected, error: ConnectionLost(ApplicationClosed(ApplicationClose { error_code: 0, reason: b\"\" })) })")
2026-10-07T20:38:23.366013Z  WARN p2panda_net::sync::actors::topic_manager: sync session failed: Io(Custom { kind: NotConnected, error: ConnectionLost(ApplicationClosed(ApplicationClose { error_code: 0, reason: b"" })) }) session_id=1 topic="e347e241b4"
2026-10-07T20:38:23.366254Z  WARN p2panda_net::sync::actors::topic_manager: sync session failed: error sending on message sink: Io(Custom { kind: NotConnected, error: ConnectionLost(ApplicationClosed(ApplicationClose { error_code: 0, reason: b"" })) }) session_id=1 topic="e95fa4cb2d"
2026-10-07T20:38:23.368325Z  WARN p2panda_sync::protocols::topic_log_sync: sync session closed with error error=DecodeMessage("Io(Custom { kind: NotConnected, error: ConnectionLost(ApplicationClosed(ApplicationClose { error_code: 0, reason: b\"\" })) })")
2026-10-07T20:38:23.369554Z  WARN p2panda_sync::protocols::topic_log_sync: sync session closed with error error=DecodeMessage("Io(Custom { kind: NotConnected, error: ConnectionLost(ApplicationClosed(ApplicationClose { error_code: 0, reason: b\"\" })) })")
2026-10-07T20:38:23.370033Z ERROR iroh::socket::transports::relay: relay_recv_channel closed
2026-10-07T20:38:23.371035Z ERROR iroh::socket::transports::relay: relay_recv_channel closed
2026-10-07T20:38:24.101087Z  WARN p2panda_sync::protocols::topic_log_sync: sync session closed with error error=DecodeMessage("Io(Custom { kind: NotConnected, error: ConnectionLost(ApplicationClosed(ApplicationClose { error_code: 0, reason: b\"\" })) })")
2026-10-07T20:38:24.101394Z  WARN p2panda_sync::protocols::topic_log_sync: sync session closed with error error=DecodeMessage("Io(Custom { kind: NotConnected, error: ConnectionLost(ApplicationClosed(ApplicationClose { error_code: 0, reason: b\"\" })) })")
2026-10-07T20:38:24.101392Z  WARN p2panda_net::sync::actors::topic_manager: sync session failed: Io(Custom { kind: NotConnected, error: ConnectionLost(ApplicationClosed(ApplicationClose { error_code: 0, reason: b"" })) }) session_id=0 topic="533ecd1da9"
2026-10-07T20:38:24.101621Z  WARN p2panda_sync::protocols::topic_log_sync: sync session closed with error error=DecodeMessage("Io(Custom { kind: NotConnected, error: ConnectionLost(ApplicationClosed(ApplicationClose { error_code: 0, reason: b\"\" })) })")
2026-10-07T20:38:24.101891Z  WARN p2panda_net::sync::actors::topic_manager: sync session failed: Io(Custom { kind: NotConnected, error: ConnectionLost(ApplicationClosed(ApplicationClose { error_code: 0, reason: b"" })) }) session_id=1 topic="533ecd1da9"
2026-10-07T20:38:24.102007Z  WARN p2panda_net::sync::actors::topic_manager: sync session failed: Io(Custom { kind: NotConnected, error: ConnectionLost(ApplicationClosed(ApplicationClose { error_code: 0, reason: b"" })) }) session_id=0 topic="cbe727e686"
2026-10-07T20:38:24.102294Z  WARN p2panda_sync::protocols::topic_log_sync: sync session closed with error error=DecodeMessage("Io(Custom { kind: NotConnected, error: ConnectionLost(ApplicationClosed(ApplicationClose { error_code: 0, reason: b\"\" })) })")
2026-10-07T20:38:24.102339Z  WARN p2panda_net::sync::actors::topic_manager: sync session failed: error sending on message sink: Io(Custom { kind: NotConnected, error: ConnectionLost(ApplicationClosed(ApplicationClose { error_code: 0, reason: b"" })) }) session_id=0 topic="533ecd1da9"
2026-10-07T20:38:24.102571Z  WARN p2panda_net::sync::actors::topic_manager: sync session failed: error sending on message sink: Io(Custom { kind: NotConnected, error: ConnectionLost(ApplicationClosed(ApplicationClose { error_code: 0, reason: b"" })) }) session_id=0 topic="533ecd1da9"
2026-10-07T20:38:24.105437Z  WARN p2panda_sync::protocols::topic_log_sync: sync session closed with error error=DecodeMessage("Io(Custom { kind: NotConnected, error: ConnectionLost(ApplicationClosed(ApplicationClose { error_code: 0, reason: b\"\" })) })")
2026-10-07T20:38:24.105656Z  WARN p2panda_sync::protocols::topic_log_sync: sync session closed with error error=DecodeMessage("Io(Custom { kind: NotConnected, error: ConnectionLost(ApplicationClosed(ApplicationClose { error_code: 0, reason: b\"\" })) })")
2026-10-07T20:38:24.105938Z ERROR iroh::socket::transports::relay: relay_recv_channel closed
2026-10-07T20:38:24.107152Z ERROR iroh::socket::transports::relay: relay_recv_channel closed
test place::lanes::tests::a_visited_document_reports_unavailable_when_the_holder_goes_silent ... ok
2026-10-07T20:38:24.959818Z  WARN p2panda_net::iroh_mdns::actor: found invalid transport info coming from iroh's services endpoint_id=9b662f09bb44edb188b2a022b4eb969d44181252866340d454e017372d38d19b
2026-10-07T20:38:24.960200Z  WARN p2panda_net::iroh_mdns::actor: found invalid transport info coming from iroh's services endpoint_id=9b662f09bb44edb188b2a022b4eb969d44181252866340d454e017372d38d19b
2026-10-07T20:38:24.961086Z  WARN p2panda_net::iroh_mdns::actor: found invalid transport info coming from iroh's services endpoint_id=9b662f09bb44edb188b2a022b4eb969d44181252866340d454e017372d38d19b
2026-10-07T20:38:24.961141Z  WARN p2panda_net::iroh_mdns::actor: found invalid transport info coming from iroh's services endpoint_id=9b662f09bb44edb188b2a022b4eb969d44181252866340d454e017372d38d19b
2026-10-07T20:38:24.961168Z  WARN p2panda_net::iroh_mdns::actor: found invalid transport info coming from iroh's services endpoint_id=9b662f09bb44edb188b2a022b4eb969d44181252866340d454e017372d38d19b
2026-10-07T20:38:24.961616Z  WARN p2panda_net::iroh_mdns::actor: found invalid transport info coming from iroh's services endpoint_id=9b662f09bb44edb188b2a022b4eb969d44181252866340d454e017372d38d19b
2026-10-07T20:38:24.973900Z  WARN p2panda_net::iroh_mdns::actor: found invalid transport info coming from iroh's services endpoint_id=9b662f09bb44edb188b2a022b4eb969d44181252866340d454e017372d38d19b
2026-10-07T20:38:24.973900Z  WARN p2panda_net::iroh_mdns::actor: found invalid transport info coming from iroh's services endpoint_id=9b662f09bb44edb188b2a022b4eb969d44181252866340d454e017372d38d19b
2026-10-07T20:38:24.974060Z  WARN p2panda_net::iroh_mdns::actor: found invalid transport info coming from iroh's services endpoint_id=9b662f09bb44edb188b2a022b4eb969d44181252866340d454e017372d38d19b
2026-10-07T20:38:24.974621Z  WARN p2panda_net::iroh_mdns::actor: found invalid transport info coming from iroh's services endpoint_id=9b662f09bb44edb188b2a022b4eb969d44181252866340d454e017372d38d19b
2026-10-07T20:38:24.975246Z  WARN p2panda_net::iroh_mdns::actor: found invalid transport info coming from iroh's services endpoint_id=9b662f09bb44edb188b2a022b4eb969d44181252866340d454e017372d38d19b
2026-10-07T20:38:24.975372Z  WARN p2panda_net::iroh_mdns::actor: found invalid transport info coming from iroh's services endpoint_id=9b662f09bb44edb188b2a022b4eb969d44181252866340d454e017372d38d19b
2026-10-07T20:38:25.624839Z ERROR iroh::socket::transports::relay: relay_recv_channel closed
2026-10-07T20:38:25.625912Z ERROR iroh::socket::transports::relay: relay_recv_channel closed
test place::lanes::tests::a_revoked_writer_sees_it_live_and_cannot_write_dial_or_reconnect ... ok
2026-10-07T20:38:28.378529Z  WARN p2panda_net::sync::actors::topic_manager: sync session failed: Io(Custom { kind: NotConnected, error: ConnectionLost(ApplicationClosed(ApplicationClose { error_code: 0, reason: b"" })) }) session_id=0 topic="7c7d87029e"
2026-10-07T20:38:28.378702Z  WARN p2panda_net::sync::actors::topic_manager: sync session failed: Io(Custom { kind: NotConnected, error: ConnectionLost(ApplicationClosed(ApplicationClose { error_code: 0, reason: b"" })) }) session_id=0 topic="7c7d87029e"
2026-10-07T20:38:29.111944Z  WARN p2panda_net::sync::actors::topic_manager: sync session failed: Io(Custom { kind: NotConnected, error: ConnectionLost(ApplicationClosed(ApplicationClose { error_code: 0, reason: b"" })) }) session_id=1 topic="533ecd1da9"
2026-10-07T20:38:29.111982Z  WARN p2panda_net::sync::actors::topic_manager: sync session failed: Io(Custom { kind: NotConnected, error: ConnectionLost(ApplicationClosed(ApplicationClose { error_code: 0, reason: b"" })) }) session_id=1 topic="cbe727e686"
2026-10-07T20:38:29.112070Z  WARN p2panda_net::sync::actors::topic_manager: sync session failed: Io(Custom { kind: NotConnected, error: ConnectionLost(ApplicationClosed(ApplicationClose { error_code: 0, reason: b"" })) }) session_id=0 topic="533ecd1da9"
test place::lanes::tests::a_revoked_member_cannot_read_shared_nodes_authored_after_the_rotation ... ok
2026-10-07T20:38:31.446128Z  WARN p2panda_net::iroh_mdns::actor: found invalid transport info coming from iroh's services endpoint_id=9b662f09bb44edb188b2a022b4eb969d44181252866340d454e017372d38d19b
2026-10-07T20:38:31.446290Z  WARN p2panda_net::iroh_mdns::actor: found invalid transport info coming from iroh's services endpoint_id=9b662f09bb44edb188b2a022b4eb969d44181252866340d454e017372d38d19b
2026-10-07T20:38:31.447650Z  WARN p2panda_net::iroh_mdns::actor: found invalid transport info coming from iroh's services endpoint_id=9b662f09bb44edb188b2a022b4eb969d44181252866340d454e017372d38d19b
2026-10-07T20:38:31.447668Z  WARN p2panda_net::iroh_mdns::actor: found invalid transport info coming from iroh's services endpoint_id=9b662f09bb44edb188b2a022b4eb969d44181252866340d454e017372d38d19b
2026-10-07T20:38:31.447762Z  WARN p2panda_net::iroh_mdns::actor: found invalid transport info coming from iroh's services endpoint_id=9b662f09bb44edb188b2a022b4eb969d44181252866340d454e017372d38d19b
2026-10-07T20:38:31.447832Z  WARN p2panda_net::iroh_mdns::actor: found invalid transport info coming from iroh's services endpoint_id=9b662f09bb44edb188b2a022b4eb969d44181252866340d454e017372d38d19b
2026-10-07T20:38:31.447886Z  WARN p2panda_net::iroh_mdns::actor: found invalid transport info coming from iroh's services endpoint_id=9b662f09bb44edb188b2a022b4eb969d44181252866340d454e017372d38d19b
2026-10-07T20:38:36.535982Z  WARN p2panda_sync::protocols::topic_log_sync: sync session closed with error error=DecodeMessage("Io(Custom { kind: NotConnected, error: ConnectionLost(ApplicationClosed(ApplicationClose { error_code: 0, reason: b\"\" })) })")
2026-10-07T20:38:36.536350Z  WARN p2panda_sync::protocols::topic_log_sync: sync session closed with error error=DecodeMessage("Io(Custom { kind: NotConnected, error: ConnectionLost(ApplicationClosed(ApplicationClose { error_code: 0, reason: b\"\" })) })")
2026-10-07T20:38:36.536814Z  WARN p2panda_net::sync::actors::topic_manager: sync session failed: Io(Custom { kind: NotConnected, error: ConnectionLost(ApplicationClosed(ApplicationClose { error_code: 0, reason: b"" })) }) session_id=1 topic="202c296cea"
2026-10-07T20:38:36.537268Z  WARN p2panda_net::sync::actors::topic_manager: sync session failed: Io(Custom { kind: NotConnected, error: ConnectionLost(ApplicationClosed(ApplicationClose { error_code: 0, reason: b"" })) }) session_id=1 topic="e99f35f367"
2026-10-07T20:38:36.537268Z  WARN p2panda_net::sync::actors::topic_manager: sync session failed: error sending on message sink: Io(Custom { kind: NotConnected, error: ConnectionLost(ApplicationClosed(ApplicationClose { error_code: 0, reason: b"" })) }) session_id=1 topic="e12d4e1dfa"
2026-10-07T20:38:36.537522Z  WARN p2panda_sync::protocols::topic_log_sync: sync session closed with error error=DecodeMessage("Io(Custom { kind: NotConnected, error: ConnectionLost(ApplicationClosed(ApplicationClose { error_code: 0, reason: b\"\" })) })")
2026-10-07T20:38:36.537722Z  WARN p2panda_net::sync::actors::topic_manager: sync session failed: Io(Custom { kind: NotConnected, error: ConnectionLost(ApplicationClosed(ApplicationClose { error_code: 0, reason: b"" })) }) session_id=1 topic="202c296cea"
2026-10-07T20:38:36.538018Z  WARN p2panda_net::sync::actors::topic_manager: sync session failed: error sending on message sink: Io(Custom { kind: NotConnected, error: ConnectionLost(ApplicationClosed(ApplicationClose { error_code: 0, reason: b"" })) }) session_id=0 topic="202c296cea"
2026-10-07T20:38:36.540229Z  WARN p2panda_sync::protocols::topic_log_sync: sync session closed with error error=DecodeMessage("Io(Custom { kind: NotConnected, error: ConnectionLost(ApplicationClosed(ApplicationClose { error_code: 0, reason: b\"\" })) })")
2026-10-07T20:38:36.541341Z ERROR iroh::socket::transports::relay: relay_recv_channel closed
2026-10-07T20:38:36.542485Z ERROR iroh::socket::transports::relay: relay_recv_channel closed
2026-10-07T20:38:36.544266Z ERROR iroh::socket::transports::relay: relay_recv_channel closed
2026-10-07T20:38:36.545291Z ERROR iroh::socket::transports::relay: relay_recv_channel closed
test place::lanes::tests::a_writer_edits_the_document_its_founder_holds ... ok
2026-10-07T20:38:38.298918Z  WARN p2panda_sync::protocols::topic_log_sync: sync session closed with error error=DecodeMessage("Io(Custom { kind: NotConnected, error: ConnectionLost(ApplicationClosed(ApplicationClose { error_code: 0, reason: b\"\" })) })")
2026-10-07T20:38:38.298962Z  WARN p2panda_sync::protocols::topic_log_sync: sync session closed with error error=DecodeMessage("Io(Custom { kind: NotConnected, error: ConnectionLost(ApplicationClosed(ApplicationClose { error_code: 0, reason: b\"\" })) })")
2026-10-07T20:38:38.299334Z  WARN p2panda_net::sync::actors::topic_manager: sync session failed: Io(Custom { kind: NotConnected, error: ConnectionLost(ApplicationClosed(ApplicationClose { error_code: 0, reason: b"" })) }) session_id=1 topic="f091279358"
2026-10-07T20:38:38.299509Z  WARN p2panda_sync::protocols::topic_log_sync: sync session closed with error error=DecodeMessage("Io(Custom { kind: NotConnected, error: ConnectionLost(ApplicationClosed(ApplicationClose { error_code: 0, reason: b\"\" })) })")
2026-10-07T20:38:38.299654Z  WARN p2panda_net::sync::actors::topic_manager: sync session failed: Io(Custom { kind: NotConnected, error: ConnectionLost(ApplicationClosed(ApplicationClose { error_code: 0, reason: b"" })) }) session_id=0 topic="f091279358"
2026-10-07T20:38:38.299813Z  WARN p2panda_sync::protocols::topic_log_sync: sync session closed with error error=DecodeMessage("Io(Custom { kind: NotConnected, error: ConnectionLost(ApplicationClosed(ApplicationClose { error_code: 0, reason: b\"\" })) })")
2026-10-07T20:38:38.300011Z  WARN p2panda_sync::protocols::topic_log_sync: sync session closed with error error=DecodeMessage("Io(Custom { kind: NotConnected, error: ConnectionLost(ApplicationClosed(ApplicationClose { error_code: 0, reason: b\"\" })) })")
2026-10-07T20:38:38.300316Z  WARN p2panda_sync::protocols::topic_log_sync: sync session closed with error error=DecodeMessage("Io(Custom { kind: NotConnected, error: ConnectionLost(ApplicationClosed(ApplicationClose { error_code: 0, reason: b\"\" })) })")
2026-10-07T20:38:38.300371Z  WARN p2panda_sync::protocols::topic_log_sync: sync session closed with error error=DecodeMessage("Io(Custom { kind: NotConnected, error: ConnectionLost(ApplicationClosed(ApplicationClose { error_code: 0, reason: b\"\" })) })")
2026-10-07T20:38:38.300648Z  WARN p2panda_net::sync::actors::topic_manager: sync session failed: Io(Custom { kind: NotConnected, error: ConnectionLost(ApplicationClosed(ApplicationClose { error_code: 0, reason: b"" })) }) session_id=1 topic="f091279358"
2026-10-07T20:38:38.300693Z  WARN p2panda_sync::protocols::topic_log_sync: sync session closed with error error=DecodeMessage("Io(Custom { kind: NotConnected, error: ConnectionLost(ApplicationClosed(ApplicationClose { error_code: 0, reason: b\"\" })) })")
2026-10-07T20:38:38.300783Z  WARN p2panda_net::sync::actors::topic_manager: sync session failed: Io(Custom { kind: NotConnected, error: ConnectionLost(ApplicationClosed(ApplicationClose { error_code: 0, reason: b"" })) }) session_id=1 topic="c9116abebd"
2026-10-07T20:38:38.300802Z  WARN p2panda_sync::protocols::topic_log_sync: sync session closed with error error=DecodeMessage("Io(Custom { kind: NotConnected, error: ConnectionLost(ApplicationClosed(ApplicationClose { error_code: 0, reason: b\"\" })) })")
2026-10-07T20:38:38.300858Z  WARN p2panda_net::sync::actors::topic_manager: sync session failed: Io(Custom { kind: NotConnected, error: ConnectionLost(ApplicationClosed(ApplicationClose { error_code: 0, reason: b"" })) }) session_id=0 topic="f091279358"
2026-10-07T20:38:38.300978Z  WARN p2panda_sync::protocols::topic_log_sync: sync session closed with error error=DecodeMessage("Io(Custom { kind: NotConnected, error: ConnectionLost(ApplicationClosed(ApplicationClose { error_code: 0, reason: b\"\" })) })")
2026-10-07T20:38:38.301176Z  WARN p2panda_sync::protocols::topic_log_sync: sync session closed with error error=DecodeMessage("Io(Custom { kind: NotConnected, error: ConnectionLost(ApplicationClosed(ApplicationClose { error_code: 0, reason: b\"\" })) })")
2026-10-07T20:38:38.301342Z  WARN p2panda_sync::protocols::topic_log_sync: sync session closed with error error=DecodeMessage("Io(Custom { kind: NotConnected, error: ConnectionLost(ApplicationClosed(ApplicationClose { error_code: 0, reason: b\"\" })) })")
2026-10-07T20:38:38.301512Z  WARN p2panda_net::sync::actors::topic_manager: sync session failed: Io(Custom { kind: NotConnected, error: ConnectionLost(ApplicationClosed(ApplicationClose { error_code: 0, reason: b"" })) }) session_id=0 topic="f091279358"
2026-10-07T20:38:38.301544Z  WARN p2panda_sync::protocols::topic_log_sync: sync session closed with error error=DecodeMessage("Io(Custom { kind: NotConnected, error: ConnectionLost(ApplicationClosed(ApplicationClose { error_code: 0, reason: b\"\" })) })")
2026-10-07T20:38:38.301571Z  WARN p2panda_net::sync::actors::topic_manager: sync session failed: Io(Custom { kind: NotConnected, error: ConnectionLost(ApplicationClosed(ApplicationClose { error_code: 0, reason: b"" })) }) session_id=0 topic="443e88b591"
2026-10-07T20:38:38.301706Z  WARN p2panda_net::sync::actors::topic_manager: sync session failed: Io(Custom { kind: NotConnected, error: ConnectionLost(ApplicationClosed(ApplicationClose { error_code: 0, reason: b"" })) }) session_id=0 topic="0df3c28f84"
2026-10-07T20:38:38.301845Z  WARN p2panda_sync::protocols::topic_log_sync: sync session closed with error error=DecodeMessage("Io(Custom { kind: NotConnected, error: ConnectionLost(ApplicationClosed(ApplicationClose { error_code: 0, reason: b\"\" })) })")
2026-10-07T20:38:38.301934Z  WARN p2panda_sync::protocols::topic_log_sync: sync session closed with error error=DecodeMessage("Io(Custom { kind: NotConnected, error: ConnectionLost(ApplicationClosed(ApplicationClose { error_code: 0, reason: b\"\" })) })")
2026-10-07T20:38:38.302040Z  WARN p2panda_sync::protocols::topic_log_sync: sync session closed with error error=DecodeMessage("Io(Custom { kind: NotConnected, error: ConnectionLost(ApplicationClosed(ApplicationClose { error_code: 0, reason: b\"\" })) })")
2026-10-07T20:38:38.302146Z  WARN p2panda_sync::protocols::topic_log_sync: sync session closed with error error=DecodeMessage("Io(Custom { kind: NotConnected, error: ConnectionLost(ApplicationClosed(ApplicationClose { error_code: 0, reason: b\"\" })) })")
2026-10-07T20:38:38.302307Z  WARN p2panda_net::sync::actors::topic_manager: sync session failed: Io(Custom { kind: NotConnected, error: ConnectionLost(ApplicationClosed(ApplicationClose { error_code: 0, reason: b"" })) }) session_id=1 topic="f091279358"
2026-10-07T20:38:38.302468Z  WARN p2panda_sync::protocols::topic_log_sync: sync session closed with error error=DecodeMessage("Io(Custom { kind: NotConnected, error: ConnectionLost(ApplicationClosed(ApplicationClose { error_code: 0, reason: b\"\" })) })")
2026-10-07T20:38:38.302533Z  WARN p2panda_net::sync::actors::topic_manager: sync session failed: Io(Custom { kind: NotConnected, error: ConnectionLost(ApplicationClosed(ApplicationClose { error_code: 0, reason: b"" })) }) session_id=1 topic="f091279358"
2026-10-07T20:38:38.302648Z  WARN p2panda_sync::protocols::topic_log_sync: sync session closed with error error=DecodeMessage("Io(Custom { kind: NotConnected, error: ConnectionLost(ApplicationClosed(ApplicationClose { error_code: 0, reason: b\"\" })) })")
2026-10-07T20:38:38.302885Z  WARN p2panda_sync::protocols::topic_log_sync: sync session closed with error error=DecodeMessage("Io(Custom { kind: NotConnected, error: ConnectionLost(ApplicationClosed(ApplicationClose { error_code: 0, reason: b\"\" })) })")
2026-10-07T20:38:38.303032Z ERROR iroh::socket::transports::relay: relay_recv_channel closed
2026-10-07T20:38:38.304213Z ERROR iroh::socket::transports::relay: relay_recv_channel closed
2026-10-07T20:38:38.703204Z ERROR iroh::socket::transports::relay: relay_recv_channel closed
2026-10-07T20:38:38.704518Z ERROR iroh::socket::transports::relay: relay_recv_channel closed
test place::lanes::tests::a_writer_admission_carries_its_delegation_to_a_connected_joiner ... ok
2026-10-07T20:38:38.863621Z  WARN p2panda_sync::protocols::topic_log_sync: sync session closed with error error=DecodeMessage("Io(Custom { kind: NotConnected, error: ConnectionLost(ApplicationClosed(ApplicationClose { error_code: 0, reason: b\"\" })) })")
2026-10-07T20:38:38.863703Z  WARN p2panda_sync::protocols::topic_log_sync: sync session closed with error error=DecodeMessage("Io(Custom { kind: NotConnected, error: ConnectionLost(ApplicationClosed(ApplicationClose { error_code: 0, reason: b\"\" })) })")
2026-10-07T20:38:38.863896Z  WARN p2panda_net::sync::actors::topic_manager: sync session failed: Io(Custom { kind: NotConnected, error: ConnectionLost(ApplicationClosed(ApplicationClose { error_code: 0, reason: b"" })) }) session_id=0 topic="7c7d87029e"
2026-10-07T20:38:38.863916Z  WARN p2panda_net::sync::actors::topic_manager: sync session failed: Io(Custom { kind: NotConnected, error: ConnectionLost(ApplicationClosed(ApplicationClose { error_code: 0, reason: b"" })) }) session_id=1 topic="7c7d87029e"
2026-10-07T20:38:38.863968Z  WARN p2panda_sync::protocols::topic_log_sync: sync session closed with error error=DecodeMessage("Io(Custom { kind: NotConnected, error: ConnectionLost(ApplicationClosed(ApplicationClose { error_code: 0, reason: b\"\" })) })")
2026-10-07T20:38:38.864162Z  WARN p2panda_net::sync::actors::topic_manager: sync session failed: Io(Custom { kind: NotConnected, error: ConnectionLost(ApplicationClosed(ApplicationClose { error_code: 0, reason: b"" })) }) session_id=2 topic="7c7d87029e"
2026-10-07T20:38:38.864250Z  WARN p2panda_sync::protocols::topic_log_sync: sync session closed with error error=DecodeMessage("Io(Custom { kind: NotConnected, error: ConnectionLost(ApplicationClosed(ApplicationClose { error_code: 0, reason: b\"\" })) })")
2026-10-07T20:38:38.864299Z  WARN p2panda_sync::protocols::topic_log_sync: sync session closed with error error=DecodeMessage("Io(Custom { kind: NotConnected, error: ConnectionLost(ApplicationClosed(ApplicationClose { error_code: 0, reason: b\"\" })) })")
2026-10-07T20:38:38.864383Z  WARN p2panda_sync::protocols::topic_log_sync: sync session closed with error error=DecodeMessage("Io(Custom { kind: NotConnected, error: ConnectionLost(ApplicationClosed(ApplicationClose { error_code: 0, reason: b\"\" })) })")
2026-10-07T20:38:38.864481Z  WARN p2panda_sync::protocols::topic_log_sync: sync session closed with error error=DecodeMessage("Io(Custom { kind: NotConnected, error: ConnectionLost(ApplicationClosed(ApplicationClose { error_code: 0, reason: b\"\" })) })")
2026-10-07T20:38:38.864735Z  WARN p2panda_sync::protocols::topic_log_sync: sync session closed with error error=DecodeMessage("Io(Custom { kind: NotConnected, error: ConnectionLost(ApplicationClosed(ApplicationClose { error_code: 0, reason: b\"\" })) })")
2026-10-07T20:38:38.864877Z  WARN p2panda_net::sync::actors::topic_manager: sync session failed: Io(Custom { kind: NotConnected, error: ConnectionLost(ApplicationClosed(ApplicationClose { error_code: 0, reason: b"" })) }) session_id=0 topic="7c7d87029e"
2026-10-07T20:38:38.864926Z  WARN p2panda_net::sync::actors::topic_manager: sync session failed: Io(Custom { kind: NotConnected, error: ConnectionLost(ApplicationClosed(ApplicationClose { error_code: 0, reason: b"" })) }) session_id=0 topic="7c7d87029e"
2026-10-07T20:38:38.864926Z  WARN p2panda_net::sync::actors::topic_manager: sync session failed: Io(Custom { kind: NotConnected, error: ConnectionLost(ApplicationClosed(ApplicationClose { error_code: 0, reason: b"" })) }) session_id=1 topic="e347e241b4"
2026-10-07T20:38:38.864982Z  WARN p2panda_net::sync::actors::topic_manager: sync session failed: Io(Custom { kind: NotConnected, error: ConnectionLost(ApplicationClosed(ApplicationClose { error_code: 0, reason: b"" })) }) session_id=0 topic="7c7d87029e"
2026-10-07T20:38:38.865013Z  WARN p2panda_sync::protocols::topic_log_sync: sync session closed with error error=DecodeMessage("Io(Custom { kind: NotConnected, error: ConnectionLost(ApplicationClosed(ApplicationClose { error_code: 0, reason: b\"\" })) })")
2026-10-07T20:38:38.865128Z  WARN p2panda_sync::protocols::topic_log_sync: sync session closed with error error=DecodeMessage("Io(Custom { kind: NotConnected, error: ConnectionLost(ApplicationClosed(ApplicationClose { error_code: 0, reason: b\"\" })) })")
2026-10-07T20:38:38.865226Z  WARN p2panda_net::sync::actors::topic_manager: sync session failed: Io(Custom { kind: NotConnected, error: ConnectionLost(ApplicationClosed(ApplicationClose { error_code: 0, reason: b"" })) }) session_id=0 topic="7c7d87029e"
2026-10-07T20:38:38.865376Z  WARN p2panda_sync::protocols::topic_log_sync: sync session closed with error error=DecodeMessage("Io(Custom { kind: NotConnected, error: ConnectionLost(ApplicationClosed(ApplicationClose { error_code: 0, reason: b\"\" })) })")
2026-10-07T20:38:38.865591Z  WARN p2panda_sync::protocols::topic_log_sync: sync session closed with error error=DecodeMessage("Io(Custom { kind: NotConnected, error: ConnectionLost(ApplicationClosed(ApplicationClose { error_code: 0, reason: b\"\" })) })")
2026-10-07T20:38:38.865756Z  WARN p2panda_net::sync::actors::topic_manager: sync session failed: Io(Custom { kind: NotConnected, error: ConnectionLost(ApplicationClosed(ApplicationClose { error_code: 0, reason: b"" })) }) session_id=1 topic="e95fa4cb2d"
2026-10-07T20:38:38.865829Z  WARN p2panda_sync::protocols::topic_log_sync: sync session closed with error error=DecodeMessage("Io(Custom { kind: NotConnected, error: ConnectionLost(ApplicationClosed(ApplicationClose { error_code: 0, reason: b\"\" })) })")
2026-10-07T20:38:38.865982Z  WARN p2panda_sync::protocols::topic_log_sync: sync session closed with error error=DecodeMessage("Io(Custom { kind: NotConnected, error: ConnectionLost(ApplicationClosed(ApplicationClose { error_code: 0, reason: b\"\" })) })")
2026-10-07T20:38:38.866018Z  WARN p2panda_sync::protocols::topic_log_sync: sync session closed with error error=DecodeMessage("Io(Custom { kind: NotConnected, error: ConnectionLost(ApplicationClosed(ApplicationClose { error_code: 0, reason: b\"\" })) })")
2026-10-07T20:38:38.866098Z  WARN p2panda_net::sync::actors::topic_manager: sync session failed: Io(Custom { kind: NotConnected, error: ConnectionLost(ApplicationClosed(ApplicationClose { error_code: 0, reason: b"" })) }) session_id=2 topic="7c7d87029e"
2026-10-07T20:38:38.866255Z  WARN p2panda_net::sync::actors::topic_manager: sync session failed: Io(Custom { kind: NotConnected, error: ConnectionLost(ApplicationClosed(ApplicationClose { error_code: 0, reason: b"" })) }) session_id=0 topic="d0809fb532"
2026-10-07T20:38:38.866286Z  WARN p2panda_net::sync::actors::topic_manager: sync session failed: Io(Custom { kind: NotConnected, error: ConnectionLost(ApplicationClosed(ApplicationClose { error_code: 0, reason: b"" })) }) session_id=1 topic="7c7d87029e"
2026-10-07T20:38:38.866382Z  WARN p2panda_sync::protocols::topic_log_sync: sync session closed with error error=DecodeMessage("Io(Custom { kind: NotConnected, error: ConnectionLost(ApplicationClosed(ApplicationClose { error_code: 0, reason: b\"\" })) })")
2026-10-07T20:38:38.866464Z  WARN p2panda_sync::protocols::topic_log_sync: sync session closed with error error=DecodeMessage("Io(Custom { kind: NotConnected, error: ConnectionLost(ApplicationClosed(ApplicationClose { error_code: 0, reason: b\"\" })) })")
2026-10-07T20:38:38.866554Z  WARN p2panda_net::sync::actors::topic_manager: sync session failed: Io(Custom { kind: NotConnected, error: ConnectionLost(ApplicationClosed(ApplicationClose { error_code: 0, reason: b"" })) }) session_id=2 topic="7c7d87029e"
2026-10-07T20:38:38.866663Z  WARN p2panda_net::sync::actors::topic_manager: sync session failed: Io(Custom { kind: NotConnected, error: ConnectionLost(ApplicationClosed(ApplicationClose { error_code: 0, reason: b"" })) }) session_id=0 topic="7c7d87029e"
2026-10-07T20:38:38.866702Z  WARN p2panda_sync::protocols::topic_log_sync: sync session closed with error error=DecodeMessage("Io(Custom { kind: NotConnected, error: ConnectionLost(ApplicationClosed(ApplicationClose { error_code: 0, reason: b\"\" })) })")
2026-10-07T20:38:38.866914Z  WARN p2panda_sync::protocols::topic_log_sync: sync session closed with error error=DecodeMessage("Io(Custom { kind: NotConnected, error: ConnectionLost(ApplicationClosed(ApplicationClose { error_code: 0, reason: b\"\" })) })")
2026-10-07T20:38:38.866917Z  WARN p2panda_net::sync::actors::topic_manager: sync session failed: Io(Custom { kind: NotConnected, error: ConnectionLost(ApplicationClosed(ApplicationClose { error_code: 0, reason: b"" })) }) session_id=0 topic="7c7d87029e"
2026-10-07T20:38:38.867106Z  WARN p2panda_sync::protocols::topic_log_sync: sync session closed with error error=DecodeMessage("Io(Custom { kind: NotConnected, error: ConnectionLost(ApplicationClosed(ApplicationClose { error_code: 0, reason: b\"\" })) })")
2026-10-07T20:38:38.867105Z  WARN p2panda_net::sync::actors::topic_manager: sync session failed: Io(Custom { kind: NotConnected, error: ConnectionLost(ApplicationClosed(ApplicationClose { error_code: 0, reason: b"" })) }) session_id=0 topic="7c7d87029e"
2026-10-07T20:38:38.867238Z  WARN p2panda_sync::protocols::topic_log_sync: sync session closed with error error=DecodeMessage("Io(Custom { kind: NotConnected, error: ConnectionLost(ApplicationClosed(ApplicationClose { error_code: 0, reason: b\"\" })) })")
2026-10-07T20:38:38.867429Z  WARN p2panda_net::sync::actors::topic_manager: sync session failed: Io(Custom { kind: NotConnected, error: ConnectionLost(ApplicationClosed(ApplicationClose { error_code: 0, reason: b"" })) }) session_id=0 topic="d0809fb532"
2026-10-07T20:38:38.867759Z  WARN p2panda_sync::protocols::topic_log_sync: sync session closed with error error=DecodeMessage("Io(Custom { kind: NotConnected, error: ConnectionLost(ApplicationClosed(ApplicationClose { error_code: 0, reason: b\"\" })) })")
2026-10-07T20:38:38.868045Z  WARN p2panda_sync::protocols::topic_log_sync: sync session closed with error error=DecodeMessage("Io(Custom { kind: NotConnected, error: ConnectionLost(ApplicationClosed(ApplicationClose { error_code: 0, reason: b\"\" })) })")
2026-10-07T20:38:38.868290Z  WARN p2panda_sync::protocols::topic_log_sync: sync session closed with error error=DecodeMessage("Io(Custom { kind: NotConnected, error: ConnectionLost(ApplicationClosed(ApplicationClose { error_code: 0, reason: b\"\" })) })")
2026-10-07T20:38:38.868403Z  WARN p2panda_net::sync::actors::topic_manager: sync session failed: Io(Custom { kind: NotConnected, error: ConnectionLost(ApplicationClosed(ApplicationClose { error_code: 0, reason: b"" })) }) session_id=3 topic="7c7d87029e"
2026-10-07T20:38:38.868669Z  WARN p2panda_sync::protocols::topic_log_sync: sync session closed with error error=DecodeMessage("Io(Custom { kind: NotConnected, error: ConnectionLost(ApplicationClosed(ApplicationClose { error_code: 0, reason: b\"\" })) })")
2026-10-07T20:38:38.868852Z  WARN p2panda_sync::protocols::topic_log_sync: sync session closed with error error=DecodeMessage("Io(Custom { kind: NotConnected, error: ConnectionLost(ApplicationClosed(ApplicationClose { error_code: 0, reason: b\"\" })) })")
2026-10-07T20:38:38.868866Z  WARN p2panda_sync::protocols::topic_log_sync: sync session closed with error error=DecodeMessage("Io(Custom { kind: NotConnected, error: ConnectionLost(ApplicationClosed(ApplicationClose { error_code: 0, reason: b\"\" })) })")
2026-10-07T20:38:38.869087Z  WARN p2panda_sync::protocols::topic_log_sync: sync session closed with error error=DecodeMessage("Io(Custom { kind: NotConnected, error: ConnectionLost(ApplicationClosed(ApplicationClose { error_code: 0, reason: b\"\" })) })")
2026-10-07T20:38:38.869324Z  WARN p2panda_sync::protocols::topic_log_sync: sync session closed with error error=DecodeMessage("Io(Custom { kind: NotConnected, error: ConnectionLost(ApplicationClosed(ApplicationClose { error_code: 0, reason: b\"\" })) })")
2026-10-07T20:38:38.869392Z  WARN p2panda_net::sync::actors::topic_manager: sync session failed: Io(Custom { kind: NotConnected, error: ConnectionLost(ApplicationClosed(ApplicationClose { error_code: 0, reason: b"" })) }) session_id=0 topic="7c7d87029e"
2026-10-07T20:38:38.869563Z  WARN p2panda_net::sync::actors::topic_manager: sync session failed: Io(Custom { kind: NotConnected, error: ConnectionLost(ApplicationClosed(ApplicationClose { error_code: 0, reason: b"" })) }) session_id=2 topic="d0809fb532"
2026-10-07T20:38:38.869567Z  WARN p2panda_net::sync::actors::topic_manager: sync session failed: Io(Custom { kind: NotConnected, error: ConnectionLost(ApplicationClosed(ApplicationClose { error_code: 0, reason: b"" })) }) session_id=3 topic="e95fa4cb2d"
2026-10-07T20:38:38.870020Z  WARN p2panda_sync::protocols::topic_log_sync: sync session closed with error error=DecodeMessage("Io(Custom { kind: NotConnected, error: ConnectionLost(ApplicationClosed(ApplicationClose { error_code: 0, reason: b\"\" })) })")
2026-10-07T20:38:38.870106Z  WARN p2panda_sync::protocols::topic_log_sync: sync session closed with error error=DecodeMessage("Io(Custom { kind: NotConnected, error: ConnectionLost(ApplicationClosed(ApplicationClose { error_code: 0, reason: b\"\" })) })")
2026-10-07T20:38:38.870407Z  WARN p2panda_sync::protocols::topic_log_sync: sync session closed with error error=DecodeMessage("Io(Custom { kind: NotConnected, error: ConnectionLost(ApplicationClosed(ApplicationClose { error_code: 0, reason: b\"\" })) })")
2026-10-07T20:38:38.870661Z  WARN p2panda_sync::protocols::topic_log_sync: sync session closed with error error=DecodeMessage("Io(Custom { kind: NotConnected, error: ConnectionLost(ApplicationClosed(ApplicationClose { error_code: 0, reason: b\"\" })) })")
2026-10-07T20:38:38.870679Z  WARN p2panda_net::sync::actors::topic_manager: sync session failed: Io(Custom { kind: NotConnected, error: ConnectionLost(ApplicationClosed(ApplicationClose { error_code: 0, reason: b"" })) }) session_id=0 topic="7c7d87029e"
2026-10-07T20:38:38.870890Z  WARN p2panda_sync::protocols::topic_log_sync: sync session closed with error error=DecodeMessage("Io(Custom { kind: NotConnected, error: ConnectionLost(ApplicationClosed(ApplicationClose { error_code: 0, reason: b\"\" })) })")
2026-10-07T20:38:38.871266Z  WARN p2panda_sync::protocols::topic_log_sync: sync session closed with error error=DecodeMessage("Io(Custom { kind: NotConnected, error: ConnectionLost(ApplicationClosed(ApplicationClose { error_code: 0, reason: b\"\" })) })")
2026-10-07T20:38:38.871530Z  WARN p2panda_sync::protocols::topic_log_sync: sync session closed with error error=DecodeMessage("Io(Custom { kind: NotConnected, error: ConnectionLost(ApplicationClosed(ApplicationClose { error_code: 0, reason: b\"\" })) })")
2026-10-07T20:38:38.871850Z  WARN p2panda_sync::protocols::topic_log_sync: sync session closed with error error=DecodeMessage("Io(Custom { kind: NotConnected, error: ConnectionLost(ApplicationClosed(ApplicationClose { error_code: 0, reason: b\"\" })) })")
2026-10-07T20:38:38.871866Z  WARN p2panda_net::sync::actors::topic_manager: sync session failed: Io(Custom { kind: NotConnected, error: ConnectionLost(ApplicationClosed(ApplicationClose { error_code: 0, reason: b"" })) }) session_id=3 topic="7c7d87029e"
2026-10-07T20:38:38.872900Z  WARN p2panda_sync::protocols::topic_log_sync: sync session closed with error error=DecodeMessage("Io(Custom { kind: NotConnected, error: ConnectionLost(ApplicationClosed(ApplicationClose { error_code: 0, reason: b\"\" })) })")
2026-10-07T20:38:38.874075Z  WARN p2panda_sync::protocols::topic_log_sync: sync session closed with error error=DecodeMessage("Io(Custom { kind: NotConnected, error: ConnectionLost(ApplicationClosed(ApplicationClose { error_code: 0, reason: b\"\" })) })")
2026-10-07T20:38:38.875924Z  WARN p2panda_sync::protocols::topic_log_sync: sync session closed with error error=DecodeMessage("Io(Custom { kind: NotConnected, error: ConnectionLost(ApplicationClosed(ApplicationClose { error_code: 0, reason: b\"\" })) })")
2026-10-07T20:38:38.876319Z  WARN p2panda_net::sync::actors::topic_manager: sync session failed: Io(Custom { kind: NotConnected, error: ConnectionLost(ApplicationClosed(ApplicationClose { error_code: 0, reason: b"" })) }) session_id=0 topic="e95fa4cb2d"
2026-10-07T20:38:38.878441Z  WARN p2panda_sync::protocols::topic_log_sync: sync session closed with error error=DecodeMessage("Io(Custom { kind: NotConnected, error: ConnectionLost(ApplicationClosed(ApplicationClose { error_code: 0, reason: b\"\" })) })")
2026-10-07T20:38:38.878538Z  WARN p2panda_sync::protocols::topic_log_sync: sync session closed with error error=DecodeMessage("Io(Custom { kind: NotConnected, error: ConnectionLost(ApplicationClosed(ApplicationClose { error_code: 0, reason: b\"\" })) })")
2026-10-07T20:38:38.878947Z  WARN p2panda_sync::protocols::topic_log_sync: sync session closed with error error=DecodeMessage("Io(Custom { kind: NotConnected, error: ConnectionLost(ApplicationClosed(ApplicationClose { error_code: 0, reason: b\"\" })) })")
2026-10-07T20:38:38.879904Z  WARN p2panda_sync::protocols::topic_log_sync: sync session closed with error error=DecodeMessage("Io(Custom { kind: NotConnected, error: ConnectionLost(ApplicationClosed(ApplicationClose { error_code: 0, reason: b\"\" })) })")
2026-10-07T20:38:38.880641Z  WARN p2panda_sync::protocols::topic_log_sync: sync session closed with error error=DecodeMessage("Io(Custom { kind: NotConnected, error: ConnectionLost(ApplicationClosed(ApplicationClose { error_code: 0, reason: b\"\" })) })")
2026-10-07T20:38:38.880709Z  WARN p2panda_sync::protocols::topic_log_sync: sync session closed with error error=DecodeMessage("Io(Custom { kind: NotConnected, error: ConnectionLost(ApplicationClosed(ApplicationClose { error_code: 0, reason: b\"\" })) })")
2026-10-07T20:38:38.880890Z  WARN p2panda_sync::protocols::topic_log_sync: sync session closed with error error=DecodeMessage("Io(Custom { kind: NotConnected, error: ConnectionLost(ApplicationClosed(ApplicationClose { error_code: 0, reason: b\"\" })) })")
2026-10-07T20:38:38.880988Z  WARN p2panda_sync::protocols::topic_log_sync: sync session closed with error error=DecodeMessage("Io(Custom { kind: NotConnected, error: ConnectionLost(ApplicationClosed(ApplicationClose { error_code: 0, reason: b\"\" })) })")
2026-10-07T20:38:38.881112Z  WARN p2panda_sync::protocols::topic_log_sync: sync session closed with error error=DecodeMessage("Io(Custom { kind: NotConnected, error: ConnectionLost(ApplicationClosed(ApplicationClose { error_code: 0, reason: b\"\" })) })")
2026-10-07T20:38:38.881273Z  WARN p2panda_net::sync::actors::topic_manager: sync session failed: Io(Custom { kind: NotConnected, error: ConnectionLost(ApplicationClosed(ApplicationClose { error_code: 0, reason: b"" })) }) session_id=0 topic="e347e241b4"
2026-10-07T20:38:38.881458Z ERROR iroh::socket::transports::relay: relay_recv_channel closed
2026-10-07T20:38:38.881906Z  WARN p2panda_sync::protocols::topic_log_sync: sync session closed with error error=DecodeMessage("Io(Custom { kind: NotConnected, error: ConnectionLost(ApplicationClosed(ApplicationClose { error_code: 0, reason: b\"\" })) })")
2026-10-07T20:38:38.882056Z  WARN p2panda_net::sync::actors::topic_manager: sync session failed: error sending on message sink: Io(Custom { kind: NotConnected, error: ConnectionLost(ApplicationClosed(ApplicationClose { error_code: 0, reason: b"" })) }) session_id=3 topic="e347e241b4"
2026-10-07T20:38:38.882149Z  WARN p2panda_net::sync::actors::topic_manager: sync session failed: error sending on message sink: Io(Custom { kind: NotConnected, error: ConnectionLost(ApplicationClosed(ApplicationClose { error_code: 0, reason: b"" })) }) session_id=0 topic="e347e241b4"
2026-10-07T20:38:38.883022Z ERROR iroh::socket::transports::relay: relay_recv_channel closed
2026-10-07T20:38:38.886546Z  WARN p2panda_net::iroh_mdns::actor: found invalid transport info coming from iroh's services endpoint_id=9b662f09bb44edb188b2a022b4eb969d44181252866340d454e017372d38d19b
2026-10-07T20:38:38.887015Z  WARN p2panda_net::iroh_mdns::actor: found invalid transport info coming from iroh's services endpoint_id=9b662f09bb44edb188b2a022b4eb969d44181252866340d454e017372d38d19b
2026-10-07T20:38:38.887179Z  WARN p2panda_net::iroh_mdns::actor: found invalid transport info coming from iroh's services endpoint_id=9b662f09bb44edb188b2a022b4eb969d44181252866340d454e017372d38d19b
2026-10-07T20:38:38.887195Z  WARN p2panda_net::iroh_mdns::actor: found invalid transport info coming from iroh's services endpoint_id=9b662f09bb44edb188b2a022b4eb969d44181252866340d454e017372d38d19b
2026-10-07T20:38:38.887378Z  WARN p2panda_net::iroh_mdns::actor: found invalid transport info coming from iroh's services endpoint_id=9b662f09bb44edb188b2a022b4eb969d44181252866340d454e017372d38d19b
2026-10-07T20:38:38.887955Z  WARN p2panda_net::iroh_mdns::actor: found invalid transport info coming from iroh's services endpoint_id=9b662f09bb44edb188b2a022b4eb969d44181252866340d454e017372d38d19b
2026-10-07T20:38:38.888132Z  WARN p2panda_net::iroh_mdns::actor: found invalid transport info coming from iroh's services endpoint_id=9b662f09bb44edb188b2a022b4eb969d44181252866340d454e017372d38d19b
2026-10-07T20:38:39.414964Z  WARN p2panda_net::sync::actors::topic_manager: sync session failed: log sync error receiving from message stream: MessageStream("Io(Custom { kind: NotConnected, error: ConnectionLost(ApplicationClosed(ApplicationClose { error_code: 0, reason: b\"\" })) })") session_id=0 topic="1bbd2810f2"
2026-10-07T20:38:39.415311Z  WARN p2panda_sync::protocols::topic_log_sync: sync session closed with error error=DecodeMessage("Io(Custom { kind: NotConnected, error: ConnectionLost(ApplicationClosed(ApplicationClose { error_code: 0, reason: b\"\" })) })")
2026-10-07T20:38:39.415567Z  WARN p2panda_net::sync::actors::topic_manager: sync session failed: Io(Custom { kind: NotConnected, error: ConnectionLost(ApplicationClosed(ApplicationClose { error_code: 0, reason: b"" })) }) session_id=1 topic="1bbd2810f2"
2026-10-07T20:38:39.416053Z  WARN p2panda_sync::protocols::topic_log_sync: sync session closed with error error=DecodeMessage("Io(Custom { kind: NotConnected, error: ConnectionLost(ApplicationClosed(ApplicationClose { error_code: 0, reason: b\"\" })) })")
2026-10-07T20:38:39.416668Z  WARN p2panda_sync::protocols::topic_log_sync: sync session closed with error error=DecodeMessage("Io(Custom { kind: NotConnected, error: ConnectionLost(ApplicationClosed(ApplicationClose { error_code: 0, reason: b\"\" })) })")
2026-10-07T20:38:39.417023Z  WARN p2panda_net::sync::actors::topic_manager: sync session failed: Io(Custom { kind: NotConnected, error: ConnectionLost(ApplicationClosed(ApplicationClose { error_code: 0, reason: b"" })) }) session_id=1 topic="1bbd2810f2"
2026-10-07T20:38:39.416903Z  WARN p2panda_net::sync::actors::topic_manager: sync session failed: MessageSink("Io(Custom { kind: NotConnected, error: ConnectionLost(ApplicationClosed(ApplicationClose { error_code: 0, reason: b\"\" })) })") session_id=0 topic="911e6d26b2"
2026-10-07T20:38:39.417162Z  WARN p2panda_net::sync::actors::topic_manager: sync session failed: log sync error receiving from message stream: MessageStream("Io(Custom { kind: NotConnected, error: ConnectionLost(ApplicationClosed(ApplicationClose { error_code: 0, reason: b\"\" })) })") session_id=0 topic="1bbd2810f2"
2026-10-07T20:38:39.417249Z  WARN p2panda_net::sync::actors::topic_manager: sync session failed: MessageSink("Io(Custom { kind: NotConnected, error: ConnectionLost(ApplicationClosed(ApplicationClose { error_code: 0, reason: b\"\" })) })") session_id=0 topic="1bbd2810f2"
2026-10-07T20:38:39.418249Z  WARN p2panda_net::sync::actors::topic_manager: sync session failed: MessageSink("Io(Custom { kind: NotConnected, error: ConnectionLost(ApplicationClosed(ApplicationClose { error_code: 0, reason: b\"\" })) })") session_id=0 topic="1bbd2810f2"
2026-10-07T20:38:39.418458Z  WARN p2panda_net::sync::actors::topic_manager: sync session failed: MessageSink("Io(Custom { kind: NotConnected, error: ConnectionLost(ApplicationClosed(ApplicationClose { error_code: 0, reason: b\"\" })) })") session_id=0 topic="1bbd2810f2"
2026-10-07T20:38:39.419113Z ERROR iroh::socket::transports::relay: relay_recv_channel closed
2026-10-07T20:38:39.420283Z ERROR iroh::socket::transports::relay: relay_recv_channel closed
2026-10-07T20:38:39.422373Z ERROR iroh::socket::transports::relay: relay_recv_channel closed
2026-10-07T20:38:39.422545Z  WARN p2panda_net::sync::actors::topic_manager: sync session failed: error sending on message sink: MessageSink("Io(Custom { kind: NotConnected, error: ConnectionLost(ApplicationClosed(ApplicationClose { error_code: 0, reason: b\"\" })) })") session_id=1 topic="6ebaed0699"
2026-10-07T20:38:39.422670Z  WARN p2panda_net::sync::actors::topic_manager: sync session failed: MessageSink("Io(Custom { kind: NotConnected, error: ConnectionLost(LocallyClosed) })") session_id=0 topic="6ebaed0699"
2026-10-07T20:38:39.423559Z ERROR iroh::socket::transports::relay: relay_recv_channel closed
test place::lanes::tests::a_writer_invited_after_the_founder_is_already_live_is_admitted ... ok
test place::lanes::tests::a_revoked_member_stops_reading_while_the_others_follow_the_rotation has been running for over 60 seconds
2026-10-07T20:38:41.077643Z  WARN p2panda_sync::protocols::topic_log_sync: sync session closed with error error=DecodeMessage("Io(Custom { kind: NotConnected, error: ConnectionLost(LocallyClosed) })")
2026-10-07T20:38:41.077951Z  WARN p2panda_sync::protocols::topic_log_sync: sync session closed with error error=DecodeMessage("Io(Custom { kind: NotConnected, error: ConnectionLost(LocallyClosed) })")
2026-10-07T20:38:41.077970Z  WARN p2panda_sync::protocols::topic_log_sync: sync session closed with error error=DecodeMessage("Io(Custom { kind: NotConnected, error: ConnectionLost(LocallyClosed) })")
2026-10-07T20:38:41.078294Z  WARN p2panda_sync::protocols::topic_log_sync: sync session closed with error error=DecodeMessage("Io(Custom { kind: NotConnected, error: ConnectionLost(ApplicationClosed(ApplicationClose { error_code: 0, reason: b\"\" })) })")
2026-10-07T20:38:41.078265Z  WARN p2panda_sync::protocols::topic_log_sync: sync session closed with error error=DecodeMessage("Io(Custom { kind: NotConnected, error: ConnectionLost(LocallyClosed) })")
2026-10-07T20:38:41.078467Z  WARN p2panda_sync::protocols::topic_log_sync: sync session closed with error error=DecodeMessage("Io(Custom { kind: NotConnected, error: ConnectionLost(ApplicationClosed(ApplicationClose { error_code: 0, reason: b\"\" })) })")
2026-10-07T20:38:41.079019Z  WARN p2panda_sync::protocols::topic_log_sync: sync session closed with error error=DecodeMessage("Io(Custom { kind: NotConnected, error: ConnectionLost(LocallyClosed) })")
2026-10-07T20:38:41.079062Z  WARN p2panda_sync::protocols::topic_log_sync: sync session closed with error error=DecodeMessage("Io(Custom { kind: NotConnected, error: ConnectionLost(LocallyClosed) })")
2026-10-07T20:38:41.079118Z  WARN p2panda_sync::protocols::topic_log_sync: sync session closed with error error=DecodeMessage("Io(Custom { kind: NotConnected, error: ConnectionLost(LocallyClosed) })")
2026-10-07T20:38:41.079208Z  WARN p2panda_sync::protocols::topic_log_sync: sync session closed with error error=DecodeMessage("Io(Custom { kind: NotConnected, error: ConnectionLost(LocallyClosed) })")
2026-10-07T20:38:41.079240Z  WARN p2panda_sync::protocols::topic_log_sync: sync session closed with error error=DecodeMessage("Io(Custom { kind: NotConnected, error: ConnectionLost(LocallyClosed) })")
2026-10-07T20:38:41.079212Z  WARN p2panda_sync::protocols::topic_log_sync: sync session closed with error error=DecodeMessage("Io(Custom { kind: NotConnected, error: ConnectionLost(ApplicationClosed(ApplicationClose { error_code: 0, reason: b\"\" })) })")
2026-10-07T20:38:41.079339Z  WARN p2panda_sync::protocols::topic_log_sync: sync session closed with error error=DecodeMessage("Io(Custom { kind: NotConnected, error: ConnectionLost(ApplicationClosed(ApplicationClose { error_code: 0, reason: b\"\" })) })")
2026-10-07T20:38:41.079411Z  WARN p2panda_sync::protocols::topic_log_sync: sync session closed with error error=DecodeMessage("Io(Custom { kind: NotConnected, error: ConnectionLost(LocallyClosed) })")
2026-10-07T20:38:41.079453Z  WARN p2panda_sync::protocols::topic_log_sync: sync session closed with error error=DecodeMessage("Io(Custom { kind: NotConnected, error: ConnectionLost(LocallyClosed) })")
2026-10-07T20:38:41.079624Z  WARN p2panda_sync::protocols::topic_log_sync: sync session closed with error error=DecodeMessage("Io(Custom { kind: NotConnected, error: ConnectionLost(LocallyClosed) })")
2026-10-07T20:38:41.079836Z  WARN p2panda_sync::protocols::topic_log_sync: sync session closed with error error=DecodeMessage("Io(Custom { kind: NotConnected, error: ConnectionLost(LocallyClosed) })")
2026-10-07T20:38:41.079836Z  WARN p2panda_sync::protocols::topic_log_sync: sync session closed with error error=DecodeMessage("Io(Custom { kind: NotConnected, error: ConnectionLost(ApplicationClosed(ApplicationClose { error_code: 0, reason: b\"\" })) })")
2026-10-07T20:38:41.079598Z  WARN p2panda_sync::protocols::topic_log_sync: sync session closed with error error=DecodeMessage("Io(Custom { kind: NotConnected, error: ConnectionLost(ApplicationClosed(ApplicationClose { error_code: 0, reason: b\"\" })) })")
2026-10-07T20:38:41.080104Z  WARN p2panda_sync::protocols::topic_log_sync: sync session closed with error error=DecodeMessage("Io(Custom { kind: NotConnected, error: ConnectionLost(ApplicationClosed(ApplicationClose { error_code: 0, reason: b\"\" })) })")
2026-10-07T20:38:41.080590Z  WARN p2panda_sync::protocols::topic_log_sync: sync session closed with error error=DecodeMessage("Io(Custom { kind: NotConnected, error: ConnectionLost(ApplicationClosed(ApplicationClose { error_code: 0, reason: b\"\" })) })")
2026-10-07T20:38:41.080777Z  WARN p2panda_sync::protocols::topic_log_sync: sync session closed with error error=DecodeMessage("Io(Custom { kind: NotConnected, error: ConnectionLost(ApplicationClosed(ApplicationClose { error_code: 0, reason: b\"\" })) })")
2026-10-07T20:38:41.081001Z  WARN p2panda_sync::protocols::topic_log_sync: sync session closed with error error=DecodeMessage("Io(Custom { kind: NotConnected, error: ConnectionLost(LocallyClosed) })")
2026-10-07T20:38:41.080891Z  WARN p2panda_sync::protocols::topic_log_sync: sync session closed with error error=DecodeMessage("Io(Custom { kind: NotConnected, error: ConnectionLost(ApplicationClosed(ApplicationClose { error_code: 0, reason: b\"\" })) })")
2026-10-07T20:38:41.081155Z  WARN p2panda_sync::protocols::topic_log_sync: sync session closed with error error=DecodeMessage("Io(Custom { kind: NotConnected, error: ConnectionLost(LocallyClosed) })")
2026-10-07T20:38:41.081247Z  WARN p2panda_sync::protocols::topic_log_sync: sync session closed with error error=DecodeMessage("Io(Custom { kind: NotConnected, error: ConnectionLost(ApplicationClosed(ApplicationClose { error_code: 0, reason: b\"\" })) })")
2026-10-07T20:38:41.081403Z  WARN p2panda_sync::protocols::topic_log_sync: sync session closed with error error=DecodeMessage("Io(Custom { kind: NotConnected, error: ConnectionLost(ApplicationClosed(ApplicationClose { error_code: 0, reason: b\"\" })) })")
2026-10-07T20:38:41.081413Z  WARN p2panda_sync::protocols::topic_log_sync: sync session closed with error error=DecodeMessage("Io(Custom { kind: NotConnected, error: ConnectionLost(LocallyClosed) })")
2026-10-07T20:38:41.081406Z  WARN p2panda_net::sync::actors::topic_manager: sync session failed: Io(Custom { kind: NotConnected, error: ConnectionLost(ApplicationClosed(ApplicationClose { error_code: 0, reason: b"" })) }) session_id=3 topic="7c7d87029e"
2026-10-07T20:38:41.081561Z  WARN p2panda_sync::protocols::topic_log_sync: sync session closed with error error=DecodeMessage("Io(Custom { kind: NotConnected, error: ConnectionLost(LocallyClosed) })")
2026-10-07T20:38:41.081646Z  WARN p2panda_sync::protocols::topic_log_sync: sync session closed with error error=DecodeMessage("Io(Custom { kind: NotConnected, error: ConnectionLost(LocallyClosed) })")
2026-10-07T20:38:41.081816Z  WARN p2panda_sync::protocols::topic_log_sync: sync session closed with error error=DecodeMessage("Io(Custom { kind: NotConnected, error: ConnectionLost(LocallyClosed) })")
2026-10-07T20:38:41.081843Z  WARN p2panda_sync::protocols::topic_log_sync: sync session closed with error error=DecodeMessage("Io(Custom { kind: NotConnected, error: ConnectionLost(ApplicationClosed(ApplicationClose { error_code: 0, reason: b\"\" })) })")
2026-10-07T20:38:41.082204Z  WARN p2panda_sync::protocols::topic_log_sync: sync session closed with error error=DecodeMessage("Io(Custom { kind: NotConnected, error: ConnectionLost(LocallyClosed) })")
2026-10-07T20:38:41.082467Z  WARN p2panda_sync::protocols::topic_log_sync: sync session closed with error error=DecodeMessage("Io(Custom { kind: NotConnected, error: ConnectionLost(ApplicationClosed(ApplicationClose { error_code: 0, reason: b\"\" })) })")
2026-10-07T20:38:41.082594Z  WARN p2panda_sync::protocols::topic_log_sync: sync session closed with error error=DecodeMessage("Io(Custom { kind: NotConnected, error: ConnectionLost(LocallyClosed) })")
2026-10-07T20:38:41.082756Z  WARN p2panda_sync::protocols::topic_log_sync: sync session closed with error error=DecodeMessage("Io(Custom { kind: NotConnected, error: ConnectionLost(ApplicationClosed(ApplicationClose { error_code: 0, reason: b\"\" })) })")
2026-10-07T20:38:41.083016Z  WARN p2panda_sync::protocols::topic_log_sync: sync session closed with error error=DecodeMessage("Io(Custom { kind: NotConnected, error: ConnectionLost(ApplicationClosed(ApplicationClose { error_code: 0, reason: b\"\" })) })")
2026-10-07T20:38:41.083178Z  WARN p2panda_sync::protocols::topic_log_sync: sync session closed with error error=DecodeMessage("Io(Custom { kind: NotConnected, error: ConnectionLost(LocallyClosed) })")
2026-10-07T20:38:41.083269Z  WARN p2panda_sync::protocols::topic_log_sync: sync session closed with error error=DecodeMessage("Io(Custom { kind: NotConnected, error: ConnectionLost(ApplicationClosed(ApplicationClose { error_code: 0, reason: b\"\" })) })")
2026-10-07T20:38:41.083551Z  WARN p2panda_sync::protocols::topic_log_sync: sync session closed with error error=DecodeMessage("Io(Custom { kind: NotConnected, error: ConnectionLost(ApplicationClosed(ApplicationClose { error_code: 0, reason: b\"\" })) })")
2026-10-07T20:38:41.083624Z  WARN p2panda_sync::protocols::topic_log_sync: sync session closed with error error=DecodeMessage("Io(Custom { kind: NotConnected, error: ConnectionLost(LocallyClosed) })")
2026-10-07T20:38:41.083657Z  WARN p2panda_sync::protocols::topic_log_sync: sync session closed with error error=DecodeMessage("Io(Custom { kind: NotConnected, error: ConnectionLost(LocallyClosed) })")
2026-10-07T20:38:41.083786Z  WARN p2panda_sync::protocols::topic_log_sync: sync session closed with error error=DecodeMessage("Io(Custom { kind: NotConnected, error: ConnectionLost(LocallyClosed) })")
2026-10-07T20:38:41.083871Z  WARN p2panda_sync::protocols::topic_log_sync: sync session closed with error error=DecodeMessage("Io(Custom { kind: NotConnected, error: ConnectionLost(ApplicationClosed(ApplicationClose { error_code: 0, reason: b\"\" })) })")
2026-10-07T20:38:41.083906Z  WARN p2panda_sync::protocols::topic_log_sync: sync session closed with error error=DecodeMessage("Io(Custom { kind: NotConnected, error: ConnectionLost(ApplicationClosed(ApplicationClose { error_code: 0, reason: b\"\" })) })")
2026-10-07T20:38:41.083934Z  WARN p2panda_sync::protocols::topic_log_sync: sync session closed with error error=DecodeMessage("Io(Custom { kind: NotConnected, error: ConnectionLost(LocallyClosed) })")
2026-10-07T20:38:41.083932Z  WARN p2panda_sync::protocols::topic_log_sync: sync session closed with error error=DecodeMessage("Io(Custom { kind: NotConnected, error: ConnectionLost(ApplicationClosed(ApplicationClose { error_code: 0, reason: b\"\" })) })")
2026-10-07T20:38:41.083955Z  WARN p2panda_sync::protocols::topic_log_sync: sync session closed with error error=DecodeMessage("Io(Custom { kind: NotConnected, error: ConnectionLost(ApplicationClosed(ApplicationClose { error_code: 0, reason: b\"\" })) })")
2026-10-07T20:38:41.083623Z  WARN p2panda_sync::protocols::topic_log_sync: sync session closed with error error=DecodeMessage("Io(Custom { kind: NotConnected, error: ConnectionLost(ApplicationClosed(ApplicationClose { error_code: 0, reason: b\"\" })) })")
2026-10-07T20:38:41.084024Z  WARN p2panda_net::sync::actors::topic_manager: sync session failed: Io(Custom { kind: NotConnected, error: ConnectionLost(ApplicationClosed(ApplicationClose { error_code: 0, reason: b"" })) }) session_id=2 topic="7c7d87029e"
2026-10-07T20:38:41.084013Z  WARN p2panda_sync::protocols::topic_log_sync: sync session closed with error error=DecodeMessage("Io(Custom { kind: NotConnected, error: ConnectionLost(ApplicationClosed(ApplicationClose { error_code: 0, reason: b\"\" })) })")
2026-10-07T20:38:41.084008Z  WARN p2panda_sync::protocols::topic_log_sync: sync session closed with error error=DecodeMessage("Io(Custom { kind: NotConnected, error: ConnectionLost(LocallyClosed) })")
2026-10-07T20:38:41.084064Z  WARN p2panda_sync::protocols::topic_log_sync: sync session closed with error error=DecodeMessage("Io(Custom { kind: NotConnected, error: ConnectionLost(ApplicationClosed(ApplicationClose { error_code: 0, reason: b\"\" })) })")
2026-10-07T20:38:41.084276Z  WARN p2panda_sync::protocols::topic_log_sync: sync session closed with error error=DecodeMessage("Io(Custom { kind: NotConnected, error: ConnectionLost(LocallyClosed) })")
2026-10-07T20:38:41.084398Z  WARN p2panda_sync::protocols::topic_log_sync: sync session closed with error error=DecodeMessage("Io(Custom { kind: NotConnected, error: ConnectionLost(ApplicationClosed(ApplicationClose { error_code: 0, reason: b\"\" })) })")
2026-10-07T20:38:41.084497Z  WARN p2panda_sync::protocols::topic_log_sync: sync session closed with error error=DecodeMessage("Io(Custom { kind: NotConnected, error: ConnectionLost(LocallyClosed) })")
2026-10-07T20:38:41.084536Z  WARN p2panda_net::sync::actors::topic_manager: sync session failed: Io(Custom { kind: NotConnected, error: ConnectionLost(ApplicationClosed(ApplicationClose { error_code: 0, reason: b"" })) }) session_id=3 topic="7c7d87029e"
2026-10-07T20:38:41.084655Z  WARN p2panda_sync::protocols::topic_log_sync: sync session closed with error error=DecodeMessage("Io(Custom { kind: NotConnected, error: ConnectionLost(LocallyClosed) })")
2026-10-07T20:38:41.084679Z  WARN p2panda_sync::protocols::topic_log_sync: sync session closed with error error=DecodeMessage("Io(Custom { kind: NotConnected, error: ConnectionLost(LocallyClosed) })")
2026-10-07T20:38:41.085091Z  WARN p2panda_sync::protocols::topic_log_sync: sync session closed with error error=DecodeMessage("Io(Custom { kind: NotConnected, error: ConnectionLost(ApplicationClosed(ApplicationClose { error_code: 0, reason: b\"\" })) })")
2026-10-07T20:38:41.085089Z  WARN p2panda_sync::protocols::topic_log_sync: sync session closed with error error=DecodeMessage("Io(Custom { kind: NotConnected, error: ConnectionLost(LocallyClosed) })")
2026-10-07T20:38:41.085215Z  WARN p2panda_sync::protocols::topic_log_sync: sync session closed with error error=DecodeMessage("Io(Custom { kind: NotConnected, error: ConnectionLost(LocallyClosed) })")
2026-10-07T20:38:41.085238Z  WARN p2panda_sync::protocols::topic_log_sync: sync session closed with error error=DecodeMessage("Io(Custom { kind: NotConnected, error: ConnectionLost(ApplicationClosed(ApplicationClose { error_code: 0, reason: b\"\" })) })")
2026-10-07T20:38:41.085384Z  WARN p2panda_sync::protocols::topic_log_sync: sync session closed with error error=DecodeMessage("Io(Custom { kind: NotConnected, error: ConnectionLost(LocallyClosed) })")
2026-10-07T20:38:41.085620Z  WARN p2panda_sync::protocols::topic_log_sync: sync session closed with error error=DecodeMessage("Io(Custom { kind: NotConnected, error: ConnectionLost(LocallyClosed) })")
2026-10-07T20:38:41.085508Z  WARN p2panda_net::sync::actors::topic_manager: sync session failed: Io(Custom { kind: NotConnected, error: ConnectionLost(ApplicationClosed(ApplicationClose { error_code: 0, reason: b"" })) }) session_id=2 topic="7c7d87029e"
2026-10-07T20:38:41.085832Z  WARN p2panda_sync::protocols::topic_log_sync: sync session closed with error error=DecodeMessage("Io(Custom { kind: NotConnected, error: ConnectionLost(ApplicationClosed(ApplicationClose { error_code: 0, reason: b\"\" })) })")
2026-10-07T20:38:41.085916Z  WARN p2panda_sync::protocols::topic_log_sync: sync session closed with error error=DecodeMessage("Io(Custom { kind: NotConnected, error: ConnectionLost(ApplicationClosed(ApplicationClose { error_code: 0, reason: b\"\" })) })")
2026-10-07T20:38:41.085986Z  WARN p2panda_sync::protocols::topic_log_sync: sync session closed with error error=DecodeMessage("Io(Custom { kind: NotConnected, error: ConnectionLost(LocallyClosed) })")
2026-10-07T20:38:41.086571Z  WARN p2panda_sync::protocols::topic_log_sync: sync session closed with error error=DecodeMessage("Io(Custom { kind: NotConnected, error: ConnectionLost(ApplicationClosed(ApplicationClose { error_code: 0, reason: b\"\" })) })")
2026-10-07T20:38:41.086678Z  WARN p2panda_sync::protocols::topic_log_sync: sync session closed with error error=DecodeMessage("Io(Custom { kind: NotConnected, error: ConnectionLost(ApplicationClosed(ApplicationClose { error_code: 0, reason: b\"\" })) })")
2026-10-07T20:38:41.086841Z  WARN p2panda_sync::protocols::topic_log_sync: sync session closed with error error=DecodeMessage("Io(Custom { kind: NotConnected, error: ConnectionLost(ApplicationClosed(ApplicationClose { error_code: 0, reason: b\"\" })) })")
2026-10-07T20:38:41.086933Z  WARN p2panda_sync::protocols::topic_log_sync: sync session closed with error error=DecodeMessage("Io(Custom { kind: NotConnected, error: ConnectionLost(ApplicationClosed(ApplicationClose { error_code: 0, reason: b\"\" })) })")
2026-10-07T20:38:41.087132Z  WARN p2panda_sync::protocols::topic_log_sync: sync session closed with error error=DecodeMessage("Io(Custom { kind: NotConnected, error: ConnectionLost(ApplicationClosed(ApplicationClose { error_code: 0, reason: b\"\" })) })")
2026-10-07T20:38:41.087378Z  WARN p2panda_sync::protocols::topic_log_sync: sync session closed with error error=DecodeMessage("Io(Custom { kind: NotConnected, error: ConnectionLost(ApplicationClosed(ApplicationClose { error_code: 0, reason: b\"\" })) })")
2026-10-07T20:38:41.087377Z  WARN p2panda_sync::protocols::topic_log_sync: sync session closed with error error=DecodeMessage("Io(Custom { kind: NotConnected, error: ConnectionLost(ApplicationClosed(ApplicationClose { error_code: 0, reason: b\"\" })) })")
2026-10-07T20:38:41.087471Z  WARN p2panda_sync::protocols::topic_log_sync: sync session closed with error error=DecodeMessage("Io(Custom { kind: NotConnected, error: ConnectionLost(ApplicationClosed(ApplicationClose { error_code: 0, reason: b\"\" })) })")
2026-10-07T20:38:41.087516Z  WARN p2panda_sync::protocols::topic_log_sync: sync session closed with error error=DecodeMessage("Io(Custom { kind: NotConnected, error: ConnectionLost(ApplicationClosed(ApplicationClose { error_code: 0, reason: b\"\" })) })")
2026-10-07T20:38:41.087840Z  WARN p2panda_sync::protocols::topic_log_sync: sync session closed with error error=DecodeMessage("Io(Custom { kind: NotConnected, error: ConnectionLost(ApplicationClosed(ApplicationClose { error_code: 0, reason: b\"\" })) })")
2026-10-07T20:38:41.087862Z ERROR iroh::socket::transports::relay: relay_recv_channel closed
2026-10-07T20:38:41.088907Z ERROR iroh::socket::transports::relay: relay_recv_channel closed
2026-10-07T20:38:41.091818Z ERROR iroh::socket::transports::relay: relay_recv_channel closed
2026-10-07T20:38:41.092759Z ERROR iroh::socket::transports::relay: relay_recv_channel closed
2026-10-07T20:38:41.094588Z ERROR iroh::socket::transports::relay: relay_recv_channel closed
2026-10-07T20:38:41.095681Z ERROR iroh::socket::transports::relay: relay_recv_channel closed
2026-10-07T20:38:41.544252Z  WARN p2panda_net::sync::actors::topic_manager: sync session failed: Io(Custom { kind: NotConnected, error: ConnectionLost(ApplicationClosed(ApplicationClose { error_code: 0, reason: b"" })) }) session_id=0 topic="e99f35f367"
2026-10-07T20:38:43.302982Z  WARN p2panda_net::sync::actors::topic_manager: sync session failed: Io(Custom { kind: NotConnected, error: ConnectionLost(ApplicationClosed(ApplicationClose { error_code: 0, reason: b"" })) }) session_id=0 topic="f091279358"
2026-10-07T20:38:43.303041Z  WARN p2panda_net::sync::actors::topic_manager: sync session failed: Io(Custom { kind: NotConnected, error: ConnectionLost(ApplicationClosed(ApplicationClose { error_code: 0, reason: b"" })) }) session_id=0 topic="c9116abebd"
2026-10-07T20:38:43.302982Z  WARN p2panda_net::sync::actors::topic_manager: sync session failed: Io(Custom { kind: NotConnected, error: ConnectionLost(ApplicationClosed(ApplicationClose { error_code: 0, reason: b"" })) }) session_id=1 topic="0df3c28f84"
2026-10-07T20:38:43.302982Z  WARN p2panda_net::sync::actors::topic_manager: sync session failed: Io(Custom { kind: NotConnected, error: ConnectionLost(ApplicationClosed(ApplicationClose { error_code: 0, reason: b"" })) }) session_id=0 topic="f091279358"
2026-10-07T20:38:43.302982Z  WARN p2panda_net::sync::actors::topic_manager: sync session failed: Io(Custom { kind: NotConnected, error: ConnectionLost(ApplicationClosed(ApplicationClose { error_code: 0, reason: b"" })) }) session_id=1 topic="f091279358"
2026-10-07T20:38:43.302982Z  WARN p2panda_net::sync::actors::topic_manager: sync session failed: Io(Custom { kind: NotConnected, error: ConnectionLost(ApplicationClosed(ApplicationClose { error_code: 0, reason: b"" })) }) session_id=1 topic="f091279358"
2026-10-07T20:38:43.303039Z  WARN p2panda_net::sync::actors::topic_manager: sync session failed: Io(Custom { kind: NotConnected, error: ConnectionLost(ApplicationClosed(ApplicationClose { error_code: 0, reason: b"" })) }) session_id=1 topic="443e88b591"
2026-10-07T20:38:43.303365Z  WARN p2panda_net::sync::actors::topic_manager: sync session failed: Io(Custom { kind: NotConnected, error: ConnectionLost(ApplicationClosed(ApplicationClose { error_code: 0, reason: b"" })) }) session_id=0 topic="f091279358"
2026-10-07T20:38:43.318714Z  WARN p2panda_net::sync::actors::topic_manager: sync session failed: Io(Custom { kind: NotConnected, error: ConnectionLost(ApplicationClosed(ApplicationClose { error_code: 0, reason: b"" })) }) session_id=1 topic="f091279358"
2026-10-07T20:38:43.318712Z  WARN p2panda_net::sync::actors::topic_manager: sync session failed: Io(Custom { kind: NotConnected, error: ConnectionLost(ApplicationClosed(ApplicationClose { error_code: 0, reason: b"" })) }) session_id=0 topic="f091279358"
2026-10-07T20:38:43.872926Z  WARN p2panda_net::sync::actors::topic_manager: sync session failed: Io(Custom { kind: NotConnected, error: ConnectionLost(ApplicationClosed(ApplicationClose { error_code: 0, reason: b"" })) }) session_id=0 topic="7c7d87029e"
2026-10-07T20:38:43.872926Z  WARN p2panda_net::sync::actors::topic_manager: sync session failed: Io(Custom { kind: NotConnected, error: ConnectionLost(ApplicationClosed(ApplicationClose { error_code: 0, reason: b"" })) }) session_id=0 topic="e95fa4cb2d"
2026-10-07T20:38:43.872926Z  WARN p2panda_net::sync::actors::topic_manager: sync session failed: Io(Custom { kind: NotConnected, error: ConnectionLost(ApplicationClosed(ApplicationClose { error_code: 0, reason: b"" })) }) session_id=3 topic="7c7d87029e"
2026-10-07T20:38:43.873030Z  WARN p2panda_net::sync::actors::topic_manager: sync session failed: Io(Custom { kind: NotConnected, error: ConnectionLost(ApplicationClosed(ApplicationClose { error_code: 0, reason: b"" })) }) session_id=1 topic="7c7d87029e"
2026-10-07T20:38:43.873310Z  WARN p2panda_net::sync::actors::topic_manager: sync session failed: Io(Custom { kind: NotConnected, error: ConnectionLost(ApplicationClosed(ApplicationClose { error_code: 0, reason: b"" })) }) session_id=0 topic="7c7d87029e"
2026-10-07T20:38:43.873332Z  WARN p2panda_net::sync::actors::topic_manager: sync session failed: Io(Custom { kind: NotConnected, error: ConnectionLost(ApplicationClosed(ApplicationClose { error_code: 0, reason: b"" })) }) session_id=2 topic="7c7d87029e"
2026-10-07T20:38:43.873415Z  WARN p2panda_net::sync::actors::topic_manager: sync session failed: Io(Custom { kind: NotConnected, error: ConnectionLost(ApplicationClosed(ApplicationClose { error_code: 0, reason: b"" })) }) session_id=2 topic="7c7d87029e"
2026-10-07T20:38:43.873424Z  WARN p2panda_net::sync::actors::topic_manager: sync session failed: Io(Custom { kind: NotConnected, error: ConnectionLost(ApplicationClosed(ApplicationClose { error_code: 0, reason: b"" })) }) session_id=0 topic="7c7d87029e"
2026-10-07T20:38:43.873450Z  WARN p2panda_net::sync::actors::topic_manager: sync session failed: Io(Custom { kind: NotConnected, error: ConnectionLost(ApplicationClosed(ApplicationClose { error_code: 0, reason: b"" })) }) session_id=0 topic="7c7d87029e"
2026-10-07T20:38:43.873530Z  WARN p2panda_net::sync::actors::topic_manager: sync session failed: Io(Custom { kind: NotConnected, error: ConnectionLost(ApplicationClosed(ApplicationClose { error_code: 0, reason: b"" })) }) session_id=2 topic="7c7d87029e"
2026-10-07T20:38:43.873551Z  WARN p2panda_net::sync::actors::topic_manager: sync session failed: Io(Custom { kind: NotConnected, error: ConnectionLost(ApplicationClosed(ApplicationClose { error_code: 0, reason: b"" })) }) session_id=2 topic="7c7d87029e"
2026-10-07T20:38:43.873678Z  WARN p2panda_net::sync::actors::topic_manager: sync session failed: Io(Custom { kind: NotConnected, error: ConnectionLost(ApplicationClosed(ApplicationClose { error_code: 0, reason: b"" })) }) session_id=3 topic="d0809fb532"
2026-10-07T20:38:43.873888Z  WARN p2panda_net::sync::actors::topic_manager: sync session failed: Io(Custom { kind: NotConnected, error: ConnectionLost(ApplicationClosed(ApplicationClose { error_code: 0, reason: b"" })) }) session_id=3 topic="7c7d87029e"
2026-10-07T20:38:43.874078Z  WARN p2panda_net::sync::actors::topic_manager: sync session failed: Io(Custom { kind: NotConnected, error: ConnectionLost(ApplicationClosed(ApplicationClose { error_code: 0, reason: b"" })) }) session_id=3 topic="7c7d87029e"
2026-10-07T20:38:43.874646Z  WARN p2panda_net::sync::actors::topic_manager: sync session failed: Io(Custom { kind: NotConnected, error: ConnectionLost(ApplicationClosed(ApplicationClose { error_code: 0, reason: b"" })) }) session_id=3 topic="7c7d87029e"
2026-10-07T20:38:43.874828Z  WARN p2panda_net::sync::actors::topic_manager: sync session failed: Io(Custom { kind: NotConnected, error: ConnectionLost(ApplicationClosed(ApplicationClose { error_code: 0, reason: b"" })) }) session_id=0 topic="7c7d87029e"
2026-10-07T20:38:43.875040Z  WARN p2panda_net::sync::actors::topic_manager: sync session failed: Io(Custom { kind: NotConnected, error: ConnectionLost(ApplicationClosed(ApplicationClose { error_code: 0, reason: b"" })) }) session_id=0 topic="e347e241b4"
2026-10-07T20:38:43.875040Z  WARN p2panda_net::sync::actors::topic_manager: sync session failed: Io(Custom { kind: NotConnected, error: ConnectionLost(ApplicationClosed(ApplicationClose { error_code: 0, reason: b"" })) }) session_id=0 topic="7c7d87029e"
2026-10-07T20:38:43.875236Z  WARN p2panda_net::sync::actors::topic_manager: sync session failed: Io(Custom { kind: NotConnected, error: ConnectionLost(ApplicationClosed(ApplicationClose { error_code: 0, reason: b"" })) }) session_id=3 topic="7c7d87029e"
2026-10-07T20:38:43.875252Z  WARN p2panda_net::sync::actors::topic_manager: sync session failed: Io(Custom { kind: NotConnected, error: ConnectionLost(ApplicationClosed(ApplicationClose { error_code: 0, reason: b"" })) }) session_id=1 topic="d0809fb532"
2026-10-07T20:38:43.875444Z  WARN p2panda_net::sync::actors::topic_manager: sync session failed: Io(Custom { kind: NotConnected, error: ConnectionLost(ApplicationClosed(ApplicationClose { error_code: 0, reason: b"" })) }) session_id=0 topic="d0809fb532"
2026-10-07T20:38:43.875505Z  WARN p2panda_net::sync::actors::topic_manager: sync session failed: Io(Custom { kind: NotConnected, error: ConnectionLost(ApplicationClosed(ApplicationClose { error_code: 0, reason: b"" })) }) session_id=0 topic="e95fa4cb2d"
2026-10-07T20:38:43.892418Z  WARN p2panda_net::sync::actors::topic_manager: sync session failed: Io(Custom { kind: NotConnected, error: ConnectionLost(ApplicationClosed(ApplicationClose { error_code: 0, reason: b"" })) }) session_id=2 topic="e347e241b4"
2026-10-07T20:38:43.895170Z  WARN p2panda_net::sync::actors::topic_manager: sync session failed: Io(Custom { kind: NotConnected, error: ConnectionLost(ApplicationClosed(ApplicationClose { error_code: 0, reason: b"" })) }) session_id=0 topic="7c7d87029e"
2026-10-07T20:38:43.895938Z  WARN p2panda_net::sync::actors::topic_manager: sync session failed: Io(Custom { kind: NotConnected, error: ConnectionLost(ApplicationClosed(ApplicationClose { error_code: 0, reason: b"" })) }) session_id=2 topic="e95fa4cb2d"
2026-10-07T20:38:44.423646Z  WARN p2panda_net::sync::actors::topic_manager: sync session failed: Io(Custom { kind: NotConnected, error: ConnectionLost(ApplicationClosed(ApplicationClose { error_code: 0, reason: b"" })) }) session_id=1 topic="911e6d26b2"
2026-10-07T20:38:44.423896Z  WARN p2panda_net::sync::actors::topic_manager: sync session failed: MessageSink("Io(Custom { kind: NotConnected, error: ConnectionLost(ApplicationClosed(ApplicationClose { error_code: 0, reason: b\"\" })) })") session_id=0 topic="1bbd2810f2"
test place::lanes::tests::an_unauthorized_profile_is_refused_before_it_authors ... ok
test place::lanes::tests::the_group_key_overlay_names_the_topic_stickleback_stores_under ... ok
2026-10-07T20:38:45.888811Z  WARN p2panda_sync::protocols::topic_log_sync: sync session closed with error error=DecodeMessage("Io(Custom { kind: NotConnected, error: ConnectionLost(ApplicationClosed(ApplicationClose { error_code: 0, reason: b\"\" })) })")
2026-10-07T20:38:45.889333Z  WARN p2panda_sync::protocols::topic_log_sync: sync session closed with error error=DecodeMessage("Io(Custom { kind: NotConnected, error: ConnectionLost(ApplicationClosed(ApplicationClose { error_code: 0, reason: b\"\" })) })")
2026-10-07T20:38:45.889573Z  WARN p2panda_net::sync::actors::topic_manager: sync session failed: Io(Custom { kind: NotConnected, error: ConnectionLost(ApplicationClosed(ApplicationClose { error_code: 0, reason: b"" })) }) session_id=0 topic="8634cf85fe"
2026-10-07T20:38:45.889748Z  WARN p2panda_net::sync::actors::topic_manager: sync session failed: error sending on message sink: Io(Custom { kind: NotConnected, error: ConnectionLost(ApplicationClosed(ApplicationClose { error_code: 0, reason: b"" })) }) session_id=0 topic="8634cf85fe"
2026-10-07T20:38:45.890480Z  WARN p2panda_net::sync::actors::topic_manager: sync session failed: log sync error receiving from message stream: MessageStream("Io(Custom { kind: NotConnected, error: ConnectionLost(ApplicationClosed(ApplicationClose { error_code: 0, reason: b\"\" })) })") session_id=1 topic="747f6105e7"
2026-10-07T20:38:45.891614Z  WARN p2panda_net::sync::actors::topic_manager: sync session failed: log sync error receiving from message stream: MessageStream("Io(Custom { kind: NotConnected, error: ConnectionLost(ApplicationClosed(ApplicationClose { error_code: 0, reason: b\"\" })) })") session_id=1 topic="933f3f7246"
2026-10-07T20:38:45.893982Z ERROR iroh::socket::transports::relay: relay_recv_channel closed
2026-10-07T20:38:45.895088Z ERROR iroh::socket::transports::relay: relay_recv_channel closed
2026-10-07T20:38:45.989891Z ERROR iroh::socket::transports::relay: relay_recv_channel closed
2026-10-07T20:38:45.991447Z ERROR iroh::socket::transports::relay: relay_recv_channel closed
test place::lanes::tests::a_writer_visits_a_held_document_and_is_told_when_the_holder_goes ... ok
2026-10-07T20:38:46.083126Z  WARN p2panda_net::sync::actors::topic_manager: sync session failed: Io(Custom { kind: NotConnected, error: ConnectionLost(ApplicationClosed(ApplicationClose { error_code: 0, reason: b"" })) }) session_id=2 topic="7c7d87029e"
test place::projection_host::tests::projection_revocation_checks_before_folding_and_keeps_the_issuer_boundary ... ok
2026-10-07T20:38:46.098327Z  WARN p2panda_net::sync::actors::topic_manager: sync session failed: Io(Custom { kind: NotConnected, error: ConnectionLost(ApplicationClosed(ApplicationClose { error_code: 0, reason: b"" })) }) session_id=2 topic="7c7d87029e"
2026-10-07T20:38:46.098327Z  WARN p2panda_net::sync::actors::topic_manager: sync session failed: Io(Custom { kind: NotConnected, error: ConnectionLost(ApplicationClosed(ApplicationClose { error_code: 0, reason: b"" })) }) session_id=3 topic="7c7d87029e"
2026-10-07T20:38:46.098327Z  WARN p2panda_net::sync::actors::topic_manager: sync session failed: Io(Custom { kind: NotConnected, error: ConnectionLost(ApplicationClosed(ApplicationClose { error_code: 0, reason: b"" })) }) session_id=3 topic="7c7d87029e"
test place::rendezvous::tests::rendezvous_failed_replacement_keeps_previous_descriptor ... ok
test place::rendezvous::tests::rendezvous_refuses_expiry_wrong_scope_unknown_carriers_and_oversize_hints ... ok
test place::rendezvous::tests::rendezvous_requires_binding_and_preserves_only_contact_metadata ... ok
test place::tests::a_withdrawn_standing_names_itself_in_one_row ... ok
test place::tests::binding_json_uses_distinct_readable_hex_ids ... ok
test place::tests::binding_validation_rejects_version_and_channel_ambiguity ... ok
test place::tests::elide_middle_keeps_the_ends_and_leaves_short_values_alone ... ok
test place::tests::every_status_row_fits_one_palette_row ... ok
test place::tests::serialized_id_requires_exact_hex ... ok
test place::tests::the_projection_row_names_what_is_served_and_what_was_refused ... ok
2026-10-07T20:38:48.880035Z  WARN p2panda_net::sync::actors::topic_manager: sync session failed: Io(Custom { kind: NotConnected, error: ConnectionLost(LocallyClosed) }) session_id=4 topic="7c7d87029e"
2026-10-07T20:38:48.880035Z  WARN p2panda_net::sync::actors::topic_manager: sync session failed: Io(Custom { kind: NotConnected, error: ConnectionLost(ApplicationClosed(ApplicationClose { error_code: 0, reason: b"" })) }) session_id=3 topic="d0809fb532"
2026-10-07T20:38:48.880135Z  WARN p2panda_net::sync::actors::topic_manager: sync session failed: Io(Custom { kind: NotConnected, error: ConnectionLost(ApplicationClosed(ApplicationClose { error_code: 0, reason: b"" })) }) session_id=3 topic="7c7d87029e"
2026-10-07T20:38:48.880039Z  WARN p2panda_net::sync::actors::topic_manager: sync session failed: Io(Custom { kind: NotConnected, error: ConnectionLost(ApplicationClosed(ApplicationClose { error_code: 0, reason: b"" })) }) session_id=2 topic="e347e241b4"
2026-10-07T20:38:48.880204Z  WARN p2panda_net::sync::actors::topic_manager: sync session failed: Io(Custom { kind: NotConnected, error: ConnectionLost(ApplicationClosed(ApplicationClose { error_code: 0, reason: b"" })) }) session_id=3 topic="7c7d87029e"
2026-10-07T20:38:48.880322Z  WARN p2panda_net::sync::actors::topic_manager: sync session failed: Io(Custom { kind: NotConnected, error: ConnectionLost(LocallyClosed) }) session_id=1 topic="7c7d87029e"
2026-10-07T20:38:48.880324Z  WARN p2panda_net::sync::actors::topic_manager: sync session failed: Io(Custom { kind: NotConnected, error: ConnectionLost(ApplicationClosed(ApplicationClose { error_code: 0, reason: b"" })) }) session_id=3 topic="7c7d87029e"
2026-10-07T20:38:48.880330Z  WARN p2panda_net::sync::actors::topic_manager: sync session failed: Io(Custom { kind: NotConnected, error: ConnectionLost(ApplicationClosed(ApplicationClose { error_code: 0, reason: b"" })) }) session_id=3 topic="7c7d87029e"
2026-10-07T20:38:48.880360Z  WARN p2panda_net::sync::actors::topic_manager: sync session failed: Io(Custom { kind: NotConnected, error: ConnectionLost(LocallyClosed) }) session_id=5 topic="d0809fb532"
2026-10-07T20:38:48.880426Z  WARN p2panda_net::sync::actors::topic_manager: sync session failed: Io(Custom { kind: NotConnected, error: ConnectionLost(LocallyClosed) }) session_id=5 topic="7c7d87029e"
2026-10-07T20:38:48.880469Z  WARN p2panda_net::sync::actors::topic_manager: sync session failed: Io(Custom { kind: NotConnected, error: ConnectionLost(ApplicationClosed(ApplicationClose { error_code: 0, reason: b"" })) }) session_id=4 topic="7c7d87029e"
2026-10-07T20:38:48.880503Z  WARN p2panda_net::sync::actors::topic_manager: sync session failed: Io(Custom { kind: NotConnected, error: ConnectionLost(ApplicationClosed(ApplicationClose { error_code: 0, reason: b"" })) }) session_id=3 topic="e95fa4cb2d"
2026-10-07T20:38:48.880548Z  WARN p2panda_net::sync::actors::topic_manager: sync session failed: Io(Custom { kind: NotConnected, error: ConnectionLost(ApplicationClosed(ApplicationClose { error_code: 0, reason: b"" })) }) session_id=4 topic="7c7d87029e"
2026-10-07T20:38:48.880584Z  WARN p2panda_net::sync::actors::topic_manager: sync session failed: Io(Custom { kind: NotConnected, error: ConnectionLost(LocallyClosed) }) session_id=1 topic="7c7d87029e"
2026-10-07T20:38:48.880587Z  WARN p2panda_net::sync::actors::topic_manager: sync session failed: Io(Custom { kind: NotConnected, error: ConnectionLost(ApplicationClosed(ApplicationClose { error_code: 0, reason: b"" })) }) session_id=3 topic="7c7d87029e"
2026-10-07T20:38:48.880587Z  WARN p2panda_net::sync::actors::topic_manager: sync session failed: Io(Custom { kind: NotConnected, error: ConnectionLost(LocallyClosed) }) session_id=2 topic="e95fa4cb2d"
2026-10-07T20:38:48.880604Z  WARN p2panda_net::sync::actors::topic_manager: sync session failed: Io(Custom { kind: NotConnected, error: ConnectionLost(ApplicationClosed(ApplicationClose { error_code: 0, reason: b"" })) }) session_id=4 topic="7c7d87029e"
2026-10-07T20:38:48.880689Z  WARN p2panda_net::sync::actors::topic_manager: sync session failed: Io(Custom { kind: NotConnected, error: ConnectionLost(LocallyClosed) }) session_id=5 topic="7c7d87029e"
2026-10-07T20:38:48.880672Z  WARN p2panda_net::sync::actors::topic_manager: sync session failed: Io(Custom { kind: NotConnected, error: ConnectionLost(ApplicationClosed(ApplicationClose { error_code: 0, reason: b"" })) }) session_id=2 topic="d0809fb532"
2026-10-07T20:38:48.880649Z  WARN p2panda_net::sync::actors::topic_manager: sync session failed: Io(Custom { kind: NotConnected, error: ConnectionLost(LocallyClosed) }) session_id=2 topic="7c7d87029e"
2026-10-07T20:38:48.880748Z  WARN p2panda_net::sync::actors::topic_manager: sync session failed: Io(Custom { kind: NotConnected, error: ConnectionLost(ApplicationClosed(ApplicationClose { error_code: 0, reason: b"" })) }) session_id=2 topic="7c7d87029e"
2026-10-07T20:38:48.880807Z  WARN p2panda_net::sync::actors::topic_manager: sync session failed: Io(Custom { kind: NotConnected, error: ConnectionLost(ApplicationClosed(ApplicationClose { error_code: 0, reason: b"" })) }) session_id=3 topic="7c7d87029e"
2026-10-07T20:38:48.895955Z  WARN p2panda_net::sync::actors::topic_manager: sync session failed: Io(Custom { kind: NotConnected, error: ConnectionLost(ApplicationClosed(ApplicationClose { error_code: 0, reason: b"" })) }) session_id=4 topic="e347e241b4"
2026-10-07T20:38:48.911952Z  WARN p2panda_net::sync::actors::topic_manager: sync session failed: Io(Custom { kind: NotConnected, error: ConnectionLost(ApplicationClosed(ApplicationClose { error_code: 0, reason: b"" })) }) session_id=4 topic="e95fa4cb2d"
2026-10-07T20:38:48.912099Z  WARN p2panda_net::sync::actors::topic_manager: sync session failed: Io(Custom { kind: NotConnected, error: ConnectionLost(LocallyClosed) }) session_id=1 topic="7c7d87029e"
2026-10-07T20:38:50.895499Z  WARN p2panda_net::sync::actors::topic_manager: sync session failed: Io(Custom { kind: NotConnected, error: ConnectionLost(ApplicationClosed(ApplicationClose { error_code: 0, reason: b"" })) }) session_id=1 topic="8634cf85fe"
2026-10-07T20:38:51.612492Z  WARN p2panda_net::iroh_mdns::actor: found invalid transport info coming from iroh's services endpoint_id=9b662f09bb44edb188b2a022b4eb969d44181252866340d454e017372d38d19b
2026-10-07T20:38:51.613637Z  WARN p2panda_net::iroh_mdns::actor: found invalid transport info coming from iroh's services endpoint_id=9b662f09bb44edb188b2a022b4eb969d44181252866340d454e017372d38d19b
2026-10-07T20:38:51.613718Z  WARN p2panda_net::iroh_mdns::actor: found invalid transport info coming from iroh's services endpoint_id=9b662f09bb44edb188b2a022b4eb969d44181252866340d454e017372d38d19b
2026-10-07T20:38:51.613837Z  WARN p2panda_net::iroh_mdns::actor: found invalid transport info coming from iroh's services endpoint_id=9b662f09bb44edb188b2a022b4eb969d44181252866340d454e017372d38d19b
2026-10-07T20:38:51.613914Z  WARN p2panda_net::iroh_mdns::actor: found invalid transport info coming from iroh's services endpoint_id=9b662f09bb44edb188b2a022b4eb969d44181252866340d454e017372d38d19b
2026-10-07T20:38:53.480309Z  WARN gossip{me=206256542a}: iroh_gossip::net: failed to send: connection task send loop terminated peer=aa29a5864f
2026-10-07T20:38:53.480864Z ERROR iroh::socket::transports::relay: relay_recv_channel closed
2026-10-07T20:38:53.482124Z ERROR iroh::socket::transports::relay: relay_recv_channel closed
2026-10-07T20:38:53.883740Z  WARN p2panda_net::sync::actors::topic_manager: sync session failed: Io(Custom { kind: NotConnected, error: ConnectionLost(LocallyClosed) }) session_id=1 topic="7c7d87029e"
2026-10-07T20:38:53.883738Z  WARN p2panda_net::sync::actors::topic_manager: sync session failed: Io(Custom { kind: NotConnected, error: ConnectionLost(ApplicationClosed(ApplicationClose { error_code: 0, reason: b"" })) }) session_id=3 topic="7c7d87029e"
2026-10-07T20:38:53.883844Z  WARN p2panda_net::sync::actors::topic_manager: sync session failed: Io(Custom { kind: NotConnected, error: ConnectionLost(ApplicationClosed(ApplicationClose { error_code: 0, reason: b"" })) }) session_id=4 topic="7c7d87029e"
2026-10-07T20:38:53.883769Z  WARN p2panda_net::sync::actors::topic_manager: sync session failed: Io(Custom { kind: NotConnected, error: ConnectionLost(ApplicationClosed(ApplicationClose { error_code: 0, reason: b"" })) }) session_id=4 topic="7c7d87029e"
2026-10-07T20:38:53.883738Z  WARN p2panda_net::sync::actors::topic_manager: sync session failed: Io(Custom { kind: NotConnected, error: ConnectionLost(ApplicationClosed(ApplicationClose { error_code: 0, reason: b"" })) }) session_id=2 topic="7c7d87029e"
2026-10-07T20:38:53.883903Z  WARN p2panda_net::sync::actors::topic_manager: sync session failed: Io(Custom { kind: NotConnected, error: ConnectionLost(ApplicationClosed(ApplicationClose { error_code: 0, reason: b"" })) }) session_id=2 topic="e95fa4cb2d"
2026-10-07T20:38:53.883908Z  WARN p2panda_net::sync::actors::topic_manager: sync session failed: Io(Custom { kind: NotConnected, error: ConnectionLost(LocallyClosed) }) session_id=5 topic="7c7d87029e"
2026-10-07T20:38:53.884093Z  WARN p2panda_net::sync::actors::topic_manager: sync session failed: Io(Custom { kind: NotConnected, error: ConnectionLost(ApplicationClosed(ApplicationClose { error_code: 0, reason: b"" })) }) session_id=3 topic="e347e241b4"
2026-10-07T20:38:53.884211Z  WARN p2panda_net::sync::actors::topic_manager: sync session failed: Io(Custom { kind: NotConnected, error: ConnectionLost(ApplicationClosed(ApplicationClose { error_code: 0, reason: b"" })) }) session_id=4 topic="7c7d87029e"
2026-10-07T20:38:53.884268Z  WARN p2panda_net::sync::actors::topic_manager: sync session failed: Io(Custom { kind: NotConnected, error: ConnectionLost(ApplicationClosed(ApplicationClose { error_code: 0, reason: b"" })) }) session_id=3 topic="7c7d87029e"
2026-10-07T20:38:53.884302Z  WARN p2panda_net::sync::actors::topic_manager: sync session failed: Io(Custom { kind: NotConnected, error: ConnectionLost(ApplicationClosed(ApplicationClose { error_code: 0, reason: b"" })) }) session_id=3 topic="7c7d87029e"
2026-10-07T20:38:53.884118Z  WARN p2panda_net::sync::actors::topic_manager: sync session failed: Io(Custom { kind: NotConnected, error: ConnectionLost(ApplicationClosed(ApplicationClose { error_code: 0, reason: b"" })) }) session_id=3 topic="d0809fb532"
2026-10-07T20:38:53.884159Z  WARN p2panda_net::sync::actors::topic_manager: sync session failed: Io(Custom { kind: NotConnected, error: ConnectionLost(LocallyClosed) }) session_id=4 topic="d0809fb532"
2026-10-07T20:38:53.884439Z  WARN p2panda_net::sync::actors::topic_manager: sync session failed: Io(Custom { kind: NotConnected, error: ConnectionLost(LocallyClosed) }) session_id=2 topic="7c7d87029e"
2026-10-07T20:38:53.884531Z  WARN p2panda_net::sync::actors::topic_manager: sync session failed: Io(Custom { kind: NotConnected, error: ConnectionLost(LocallyClosed) }) session_id=1 topic="7c7d87029e"
2026-10-07T20:38:53.884564Z  WARN p2panda_net::sync::actors::topic_manager: sync session failed: Io(Custom { kind: NotConnected, error: ConnectionLost(ApplicationClosed(ApplicationClose { error_code: 0, reason: b"" })) }) session_id=3 topic="7c7d87029e"
2026-10-07T20:38:53.884642Z  WARN p2panda_net::sync::actors::topic_manager: sync session failed: Io(Custom { kind: NotConnected, error: ConnectionLost(LocallyClosed) }) session_id=4 topic="7c7d87029e"
2026-10-07T20:38:53.884711Z  WARN p2panda_net::sync::actors::topic_manager: sync session failed: Io(Custom { kind: NotConnected, error: ConnectionLost(ApplicationClosed(ApplicationClose { error_code: 0, reason: b"" })) }) session_id=4 topic="7c7d87029e"
2026-10-07T20:38:53.884730Z  WARN p2panda_net::sync::actors::topic_manager: sync session failed: Io(Custom { kind: NotConnected, error: ConnectionLost(ApplicationClosed(ApplicationClose { error_code: 0, reason: b"" })) }) session_id=2 topic="7c7d87029e"
2026-10-07T20:38:53.884836Z  WARN p2panda_net::sync::actors::topic_manager: sync session failed: Io(Custom { kind: NotConnected, error: ConnectionLost(ApplicationClosed(ApplicationClose { error_code: 0, reason: b"" })) }) session_id=4 topic="d0809fb532"
2026-10-07T20:38:53.884893Z  WARN p2panda_net::sync::actors::topic_manager: sync session failed: Io(Custom { kind: NotConnected, error: ConnectionLost(LocallyClosed) }) session_id=2 topic="7c7d87029e"
2026-10-07T20:38:53.884943Z  WARN p2panda_net::sync::actors::topic_manager: sync session failed: Io(Custom { kind: NotConnected, error: ConnectionLost(LocallyClosed) }) session_id=5 topic="e95fa4cb2d"
2026-10-07T20:38:53.899982Z  WARN p2panda_net::sync::actors::topic_manager: sync session failed: Io(Custom { kind: NotConnected, error: ConnectionLost(ApplicationClosed(ApplicationClose { error_code: 0, reason: b"" })) }) session_id=3 topic="e347e241b4"
2026-10-07T20:38:53.915908Z  WARN p2panda_net::sync::actors::topic_manager: sync session failed: Io(Custom { kind: NotConnected, error: ConnectionLost(LocallyClosed) }) session_id=5 topic="7c7d87029e"
2026-10-07T20:38:53.916023Z  WARN p2panda_net::sync::actors::topic_manager: sync session failed: Io(Custom { kind: NotConnected, error: ConnectionLost(ApplicationClosed(ApplicationClose { error_code: 0, reason: b"" })) }) session_id=3 topic="e95fa4cb2d"
2026-10-07T20:38:53.983200Z  WARN p2panda_net::sync::actors::topic_manager: sync session failed: address book does not have any iroh address info for node id 3d808bf80c0bd83159949ccfc4dadd383876749ab2262d77e2112f05d672590d session_id=2 topic="07fbd84d23"
2026-10-07T20:38:53.983294Z  WARN p2panda_net::sync::actors::topic_manager: sync session failed: address book does not have any iroh address info for node id 3d808bf80c0bd83159949ccfc4dadd383876749ab2262d77e2112f05d672590d session_id=2 topic="fb6429b71f"
2026-10-07T20:38:53.983400Z  WARN p2panda_net::sync::actors::topic_manager: sync session failed: address book does not have any iroh address info for node id 3d808bf80c0bd83159949ccfc4dadd383876749ab2262d77e2112f05d672590d session_id=2 topic="f1853652e6"
2026-10-07T20:38:53.983489Z  WARN p2panda_net::sync::actors::topic_manager: sync session failed: address book does not have any iroh address info for node id 3d808bf80c0bd83159949ccfc4dadd383876749ab2262d77e2112f05d672590d session_id=2 topic="ab13e51bc6"
2026-10-07T20:38:53.983643Z  WARN p2panda_net::sync::actors::topic_manager: sync session failed: address book does not have any iroh address info for node id 3d808bf80c0bd83159949ccfc4dadd383876749ab2262d77e2112f05d672590d session_id=2 topic="07fbd84d23"
2026-10-07T20:38:53.983725Z  WARN p2panda_net::sync::actors::topic_manager: sync session failed: address book does not have any iroh address info for node id 3d808bf80c0bd83159949ccfc4dadd383876749ab2262d77e2112f05d672590d session_id=2 topic="07fbd84d23"
2026-10-07T20:38:53.983787Z  WARN p2panda_net::sync::actors::topic_manager: sync session failed: address book does not have any iroh address info for node id 3d808bf80c0bd83159949ccfc4dadd383876749ab2262d77e2112f05d672590d session_id=2 topic="07fbd84d23"
2026-10-07T20:38:53.983911Z  WARN p2panda_net::sync::actors::topic_manager: sync session failed: address book does not have any iroh address info for node id 3d808bf80c0bd83159949ccfc4dadd383876749ab2262d77e2112f05d672590d session_id=2 topic="07fbd84d23"
2026-10-07T20:38:53.984027Z  WARN p2panda_net::sync::actors::topic_manager: sync session failed: address book does not have any iroh address info for node id 3d808bf80c0bd83159949ccfc4dadd383876749ab2262d77e2112f05d672590d session_id=2 topic="07fbd84d23"
2026-10-07T20:38:53.984101Z  WARN p2panda_net::sync::actors::topic_manager: sync session failed: address book does not have any iroh address info for node id 3d808bf80c0bd83159949ccfc4dadd383876749ab2262d77e2112f05d672590d session_id=2 topic="07fbd84d23"
test place::worker::tests::a_founded_place_invites_an_offered_prekey_and_admits_it ... ok
2026-10-07T20:38:56.769058Z  WARN p2panda_net::iroh_endpoint::actors::connection: accepting incoming connection ended with error: closed
2026-10-07T20:38:56.769230Z  WARN p2panda_net::iroh_endpoint::actors::connection: accepting incoming connection ended with error: closed
2026-10-07T20:38:56.769350Z  WARN p2panda_net::iroh_endpoint::actors::connection: accepting incoming connection ended with error: closed
2026-10-07T20:38:56.769451Z  WARN p2panda_net::iroh_endpoint::actors::connection: accepting incoming connection ended with error: closed
2026-10-07T20:38:56.769556Z  WARN p2panda_net::iroh_endpoint::actors::connection: accepting incoming connection ended with error: closed
2026-10-07T20:38:56.769625Z  WARN p2panda_net::iroh_endpoint::actors::connection: accepting incoming connection ended with error: closed
2026-10-07T20:38:56.769687Z  WARN p2panda_net::iroh_endpoint::actors::connection: accepting incoming connection ended with error: closed
2026-10-07T20:38:56.769991Z  WARN p2panda_net::iroh_endpoint::actors::connection: accepting incoming connection ended with error: closed
2026-10-07T20:38:56.770100Z  WARN p2panda_net::iroh_endpoint::actors::connection: accepting incoming connection ended with error: closed
2026-10-07T20:38:56.770169Z  WARN p2panda_net::iroh_endpoint::actors::connection: accepting incoming connection ended with error: closed
2026-10-07T20:38:56.775310Z  WARN p2panda_net::sync::actors::topic_manager: sync session failed: log sync error receiving from message stream: MessageStream("Io(Custom { kind: NotConnected, error: ConnectionLost(ApplicationClosed(ApplicationClose { error_code: 0, reason: b\"\" })) })") session_id=1 topic="bd5da683bb"
2026-10-07T20:38:56.776545Z  WARN p2panda_net::sync::actors::topic_manager: sync session failed: log sync error receiving from message stream: MessageStream("Io(Custom { kind: NotConnected, error: ConnectionLost(ApplicationClosed(ApplicationClose { error_code: 0, reason: b\"\" })) })") session_id=1 topic="bd5da683bb"
2026-10-07T20:38:56.777907Z  WARN p2panda_net::sync::actors::topic_manager: sync session failed: log sync error receiving from message stream: MessageStream("Io(Custom { kind: NotConnected, error: ConnectionLost(ApplicationClosed(ApplicationClose { error_code: 0, reason: b\"\" })) })") session_id=1 topic="bd5da683bb"
2026-10-07T20:38:56.779001Z  WARN p2panda_net::sync::actors::topic_manager: sync session failed: error sending on message sink: MessageSink("Io(Custom { kind: NotConnected, error: ConnectionLost(ApplicationClosed(ApplicationClose { error_code: 0, reason: b\"\" })) })") session_id=2 topic="bd5da683bb"
2026-10-07T20:38:56.779317Z  WARN p2panda_net::sync::actors::topic_manager: sync session failed: closed by peer: 0 session_id=1 topic="bd5da683bb"
2026-10-07T20:38:56.779318Z  WARN p2panda_net::sync::actors::topic_manager: sync session failed: closed by peer: 0 session_id=1 topic="bd5da683bb"
2026-10-07T20:38:56.779399Z  WARN p2panda_net::sync::actors::topic_manager: sync session failed: closed by peer: 0 session_id=1 topic="bd5da683bb"
2026-10-07T20:38:56.779441Z  WARN p2panda_net::sync::actors::topic_manager: sync session failed: closed by peer: 0 session_id=1 topic="d6eb62b975"
2026-10-07T20:38:56.780558Z  WARN p2panda_net::sync::actors::topic_manager: sync session failed: log sync error receiving from message stream: MessageStream("Io(Custom { kind: NotConnected, error: ConnectionLost(ApplicationClosed(ApplicationClose { error_code: 0, reason: b\"\" })) })") session_id=1 topic="2aa1b15609"
2026-10-07T20:38:56.780756Z  WARN p2panda_net::sync::actors::topic_manager: sync session failed: log sync error receiving from message stream: MessageStream("Io(Custom { kind: NotConnected, error: ConnectionLost(ApplicationClosed(ApplicationClose { error_code: 0, reason: b\"\" })) })") session_id=1 topic="bd5da683bb"
2026-10-07T20:38:56.781310Z  WARN p2panda_net::sync::actors::topic_manager: sync session failed: MessageSink("Io(Custom { kind: NotConnected, error: ConnectionLost(ApplicationClosed(ApplicationClose { error_code: 0, reason: b\"\" })) })") session_id=1 topic="b56ce13784"
2026-10-07T20:38:56.781477Z  WARN p2panda_net::sync::actors::topic_manager: sync session failed: MessageSink("Io(Custom { kind: NotConnected, error: ConnectionLost(ConnectionClosed(ConnectionClose { error_code: APPLICATION_ERROR, frame_type: None, reason: b\"\" })) })") session_id=0 topic="bd5da683bb"
2026-10-07T20:38:56.781636Z  WARN p2panda_net::sync::actors::topic_manager: sync session failed: MessageSink("Io(Custom { kind: NotConnected, error: ConnectionLost(ConnectionClosed(ConnectionClose { error_code: APPLICATION_ERROR, frame_type: None, reason: b\"\" })) })") session_id=0 topic="bd5da683bb"
2026-10-07T20:38:56.782557Z  WARN p2panda_net::iroh_endpoint::actors::connection: connection establishment failed: aborted by peer: the application or application protocol caused the connection to be closed during the handshake
2026-10-07T20:38:56.782668Z  WARN p2panda_net::iroh_endpoint::actors::connection: connection establishment failed: aborted by peer: the application or application protocol caused the connection to be closed during the handshake
2026-10-07T20:38:56.782752Z  WARN p2panda_net::iroh_endpoint::actors::connection: connection establishment failed: aborted by peer: the application or application protocol caused the connection to be closed during the handshake
2026-10-07T20:38:56.782766Z  WARN p2panda_net::sync::actors::topic_manager: sync session failed: aborted by peer: the application or application protocol caused the connection to be closed during the handshake session_id=0 topic="2aa1b15609"
2026-10-07T20:38:56.782828Z  WARN p2panda_net::iroh_endpoint::actors::connection: connection establishment failed: aborted by peer: the application or application protocol caused the connection to be closed during the handshake
2026-10-07T20:38:56.782858Z  WARN p2panda_net::sync::actors::topic_manager: sync session failed: aborted by peer: the application or application protocol caused the connection to be closed during the handshake session_id=0 topic="b56ce13784"
2026-10-07T20:38:56.782893Z  WARN p2panda_net::iroh_endpoint::actors::connection: connection establishment failed: aborted by peer: the application or application protocol caused the connection to be closed during the handshake
2026-10-07T20:38:56.782923Z  WARN p2panda_net::sync::actors::topic_manager: sync session failed: aborted by peer: the application or application protocol caused the connection to be closed during the handshake session_id=0 topic="bd5da683bb"
2026-10-07T20:38:56.782960Z  WARN p2panda_net::iroh_endpoint::actors::connection: connection establishment failed: aborted by peer: the application or application protocol caused the connection to be closed during the handshake
2026-10-07T20:38:56.782977Z  WARN p2panda_net::sync::actors::topic_manager: sync session failed: aborted by peer: the application or application protocol caused the connection to be closed during the handshake session_id=0 topic="bd5da683bb"
2026-10-07T20:38:56.783026Z  WARN p2panda_net::iroh_endpoint::actors::connection: connection establishment failed: aborted by peer: the application or application protocol caused the connection to be closed during the handshake
2026-10-07T20:38:56.783043Z  WARN p2panda_net::sync::actors::topic_manager: sync session failed: aborted by peer: the application or application protocol caused the connection to be closed during the handshake session_id=0 topic="bd5da683bb"
2026-10-07T20:38:56.783113Z  WARN p2panda_net::sync::actors::topic_manager: sync session failed: aborted by peer: the application or application protocol caused the connection to be closed during the handshake session_id=0 topic="bd5da683bb"
2026-10-07T20:38:56.783179Z  WARN p2panda_net::sync::actors::topic_manager: sync session failed: aborted by peer: the application or application protocol caused the connection to be closed during the handshake session_id=0 topic="d6eb62b975"
2026-10-07T20:38:58.897440Z  WARN p2panda_net::sync::actors::topic_manager: sync session failed: Io(Custom { kind: NotConnected, error: ConnectionLost(LocallyClosed) }) session_id=2 topic="d0809fb532"
2026-10-07T20:38:58.897508Z  WARN p2panda_net::sync::actors::topic_manager: sync session failed: Io(Custom { kind: NotConnected, error: ConnectionLost(LocallyClosed) }) session_id=1 topic="e95fa4cb2d"
2026-10-07T20:38:58.897670Z  WARN p2panda_net::sync::actors::topic_manager: sync session failed: Io(Custom { kind: NotConnected, error: ConnectionLost(LocallyClosed) }) session_id=5 topic="7c7d87029e"
2026-10-07T20:38:58.897736Z  WARN p2panda_net::sync::actors::topic_manager: sync session failed: Io(Custom { kind: NotConnected, error: ConnectionLost(LocallyClosed) }) session_id=1 topic="7c7d87029e"
2026-10-07T20:38:58.897949Z  WARN p2panda_net::sync::actors::topic_manager: sync session failed: Io(Custom { kind: NotConnected, error: ConnectionLost(LocallyClosed) }) session_id=4 topic="7c7d87029e"
2026-10-07T20:38:58.898055Z  WARN p2panda_net::sync::actors::topic_manager: sync session failed: Io(Custom { kind: NotConnected, error: ConnectionLost(LocallyClosed) }) session_id=2 topic="7c7d87029e"
2026-10-07T20:38:58.898121Z  WARN p2panda_net::sync::actors::topic_manager: sync session failed: Io(Custom { kind: NotConnected, error: ConnectionLost(LocallyClosed) }) session_id=4 topic="7c7d87029e"
2026-10-07T20:38:58.898555Z  WARN p2panda_net::sync::actors::topic_manager: sync session failed: Io(Custom { kind: NotConnected, error: ConnectionLost(LocallyClosed) }) session_id=5 topic="7c7d87029e"
2026-10-07T20:38:58.932876Z  WARN p2panda_net::sync::actors::topic_manager: sync session failed: Io(Custom { kind: NotConnected, error: ConnectionLost(LocallyClosed) }) session_id=2 topic="7c7d87029e"
2026-10-07T20:38:59.034041Z  WARN p2panda_net::iroh_mdns::actor: found invalid transport info coming from iroh's services endpoint_id=9b662f09bb44edb188b2a022b4eb969d44181252866340d454e017372d38d19b
2026-10-07T20:38:59.040369Z  WARN p2panda_net::iroh_mdns::actor: found invalid transport info coming from iroh's services endpoint_id=9b662f09bb44edb188b2a022b4eb969d44181252866340d454e017372d38d19b
2026-10-07T20:38:59.045137Z  WARN p2panda_net::iroh_mdns::actor: found invalid transport info coming from iroh's services endpoint_id=9b662f09bb44edb188b2a022b4eb969d44181252866340d454e017372d38d19b
2026-10-07T20:38:59.046355Z  WARN p2panda_net::iroh_mdns::actor: found invalid transport info coming from iroh's services endpoint_id=9b662f09bb44edb188b2a022b4eb969d44181252866340d454e017372d38d19b
2026-10-07T20:38:59.047834Z  WARN p2panda_net::iroh_mdns::actor: found invalid transport info coming from iroh's services endpoint_id=9b662f09bb44edb188b2a022b4eb969d44181252866340d454e017372d38d19b
2026-10-07T20:38:59.050017Z  WARN p2panda_net::iroh_mdns::actor: found invalid transport info coming from iroh's services endpoint_id=9b662f09bb44edb188b2a022b4eb969d44181252866340d454e017372d38d19b
2026-10-07T20:38:59.062570Z  WARN p2panda_net::iroh_mdns::actor: found invalid transport info coming from iroh's services endpoint_id=9b662f09bb44edb188b2a022b4eb969d44181252866340d454e017372d38d19b
2026-10-07T20:38:59.065569Z  WARN p2panda_net::iroh_mdns::actor: found invalid transport info coming from iroh's services endpoint_id=9b662f09bb44edb188b2a022b4eb969d44181252866340d454e017372d38d19b
2026-10-07T20:38:59.066357Z  WARN p2panda_net::iroh_mdns::actor: found invalid transport info coming from iroh's services endpoint_id=9b662f09bb44edb188b2a022b4eb969d44181252866340d454e017372d38d19b
2026-10-07T20:38:59.073575Z  WARN p2panda_net::iroh_mdns::actor: found invalid transport info coming from iroh's services endpoint_id=9b662f09bb44edb188b2a022b4eb969d44181252866340d454e017372d38d19b
2026-10-07T20:38:59.074159Z  WARN p2panda_net::iroh_mdns::actor: found invalid transport info coming from iroh's services endpoint_id=9b662f09bb44edb188b2a022b4eb969d44181252866340d454e017372d38d19b
2026-10-07T20:38:59.077167Z  WARN p2panda_net::iroh_mdns::actor: found invalid transport info coming from iroh's services endpoint_id=9b662f09bb44edb188b2a022b4eb969d44181252866340d454e017372d38d19b
2026-10-07T20:39:01.777280Z  WARN p2panda_net::sync::actors::topic_manager: sync session failed: aborted by peer: the application or application protocol caused the connection to be closed during the handshake session_id=0 topic="bd5da683bb"
2026-10-07T20:39:03.912523Z  WARN p2panda_net::sync::actors::topic_manager: sync session failed: Io(Custom { kind: NotConnected, error: ConnectionLost(LocallyClosed) }) session_id=5 topic="7c7d87029e"
2026-10-07T20:39:03.912540Z  WARN p2panda_net::sync::actors::topic_manager: sync session failed: Io(Custom { kind: NotConnected, error: ConnectionLost(LocallyClosed) }) session_id=4 topic="7c7d87029e"
2026-10-07T20:39:03.912610Z  WARN p2panda_net::sync::actors::topic_manager: sync session failed: Io(Custom { kind: NotConnected, error: ConnectionLost(LocallyClosed) }) session_id=2 topic="7c7d87029e"
2026-10-07T20:39:03.912611Z  WARN p2panda_net::sync::actors::topic_manager: sync session failed: Io(Custom { kind: NotConnected, error: ConnectionLost(LocallyClosed) }) session_id=1 topic="7c7d87029e"
2026-10-07T20:39:03.912659Z  WARN p2panda_net::sync::actors::topic_manager: sync session failed: Io(Custom { kind: NotConnected, error: ConnectionLost(LocallyClosed) }) session_id=4 topic="7c7d87029e"
2026-10-07T20:39:03.912783Z  WARN p2panda_net::sync::actors::topic_manager: sync session failed: Io(Custom { kind: NotConnected, error: ConnectionLost(LocallyClosed) }) session_id=4 topic="e95fa4cb2d"
2026-10-07T20:39:03.912891Z  WARN p2panda_net::sync::actors::topic_manager: sync session failed: Io(Custom { kind: NotConnected, error: ConnectionLost(LocallyClosed) }) session_id=1 topic="d0809fb532"
2026-10-07T20:39:03.912943Z  WARN p2panda_net::sync::actors::topic_manager: sync session failed: Io(Custom { kind: NotConnected, error: ConnectionLost(LocallyClosed) }) session_id=2 topic="7c7d87029e"
2026-10-07T20:39:03.943514Z  WARN p2panda_net::sync::actors::topic_manager: sync session failed: Io(Custom { kind: NotConnected, error: ConnectionLost(LocallyClosed) }) session_id=4 topic="7c7d87029e"
test place::worker::tests::a_live_place_reconnects_into_a_new_generation_in_one_process ... ok
2026-10-07T20:39:05.649051Z  WARN p2panda_net::iroh_mdns::actor: found invalid transport info coming from iroh's services endpoint_id=9b662f09bb44edb188b2a022b4eb969d44181252866340d454e017372d38d19b
2026-10-07T20:39:05.649288Z  WARN p2panda_net::iroh_mdns::actor: found invalid transport info coming from iroh's services endpoint_id=9b662f09bb44edb188b2a022b4eb969d44181252866340d454e017372d38d19b
2026-10-07T20:39:05.649421Z  WARN p2panda_net::iroh_mdns::actor: found invalid transport info coming from iroh's services endpoint_id=9b662f09bb44edb188b2a022b4eb969d44181252866340d454e017372d38d19b
2026-10-07T20:39:05.649802Z  WARN p2panda_net::iroh_mdns::actor: found invalid transport info coming from iroh's services endpoint_id=9b662f09bb44edb188b2a022b4eb969d44181252866340d454e017372d38d19b
2026-10-07T20:39:05.649884Z  WARN p2panda_net::iroh_mdns::actor: found invalid transport info coming from iroh's services endpoint_id=9b662f09bb44edb188b2a022b4eb969d44181252866340d454e017372d38d19b
2026-10-07T20:39:05.649901Z  WARN p2panda_net::iroh_mdns::actor: found invalid transport info coming from iroh's services endpoint_id=9b662f09bb44edb188b2a022b4eb969d44181252866340d454e017372d38d19b
2026-10-07T20:39:06.616791Z  WARN p2panda_sync::protocols::topic_log_sync: sync session closed with error error=DecodeMessage("Io(Custom { kind: NotConnected, error: ConnectionLost(ApplicationClosed(ApplicationClose { error_code: 0, reason: b\"\" })) })")
2026-10-07T20:39:06.616858Z  WARN p2panda_sync::protocols::topic_log_sync: sync session closed with error error=DecodeMessage("Io(Custom { kind: NotConnected, error: ConnectionLost(ApplicationClosed(ApplicationClose { error_code: 0, reason: b\"\" })) })")
2026-10-07T20:39:06.617139Z  WARN p2panda_net::sync::actors::topic_manager: sync session failed: Io(Custom { kind: NotConnected, error: ConnectionLost(ApplicationClosed(ApplicationClose { error_code: 0, reason: b"" })) }) session_id=0 topic="07fbd84d23"
2026-10-07T20:39:06.617458Z  WARN p2panda_net::sync::actors::topic_manager: sync session failed: Io(Custom { kind: NotConnected, error: ConnectionLost(ApplicationClosed(ApplicationClose { error_code: 0, reason: b"" })) }) session_id=2 topic="fb6429b71f"
2026-10-07T20:39:06.618151Z  WARN p2panda_sync::protocols::topic_log_sync: sync session closed with error error=DecodeMessage("Io(Custom { kind: NotConnected, error: ConnectionLost(ApplicationClosed(ApplicationClose { error_code: 0, reason: b\"\" })) })")
2026-10-07T20:39:06.618309Z  WARN p2panda_sync::protocols::topic_log_sync: sync session closed with error error=DecodeMessage("Io(Custom { kind: NotConnected, error: ConnectionLost(ApplicationClosed(ApplicationClose { error_code: 0, reason: b\"\" })) })")
2026-10-07T20:39:06.618441Z  WARN p2panda_net::sync::actors::topic_manager: sync session failed: Io(Custom { kind: NotConnected, error: ConnectionLost(ApplicationClosed(ApplicationClose { error_code: 0, reason: b"" })) }) session_id=2 topic="07fbd84d23"
2026-10-07T20:39:06.618644Z  WARN p2panda_net::sync::actors::topic_manager: sync session failed: Io(Custom { kind: NotConnected, error: ConnectionLost(ApplicationClosed(ApplicationClose { error_code: 0, reason: b"" })) }) session_id=2 topic="07fbd84d23"
2026-10-07T20:39:06.618842Z  WARN p2panda_sync::protocols::topic_log_sync: sync session closed with error error=DecodeMessage("Io(Custom { kind: NotConnected, error: ConnectionLost(ApplicationClosed(ApplicationClose { error_code: 0, reason: b\"\" })) })")
2026-10-07T20:39:06.618997Z  WARN p2panda_sync::protocols::topic_log_sync: sync session closed with error error=DecodeMessage("Io(Custom { kind: NotConnected, error: ConnectionLost(ApplicationClosed(ApplicationClose { error_code: 0, reason: b\"\" })) })")
2026-10-07T20:39:06.618990Z  WARN p2panda_sync::protocols::topic_log_sync: sync session closed with error error=DecodeMessage("Io(Custom { kind: NotConnected, error: ConnectionLost(ApplicationClosed(ApplicationClose { error_code: 0, reason: b\"\" })) })")
2026-10-07T20:39:06.619262Z  WARN p2panda_net::sync::actors::topic_manager: sync session failed: Io(Custom { kind: NotConnected, error: ConnectionLost(ApplicationClosed(ApplicationClose { error_code: 0, reason: b"" })) }) session_id=1 topic="07fbd84d23"
2026-10-07T20:39:06.619518Z  WARN p2panda_sync::protocols::topic_log_sync: sync session closed with error error=DecodeMessage("Io(Custom { kind: NotConnected, error: ConnectionLost(ApplicationClosed(ApplicationClose { error_code: 0, reason: b\"\" })) })")
2026-10-07T20:39:06.619765Z  WARN p2panda_sync::protocols::topic_log_sync: sync session closed with error error=DecodeMessage("Io(Custom { kind: NotConnected, error: ConnectionLost(ApplicationClosed(ApplicationClose { error_code: 0, reason: b\"\" })) })")
2026-10-07T20:39:06.619814Z  WARN p2panda_sync::protocols::topic_log_sync: sync session closed with error error=DecodeMessage("Io(Custom { kind: NotConnected, error: ConnectionLost(ApplicationClosed(ApplicationClose { error_code: 0, reason: b\"\" })) })")
2026-10-07T20:39:06.619863Z  WARN p2panda_sync::protocols::topic_log_sync: sync session closed with error error=DecodeMessage("Io(Custom { kind: NotConnected, error: ConnectionLost(ApplicationClosed(ApplicationClose { error_code: 0, reason: b\"\" })) })")
2026-10-07T20:39:06.619976Z  WARN p2panda_sync::protocols::topic_log_sync: sync session closed with error error=DecodeMessage("Io(Custom { kind: NotConnected, error: ConnectionLost(ApplicationClosed(ApplicationClose { error_code: 0, reason: b\"\" })) })")
2026-10-07T20:39:06.620070Z  WARN p2panda_sync::protocols::topic_log_sync: sync session closed with error error=DecodeMessage("Io(Custom { kind: NotConnected, error: ConnectionLost(ApplicationClosed(ApplicationClose { error_code: 0, reason: b\"\" })) })")
2026-10-07T20:39:06.620130Z  WARN p2panda_net::sync::actors::topic_manager: sync session failed: Io(Custom { kind: NotConnected, error: ConnectionLost(ApplicationClosed(ApplicationClose { error_code: 0, reason: b"" })) }) session_id=2 topic="ab13e51bc6"
2026-10-07T20:39:06.620159Z  WARN p2panda_net::sync::actors::topic_manager: sync session failed: Io(Custom { kind: NotConnected, error: ConnectionLost(ApplicationClosed(ApplicationClose { error_code: 0, reason: b"" })) }) session_id=2 topic="07fbd84d23"
2026-10-07T20:39:06.620449Z  WARN p2panda_sync::protocols::topic_log_sync: sync session closed with error error=DecodeMessage("Io(Custom { kind: NotConnected, error: ConnectionLost(ApplicationClosed(ApplicationClose { error_code: 0, reason: b\"\" })) })")
2026-10-07T20:39:06.620515Z  WARN p2panda_net::sync::actors::topic_manager: sync session failed: Io(Custom { kind: NotConnected, error: ConnectionLost(ApplicationClosed(ApplicationClose { error_code: 0, reason: b"" })) }) session_id=1 topic="ab13e51bc6"
2026-10-07T20:39:06.621465Z  WARN p2panda_sync::protocols::topic_log_sync: sync session closed with error error=DecodeMessage("Io(Custom { kind: NotConnected, error: ConnectionLost(ApplicationClosed(ApplicationClose { error_code: 0, reason: b\"\" })) })")
2026-10-07T20:39:06.621492Z  WARN p2panda_sync::protocols::topic_log_sync: sync session closed with error error=DecodeMessage("Io(Custom { kind: NotConnected, error: ConnectionLost(ApplicationClosed(ApplicationClose { error_code: 0, reason: b\"\" })) })")
2026-10-07T20:39:06.621501Z  WARN p2panda_sync::protocols::topic_log_sync: sync session closed with error error=DecodeMessage("Io(Custom { kind: NotConnected, error: ConnectionLost(ApplicationClosed(ApplicationClose { error_code: 0, reason: b\"\" })) })")
2026-10-07T20:39:06.621820Z  WARN p2panda_sync::protocols::topic_log_sync: sync session closed with error error=DecodeMessage("Io(Custom { kind: NotConnected, error: ConnectionLost(ApplicationClosed(ApplicationClose { error_code: 0, reason: b\"\" })) })")
2026-10-07T20:39:06.621853Z  WARN p2panda_sync::protocols::topic_log_sync: sync session closed with error error=DecodeMessage("Io(Custom { kind: NotConnected, error: ConnectionLost(ApplicationClosed(ApplicationClose { error_code: 0, reason: b\"\" })) })")
2026-10-07T20:39:06.622147Z  WARN p2panda_sync::protocols::topic_log_sync: sync session closed with error error=DecodeMessage("Io(Custom { kind: NotConnected, error: ConnectionLost(ApplicationClosed(ApplicationClose { error_code: 0, reason: b\"\" })) })")
2026-10-07T20:39:06.622206Z  WARN p2panda_net::sync::actors::topic_manager: sync session failed: Io(Custom { kind: NotConnected, error: ConnectionLost(ApplicationClosed(ApplicationClose { error_code: 0, reason: b"" })) }) session_id=0 topic="07fbd84d23"
2026-10-07T20:39:06.622308Z  WARN p2panda_sync::protocols::topic_log_sync: sync session closed with error error=DecodeMessage("Io(Custom { kind: NotConnected, error: ConnectionLost(ApplicationClosed(ApplicationClose { error_code: 0, reason: b\"\" })) })")
2026-10-07T20:39:06.621910Z  WARN p2panda_sync::protocols::topic_log_sync: sync session closed with error error=DecodeMessage("Io(Custom { kind: NotConnected, error: ConnectionLost(ApplicationClosed(ApplicationClose { error_code: 0, reason: b\"\" })) })")
2026-10-07T20:39:06.622072Z  WARN p2panda_sync::protocols::topic_log_sync: sync session closed with error error=DecodeMessage("Io(Custom { kind: NotConnected, error: ConnectionLost(ApplicationClosed(ApplicationClose { error_code: 0, reason: b\"\" })) })")
2026-10-07T20:39:06.622546Z  WARN p2panda_sync::protocols::topic_log_sync: sync session closed with error error=DecodeMessage("Io(Custom { kind: NotConnected, error: ConnectionLost(ApplicationClosed(ApplicationClose { error_code: 0, reason: b\"\" })) })")
2026-10-07T20:39:06.622557Z  WARN p2panda_sync::protocols::topic_log_sync: sync session closed with error error=DecodeMessage("Io(Custom { kind: NotConnected, error: ConnectionLost(ApplicationClosed(ApplicationClose { error_code: 0, reason: b\"\" })) })")
2026-10-07T20:39:06.622614Z  WARN p2panda_sync::protocols::topic_log_sync: sync session closed with error error=DecodeMessage("Io(Custom { kind: NotConnected, error: ConnectionLost(ApplicationClosed(ApplicationClose { error_code: 0, reason: b\"\" })) })")
2026-10-07T20:39:06.622561Z  WARN p2panda_net::sync::actors::topic_manager: sync session failed: Io(Custom { kind: NotConnected, error: ConnectionLost(ApplicationClosed(ApplicationClose { error_code: 0, reason: b"" })) }) session_id=1 topic="f1853652e6"
2026-10-07T20:39:06.622706Z  WARN p2panda_sync::protocols::topic_log_sync: sync session closed with error error=DecodeMessage("Io(Custom { kind: NotConnected, error: ConnectionLost(ApplicationClosed(ApplicationClose { error_code: 0, reason: b\"\" })) })")
2026-10-07T20:39:06.622804Z  WARN p2panda_sync::protocols::topic_log_sync: sync session closed with error error=DecodeMessage("Io(Custom { kind: NotConnected, error: ConnectionLost(ApplicationClosed(ApplicationClose { error_code: 0, reason: b\"\" })) })")
2026-10-07T20:39:06.623031Z  WARN p2panda_sync::protocols::topic_log_sync: sync session closed with error error=DecodeMessage("Io(Custom { kind: NotConnected, error: ConnectionLost(ApplicationClosed(ApplicationClose { error_code: 0, reason: b\"\" })) })")
2026-10-07T20:39:06.623222Z  WARN p2panda_sync::protocols::topic_log_sync: sync session closed with error error=DecodeMessage("Io(Custom { kind: NotConnected, error: ConnectionLost(ApplicationClosed(ApplicationClose { error_code: 0, reason: b\"\" })) })")
2026-10-07T20:39:06.623208Z  WARN p2panda_net::sync::actors::topic_manager: sync session failed: Io(Custom { kind: NotConnected, error: ConnectionLost(ApplicationClosed(ApplicationClose { error_code: 0, reason: b"" })) }) session_id=1 topic="07fbd84d23"
2026-10-07T20:39:06.623309Z  WARN p2panda_sync::protocols::topic_log_sync: sync session closed with error error=DecodeMessage("Io(Custom { kind: NotConnected, error: ConnectionLost(ApplicationClosed(ApplicationClose { error_code: 0, reason: b\"\" })) })")
2026-10-07T20:39:06.623380Z  WARN p2panda_net::sync::actors::topic_manager: sync session failed: error sending on message sink: Io(Custom { kind: NotConnected, error: ConnectionLost(ApplicationClosed(ApplicationClose { error_code: 0, reason: b"" })) }) session_id=2 topic="07fbd84d23"
2026-10-07T20:39:06.623474Z  WARN p2panda_sync::protocols::topic_log_sync: sync session closed with error error=DecodeMessage("Io(Custom { kind: NotConnected, error: ConnectionLost(ApplicationClosed(ApplicationClose { error_code: 0, reason: b\"\" })) })")
2026-10-07T20:39:06.623552Z  WARN p2panda_net::sync::actors::topic_manager: sync session failed: Io(Custom { kind: NotConnected, error: ConnectionLost(ApplicationClosed(ApplicationClose { error_code: 0, reason: b"" })) }) session_id=0 topic="07fbd84d23"
2026-10-07T20:39:06.623666Z  WARN p2panda_sync::protocols::topic_log_sync: sync session closed with error error=DecodeMessage("Io(Custom { kind: NotConnected, error: ConnectionLost(ApplicationClosed(ApplicationClose { error_code: 0, reason: b\"\" })) })")
2026-10-07T20:39:06.623747Z  WARN p2panda_net::sync::actors::topic_manager: sync session failed: Io(Custom { kind: NotConnected, error: ConnectionLost(ApplicationClosed(ApplicationClose { error_code: 0, reason: b"" })) }) session_id=1 topic="07fbd84d23"
2026-10-07T20:39:06.624095Z  WARN p2panda_net::sync::actors::topic_manager: sync session failed: error sending on message sink: Io(Custom { kind: NotConnected, error: ConnectionLost(ApplicationClosed(ApplicationClose { error_code: 0, reason: b"" })) }) session_id=2 topic="07fbd84d23"
2026-10-07T20:39:06.624142Z  WARN p2panda_net::sync::actors::topic_manager: sync session failed: Io(Custom { kind: NotConnected, error: ConnectionLost(ApplicationClosed(ApplicationClose { error_code: 0, reason: b"" })) }) session_id=0 topic="07fbd84d23"
2026-10-07T20:39:06.624397Z  WARN p2panda_sync::protocols::topic_log_sync: sync session closed with error error=DecodeMessage("Io(Custom { kind: NotConnected, error: ConnectionLost(ApplicationClosed(ApplicationClose { error_code: 0, reason: b\"\" })) })")
2026-10-07T20:39:06.624413Z  WARN p2panda_net::sync::actors::topic_manager: sync session failed: Io(Custom { kind: NotConnected, error: ConnectionLost(ApplicationClosed(ApplicationClose { error_code: 0, reason: b"" })) }) session_id=0 topic="f1853652e6"
2026-10-07T20:39:06.624457Z  WARN p2panda_net::sync::actors::topic_manager: sync session failed: Io(Custom { kind: NotConnected, error: ConnectionLost(ApplicationClosed(ApplicationClose { error_code: 0, reason: b"" })) }) session_id=1 topic="fb6429b71f"
2026-10-07T20:39:06.624587Z  WARN p2panda_net::sync::actors::topic_manager: sync session failed: Io(Custom { kind: NotConnected, error: ConnectionLost(ApplicationClosed(ApplicationClose { error_code: 0, reason: b"" })) }) session_id=0 topic="07fbd84d23"
2026-10-07T20:39:06.624869Z  WARN p2panda_net::sync::actors::topic_manager: sync session failed: Io(Custom { kind: NotConnected, error: ConnectionLost(ApplicationClosed(ApplicationClose { error_code: 0, reason: b"" })) }) session_id=0 topic="07fbd84d23"
2026-10-07T20:39:06.625021Z  WARN p2panda_net::sync::actors::topic_manager: sync session failed: error sending on message sink: Io(Custom { kind: NotConnected, error: ConnectionLost(ApplicationClosed(ApplicationClose { error_code: 0, reason: b"" })) }) session_id=2 topic="07fbd84d23"
2026-10-07T20:39:06.625162Z  WARN p2panda_sync::protocols::topic_log_sync: sync session closed with error error=DecodeMessage("Io(Custom { kind: NotConnected, error: ConnectionLost(ApplicationClosed(ApplicationClose { error_code: 0, reason: b\"\" })) })")
2026-10-07T20:39:06.625518Z ERROR iroh::socket::transports::relay: relay_recv_channel closed
2026-10-07T20:39:06.626718Z ERROR iroh::socket::transports::relay: relay_recv_channel closed
2026-10-07T20:39:06.629572Z  WARN p2panda_sync::protocols::topic_log_sync: sync session closed with error error=DecodeMessage("Io(Custom { kind: NotConnected, error: ConnectionLost(LocallyClosed) })")
2026-10-07T20:39:06.629766Z  WARN p2panda_sync::protocols::topic_log_sync: sync session closed with error error=DecodeMessage("Io(Custom { kind: NotConnected, error: ConnectionLost(LocallyClosed) })")
2026-10-07T20:39:06.629936Z  WARN p2panda_sync::protocols::topic_log_sync: sync session closed with error error=DecodeMessage("Io(Custom { kind: NotConnected, error: ConnectionLost(ApplicationClosed(ApplicationClose { error_code: 0, reason: b\"\" })) })")
2026-10-07T20:39:06.630030Z  WARN p2panda_sync::protocols::topic_log_sync: sync session closed with error error=DecodeMessage("Io(Custom { kind: NotConnected, error: ConnectionLost(LocallyClosed) })")
2026-10-07T20:39:06.630090Z  WARN p2panda_sync::protocols::topic_log_sync: sync session closed with error error=DecodeMessage("Io(Custom { kind: NotConnected, error: ConnectionLost(LocallyClosed) })")
2026-10-07T20:39:06.630243Z  WARN p2panda_net::sync::actors::topic_manager: sync session failed: Io(Custom { kind: NotConnected, error: ConnectionLost(ApplicationClosed(ApplicationClose { error_code: 0, reason: b"" })) }) session_id=1 topic="07fbd84d23"
2026-10-07T20:39:06.630437Z  WARN p2panda_sync::protocols::topic_log_sync: sync session closed with error error=DecodeMessage("Io(Custom { kind: NotConnected, error: ConnectionLost(ApplicationClosed(ApplicationClose { error_code: 0, reason: b\"\" })) })")
2026-10-07T20:39:06.630685Z  WARN p2panda_sync::protocols::topic_log_sync: sync session closed with error error=DecodeMessage("Io(Custom { kind: NotConnected, error: ConnectionLost(ApplicationClosed(ApplicationClose { error_code: 0, reason: b\"\" })) })")
2026-10-07T20:39:06.630710Z  WARN p2panda_sync::protocols::topic_log_sync: sync session closed with error error=DecodeMessage("Io(Custom { kind: NotConnected, error: ConnectionLost(LocallyClosed) })")
2026-10-07T20:39:06.630889Z  WARN p2panda_sync::protocols::topic_log_sync: sync session closed with error error=DecodeMessage("Io(Custom { kind: NotConnected, error: ConnectionLost(LocallyClosed) })")
2026-10-07T20:39:06.630965Z  WARN p2panda_net::sync::actors::topic_manager: sync session failed: Io(Custom { kind: NotConnected, error: ConnectionLost(ApplicationClosed(ApplicationClose { error_code: 0, reason: b"" })) }) session_id=1 topic="07fbd84d23"
2026-10-07T20:39:06.631064Z  WARN p2panda_sync::protocols::topic_log_sync: sync session closed with error error=DecodeMessage("Io(Custom { kind: NotConnected, error: ConnectionLost(ApplicationClosed(ApplicationClose { error_code: 0, reason: b\"\" })) })")
2026-10-07T20:39:06.631362Z  WARN p2panda_sync::protocols::topic_log_sync: sync session closed with error error=DecodeMessage("Io(Custom { kind: NotConnected, error: ConnectionLost(LocallyClosed) })")
2026-10-07T20:39:06.631498Z  WARN p2panda_sync::protocols::topic_log_sync: sync session closed with error error=DecodeMessage("Io(Custom { kind: NotConnected, error: ConnectionLost(ApplicationClosed(ApplicationClose { error_code: 0, reason: b\"\" })) })")
2026-10-07T20:39:06.631654Z  WARN p2panda_sync::protocols::topic_log_sync: sync session closed with error error=DecodeMessage("Io(Custom { kind: NotConnected, error: ConnectionLost(ApplicationClosed(ApplicationClose { error_code: 0, reason: b\"\" })) })")
2026-10-07T20:39:06.631883Z  WARN p2panda_net::sync::actors::topic_manager: sync session failed: Io(Custom { kind: NotConnected, error: ConnectionLost(ApplicationClosed(ApplicationClose { error_code: 0, reason: b"" })) }) session_id=1 topic="07fbd84d23"
2026-10-07T20:39:06.631934Z  WARN p2panda_sync::protocols::topic_log_sync: sync session closed with error error=DecodeMessage("Io(Custom { kind: NotConnected, error: ConnectionLost(LocallyClosed) })")
2026-10-07T20:39:06.631962Z  WARN p2panda_sync::protocols::topic_log_sync: sync session closed with error error=DecodeMessage("Io(Custom { kind: NotConnected, error: ConnectionLost(ApplicationClosed(ApplicationClose { error_code: 0, reason: b\"\" })) })")
2026-10-07T20:39:06.632416Z  WARN p2panda_sync::protocols::topic_log_sync: sync session closed with error error=DecodeMessage("Io(Custom { kind: NotConnected, error: ConnectionLost(LocallyClosed) })")
2026-10-07T20:39:06.632501Z  WARN p2panda_sync::protocols::topic_log_sync: sync session closed with error error=DecodeMessage("Io(Custom { kind: NotConnected, error: ConnectionLost(ApplicationClosed(ApplicationClose { error_code: 0, reason: b\"\" })) })")
2026-10-07T20:39:06.632607Z  WARN p2panda_sync::protocols::topic_log_sync: sync session closed with error error=DecodeMessage("Io(Custom { kind: NotConnected, error: ConnectionLost(LocallyClosed) })")
2026-10-07T20:39:06.632698Z  WARN p2panda_sync::protocols::topic_log_sync: sync session closed with error error=DecodeMessage("Io(Custom { kind: NotConnected, error: ConnectionLost(ApplicationClosed(ApplicationClose { error_code: 0, reason: b\"\" })) })")
2026-10-07T20:39:06.633204Z  WARN p2panda_sync::protocols::topic_log_sync: sync session closed with error error=DecodeMessage("Io(Custom { kind: NotConnected, error: ConnectionLost(ApplicationClosed(ApplicationClose { error_code: 0, reason: b\"\" })) })")
2026-10-07T20:39:06.633471Z ERROR iroh::socket::transports::relay: relay_recv_channel closed
2026-10-07T20:39:06.634530Z ERROR iroh::socket::transports::relay: relay_recv_channel closed
test place::worker::tests::a_place_with_only_a_plaintext_graph_is_refused_by_name ... ok
2026-10-07T20:39:10.426824Z  WARN p2panda_net::iroh_mdns::actor: found invalid transport info coming from iroh's services endpoint_id=9b662f09bb44edb188b2a022b4eb969d44181252866340d454e017372d38d19b
2026-10-07T20:39:10.427025Z  WARN p2panda_net::iroh_mdns::actor: found invalid transport info coming from iroh's services endpoint_id=9b662f09bb44edb188b2a022b4eb969d44181252866340d454e017372d38d19b
2026-10-07T20:39:10.427944Z  WARN p2panda_net::iroh_mdns::actor: found invalid transport info coming from iroh's services endpoint_id=9b662f09bb44edb188b2a022b4eb969d44181252866340d454e017372d38d19b
2026-10-07T20:39:10.440760Z  WARN p2panda_net::iroh_mdns::actor: found invalid transport info coming from iroh's services endpoint_id=9b662f09bb44edb188b2a022b4eb969d44181252866340d454e017372d38d19b
2026-10-07T20:39:10.440838Z  WARN p2panda_net::iroh_mdns::actor: found invalid transport info coming from iroh's services endpoint_id=9b662f09bb44edb188b2a022b4eb969d44181252866340d454e017372d38d19b
2026-10-07T20:39:10.441497Z  WARN p2panda_net::iroh_mdns::actor: found invalid transport info coming from iroh's services endpoint_id=9b662f09bb44edb188b2a022b4eb969d44181252866340d454e017372d38d19b
2026-10-07T20:39:11.629427Z  WARN p2panda_net::sync::actors::topic_manager: sync session failed: Io(Custom { kind: NotConnected, error: ConnectionLost(ApplicationClosed(ApplicationClose { error_code: 0, reason: b"" })) }) session_id=0 topic="fb6429b71f"
2026-10-07T20:39:11.629516Z  WARN p2panda_net::sync::actors::topic_manager: sync session failed: Io(Custom { kind: NotConnected, error: ConnectionLost(ApplicationClosed(ApplicationClose { error_code: 0, reason: b"" })) }) session_id=0 topic="07fbd84d23"
2026-10-07T20:39:11.629750Z  WARN p2panda_net::sync::actors::topic_manager: sync session failed: Io(Custom { kind: NotConnected, error: ConnectionLost(ApplicationClosed(ApplicationClose { error_code: 0, reason: b"" })) }) session_id=0 topic="f1853652e6"
2026-10-07T20:39:11.629809Z  WARN p2panda_net::sync::actors::topic_manager: sync session failed: Io(Custom { kind: NotConnected, error: ConnectionLost(ApplicationClosed(ApplicationClose { error_code: 0, reason: b"" })) }) session_id=2 topic="f1853652e6"
2026-10-07T20:39:11.629826Z  WARN p2panda_net::sync::actors::topic_manager: sync session failed: Io(Custom { kind: NotConnected, error: ConnectionLost(ApplicationClosed(ApplicationClose { error_code: 0, reason: b"" })) }) session_id=0 topic="07fbd84d23"
2026-10-07T20:39:11.629852Z  WARN p2panda_net::sync::actors::topic_manager: sync session failed: Io(Custom { kind: NotConnected, error: ConnectionLost(ApplicationClosed(ApplicationClose { error_code: 0, reason: b"" })) }) session_id=0 topic="07fbd84d23"
2026-10-07T20:39:11.629961Z  WARN p2panda_net::sync::actors::topic_manager: sync session failed: Io(Custom { kind: NotConnected, error: ConnectionLost(ApplicationClosed(ApplicationClose { error_code: 0, reason: b"" })) }) session_id=0 topic="07fbd84d23"
2026-10-07T20:39:11.629982Z  WARN p2panda_net::sync::actors::topic_manager: sync session failed: Io(Custom { kind: NotConnected, error: ConnectionLost(ApplicationClosed(ApplicationClose { error_code: 0, reason: b"" })) }) session_id=0 topic="07fbd84d23"
2026-10-07T20:39:11.630001Z  WARN p2panda_net::sync::actors::topic_manager: sync session failed: Io(Custom { kind: NotConnected, error: ConnectionLost(ApplicationClosed(ApplicationClose { error_code: 0, reason: b"" })) }) session_id=0 topic="fb6429b71f"
2026-10-07T20:39:11.630053Z  WARN p2panda_net::sync::actors::topic_manager: sync session failed: Io(Custom { kind: NotConnected, error: ConnectionLost(ApplicationClosed(ApplicationClose { error_code: 0, reason: b"" })) }) session_id=1 topic="07fbd84d23"
2026-10-07T20:39:11.630082Z  WARN p2panda_net::sync::actors::topic_manager: sync session failed: Io(Custom { kind: NotConnected, error: ConnectionLost(ApplicationClosed(ApplicationClose { error_code: 0, reason: b"" })) }) session_id=0 topic="ab13e51bc6"
2026-10-07T20:39:11.630165Z  WARN p2panda_net::sync::actors::topic_manager: sync session failed: Io(Custom { kind: NotConnected, error: ConnectionLost(ApplicationClosed(ApplicationClose { error_code: 0, reason: b"" })) }) session_id=2 topic="07fbd84d23"
2026-10-07T20:39:11.630325Z  WARN p2panda_net::sync::actors::topic_manager: sync session failed: Io(Custom { kind: NotConnected, error: ConnectionLost(ApplicationClosed(ApplicationClose { error_code: 0, reason: b"" })) }) session_id=1 topic="07fbd84d23"
2026-10-07T20:39:11.630492Z  WARN p2panda_net::sync::actors::topic_manager: sync session failed: Io(Custom { kind: NotConnected, error: ConnectionLost(ApplicationClosed(ApplicationClose { error_code: 0, reason: b"" })) }) session_id=0 topic="ab13e51bc6"
2026-10-07T20:39:11.630639Z  WARN p2panda_net::sync::actors::topic_manager: sync session failed: Io(Custom { kind: NotConnected, error: ConnectionLost(ApplicationClosed(ApplicationClose { error_code: 0, reason: b"" })) }) session_id=1 topic="07fbd84d23"
2026-10-07T20:39:11.630824Z  WARN p2panda_net::sync::actors::topic_manager: sync session failed: Io(Custom { kind: NotConnected, error: ConnectionLost(ApplicationClosed(ApplicationClose { error_code: 0, reason: b"" })) }) session_id=1 topic="07fbd84d23"
2026-10-07T20:39:11.630824Z  WARN p2panda_net::sync::actors::topic_manager: sync session failed: Io(Custom { kind: NotConnected, error: ConnectionLost(ApplicationClosed(ApplicationClose { error_code: 0, reason: b"" })) }) session_id=0 topic="07fbd84d23"
2026-10-07T20:39:13.899973Z  WARN p2panda_net::iroh_mdns::actor: found invalid transport info coming from iroh's services endpoint_id=9b662f09bb44edb188b2a022b4eb969d44181252866340d454e017372d38d19b
2026-10-07T20:39:13.900866Z  WARN p2panda_net::iroh_mdns::actor: found invalid transport info coming from iroh's services endpoint_id=9b662f09bb44edb188b2a022b4eb969d44181252866340d454e017372d38d19b
2026-10-07T20:39:13.901274Z  WARN p2panda_net::iroh_mdns::actor: found invalid transport info coming from iroh's services endpoint_id=9b662f09bb44edb188b2a022b4eb969d44181252866340d454e017372d38d19b
test place::lanes::tests::a_revoked_member_stops_reading_while_the_others_follow_the_rotation ... ok
2026-10-07T20:39:15.834523Z  WARN p2panda_net::iroh_mdns::actor: found invalid transport info coming from iroh's services endpoint_id=9b662f09bb44edb188b2a022b4eb969d44181252866340d454e017372d38d19b
2026-10-07T20:39:15.836094Z  WARN p2panda_net::iroh_mdns::actor: found invalid transport info coming from iroh's services endpoint_id=9b662f09bb44edb188b2a022b4eb969d44181252866340d454e017372d38d19b
2026-10-07T20:39:15.836422Z  WARN p2panda_net::iroh_mdns::actor: found invalid transport info coming from iroh's services endpoint_id=9b662f09bb44edb188b2a022b4eb969d44181252866340d454e017372d38d19b
2026-10-07T20:39:16.636699Z  WARN p2panda_net::sync::actors::topic_manager: sync session failed: Io(Custom { kind: NotConnected, error: ConnectionLost(ApplicationClosed(ApplicationClose { error_code: 0, reason: b"" })) }) session_id=1 topic="07fbd84d23"
2026-10-07T20:39:16.636699Z  WARN p2panda_net::sync::actors::topic_manager: sync session failed: Io(Custom { kind: NotConnected, error: ConnectionLost(LocallyClosed) }) session_id=3 topic="07fbd84d23"
2026-10-07T20:39:16.636758Z  WARN p2panda_net::sync::actors::topic_manager: sync session failed: Io(Custom { kind: NotConnected, error: ConnectionLost(LocallyClosed) }) session_id=3 topic="07fbd84d23"
2026-10-07T20:39:16.636760Z  WARN p2panda_net::sync::actors::topic_manager: sync session failed: Io(Custom { kind: NotConnected, error: ConnectionLost(LocallyClosed) }) session_id=3 topic="fb6429b71f"
2026-10-07T20:39:16.636776Z  WARN p2panda_net::sync::actors::topic_manager: sync session failed: Io(Custom { kind: NotConnected, error: ConnectionLost(LocallyClosed) }) session_id=3 topic="07fbd84d23"
2026-10-07T20:39:16.636849Z  WARN p2panda_net::sync::actors::topic_manager: sync session failed: Io(Custom { kind: NotConnected, error: ConnectionLost(LocallyClosed) }) session_id=3 topic="ab13e51bc6"
2026-10-07T20:39:16.636915Z  WARN p2panda_net::sync::actors::topic_manager: sync session failed: Io(Custom { kind: NotConnected, error: ConnectionLost(LocallyClosed) }) session_id=3 topic="07fbd84d23"
2026-10-07T20:39:16.636956Z  WARN p2panda_net::sync::actors::topic_manager: sync session failed: Io(Custom { kind: NotConnected, error: ConnectionLost(LocallyClosed) }) session_id=3 topic="f1853652e6"
2026-10-07T20:39:16.637001Z  WARN p2panda_net::sync::actors::topic_manager: sync session failed: Io(Custom { kind: NotConnected, error: ConnectionLost(ApplicationClosed(ApplicationClose { error_code: 0, reason: b"" })) }) session_id=1 topic="07fbd84d23"
2026-10-07T20:39:16.636964Z  WARN p2panda_net::sync::actors::topic_manager: sync session failed: Io(Custom { kind: NotConnected, error: ConnectionLost(ApplicationClosed(ApplicationClose { error_code: 0, reason: b"" })) }) session_id=1 topic="f1853652e6"
2026-10-07T20:39:16.637041Z  WARN p2panda_net::sync::actors::topic_manager: sync session failed: Io(Custom { kind: NotConnected, error: ConnectionLost(LocallyClosed) }) session_id=3 topic="07fbd84d23"
2026-10-07T20:39:16.637076Z  WARN p2panda_net::sync::actors::topic_manager: sync session failed: Io(Custom { kind: NotConnected, error: ConnectionLost(ApplicationClosed(ApplicationClose { error_code: 0, reason: b"" })) }) session_id=1 topic="fb6429b71f"
2026-10-07T20:39:16.637084Z  WARN p2panda_net::sync::actors::topic_manager: sync session failed: Io(Custom { kind: NotConnected, error: ConnectionLost(ApplicationClosed(ApplicationClose { error_code: 0, reason: b"" })) }) session_id=1 topic="07fbd84d23"
2026-10-07T20:39:16.637202Z  WARN p2panda_net::sync::actors::topic_manager: sync session failed: Io(Custom { kind: NotConnected, error: ConnectionLost(ApplicationClosed(ApplicationClose { error_code: 0, reason: b"" })) }) session_id=1 topic="ab13e51bc6"
2026-10-07T20:39:16.637183Z  WARN p2panda_net::sync::actors::topic_manager: sync session failed: Io(Custom { kind: NotConnected, error: ConnectionLost(ApplicationClosed(ApplicationClose { error_code: 0, reason: b"" })) }) session_id=1 topic="07fbd84d23"
2026-10-07T20:39:16.637182Z  WARN p2panda_net::sync::actors::topic_manager: sync session failed: Io(Custom { kind: NotConnected, error: ConnectionLost(LocallyClosed) }) session_id=3 topic="07fbd84d23"
2026-10-07T20:39:16.637223Z  WARN p2panda_net::sync::actors::topic_manager: sync session failed: Io(Custom { kind: NotConnected, error: ConnectionLost(LocallyClosed) }) session_id=3 topic="07fbd84d23"
test place::worker::tests::a_reader_invitation_admits_a_member_that_cannot_author ... ok
2026-10-07T20:39:17.795282Z  WARN p2panda_net::iroh_mdns::actor: found invalid transport info coming from iroh's services endpoint_id=9b662f09bb44edb188b2a022b4eb969d44181252866340d454e017372d38d19b
2026-10-07T20:39:17.796143Z  WARN p2panda_net::iroh_mdns::actor: found invalid transport info coming from iroh's services endpoint_id=9b662f09bb44edb188b2a022b4eb969d44181252866340d454e017372d38d19b
2026-10-07T20:39:17.796473Z  WARN p2panda_net::iroh_mdns::actor: found invalid transport info coming from iroh's services endpoint_id=9b662f09bb44edb188b2a022b4eb969d44181252866340d454e017372d38d19b
2026-10-07T20:39:19.973801Z  WARN p2panda_net::iroh_mdns::actor: found invalid transport info coming from iroh's services endpoint_id=9b662f09bb44edb188b2a022b4eb969d44181252866340d454e017372d38d19b
2026-10-07T20:39:19.988665Z  WARN p2panda_net::iroh_mdns::actor: found invalid transport info coming from iroh's services endpoint_id=9b662f09bb44edb188b2a022b4eb969d44181252866340d454e017372d38d19b
2026-10-07T20:39:20.013135Z  WARN p2panda_net::iroh_mdns::actor: found invalid transport info coming from iroh's services endpoint_id=9b662f09bb44edb188b2a022b4eb969d44181252866340d454e017372d38d19b
2026-10-07T20:39:20.015943Z  WARN p2panda_net::iroh_mdns::actor: found invalid transport info coming from iroh's services endpoint_id=9b662f09bb44edb188b2a022b4eb969d44181252866340d454e017372d38d19b
2026-10-07T20:39:20.026872Z  WARN p2panda_net::iroh_mdns::actor: found invalid transport info coming from iroh's services endpoint_id=9b662f09bb44edb188b2a022b4eb969d44181252866340d454e017372d38d19b
2026-10-07T20:39:20.029634Z  WARN p2panda_net::iroh_mdns::actor: found invalid transport info coming from iroh's services endpoint_id=9b662f09bb44edb188b2a022b4eb969d44181252866340d454e017372d38d19b
test place::worker::tests::a_revoked_member_reaches_no_projected_place_state ... ok
2026-10-07T20:39:22.027786Z  WARN p2panda_net::iroh_mdns::actor: found invalid transport info coming from iroh's services endpoint_id=9b662f09bb44edb188b2a022b4eb969d44181252866340d454e017372d38d19b
2026-10-07T20:39:22.027903Z  WARN p2panda_net::iroh_mdns::actor: found invalid transport info coming from iroh's services endpoint_id=9b662f09bb44edb188b2a022b4eb969d44181252866340d454e017372d38d19b
2026-10-07T20:39:22.028478Z  WARN p2panda_net::iroh_mdns::actor: found invalid transport info coming from iroh's services endpoint_id=9b662f09bb44edb188b2a022b4eb969d44181252866340d454e017372d38d19b
2026-10-07T20:39:22.040755Z  WARN p2panda_net::iroh_mdns::actor: found invalid transport info coming from iroh's services endpoint_id=9b662f09bb44edb188b2a022b4eb969d44181252866340d454e017372d38d19b
2026-10-07T20:39:22.040786Z  WARN p2panda_net::iroh_mdns::actor: found invalid transport info coming from iroh's services endpoint_id=9b662f09bb44edb188b2a022b4eb969d44181252866340d454e017372d38d19b
2026-10-07T20:39:22.041249Z  WARN p2panda_net::iroh_mdns::actor: found invalid transport info coming from iroh's services endpoint_id=9b662f09bb44edb188b2a022b4eb969d44181252866340d454e017372d38d19b
2026-10-07T20:39:25.003910Z  WARN p2panda_net::iroh_mdns::actor: found invalid transport info coming from iroh's services endpoint_id=9b662f09bb44edb188b2a022b4eb969d44181252866340d454e017372d38d19b
2026-10-07T20:39:25.004264Z  WARN p2panda_net::iroh_mdns::actor: found invalid transport info coming from iroh's services endpoint_id=9b662f09bb44edb188b2a022b4eb969d44181252866340d454e017372d38d19b
2026-10-07T20:39:25.005222Z  WARN p2panda_net::iroh_mdns::actor: found invalid transport info coming from iroh's services endpoint_id=9b662f09bb44edb188b2a022b4eb969d44181252866340d454e017372d38d19b
2026-10-07T20:39:27.516953Z  WARN p2panda_net::iroh_mdns::actor: found invalid transport info coming from iroh's services endpoint_id=9b662f09bb44edb188b2a022b4eb969d44181252866340d454e017372d38d19b
2026-10-07T20:39:27.517582Z  WARN p2panda_net::iroh_mdns::actor: found invalid transport info coming from iroh's services endpoint_id=9b662f09bb44edb188b2a022b4eb969d44181252866340d454e017372d38d19b
2026-10-07T20:39:27.518327Z  WARN p2panda_net::iroh_mdns::actor: found invalid transport info coming from iroh's services endpoint_id=9b662f09bb44edb188b2a022b4eb969d44181252866340d454e017372d38d19b
2026-10-07T20:39:30.526221Z  WARN p2panda_net::iroh_mdns::actor: found invalid transport info coming from iroh's services endpoint_id=9b662f09bb44edb188b2a022b4eb969d44181252866340d454e017372d38d19b
2026-10-07T20:39:30.538984Z  WARN p2panda_net::iroh_mdns::actor: found invalid transport info coming from iroh's services endpoint_id=9b662f09bb44edb188b2a022b4eb969d44181252866340d454e017372d38d19b
2026-10-07T20:39:30.548881Z  WARN p2panda_net::iroh_mdns::actor: found invalid transport info coming from iroh's services endpoint_id=9b662f09bb44edb188b2a022b4eb969d44181252866340d454e017372d38d19b
2026-10-07T20:39:30.575117Z  WARN p2panda_net::iroh_mdns::actor: found invalid transport info coming from iroh's services endpoint_id=9b662f09bb44edb188b2a022b4eb969d44181252866340d454e017372d38d19b
2026-10-07T20:39:30.592034Z  WARN p2panda_net::iroh_mdns::actor: found invalid transport info coming from iroh's services endpoint_id=9b662f09bb44edb188b2a022b4eb969d44181252866340d454e017372d38d19b
2026-10-07T20:39:30.602496Z  WARN p2panda_net::iroh_mdns::actor: found invalid transport info coming from iroh's services endpoint_id=9b662f09bb44edb188b2a022b4eb969d44181252866340d454e017372d38d19b
test place::lanes::tests::content_authored_the_instant_after_a_revoke_still_reaches_the_remaining_member ... ok
test place::worker::tests::an_authored_invitation_admits_on_the_other_side ... ok
2026-10-07T20:39:33.202682Z  WARN p2panda_net::iroh_mdns::actor: found invalid transport info coming from iroh's services endpoint_id=9b662f09bb44edb188b2a022b4eb969d44181252866340d454e017372d38d19b
2026-10-07T20:39:33.203063Z  WARN p2panda_net::iroh_mdns::actor: found invalid transport info coming from iroh's services endpoint_id=9b662f09bb44edb188b2a022b4eb969d44181252866340d454e017372d38d19b
2026-10-07T20:39:33.209961Z  WARN p2panda_net::iroh_mdns::actor: found invalid transport info coming from iroh's services endpoint_id=9b662f09bb44edb188b2a022b4eb969d44181252866340d454e017372d38d19b
2026-10-07T20:39:33.241719Z  WARN p2panda_net::iroh_mdns::actor: found invalid transport info coming from iroh's services endpoint_id=9b662f09bb44edb188b2a022b4eb969d44181252866340d454e017372d38d19b
2026-10-07T20:39:33.241663Z  WARN p2panda_net::iroh_mdns::actor: found invalid transport info coming from iroh's services endpoint_id=9b662f09bb44edb188b2a022b4eb969d44181252866340d454e017372d38d19b
2026-10-07T20:39:33.250820Z  WARN p2panda_net::iroh_mdns::actor: found invalid transport info coming from iroh's services endpoint_id=9b662f09bb44edb188b2a022b4eb969d44181252866340d454e017372d38d19b
2026-10-07T20:39:36.645796Z  WARN p2panda_sync::protocols::topic_log_sync: sync session closed with error error=DecodeMessage("Io(Custom { kind: NotConnected, error: ConnectionLost(ApplicationClosed(ApplicationClose { error_code: 0, reason: b\"\" })) })")
2026-10-07T20:39:36.645956Z  WARN p2panda_sync::protocols::topic_log_sync: sync session closed with error error=DecodeMessage("Io(Custom { kind: NotConnected, error: ConnectionLost(ApplicationClosed(ApplicationClose { error_code: 0, reason: b\"\" })) })")
2026-10-07T20:39:36.646060Z  WARN p2panda_sync::protocols::topic_log_sync: sync session closed with error error=DecodeMessage("Io(Custom { kind: NotConnected, error: ConnectionLost(ApplicationClosed(ApplicationClose { error_code: 0, reason: b\"\" })) })")
2026-10-07T20:39:36.646144Z  WARN p2panda_sync::protocols::topic_log_sync: sync session closed with error error=DecodeMessage("Io(Custom { kind: NotConnected, error: ConnectionLost(ApplicationClosed(ApplicationClose { error_code: 0, reason: b\"\" })) })")
2026-10-07T20:39:36.646144Z  WARN p2panda_net::sync::actors::topic_manager: sync session failed: Io(Custom { kind: NotConnected, error: ConnectionLost(ApplicationClosed(ApplicationClose { error_code: 0, reason: b"" })) }) session_id=3 topic="d6eb62b975"
2026-10-07T20:39:36.646263Z  WARN p2panda_net::sync::actors::topic_manager: sync session failed: Io(Custom { kind: NotConnected, error: ConnectionLost(ApplicationClosed(ApplicationClose { error_code: 0, reason: b"" })) }) session_id=2 topic="bd5da683bb"
2026-10-07T20:39:36.646856Z  WARN p2panda_net::sync::actors::topic_manager: sync session failed: Io(Custom { kind: NotConnected, error: ConnectionLost(ApplicationClosed(ApplicationClose { error_code: 0, reason: b"" })) }) session_id=3 topic="bd5da683bb"
2026-10-07T20:39:36.646845Z  WARN p2panda_sync::protocols::topic_log_sync: sync session closed with error error=DecodeMessage("Io(Custom { kind: NotConnected, error: ConnectionLost(ApplicationClosed(ApplicationClose { error_code: 0, reason: b\"\" })) })")
2026-10-07T20:39:36.646937Z  WARN p2panda_sync::protocols::topic_log_sync: sync session closed with error error=DecodeMessage("Io(Custom { kind: NotConnected, error: ConnectionLost(ApplicationClosed(ApplicationClose { error_code: 0, reason: b\"\" })) })")
2026-10-07T20:39:36.647017Z  WARN p2panda_net::sync::actors::topic_manager: sync session failed: Io(Custom { kind: NotConnected, error: ConnectionLost(ApplicationClosed(ApplicationClose { error_code: 0, reason: b"" })) }) session_id=3 topic="bd5da683bb"
2026-10-07T20:39:36.647229Z  WARN p2panda_sync::protocols::topic_log_sync: sync session closed with error error=DecodeMessage("Io(Custom { kind: NotConnected, error: ConnectionLost(ApplicationClosed(ApplicationClose { error_code: 0, reason: b\"\" })) })")
2026-10-07T20:39:36.647374Z  WARN p2panda_sync::protocols::topic_log_sync: sync session closed with error error=DecodeMessage("Io(Custom { kind: NotConnected, error: ConnectionLost(ApplicationClosed(ApplicationClose { error_code: 0, reason: b\"\" })) })")
2026-10-07T20:39:36.647564Z  WARN p2panda_net::sync::actors::topic_manager: sync session failed: Io(Custom { kind: NotConnected, error: ConnectionLost(ApplicationClosed(ApplicationClose { error_code: 0, reason: b"" })) }) session_id=2 topic="bd5da683bb"
2026-10-07T20:39:36.647747Z  WARN p2panda_net::sync::actors::topic_manager: sync session failed: Io(Custom { kind: NotConnected, error: ConnectionLost(ApplicationClosed(ApplicationClose { error_code: 0, reason: b"" })) }) session_id=2 topic="bd5da683bb"
2026-10-07T20:39:36.648244Z  WARN p2panda_net::sync::actors::topic_manager: sync session failed: error sending on message sink: Io(Custom { kind: NotConnected, error: ConnectionLost(ApplicationClosed(ApplicationClose { error_code: 0, reason: b"" })) }) session_id=3 topic="bd5da683bb"
2026-10-07T20:39:36.648450Z  WARN p2panda_net::sync::actors::topic_manager: sync session failed: error sending on message sink: Io(Custom { kind: NotConnected, error: ConnectionLost(ApplicationClosed(ApplicationClose { error_code: 0, reason: b"" })) }) session_id=2 topic="bd5da683bb"
2026-10-07T20:39:36.649705Z  WARN p2panda_sync::protocols::topic_log_sync: sync session closed with error error=DecodeMessage("Io(Custom { kind: NotConnected, error: ConnectionLost(ApplicationClosed(ApplicationClose { error_code: 0, reason: b\"\" })) })")
2026-10-07T20:39:36.649912Z  WARN p2panda_sync::protocols::topic_log_sync: sync session closed with error error=DecodeMessage("Io(Custom { kind: NotConnected, error: ConnectionLost(ApplicationClosed(ApplicationClose { error_code: 0, reason: b\"\" })) })")
2026-10-07T20:39:36.650198Z  WARN p2panda_sync::protocols::topic_log_sync: sync session closed with error error=DecodeMessage("Io(Custom { kind: NotConnected, error: ConnectionLost(ApplicationClosed(ApplicationClose { error_code: 0, reason: b\"\" })) })")
2026-10-07T20:39:36.650862Z ERROR iroh::socket::transports::relay: relay_recv_channel closed
2026-10-07T20:39:36.652011Z ERROR iroh::socket::transports::relay: relay_recv_channel closed
2026-10-07T20:39:36.896727Z  WARN p2panda_net::iroh_mdns::actor: found invalid transport info coming from iroh's services endpoint_id=9b662f09bb44edb188b2a022b4eb969d44181252866340d454e017372d38d19b
2026-10-07T20:39:36.896999Z  WARN p2panda_net::iroh_mdns::actor: found invalid transport info coming from iroh's services endpoint_id=9b662f09bb44edb188b2a022b4eb969d44181252866340d454e017372d38d19b
2026-10-07T20:39:36.910530Z  WARN p2panda_net::iroh_mdns::actor: found invalid transport info coming from iroh's services endpoint_id=9b662f09bb44edb188b2a022b4eb969d44181252866340d454e017372d38d19b
2026-10-07T20:39:36.910705Z  WARN p2panda_net::iroh_mdns::actor: found invalid transport info coming from iroh's services endpoint_id=9b662f09bb44edb188b2a022b4eb969d44181252866340d454e017372d38d19b
test place::worker::tests::reconnect_for_a_released_generation_is_refused ... ok
2026-10-07T20:39:38.955513Z  WARN p2panda_net::iroh_mdns::actor: found invalid transport info coming from iroh's services endpoint_id=9b662f09bb44edb188b2a022b4eb969d44181252866340d454e017372d38d19b
2026-10-07T20:39:38.955803Z  WARN p2panda_net::iroh_mdns::actor: found invalid transport info coming from iroh's services endpoint_id=9b662f09bb44edb188b2a022b4eb969d44181252866340d454e017372d38d19b
2026-10-07T20:39:38.968065Z  WARN p2panda_net::iroh_mdns::actor: found invalid transport info coming from iroh's services endpoint_id=9b662f09bb44edb188b2a022b4eb969d44181252866340d454e017372d38d19b
2026-10-07T20:39:38.968306Z  WARN p2panda_net::iroh_mdns::actor: found invalid transport info coming from iroh's services endpoint_id=9b662f09bb44edb188b2a022b4eb969d44181252866340d454e017372d38d19b
2026-10-07T20:39:40.790860Z  WARN p2panda_net::iroh_mdns::actor: found invalid transport info coming from iroh's services endpoint_id=9b662f09bb44edb188b2a022b4eb969d44181252866340d454e017372d38d19b
2026-10-07T20:39:40.791335Z  WARN p2panda_net::iroh_mdns::actor: found invalid transport info coming from iroh's services endpoint_id=9b662f09bb44edb188b2a022b4eb969d44181252866340d454e017372d38d19b
2026-10-07T20:39:40.803802Z  WARN p2panda_net::iroh_mdns::actor: found invalid transport info coming from iroh's services endpoint_id=9b662f09bb44edb188b2a022b4eb969d44181252866340d454e017372d38d19b
2026-10-07T20:39:40.804246Z  WARN p2panda_net::iroh_mdns::actor: found invalid transport info coming from iroh's services endpoint_id=9b662f09bb44edb188b2a022b4eb969d44181252866340d454e017372d38d19b
2026-10-07T20:39:41.651115Z  WARN p2panda_net::sync::actors::topic_manager: sync session failed: Io(Custom { kind: NotConnected, error: ConnectionLost(ApplicationClosed(ApplicationClose { error_code: 0, reason: b"" })) }) session_id=3 topic="bd5da683bb"
2026-10-07T20:39:41.651115Z  WARN p2panda_net::sync::actors::topic_manager: sync session failed: Io(Custom { kind: NotConnected, error: ConnectionLost(ApplicationClosed(ApplicationClose { error_code: 0, reason: b"" })) }) session_id=2 topic="d6eb62b975"
2026-10-07T20:39:41.651162Z  WARN p2panda_net::sync::actors::topic_manager: sync session failed: Io(Custom { kind: NotConnected, error: ConnectionLost(ApplicationClosed(ApplicationClose { error_code: 0, reason: b"" })) }) session_id=2 topic="bd5da683bb"
2026-10-07T20:39:41.651167Z  WARN p2panda_net::sync::actors::topic_manager: sync session failed: Io(Custom { kind: NotConnected, error: ConnectionLost(ApplicationClosed(ApplicationClose { error_code: 0, reason: b"" })) }) session_id=4 topic="bd5da683bb"
2026-10-07T20:39:41.651371Z  WARN p2panda_net::sync::actors::topic_manager: sync session failed: Io(Custom { kind: NotConnected, error: ConnectionLost(ApplicationClosed(ApplicationClose { error_code: 0, reason: b"" })) }) session_id=3 topic="bd5da683bb"
2026-10-07T20:39:41.722277Z  WARN p2panda_net::iroh_mdns::actor: found invalid transport info coming from iroh's services endpoint_id=9b662f09bb44edb188b2a022b4eb969d44181252866340d454e017372d38d19b
2026-10-07T20:39:41.723152Z  WARN p2panda_net::iroh_mdns::actor: found invalid transport info coming from iroh's services endpoint_id=9b662f09bb44edb188b2a022b4eb969d44181252866340d454e017372d38d19b
test place::worker::tests::a_valid_invitation_admits_and_a_refused_one_leaves_nothing_behind ... ok
test place::worker::tests::reconnect_refuses_removed_local_membership_before_dialing_and_keeps_cache ... ok
2026-10-07T20:39:43.547546Z  WARN p2panda_net::iroh_mdns::actor: found invalid transport info coming from iroh's services endpoint_id=9b662f09bb44edb188b2a022b4eb969d44181252866340d454e017372d38d19b
2026-10-07T20:39:43.547653Z  WARN p2panda_net::iroh_mdns::actor: found invalid transport info coming from iroh's services endpoint_id=9b662f09bb44edb188b2a022b4eb969d44181252866340d454e017372d38d19b
2026-10-07T20:39:43.560930Z  WARN p2panda_net::iroh_mdns::actor: found invalid transport info coming from iroh's services endpoint_id=9b662f09bb44edb188b2a022b4eb969d44181252866340d454e017372d38d19b
2026-10-07T20:39:43.561691Z  WARN p2panda_net::iroh_mdns::actor: found invalid transport info coming from iroh's services endpoint_id=9b662f09bb44edb188b2a022b4eb969d44181252866340d454e017372d38d19b
test place::lanes::tests::the_place_worker_conforms_to_the_coop_lifecycle_contract has been running for over 60 seconds
2026-10-07T20:39:45.186530Z  WARN p2panda_net::iroh_mdns::actor: found invalid transport info coming from iroh's services endpoint_id=9b662f09bb44edb188b2a022b4eb969d44181252866340d454e017372d38d19b
2026-10-07T20:39:45.186579Z  WARN p2panda_net::iroh_mdns::actor: found invalid transport info coming from iroh's services endpoint_id=9b662f09bb44edb188b2a022b4eb969d44181252866340d454e017372d38d19b
2026-10-07T20:39:45.186984Z  WARN p2panda_net::iroh_mdns::actor: found invalid transport info coming from iroh's services endpoint_id=9b662f09bb44edb188b2a022b4eb969d44181252866340d454e017372d38d19b
2026-10-07T20:39:46.502941Z  WARN p2panda_sync::protocols::topic_log_sync: sync session closed with error error=DecodeMessage("Io(Custom { kind: NotConnected, error: ConnectionLost(ApplicationClosed(ApplicationClose { error_code: 0, reason: b\"\" })) })")
2026-10-07T20:39:46.503152Z  WARN p2panda_net::sync::actors::topic_manager: sync session failed: Io(Custom { kind: NotConnected, error: ConnectionLost(ApplicationClosed(ApplicationClose { error_code: 0, reason: b"" })) }) session_id=4 topic="bd5da683bb"
2026-10-07T20:39:46.503405Z  WARN p2panda_sync::protocols::topic_log_sync: sync session closed with error error=DecodeMessage("Io(Custom { kind: NotConnected, error: ConnectionLost(ApplicationClosed(ApplicationClose { error_code: 0, reason: b\"\" })) })")
2026-10-07T20:39:46.503519Z  WARN p2panda_sync::protocols::topic_log_sync: sync session closed with error error=DecodeMessage("Io(Custom { kind: NotConnected, error: ConnectionLost(ApplicationClosed(ApplicationClose { error_code: 0, reason: b\"\" })) })")
2026-10-07T20:39:46.503666Z  WARN p2panda_sync::protocols::topic_log_sync: sync session closed with error error=DecodeMessage("Io(Custom { kind: NotConnected, error: ConnectionLost(ApplicationClosed(ApplicationClose { error_code: 0, reason: b\"\" })) })")
2026-10-07T20:39:46.503868Z  WARN p2panda_sync::protocols::topic_log_sync: sync session closed with error error=DecodeMessage("Io(Custom { kind: NotConnected, error: ConnectionLost(ApplicationClosed(ApplicationClose { error_code: 0, reason: b\"\" })) })")
2026-10-07T20:39:46.503938Z  WARN p2panda_net::sync::actors::topic_manager: sync session failed: Io(Custom { kind: NotConnected, error: ConnectionLost(ApplicationClosed(ApplicationClose { error_code: 0, reason: b"" })) }) session_id=4 topic="2aa1b15609"
2026-10-07T20:39:46.503948Z  WARN p2panda_net::sync::actors::topic_manager: sync session failed: Io(Custom { kind: NotConnected, error: ConnectionLost(ApplicationClosed(ApplicationClose { error_code: 0, reason: b"" })) }) session_id=5 topic="bd5da683bb"
2026-10-07T20:39:46.504031Z  WARN p2panda_sync::protocols::topic_log_sync: sync session closed with error error=DecodeMessage("Io(Custom { kind: NotConnected, error: ConnectionLost(ApplicationClosed(ApplicationClose { error_code: 0, reason: b\"\" })) })")
2026-10-07T20:39:46.504256Z  WARN p2panda_net::sync::actors::topic_manager: sync session failed: Io(Custom { kind: NotConnected, error: ConnectionLost(ApplicationClosed(ApplicationClose { error_code: 0, reason: b"" })) }) session_id=5 topic="bd5da683bb"
2026-10-07T20:39:46.505916Z  WARN p2panda_sync::protocols::topic_log_sync: sync session closed with error error=DecodeMessage("Io(Custom { kind: NotConnected, error: ConnectionLost(ApplicationClosed(ApplicationClose { error_code: 0, reason: b\"\" })) })")
2026-10-07T20:39:46.506125Z ERROR iroh::socket::transports::relay: relay_recv_channel closed
2026-10-07T20:39:46.507257Z ERROR iroh::socket::transports::relay: relay_recv_channel closed
2026-10-07T20:39:46.658654Z  WARN p2panda_net::sync::actors::topic_manager: sync session failed: error sending on message sink: MessageSink("Io(Custom { kind: NotConnected, error: ConnectionLost(ApplicationClosed(ApplicationClose { error_code: 0, reason: b\"\" })) })") session_id=5 topic="bd5da683bb"
2026-10-07T20:39:46.658742Z  WARN p2panda_net::sync::actors::topic_manager: sync session failed: error sending on message sink: MessageSink("Io(Custom { kind: NotConnected, error: ConnectionLost(ApplicationClosed(ApplicationClose { error_code: 0, reason: b\"\" })) })") session_id=5 topic="d6eb62b975"
2026-10-07T20:39:46.658759Z  WARN p2panda_net::sync::actors::topic_manager: sync session failed: error sending on message sink: MessageSink("Io(Custom { kind: NotConnected, error: ConnectionLost(ApplicationClosed(ApplicationClose { error_code: 0, reason: b\"\" })) })") session_id=5 topic="bd5da683bb"
2026-10-07T20:39:46.658839Z  WARN p2panda_net::sync::actors::topic_manager: sync session failed: error sending on message sink: MessageSink("Io(Custom { kind: NotConnected, error: ConnectionLost(ApplicationClosed(ApplicationClose { error_code: 0, reason: b\"\" })) })") session_id=5 topic="bd5da683bb"
2026-10-07T20:39:46.658860Z  WARN p2panda_net::sync::actors::topic_manager: sync session failed: error sending on message sink: MessageSink("Io(Custom { kind: NotConnected, error: ConnectionLost(ApplicationClosed(ApplicationClose { error_code: 0, reason: b\"\" })) })") session_id=6 topic="bd5da683bb"
test place::worker::tests::stale_reconnect_cannot_disturb_a_newer_open_scope ... ok
2026-10-07T20:39:47.764427Z  WARN p2panda_net::iroh_mdns::actor: found invalid transport info coming from iroh's services endpoint_id=9b662f09bb44edb188b2a022b4eb969d44181252866340d454e017372d38d19b
2026-10-07T20:39:47.764672Z  WARN p2panda_net::iroh_mdns::actor: found invalid transport info coming from iroh's services endpoint_id=9b662f09bb44edb188b2a022b4eb969d44181252866340d454e017372d38d19b
test place::worker::tests::two_profiles_reopen_their_own_retained_place_state ... ok
test place::worker::tests::revoking_a_writer_withdraws_every_grant_its_admission_issued ... ok
2026-10-07T20:39:50.946171Z  WARN p2panda_net::iroh_mdns::actor: found invalid transport info coming from iroh's services endpoint_id=9b662f09bb44edb188b2a022b4eb969d44181252866340d454e017372d38d19b
2026-10-07T20:39:50.947328Z  WARN p2panda_net::iroh_mdns::actor: found invalid transport info coming from iroh's services endpoint_id=9b662f09bb44edb188b2a022b4eb969d44181252866340d454e017372d38d19b
2026-10-07T20:39:50.958825Z  WARN p2panda_net::iroh_mdns::actor: found invalid transport info coming from iroh's services endpoint_id=9b662f09bb44edb188b2a022b4eb969d44181252866340d454e017372d38d19b
2026-10-07T20:39:50.959963Z  WARN p2panda_net::iroh_mdns::actor: found invalid transport info coming from iroh's services endpoint_id=9b662f09bb44edb188b2a022b4eb969d44181252866340d454e017372d38d19b
2026-10-07T20:39:51.511933Z  WARN p2panda_net::sync::actors::topic_manager: sync session failed: Io(Custom { kind: NotConnected, error: ConnectionLost(ApplicationClosed(ApplicationClose { error_code: 0, reason: b"" })) }) session_id=4 topic="bd5da683bb"
2026-10-07T20:39:51.512111Z  WARN p2panda_net::sync::actors::topic_manager: sync session failed: Io(Custom { kind: NotConnected, error: ConnectionLost(ApplicationClosed(ApplicationClose { error_code: 0, reason: b"" })) }) session_id=5 topic="2aa1b15609"
2026-10-07T20:39:51.514034Z  WARN p2panda_net::sync::actors::topic_manager: sync session failed: Io(Custom { kind: NotConnected, error: ConnectionLost(ApplicationClosed(ApplicationClose { error_code: 0, reason: b"" })) }) session_id=5 topic="bd5da683bb"
2026-10-07T20:39:52.499671Z  WARN p2panda_net::iroh_mdns::actor: found invalid transport info coming from iroh's services endpoint_id=9b662f09bb44edb188b2a022b4eb969d44181252866340d454e017372d38d19b
2026-10-07T20:39:52.501162Z  WARN p2panda_net::iroh_mdns::actor: found invalid transport info coming from iroh's services endpoint_id=9b662f09bb44edb188b2a022b4eb969d44181252866340d454e017372d38d19b
2026-10-07T20:39:53.459467Z  WARN p2panda_net::iroh_endpoint::actors::connection: connection establishment failed: closed
2026-10-07T20:39:53.459621Z  WARN p2panda_net::iroh_endpoint::actors::connection: connection establishment failed: closed
2026-10-07T20:39:53.459731Z  WARN p2panda_net::iroh_endpoint::actors::connection: connection establishment failed: closed
2026-10-07T20:39:53.459803Z  WARN p2panda_net::iroh_endpoint::actors::connection: connection establishment failed: closed
2026-10-07T20:39:53.459866Z  WARN p2panda_net::iroh_endpoint::actors::connection: connection establishment failed: closed
2026-10-07T20:39:55.087269Z  WARN p2panda_net::iroh_mdns::actor: found invalid transport info coming from iroh's services endpoint_id=9b662f09bb44edb188b2a022b4eb969d44181252866340d454e017372d38d19b
2026-10-07T20:39:55.088557Z  WARN p2panda_net::iroh_mdns::actor: found invalid transport info coming from iroh's services endpoint_id=9b662f09bb44edb188b2a022b4eb969d44181252866340d454e017372d38d19b
test place::lanes::tests::the_place_worker_conforms_to_the_coop_lifecycle_contract ... ok
2026-10-07T20:39:56.950716Z  WARN p2panda_net::iroh_mdns::actor: found invalid transport info coming from iroh's services endpoint_id=9b662f09bb44edb188b2a022b4eb969d44181252866340d454e017372d38d19b
2026-10-07T20:39:56.963533Z  WARN p2panda_net::iroh_mdns::actor: found invalid transport info coming from iroh's services endpoint_id=9b662f09bb44edb188b2a022b4eb969d44181252866340d454e017372d38d19b
test place::worker::tests::worker_collection_save_failure_keeps_the_previous_scope ... ok
test place::worker::tests::worker_authority_shrink_keeps_the_exact_version_and_withholds_its_share ... ok
2026-10-07T20:39:58.938822Z  WARN p2panda_net::iroh_mdns::actor: found invalid transport info coming from iroh's services endpoint_id=9b662f09bb44edb188b2a022b4eb969d44181252866340d454e017372d38d19b
2026-10-07T20:39:58.952592Z  WARN p2panda_net::iroh_mdns::actor: found invalid transport info coming from iroh's services endpoint_id=9b662f09bb44edb188b2a022b4eb969d44181252866340d454e017372d38d19b
2026-10-07T20:40:01.575329Z  WARN p2panda_net::iroh_mdns::actor: found invalid transport info coming from iroh's services endpoint_id=9b662f09bb44edb188b2a022b4eb969d44181252866340d454e017372d38d19b
2026-10-07T20:40:01.590880Z  WARN p2panda_net::iroh_mdns::actor: found invalid transport info coming from iroh's services endpoint_id=9b662f09bb44edb188b2a022b4eb969d44181252866340d454e017372d38d19b
test place::worker::tests::worker_sets_and_clears_an_exact_collection_selection ... ok
test place::worker::tests::worker_exact_collection_version_returns_only_its_ready_capture ... ok
test publish_pane::tests::unavailable_panel_is_an_honest_configured_surface ... ok
test redshank_episode_surface::tests::a_host_projection_reaches_the_tile_through_the_viewport_pump ... ok
test redshank_episode_surface::tests::a_wrong_version_or_a_missing_enclosure_is_refused_before_admission ... ok
test redshank_episode_surface::tests::the_admitted_surface_renders_the_episode_title_and_a_play_control ... ok
test redshank_episode_surface::tests::the_dock_emits_the_same_commands_through_turnstones_registry ... ok
test redshank_episode_surface::tests::the_registry_admits_the_published_redshank_dock_from_a_versioned_source ... ok
test redshank_host::tests::aligned_points_require_the_loaded_digest_and_never_remap_span_ends ... ok
test redshank_host::tests::another_items_note_loads_paused_at_zero_and_holds_saved_progress ... ok
test redshank_host::tests::capturing_cancels_a_pending_open_and_compact_projection_keeps_its_warning ... ok
test redshank_host::tests::missing_replacement_note_cancels_the_old_deferred_open_and_span ... ok
test redshank_host::tests::new_transport_supersedes_an_unacknowledged_note_seek_when_delivery_succeeds ... ok
test redshank_host::tests::note_opens_require_ready_matching_receipts_or_explicit_approximation ... ok
test redshank_host::tests::only_the_latest_seek_acknowledgement_releases_saved_progress ... ok
test redshank_host::tests::refused_replacement_and_failed_runtime_dispatch_keep_the_progress_hold ... ok
test redshank_host::tests::the_shells_fetch_handle_survives_a_session_reopen ... ok
test place::worker::tests::worker_releases_files_before_reopen_and_advances_generation ... ok
test remote_projection::tests::live_mere_graph_becomes_cards_and_routed_relations ... ok
test remote_projection::tests::committed_receipt_matches_the_live_turnstone_endpoint ... ok
test remote_projection::tests::score_five_accepts_and_score_four_refuses_without_replacing_snapshot ... ok
test remote_projection::tests::projected_grant_accepts_view_and_refuses_graph_change ... ok
test resident_admission::tests::corrupt_state_is_not_treated_as_empty ... ok
test resident_admission::tests::loader_rejects_duplicate_members ... ok
test resident_admission::tests::loader_rejects_mismatched_member_and_id ... ok
test remote_projection::tests::the_endpoint_holds_a_delegation_from_the_profile_identity ... ok
test resident_admission::tests::loader_rejects_unknown_version_and_fields ... ok
test resident_admission::tests::non_ascii_hex_is_refused_without_panicking ... ok
test resident_runs_tests::configured_read_bound_and_repeated_atomic_save_preserve_receipts ... ok
test resident_admission::tests::state_round_trips_paused_and_revoked_records ... ok
2026-10-07T20:40:03.236087Z  WARN p2panda_net::iroh_mdns::actor: found invalid transport info coming from iroh's services endpoint_id=9b662f09bb44edb188b2a022b4eb969d44181252866340d454e017372d38d19b
test resident_runs_tests::reopening_recovers_uncertainty_even_after_clock_rollback ... ok
test ring::tests::a_covered_emission_passes_and_an_uncovered_one_names_its_ring ... ok
test ring::tests::contributed_source_authority_resists_a_total_app_grant ... ok
test ring::tests::decoded_envelopes_classify_across_all_grantable_rings ... ok
test ring::tests::envelopes_decode_and_misfires_are_loud ... ok
test ring::tests::every_ring_but_host_only_names_a_grantable_path ... ok
test ring::tests::gate_management_resists_even_a_total_app_grant ... ok
test scenario::tests::browser_receipt_assertions_are_typed_steps ... ok
test scenario::tests::env_substitution_expands_at_parse_time_backslashes_and_colons_intact ... ok
test scenario::tests::env_substitution_names_the_missing_variable_and_line ... ok
test scenario::tests::file_hover_and_drop_are_distinct_ui_turns ... ok
test scenario::tests::find_chord_is_one_focus_routed_key_step ... ok
test scenario::tests::idle_diagnostics_and_document_idle_are_typed_steps ... ok
test scenario::tests::parse_errors_name_their_line ... ok
test scenario::tests::pointer_move_is_a_distinct_scenario_step ... ok
test scenario::tests::record_place_is_a_typed_step ... ok
test scenario::tests::save_chord_is_one_focus_routed_key_step ... ok
test scenario::tests::tab_is_a_focus_routed_key_step ... ok
test scenario::tests::touch_is_a_typed_step ... ok
test scenario::tests::type_preserves_backslashes_and_colons_unchanged ... ok
test scenario::tests::wait_knot_is_a_typed_step ... ok
test scenario::tests::wait_row_wait_status_wait_file_are_typed_steps ... ok
test sections::tests::by_id_resolves_the_registered_providers ... ok
test resident_runs_tests::malformed_or_mismatched_persisted_facts_are_rejected ... ok
test sections::tests::diagnostic_rows_are_optional_read_only_and_preserve_explicit_unavailable_state ... ok
test place::worker::tests::worker_rejects_a_departed_generation_without_rescoping_the_open_place ... ok
test sections::tests::completed_download_projects_from_durable_graph_facets ... ok
2026-10-07T20:40:03.364332Z  WARN turnstone::gemini_identity: failed to project Gemini client identity error=client identities are only valid for gemini:// or titan:// capsules
test sections::tests::removed_section_gathers_absent_bin_records_only ... ok
test sections::tests::download_status_and_error_rows_keep_custody_order_and_inert_activation ... ok
test session::tests::a_routine_save_updates_a_binding_but_never_mints_one ... ok
test session::tests::flat_layout_migrates_into_sessions_once ... ok
test session::tests::image_gc_keeps_live_blobs_and_drops_only_hash_named_orphans ... ok
test session::tests::current_session_marker_round_trips_and_falls_back ... ok
test session::tests::place_binding_round_trips_as_a_distinct_public_sidecar ... ok
test session::tests::marking_a_place_left_preserves_the_binding_and_retained_session_files ... ok
test session::tests::projection_score_sidecar_round_trips_without_becoming_graph_truth ... ok
test session::tests::legacy_node_columns_migrate_on_load_and_existing_facets_win ... ok
test session::tests::removing_place_binding_preserves_retained_session_files ... ok
test session::tests::place_collection_sidecar_is_exact_and_refuses_corruption ... ok
test session::tests::the_physics_choice_rides_the_view_intent_by_id ... ok
test session::tests::unsupported_place_binding_stays_a_visible_error ... ok
test settings_pane::tests::pane_renders_controls_from_setting_control_not_setting_ids ... ok
test settings_pane::tests::provider_owner_is_available_to_host_after_projection_construction ... ok
test settings_pane::tests::snapshot_projects_every_live_application_axis_to_chrome ... ok
test settings_pane::tests::successful_apply_publishes_a_value_snapshot_for_the_shell ... ok
test settings_provider::tests::application_projection_describes_owner_axes_and_controls ... ok
test settings_provider::tests::invalid_reference_and_value_do_not_write ... ok
2026-10-07T20:40:03.512784Z  WARN turnstone::session: failed to parse view intent err=key must be a string at line 1 column 3 path="C:\\Users\\mark_\\AppData\\Local\\Temp\\turnstone-session-test-view-intent-55756\\view-intent.json"
test session::tests::view_intent_round_trips_and_survives_a_corrupt_sidecar ... ok
test settings_provider::tests::legacy_mode_without_id_survives_load_and_an_unrelated_write ... ok
test session::tests::the_persisted_strategy_is_an_id_never_a_display_name ... ok
test settings_provider::tests::typed_writes_update_the_owner_and_persist ... ok
test settings_provider::tests::theme_id_and_mode_edits_preserve_the_other_value ... ok
test shell::contributed_automation::tests::below_fold_click_waits_for_new_paint_then_lands_once ... ok
test shell::contributed_automation::tests::first_layout_miss_and_explicit_dom_filters_keep_their_meanings ... ok
test shell::contributed_automation::tests::referenced_name_selection_and_platform_action_route_share_the_live_button ... ok
test shell::contributed_automation::tests::scoped_request_counter_refuses_exhaustion_without_reusing_identity ... ok
test shell::contributed_automation::tests::two_contributed_panes_with_equal_names_and_local_ids_are_ambiguous ... ok
test shell::contributed_automation::tests::hidden_renamed_disabled_and_removed_pending_targets_never_activate ... ok
test shell::drive::foreign_a11y_receipt_tests::page_text_requires_exact_public_fixture_optin ... ok
test shell::effects::browser_profile_path_tests::canonical_drive_and_unc_paths_keep_the_resolved_location ... ok
test shell::effects::browser_profile_path_tests::unsupported_device_paths_are_refused ... ok
test shell::effects::content_spawn_dispatch_tests::browser_dispatch_preserves_other_surfaces_and_retained_sessions ... ok
test shell::effects::content_spawn_dispatch_tests::graft_spawn_waits_for_host_in_browser_surface_queue ... ok
2026-10-07T20:40:03.804843Z  WARN turnstone::gemini_identity: failed to project Gemini client identity error=client identities are only valid for gemini:// or titan:// capsules
test shell::effects::reader_lineage_tests::reader_lineage_projects_and_reextract_updates_the_node_facet ... ok
test shell::contributed_automation::tests::replacement_and_removal_recreation_reject_reused_local_dom_ids ... ok
test shell::contributed_automation::tests::viewport_reveal_cannot_activate_a_target_outside_an_ancestor_clip ... ok
2026-10-07T20:40:03.821082Z  WARN turnstone::gemini_identity: failed to project Gemini client identity error=client identities are only valid for gemini:// or titan:// capsules
2026-10-07T20:40:03.824796Z  WARN turnstone::gemini_identity: failed to project Gemini client identity error=client identities are only valid for gemini:// or titan:// capsules
test shell::effects::retained_page_zoom_tests::a_fresh_retained_session_is_seeded_with_the_persisted_request ... ok
test shell::effects::retained_page_zoom_tests::a_live_livery_session_is_offered_the_zoom_rows ... ok
test shell::input::cursor_tests::web_cursor_shapes_map_to_host_cursor_icons ... ok
test shell::keys::tests::content_scroll_keys_map_page_navigation ... ok
test shell::keys::tests::page_zoom_chords_bind_the_browser_keys_and_are_claimed ... ok
test shell::page_capture::tests::admission_failure_spends_id_and_allocator_exhaustion_refuses ... ok
2026-10-07T20:40:03.832271Z  WARN turnstone::gemini_identity: failed to project Gemini client identity error=client identities are only valid for gemini:// or titan:// capsules
test shell::page_capture::tests::exact_completion_is_single_use ... ok
test shell::page_capture::tests::generation_exhaustion_rotates_surface_and_retires_pending ... ok
test shell::page_capture::tests::navigation_and_surface_replacement_refuse_old_completion ... ok
test shell::page_capture::tests::session_switch_refuses_completion ... ok
test shell::effects::retained_page_zoom_tests::an_unsupported_retained_lane_is_absorbed_quietly ... ok
test shell::renderers::tests::evicting_an_undrawn_pane_is_harmless ... ok
test shell::renderers::tests::eviction_takes_one_pane_and_spares_the_rest ... ok
2026-10-07T20:40:03.845712Z  WARN turnstone::gemini_identity: failed to project Gemini client identity error=client identities are only valid for gemini:// or titan:// capsules
test shell::effects::retained_page_zoom_tests::reset_returns_a_live_retained_session_to_the_default_scale ... ok
test shell::scry::tests::scry_factory_refuses_other_threads_before_native_construction ... ok
test shell::scry::tests::scry_host_capabilities_preserve_refusal_and_partial_event_limits ... ok
test shell::scry::tests::scry_host_capabilities_refuse_unforwarded_adapter_commands ... ok
test shell::scry::tests::scry_keyboard_completion_does_not_retain_retired_producer_state ... ok
test shell::scry::tests::scry_keyboard_modifier_changes_keep_direction_and_named_keys ... ok
test shell::scry::tests::scry_keyboard_preserves_down_char_up_modifiers_and_repeat ... ok
test shell::scry::tests::scry_keyboard_queue_failure_and_timeout_retire_following_commands ... ok
test shell::scry::tests::scry_keyboard_queue_waits_for_each_completion_before_next_command ... ok
test shell::scry::tests::scry_mouse_buttons_keep_changed_button_and_post_event_state ... ok
test shell::scry::tests::scry_mouse_move_leave_and_auxiliary_buttons_use_native_mouse_route ... ok
test shell::scry::tests::scry_profile_requires_explicit_absolute_path ... ok
test shell::servo::tests::accessibility_callbacks_preserve_order_and_nested_supplier_ids ... ok
test shell::servo::tests::accessibility_deactivation_retires_queued_and_late_callbacks ... ok
test shell::servo::tests::accessibility_focus_policy_projects_only_focus_after_raw_fifo_admission ... ok
test shell::servo::tests::accessibility_focus_projection_does_not_invent_missing_metadata ... ok
test shell::servo::tests::accessibility_focus_setting_is_explicit_and_rejects_unknown_values ... ok
test shell::servo::tests::empty_and_control_text_preserve_named_keys_and_matching_release ... ok
test shell::servo::tests::gpu_diagnostics_select_the_requested_wait_and_refuse_unknown_modes ... ok
test shell::servo::tests::unicode_text_is_preserved_on_release_without_text ... ok
test shell::servo_profile_tests::ambiguous_or_escaping_profile_bindings_are_refused ... ok
test shell::servo_profile_tests::named_process_profile_has_no_node_component_and_can_move ... ok
test shell::surface_frames::tests::missing_scry_importer_releases_unknown_payload_once ... ok
test shell::surface_frames::tests::owned_scry_frame_rejection_closes_custody_before_import ... ok
test shell::surface_frames::tests::owned_scry_frame_teardown_keeps_custody_until_consumer_drop ... ok
test shell::surface_frames::tests::reused_scry_epoch_requires_unchanged_metadata ... ok
test shell::surface_frames::tests::reused_scry_paints_each_wait_and_propagate_wait_failure ... ok
test shell::surface_frames::welding_frame_tests::rejected_weld_envelopes_release_native_custody_before_import ... ok
test shell::surface_poll::tests::early_cancelled_wakes_do_not_postpone_surface_poll ... ok
test shell::surface_poll::tests::inactive_polling_clears_deadline_and_reenable_starts_fresh ... ok
test shell::surface_poll::tests::late_wake_polls_once_without_catch_up_spin ... ok
test shell::tests::automatic_html_routes_to_the_registered_livery_session ... ok
test shell::renderers::tests::resolving_the_same_pane_twice_keeps_its_state ... ok
test shell::renderers::tests::two_panes_of_one_kind_resolve_to_two_retained_runners ... ok
test shell::tests::lens_viewports_stay_distinct ... ok
test shell::tests::gemini_route_lands_in_a_live_nematic_session ... ok
test shell::tests::reader_pin_uses_held_html_and_switching_back_restores_original_rendering ... ok
test shell::tests::micron_file_uses_native_projection_and_preserves_source ... ok
test shell::weld::contract_tests::weld_devtools_settings_are_refused_before_producer_dispatch ... ok
test shell::weld::contract_tests::weld_zoom_settings_preserve_scale_validation_and_dispatch_failure ... ok
test shell::weld::sandbox_preference_tests::explicit_modes_preserve_the_requested_sandbox_preference ... ok
test shell::weld::sandbox_preference_tests::non_unicode_value_is_an_explicit_error ... ok
test shell::weld::sandbox_preference_tests::unrecognized_value_is_a_clear_error_not_a_silent_default ... ok
test shell::weld::sandbox_preference_tests::unset_is_no_preference ... ok
test shell_services::tests::blueprint_composition_changes_only_projection_choices ... ok
test shell_services::tests::default_providers_and_shortcuts_are_registered_without_a_canvas ... ok
test shell_services::tests::retention_and_redaction_bound_the_local_ledger ... ok
test shell_services::tests::transcript_binds_the_target_at_open_and_replay_keeps_it ... ok
test shell::tests::dropped_files_classify_by_decodability ... ok
test sky_receipt::tests::json_reader_keeps_a_sane_unavailable_zone_identity ... ok
test sky_receipt::tests::fixed_boston_dto_goldens_preserve_exact_serialization_and_digests ... ok
test sky_receipt::tests::json_reader_rejects_another_receipt_version ... ok
test sky_receipt::tests::json_reader_rejects_same_midpoint_body_reordering ... ok
test sky_receipt::tests::json_reader_rejects_tampered_engine_and_day_boundaries ... ok
test sky_receipt::tests::json_reader_rejects_tampered_fact_projection ... ok
test shell::tests::scroll_route_lands_in_a_live_nematic_session ... ok
test sky_receipt::tests::json_reader_rejects_tampered_inputs_and_provenance ... ok
test sky_receipt::tests::json_reader_rejects_unknown_root_and_nested_fields ... ok
test sky_receipt::tests::pretty_json_round_trips_and_hashes_the_exact_bytes ... ok
test sky_surface::tests::duplicate_body_and_bad_zone_are_rejected_before_calculation ... ok
2026-10-07T20:40:04.954742Z  WARN p2panda_net::iroh_mdns::actor: found invalid transport info coming from iroh's services endpoint_id=9b662f09bb44edb188b2a022b4eb969d44181252866340d454e017372d38d19b
2026-10-07T20:40:07.775085Z  WARN p2panda_net::iroh_mdns::actor: found invalid transport info coming from iroh's services endpoint_id=9b662f09bb44edb188b2a022b4eb969d44181252866340d454e017372d38d19b
2026-10-07T20:40:07.789501Z  WARN p2panda_net::iroh_mdns::actor: found invalid transport info coming from iroh's services endpoint_id=9b662f09bb44edb188b2a022b4eb969d44181252866340d454e017372d38d19b
2026-10-07T20:40:09.437785Z  WARN p2panda_net::iroh_mdns::actor: found invalid transport info coming from iroh's services endpoint_id=9b662f09bb44edb188b2a022b4eb969d44181252866340d454e017372d38d19b
2026-10-07T20:40:09.452304Z  WARN p2panda_net::iroh_mdns::actor: found invalid transport info coming from iroh's services endpoint_id=9b662f09bb44edb188b2a022b4eb969d44181252866340d454e017372d38d19b
2026-10-07T20:40:10.918984Z  WARN p2panda_net::iroh_mdns::actor: found invalid transport info coming from iroh's services endpoint_id=9b662f09bb44edb188b2a022b4eb969d44181252866340d454e017372d38d19b
test place::worker::tests::worker_stale_collection_version_withholds_available_capture ... ok
2026-10-07T20:40:12.796894Z  WARN p2panda_net::iroh_mdns::actor: found invalid transport info coming from iroh's services endpoint_id=9b662f09bb44edb188b2a022b4eb969d44181252866340d454e017372d38d19b
2026-10-07T20:40:12.810100Z  WARN p2panda_net::iroh_mdns::actor: found invalid transport info coming from iroh's services endpoint_id=9b662f09bb44edb188b2a022b4eb969d44181252866340d454e017372d38d19b
2026-10-07T20:40:14.390743Z  WARN p2panda_net::iroh_mdns::actor: found invalid transport info coming from iroh's services endpoint_id=9b662f09bb44edb188b2a022b4eb969d44181252866340d454e017372d38d19b
2026-10-07T20:40:14.403550Z  WARN p2panda_net::iroh_mdns::actor: found invalid transport info coming from iroh's services endpoint_id=9b662f09bb44edb188b2a022b4eb969d44181252866340d454e017372d38d19b
test sky_surface::tests::polar_empty_crossings_are_described_without_visibility_inference ... ok
2026-10-07T20:40:16.068258Z  WARN p2panda_net::iroh_mdns::actor: found invalid transport info coming from iroh's services endpoint_id=9b662f09bb44edb188b2a022b4eb969d44181252866340d454e017372d38d19b
2026-10-07T20:40:17.022747Z  WARN p2panda_net::iroh_mdns::actor: found invalid transport info coming from iroh's services endpoint_id=9b662f09bb44edb188b2a022b4eb969d44181252866340d454e017372d38d19b
2026-10-07T20:40:18.773113Z  WARN p2panda_net::iroh_mdns::actor: found invalid transport info coming from iroh's services endpoint_id=9b662f09bb44edb188b2a022b4eb969d44181252866340d454e017372d38d19b
2026-10-07T20:40:18.787738Z  WARN p2panda_net::iroh_mdns::actor: found invalid transport info coming from iroh's services endpoint_id=9b662f09bb44edb188b2a022b4eb969d44181252866340d454e017372d38d19b
2026-10-07T20:40:20.519013Z  WARN p2panda_net::iroh_mdns::actor: found invalid transport info coming from iroh's services endpoint_id=9b662f09bb44edb188b2a022b4eb969d44181252866340d454e017372d38d19b
2026-10-07T20:40:22.123427Z  WARN p2panda_net::iroh_mdns::actor: found invalid transport info coming from iroh's services endpoint_id=9b662f09bb44edb188b2a022b4eb969d44181252866340d454e017372d38d19b
2026-10-07T20:40:23.850731Z  WARN p2panda_net::iroh_mdns::actor: found invalid transport info coming from iroh's services endpoint_id=9b662f09bb44edb188b2a022b4eb969d44181252866340d454e017372d38d19b
2026-10-07T20:40:23.864937Z  WARN p2panda_net::iroh_mdns::actor: found invalid transport info coming from iroh's services endpoint_id=9b662f09bb44edb188b2a022b4eb969d44181252866340d454e017372d38d19b
2026-10-07T20:40:25.576359Z  WARN p2panda_net::iroh_mdns::actor: found invalid transport info coming from iroh's services endpoint_id=9b662f09bb44edb188b2a022b4eb969d44181252866340d454e017372d38d19b
2026-10-07T20:40:27.313473Z  WARN p2panda_net::iroh_mdns::actor: found invalid transport info coming from iroh's services endpoint_id=9b662f09bb44edb188b2a022b4eb969d44181252866340d454e017372d38d19b
2026-10-07T20:40:29.052855Z  WARN p2panda_net::iroh_mdns::actor: found invalid transport info coming from iroh's services endpoint_id=9b662f09bb44edb188b2a022b4eb969d44181252866340d454e017372d38d19b
2026-10-07T20:40:30.802181Z  WARN p2panda_net::iroh_mdns::actor: found invalid transport info coming from iroh's services endpoint_id=9b662f09bb44edb188b2a022b4eb969d44181252866340d454e017372d38d19b
2026-10-07T20:40:30.815893Z  WARN p2panda_net::iroh_mdns::actor: found invalid transport info coming from iroh's services endpoint_id=9b662f09bb44edb188b2a022b4eb969d44181252866340d454e017372d38d19b
2026-10-07T20:40:32.472217Z  WARN p2panda_net::iroh_mdns::actor: found invalid transport info coming from iroh's services endpoint_id=9b662f09bb44edb188b2a022b4eb969d44181252866340d454e017372d38d19b
2026-10-07T20:40:32.490086Z  WARN p2panda_net::iroh_mdns::actor: found invalid transport info coming from iroh's services endpoint_id=9b662f09bb44edb188b2a022b4eb969d44181252866340d454e017372d38d19b
2026-10-07T20:40:34.198499Z  WARN p2panda_net::iroh_mdns::actor: found invalid transport info coming from iroh's services endpoint_id=9b662f09bb44edb188b2a022b4eb969d44181252866340d454e017372d38d19b
2026-10-07T20:40:34.214376Z  WARN p2panda_net::iroh_mdns::actor: found invalid transport info coming from iroh's services endpoint_id=9b662f09bb44edb188b2a022b4eb969d44181252866340d454e017372d38d19b
2026-10-07T20:40:35.895252Z  WARN p2panda_net::iroh_mdns::actor: found invalid transport info coming from iroh's services endpoint_id=9b662f09bb44edb188b2a022b4eb969d44181252866340d454e017372d38d19b
2026-10-07T20:40:35.908530Z  WARN p2panda_net::iroh_mdns::actor: found invalid transport info coming from iroh's services endpoint_id=9b662f09bb44edb188b2a022b4eb969d44181252866340d454e017372d38d19b
2026-10-07T20:40:37.643096Z  WARN p2panda_net::iroh_mdns::actor: found invalid transport info coming from iroh's services endpoint_id=9b662f09bb44edb188b2a022b4eb969d44181252866340d454e017372d38d19b
2026-10-07T20:40:39.401400Z  WARN p2panda_net::iroh_mdns::actor: found invalid transport info coming from iroh's services endpoint_id=9b662f09bb44edb188b2a022b4eb969d44181252866340d454e017372d38d19b
2026-10-07T20:40:41.149836Z  WARN p2panda_net::iroh_mdns::actor: found invalid transport info coming from iroh's services endpoint_id=9b662f09bb44edb188b2a022b4eb969d44181252866340d454e017372d38d19b
2026-10-07T20:40:42.918533Z  WARN p2panda_net::iroh_mdns::actor: found invalid transport info coming from iroh's services endpoint_id=9b662f09bb44edb188b2a022b4eb969d44181252866340d454e017372d38d19b
2026-10-07T20:40:44.739573Z  WARN p2panda_net::iroh_mdns::actor: found invalid transport info coming from iroh's services endpoint_id=9b662f09bb44edb188b2a022b4eb969d44181252866340d454e017372d38d19b
2026-10-07T20:40:46.421380Z  WARN p2panda_net::iroh_mdns::actor: found invalid transport info coming from iroh's services endpoint_id=9b662f09bb44edb188b2a022b4eb969d44181252866340d454e017372d38d19b
2026-10-07T20:40:46.435527Z  WARN p2panda_net::iroh_mdns::actor: found invalid transport info coming from iroh's services endpoint_id=9b662f09bb44edb188b2a022b4eb969d44181252866340d454e017372d38d19b
2026-10-07T20:40:48.075151Z  WARN p2panda_net::iroh_mdns::actor: found invalid transport info coming from iroh's services endpoint_id=9b662f09bb44edb188b2a022b4eb969d44181252866340d454e017372d38d19b
2026-10-07T20:40:49.903656Z  WARN p2panda_net::iroh_mdns::actor: found invalid transport info coming from iroh's services endpoint_id=9b662f09bb44edb188b2a022b4eb969d44181252866340d454e017372d38d19b
2026-10-07T20:40:51.742945Z  WARN p2panda_net::iroh_mdns::actor: found invalid transport info coming from iroh's services endpoint_id=9b662f09bb44edb188b2a022b4eb969d44181252866340d454e017372d38d19b
2026-10-07T20:40:51.757591Z  WARN p2panda_net::iroh_mdns::actor: found invalid transport info coming from iroh's services endpoint_id=9b662f09bb44edb188b2a022b4eb969d44181252866340d454e017372d38d19b
2026-10-07T20:40:53.401918Z  WARN p2panda_net::iroh_mdns::actor: found invalid transport info coming from iroh's services endpoint_id=9b662f09bb44edb188b2a022b4eb969d44181252866340d454e017372d38d19b
2026-10-07T20:40:53.415545Z  WARN p2panda_net::iroh_mdns::actor: found invalid transport info coming from iroh's services endpoint_id=9b662f09bb44edb188b2a022b4eb969d44181252866340d454e017372d38d19b
2026-10-07T20:40:55.136632Z  WARN p2panda_net::iroh_mdns::actor: found invalid transport info coming from iroh's services endpoint_id=9b662f09bb44edb188b2a022b4eb969d44181252866340d454e017372d38d19b
2026-10-07T20:40:56.913608Z  WARN p2panda_net::iroh_mdns::actor: found invalid transport info coming from iroh's services endpoint_id=9b662f09bb44edb188b2a022b4eb969d44181252866340d454e017372d38d19b
2026-10-07T20:40:58.798335Z  WARN p2panda_net::iroh_mdns::actor: found invalid transport info coming from iroh's services endpoint_id=9b662f09bb44edb188b2a022b4eb969d44181252866340d454e017372d38d19b
2026-10-07T20:40:58.812271Z  WARN p2panda_net::iroh_mdns::actor: found invalid transport info coming from iroh's services endpoint_id=9b662f09bb44edb188b2a022b4eb969d44181252866340d454e017372d38d19b
2026-10-07T20:41:00.380103Z  WARN p2panda_net::iroh_mdns::actor: found invalid transport info coming from iroh's services endpoint_id=9b662f09bb44edb188b2a022b4eb969d44181252866340d454e017372d38d19b
2026-10-07T20:41:03.098500Z  WARN p2panda_net::iroh_mdns::actor: found invalid transport info coming from iroh's services endpoint_id=9b662f09bb44edb188b2a022b4eb969d44181252866340d454e017372d38d19b
2026-10-07T20:41:03.113009Z  WARN p2panda_net::iroh_mdns::actor: found invalid transport info coming from iroh's services endpoint_id=9b662f09bb44edb188b2a022b4eb969d44181252866340d454e017372d38d19b
test sky_surface::tests::changing_date_or_policy_rebuilds_a_distinct_receipt has been running for over 60 seconds
test sky_surface::tests::next_day_replaces_one_retained_projection_without_rewriting_opening_provenance has been running for over 60 seconds
2026-10-07T20:41:04.938326Z  WARN p2panda_net::iroh_mdns::actor: found invalid transport info coming from iroh's services endpoint_id=9b662f09bb44edb188b2a022b4eb969d44181252866340d454e017372d38d19b
2026-10-07T20:41:06.635661Z  WARN p2panda_net::iroh_mdns::actor: found invalid transport info coming from iroh's services endpoint_id=9b662f09bb44edb188b2a022b4eb969d44181252866340d454e017372d38d19b
2026-10-07T20:41:06.649506Z  WARN p2panda_net::iroh_mdns::actor: found invalid transport info coming from iroh's services endpoint_id=9b662f09bb44edb188b2a022b4eb969d44181252866340d454e017372d38d19b
2026-10-07T20:41:08.340744Z  WARN p2panda_net::iroh_mdns::actor: found invalid transport info coming from iroh's services endpoint_id=9b662f09bb44edb188b2a022b4eb969d44181252866340d454e017372d38d19b
2026-10-07T20:41:08.355849Z  WARN p2panda_net::iroh_mdns::actor: found invalid transport info coming from iroh's services endpoint_id=9b662f09bb44edb188b2a022b4eb969d44181252866340d454e017372d38d19b
2026-10-07T20:41:10.019436Z  WARN p2panda_net::iroh_mdns::actor: found invalid transport info coming from iroh's services endpoint_id=9b662f09bb44edb188b2a022b4eb969d44181252866340d454e017372d38d19b
2026-10-07T20:41:11.787530Z  WARN p2panda_net::iroh_mdns::actor: found invalid transport info coming from iroh's services endpoint_id=9b662f09bb44edb188b2a022b4eb969d44181252866340d454e017372d38d19b
test sky_surface::tests::provider_admits_semantic_controls_and_provenance has been running for over 60 seconds
2026-10-07T20:41:13.718716Z  WARN p2panda_net::iroh_mdns::actor: found invalid transport info coming from iroh's services endpoint_id=9b662f09bb44edb188b2a022b4eb969d44181252866340d454e017372d38d19b
test sky_surface::tests::reference_source_reproduces_the_p0_receipt has been running for over 60 seconds
2026-10-07T20:41:15.541920Z  WARN p2panda_net::iroh_mdns::actor: found invalid transport info coming from iroh's services endpoint_id=9b662f09bb44edb188b2a022b4eb969d44181252866340d454e017372d38d19b
2026-10-07T20:41:15.557419Z  WARN p2panda_net::iroh_mdns::actor: found invalid transport info coming from iroh's services endpoint_id=9b662f09bb44edb188b2a022b4eb969d44181252866340d454e017372d38d19b
test sky_surface::tests::provider_admits_semantic_controls_and_provenance ... ok
test sky_surface::tests::source_version_and_unknown_fields_fail_closed ... ok
2026-10-07T20:41:17.123988Z  WARN p2panda_net::iroh_mdns::actor: found invalid transport info coming from iroh's services endpoint_id=9b662f09bb44edb188b2a022b4eb969d44181252866340d454e017372d38d19b
2026-10-07T20:41:18.802428Z  WARN p2panda_net::iroh_mdns::actor: found invalid transport info coming from iroh's services endpoint_id=9b662f09bb44edb188b2a022b4eb969d44181252866340d454e017372d38d19b
2026-10-07T20:41:18.820395Z  WARN p2panda_net::iroh_mdns::actor: found invalid transport info coming from iroh's services endpoint_id=9b662f09bb44edb188b2a022b4eb969d44181252866340d454e017372d38d19b
2026-10-07T20:41:20.622494Z  WARN p2panda_net::iroh_mdns::actor: found invalid transport info coming from iroh's services endpoint_id=9b662f09bb44edb188b2a022b4eb969d44181252866340d454e017372d38d19b
2026-10-07T20:41:22.414174Z  WARN p2panda_net::iroh_mdns::actor: found invalid transport info coming from iroh's services endpoint_id=9b662f09bb44edb188b2a022b4eb969d44181252866340d454e017372d38d19b
2026-10-07T20:41:23.227745Z  WARN p2panda_net::iroh_mdns::actor: found invalid transport info coming from iroh's services endpoint_id=9b662f09bb44edb188b2a022b4eb969d44181252866340d454e017372d38d19b
2026-10-07T20:41:23.242349Z  WARN p2panda_net::iroh_mdns::actor: found invalid transport info coming from iroh's services endpoint_id=9b662f09bb44edb188b2a022b4eb969d44181252866340d454e017372d38d19b
2026-10-07T20:41:25.828795Z  WARN p2panda_net::iroh_mdns::actor: found invalid transport info coming from iroh's services endpoint_id=9b662f09bb44edb188b2a022b4eb969d44181252866340d454e017372d38d19b
2026-10-07T20:41:27.410994Z  WARN p2panda_net::iroh_mdns::actor: found invalid transport info coming from iroh's services endpoint_id=9b662f09bb44edb188b2a022b4eb969d44181252866340d454e017372d38d19b
2026-10-07T20:41:29.182019Z  WARN p2panda_net::iroh_mdns::actor: found invalid transport info coming from iroh's services endpoint_id=9b662f09bb44edb188b2a022b4eb969d44181252866340d454e017372d38d19b
2026-10-07T20:41:30.215077Z  WARN p2panda_net::iroh_mdns::actor: found invalid transport info coming from iroh's services endpoint_id=9b662f09bb44edb188b2a022b4eb969d44181252866340d454e017372d38d19b
2026-10-07T20:41:32.039750Z  WARN p2panda_net::iroh_mdns::actor: found invalid transport info coming from iroh's services endpoint_id=9b662f09bb44edb188b2a022b4eb969d44181252866340d454e017372d38d19b
2026-10-07T20:41:32.054557Z  WARN p2panda_net::iroh_mdns::actor: found invalid transport info coming from iroh's services endpoint_id=9b662f09bb44edb188b2a022b4eb969d44181252866340d454e017372d38d19b
2026-10-07T20:41:33.626558Z  WARN p2panda_net::iroh_mdns::actor: found invalid transport info coming from iroh's services endpoint_id=9b662f09bb44edb188b2a022b4eb969d44181252866340d454e017372d38d19b
2026-10-07T20:41:33.640598Z  WARN p2panda_net::iroh_mdns::actor: found invalid transport info coming from iroh's services endpoint_id=9b662f09bb44edb188b2a022b4eb969d44181252866340d454e017372d38d19b
test sky_surface::tests::changing_date_or_policy_rebuilds_a_distinct_receipt ... ok
2026-10-07T20:41:35.334755Z  WARN p2panda_net::iroh_mdns::actor: found invalid transport info coming from iroh's services endpoint_id=9b662f09bb44edb188b2a022b4eb969d44181252866340d454e017372d38d19b
2026-10-07T20:41:36.955636Z  WARN p2panda_net::iroh_mdns::actor: found invalid transport info coming from iroh's services endpoint_id=9b662f09bb44edb188b2a022b4eb969d44181252866340d454e017372d38d19b
2026-10-07T20:41:36.969891Z  WARN p2panda_net::iroh_mdns::actor: found invalid transport info coming from iroh's services endpoint_id=9b662f09bb44edb188b2a022b4eb969d44181252866340d454e017372d38d19b
2026-10-07T20:41:38.473306Z  WARN p2panda_net::iroh_mdns::actor: found invalid transport info coming from iroh's services endpoint_id=9b662f09bb44edb188b2a022b4eb969d44181252866340d454e017372d38d19b
2026-10-07T20:41:40.240058Z  WARN p2panda_net::iroh_mdns::actor: found invalid transport info coming from iroh's services endpoint_id=9b662f09bb44edb188b2a022b4eb969d44181252866340d454e017372d38d19b
2026-10-07T20:41:40.254692Z  WARN p2panda_net::iroh_mdns::actor: found invalid transport info coming from iroh's services endpoint_id=9b662f09bb44edb188b2a022b4eb969d44181252866340d454e017372d38d19b
2026-10-07T20:41:41.863324Z  WARN p2panda_net::iroh_mdns::actor: found invalid transport info coming from iroh's services endpoint_id=9b662f09bb44edb188b2a022b4eb969d44181252866340d454e017372d38d19b
2026-10-07T20:41:41.878843Z  WARN p2panda_net::iroh_mdns::actor: found invalid transport info coming from iroh's services endpoint_id=9b662f09bb44edb188b2a022b4eb969d44181252866340d454e017372d38d19b
2026-10-07T20:41:43.523836Z  WARN p2panda_net::iroh_mdns::actor: found invalid transport info coming from iroh's services endpoint_id=9b662f09bb44edb188b2a022b4eb969d44181252866340d454e017372d38d19b
2026-10-07T20:41:43.537510Z  WARN p2panda_net::iroh_mdns::actor: found invalid transport info coming from iroh's services endpoint_id=9b662f09bb44edb188b2a022b4eb969d44181252866340d454e017372d38d19b
test sky_timeline::tests::daily_projection_uses_public_provider_and_retains_receipt_identity ... ok
test sky_timeline::tests::new_york_fall_transition_is_a_25_hour_half_open_day ... ok
test sky_timeline::tests::new_york_spring_transition_is_a_23_hour_half_open_day ... ok
test sky_timeline::tests::request_rejects_gap_and_fold_anchors ... ok
test sky_timeline::tests::request_rejects_unknown_zone_and_duplicate_body ... ok
test sky_timeline::tests::skipped_midnight_still_resolves_the_named_calendar_day ... ok
2026-10-07T20:41:45.206145Z  WARN p2panda_net::iroh_mdns::actor: found invalid transport info coming from iroh's services endpoint_id=9b662f09bb44edb188b2a022b4eb969d44181252866340d454e017372d38d19b
2026-10-07T20:41:45.219813Z  WARN p2panda_net::iroh_mdns::actor: found invalid transport info coming from iroh's services endpoint_id=9b662f09bb44edb188b2a022b4eb969d44181252866340d454e017372d38d19b
2026-10-07T20:41:46.882226Z  WARN p2panda_net::iroh_mdns::actor: found invalid transport info coming from iroh's services endpoint_id=9b662f09bb44edb188b2a022b4eb969d44181252866340d454e017372d38d19b
2026-10-07T20:41:47.911524Z  WARN p2panda_net::iroh_mdns::actor: found invalid transport info coming from iroh's services endpoint_id=9b662f09bb44edb188b2a022b4eb969d44181252866340d454e017372d38d19b
2026-10-07T20:41:47.925409Z  WARN p2panda_net::iroh_mdns::actor: found invalid transport info coming from iroh's services endpoint_id=9b662f09bb44edb188b2a022b4eb969d44181252866340d454e017372d38d19b
2026-10-07T20:41:48.784871Z  WARN p2panda_net::iroh_mdns::actor: found invalid transport info coming from iroh's services endpoint_id=9b662f09bb44edb188b2a022b4eb969d44181252866340d454e017372d38d19b
2026-10-07T20:41:48.798952Z  WARN p2panda_net::iroh_mdns::actor: found invalid transport info coming from iroh's services endpoint_id=9b662f09bb44edb188b2a022b4eb969d44181252866340d454e017372d38d19b
2026-10-07T20:41:50.595372Z  WARN p2panda_net::iroh_mdns::actor: found invalid transport info coming from iroh's services endpoint_id=9b662f09bb44edb188b2a022b4eb969d44181252866340d454e017372d38d19b
2026-10-07T20:41:50.608402Z  WARN p2panda_net::iroh_mdns::actor: found invalid transport info coming from iroh's services endpoint_id=9b662f09bb44edb188b2a022b4eb969d44181252866340d454e017372d38d19b
2026-10-07T20:41:52.250041Z  WARN p2panda_net::iroh_mdns::actor: found invalid transport info coming from iroh's services endpoint_id=9b662f09bb44edb188b2a022b4eb969d44181252866340d454e017372d38d19b
2026-10-07T20:41:52.264726Z  WARN p2panda_net::iroh_mdns::actor: found invalid transport info coming from iroh's services endpoint_id=9b662f09bb44edb188b2a022b4eb969d44181252866340d454e017372d38d19b
2026-10-07T20:41:53.959628Z  WARN p2panda_net::iroh_mdns::actor: found invalid transport info coming from iroh's services endpoint_id=9b662f09bb44edb188b2a022b4eb969d44181252866340d454e017372d38d19b
2026-10-07T20:41:55.747308Z  WARN p2panda_net::iroh_mdns::actor: found invalid transport info coming from iroh's services endpoint_id=9b662f09bb44edb188b2a022b4eb969d44181252866340d454e017372d38d19b
test sky_timeline::tests::tromso_solstice_reports_no_sampled_conventional_crossing_under_policy ... ok
test source_capture::tests::references_survive_facet_round_trip_in_capture_order ... ok
test surface::appearance::tests::reader_closed_pane_cleanup_preserves_other_appearances ... ok
test surface::appearance::tests::reader_duplicate_placements_receive_distinct_appearance_routes ... ok
test surface::tests::a_content_surface_keeps_its_id_across_frames ... ok
test surface::tests::abutting_rects_never_both_claim_a_point ... ok
test surface::tests::canvas_only_when_nothing_else_present ... ok
test surface::tests::chrome_swallows_input_only_when_focused ... ok
test surface::tests::content_and_chrome_ids_do_not_alias_the_reserved_ones ... ok
test surface::tests::content_is_inset_so_the_canvas_stays_visible ... ok
test surface::tests::dest_emits_corners_not_offset_plus_size ... ok
test surface::tests::pointer_over_content_hits_content_in_local_space ... ok
test surface::tests::pressing_a_surface_focuses_it ... ok
test surface::tests::workbench_tiles_compose_as_content_surfaces ... ok
test surface::tests::z_order_is_canvas_then_content_then_chrome ... ok
test swatch_pane::tests::clicking_a_minimap_node_activates_open ... ok
test swatch_pane::tests::diagnostic_rows_keep_producer_identity_and_retained_bounds_without_activation ... ok
2026-10-07T20:41:56.668163Z  WARN p2panda_net::iroh_mdns::actor: found invalid transport info coming from iroh's services endpoint_id=9b662f09bb44edb188b2a022b4eb969d44181252866340d454e017372d38d19b
2026-10-07T20:41:56.682059Z  WARN p2panda_net::iroh_mdns::actor: found invalid transport info coming from iroh's services endpoint_id=9b662f09bb44edb188b2a022b4eb969d44181252866340d454e017372d38d19b
test swatch_pane::tests::diagnostic_subtree_omits_clipped_hidden_and_removed_rows ... ok
test swatch_pane::tests::hovering_sets_and_clears_emphasis ... ok
test swatch_pane::tests::minimap_nodes_color_by_content_state ... ok
test swatch_pane::tests::minimap_preset_paints_through_the_pipeline ... ok
test swatch_pane::tests::overmap_preset_renders_lineage_and_switches ... ok
test trail_memory::evaluation::captured_trail_frecency_receipt ... ignored, requires an explicit private Turnstone session
test trail_memory::evaluation::captured_trail_mint_receipt ... ignored, requires an explicit private Turnstone session
test trail_memory::evaluation::firefox_history_corpus_receipt ... ignored, requires an exported Firefox history corpus
test trail_memory::tests::a_body_only_term_recalls_the_page ... ok
test trail_memory::tests::explicit_source_capture_keeps_exact_bytes_and_reopens_annotation ... ok
2026-10-07T20:41:58.390031Z  WARN p2panda_net::iroh_mdns::actor: found invalid transport info coming from iroh's services endpoint_id=9b662f09bb44edb188b2a022b4eb969d44181252866340d454e017372d38d19b
test trail_memory::tests::full_segment_flushes_itself ... ok
test trail_memory::tests::mint_receipt_counts_the_corpus_exactly ... ok
test trail_memory::tests::mint_receipt_scale_ladder ... ignored, measurement run: cargo test --release ... -- --ignored --nocapture
test trail_memory::tests::navigation_mapping ... ok
test trail_memory::tests::recall_overlays_current_titles_and_remints_on_change ... ok
2026-10-07T20:41:59.284690Z  WARN p2panda_net::iroh_mdns::actor: found invalid transport info coming from iroh's services endpoint_id=9b662f09bb44edb188b2a022b4eb969d44181252866340d454e017372d38d19b
2026-10-07T20:41:59.298742Z  WARN p2panda_net::iroh_mdns::actor: found invalid transport info coming from iroh's services endpoint_id=9b662f09bb44edb188b2a022b4eb969d44181252866340d454e017372d38d19b
test trail_memory::tests::records_chain_and_round_trip ... ok
test trail_memory::tests::source_capture_refuses_incomplete_acquisition_context ... ok
test trail_memory::tests::two_urls_for_one_page_recall_once_with_one_frecency ... ok
test trail_memory::tests::typed_prefix_recall_follows_frecency_over_title_overlap ... ok
test trail_pane::tests::a_muted_row_is_inert ... ok
test trail_pane::tests::clicking_a_row_bubbles_its_affordance ... ok
test transcript_pane::tests::a_pending_entry_offers_no_repeat ... ok
test transcript_pane::tests::a_recorded_command_appears_and_its_row_repeats_that_entry ... ok
test transcript_pane::tests::a_redacted_entry_never_shows_its_input ... ok
test transcript_pane::tests::an_empty_transcript_names_itself ... ok
test transcript_pane::tests::the_most_recent_command_leads ... ok
test ui::contributed_projection_tests::css_hidden_control_is_an_authoritative_semantic_and_visible_miss ... ok
test ui::contributed_projection_tests::retained_semantics_bounds_and_pointer_visibility_share_ancestor_clips ... ok
test ui::retained_layout_tests::a_rebuild_keeps_the_pane_where_it_was_scrolled ... ok
test ui::retained_layout_tests::a_resized_pane_rebuilds_once_and_then_settles ... ok
test ui::retained_layout_tests::a_structural_change_rebuilds_but_an_attribute_change_does_not ... ok
test ui::retained_layout_tests::repainting_an_unchanged_pane_does_not_rebuild_its_layout ... ok
test ui::scroll_tests::a_scrolled_pane_emits_its_bar ... ok
test ui::scroll_tests::bars_are_hidden_until_scrolled ... ok
2026-10-07T20:42:00.956199Z  WARN p2panda_net::iroh_mdns::actor: found invalid transport info coming from iroh's services endpoint_id=9b662f09bb44edb188b2a022b4eb969d44181252866340d454e017372d38d19b
test ui::scroll_tests::hit_testing_follows_the_scroll ... ok
test ui::scroll_tests::scrolling_above_the_top_stays_at_the_top ... ok
test ui::scroll_tests::scrolling_past_the_end_clamps_to_the_content ... ok
test ui::tests::actions_lane_filters_the_catalog_it_is_given ... ok
test ui::tests::address_normalization_recognizes_hosts_and_schemes ... ok
test ui::tests::caret_editing_is_char_boundary_safe ... ok
test ui::tests::changed_certificate_prompt_exposes_both_complete_fingerprints ... ok
test ui::tests::chrome_absolute_siblings_all_paint ... ok
test ui::tests::empty_and_command_texts_suggest_hints ... ok
test ui::tests::find_lane_matches_existing_nodes_before_go ... ok
test ui::tests::live_appearance_changes_chrome_and_settings_paint_styles ... ok
test web_policy::tests::credential_provider_answers_without_secret_facet_leakage ... ok
test web_policy::tests::dismissal_is_not_a_retained_denial ... ok
test web_policy::tests::grant_and_denial_are_origin_descriptor_scoped ... ok
test web_policy::tests::navigation_withdrawal_removes_old_request_identity ... ok
test web_policy::tests::one_shot_and_process_credentials_do_not_survive_restart ... ok
test web_policy::tests::private_profiles_are_isolated_and_never_create_a_registry_file ... ok
test web_policy::tests::remembered_permission_survives_registry_restart ... ok
test web_policy::tests::unanswered_requests_expire_without_retaining_policy ... ok
test workbench_pane::tests::a_tab_point_resolves_to_its_member ... ok
test workbench_pane::tests::clicking_an_inactive_tab_reports_activation ... ok
test workbench_pane::tests::long_page_titles_cannot_claim_the_siblings_tab ... ok
test workbench_pane::tests::two_tiles_draw_two_strips ... ok
test workbench_tiling::tests::a_stack_is_one_cell_with_its_active_tab ... ok
test workbench_tiling::tests::an_empty_workbench_places_nothing ... ok
test workbench_tiling::tests::drag_fractions_reweight_the_pair_and_clamp ... ok
test workbench_tiling::tests::drop_zones_resolve_stack_and_edge_splits ... ok
test workbench_tiling::tests::nested_splits_carry_nested_paths ... ok
test workbench_tiling::tests::stacking_via_the_model_collapses_a_cell ... ok
test workbench_tiling::tests::two_tiles_split_side_by_side_with_one_seam ... ok
2026-10-07T20:42:02.668449Z  WARN p2panda_net::iroh_mdns::actor: found invalid transport info coming from iroh's services endpoint_id=9b662f09bb44edb188b2a022b4eb969d44181252866340d454e017372d38d19b
2026-10-07T20:42:04.364094Z  WARN p2panda_net::iroh_mdns::actor: found invalid transport info coming from iroh's services endpoint_id=9b662f09bb44edb188b2a022b4eb969d44181252866340d454e017372d38d19b
2026-10-07T20:42:06.020304Z  WARN p2panda_net::iroh_mdns::actor: found invalid transport info coming from iroh's services endpoint_id=9b662f09bb44edb188b2a022b4eb969d44181252866340d454e017372d38d19b
2026-10-07T20:42:07.020921Z  WARN p2panda_net::iroh_mdns::actor: found invalid transport info coming from iroh's services endpoint_id=9b662f09bb44edb188b2a022b4eb969d44181252866340d454e017372d38d19b
2026-10-07T20:42:07.038101Z  WARN p2panda_net::iroh_mdns::actor: found invalid transport info coming from iroh's services endpoint_id=9b662f09bb44edb188b2a022b4eb969d44181252866340d454e017372d38d19b
2026-10-07T20:42:08.781806Z  WARN p2panda_net::iroh_mdns::actor: found invalid transport info coming from iroh's services endpoint_id=9b662f09bb44edb188b2a022b4eb969d44181252866340d454e017372d38d19b
2026-10-07T20:42:08.795106Z  WARN p2panda_net::iroh_mdns::actor: found invalid transport info coming from iroh's services endpoint_id=9b662f09bb44edb188b2a022b4eb969d44181252866340d454e017372d38d19b
2026-10-07T20:42:10.493807Z  WARN p2panda_net::iroh_mdns::actor: found invalid transport info coming from iroh's services endpoint_id=9b662f09bb44edb188b2a022b4eb969d44181252866340d454e017372d38d19b
2026-10-07T20:42:10.509133Z  WARN p2panda_net::iroh_mdns::actor: found invalid transport info coming from iroh's services endpoint_id=9b662f09bb44edb188b2a022b4eb969d44181252866340d454e017372d38d19b
2026-10-07T20:42:12.122423Z  WARN p2panda_net::iroh_mdns::actor: found invalid transport info coming from iroh's services endpoint_id=9b662f09bb44edb188b2a022b4eb969d44181252866340d454e017372d38d19b
2026-10-07T20:42:13.919968Z  WARN p2panda_net::iroh_mdns::actor: found invalid transport info coming from iroh's services endpoint_id=9b662f09bb44edb188b2a022b4eb969d44181252866340d454e017372d38d19b
2026-10-07T20:42:13.934942Z  WARN p2panda_net::iroh_mdns::actor: found invalid transport info coming from iroh's services endpoint_id=9b662f09bb44edb188b2a022b4eb969d44181252866340d454e017372d38d19b
test sky_surface::tests::reference_source_reproduces_the_p0_receipt ... ok
2026-10-07T20:42:15.485785Z  WARN p2panda_net::iroh_mdns::actor: found invalid transport info coming from iroh's services endpoint_id=9b662f09bb44edb188b2a022b4eb969d44181252866340d454e017372d38d19b
test sky_timeline::tests::boston_eclipse_day_composes_an_analytical_sun_moon_receipt ... ok
2026-10-07T20:42:17.199111Z  WARN p2panda_net::iroh_mdns::actor: found invalid transport info coming from iroh's services endpoint_id=9b662f09bb44edb188b2a022b4eb969d44181252866340d454e017372d38d19b
2026-10-07T20:42:17.211934Z  WARN p2panda_net::iroh_mdns::actor: found invalid transport info coming from iroh's services endpoint_id=9b662f09bb44edb188b2a022b4eb969d44181252866340d454e017372d38d19b
2026-10-07T20:42:18.870484Z  WARN p2panda_net::iroh_mdns::actor: found invalid transport info coming from iroh's services endpoint_id=9b662f09bb44edb188b2a022b4eb969d44181252866340d454e017372d38d19b
2026-10-07T20:42:18.883511Z  WARN p2panda_net::iroh_mdns::actor: found invalid transport info coming from iroh's services endpoint_id=9b662f09bb44edb188b2a022b4eb969d44181252866340d454e017372d38d19b
2026-10-07T20:42:20.417819Z  WARN p2panda_net::iroh_mdns::actor: found invalid transport info coming from iroh's services endpoint_id=9b662f09bb44edb188b2a022b4eb969d44181252866340d454e017372d38d19b
2026-10-07T20:42:22.128633Z  WARN p2panda_net::iroh_mdns::actor: found invalid transport info coming from iroh's services endpoint_id=9b662f09bb44edb188b2a022b4eb969d44181252866340d454e017372d38d19b
2026-10-07T20:42:22.977620Z  WARN p2panda_net::iroh_mdns::actor: found invalid transport info coming from iroh's services endpoint_id=9b662f09bb44edb188b2a022b4eb969d44181252866340d454e017372d38d19b
2026-10-07T20:42:22.991759Z  WARN p2panda_net::iroh_mdns::actor: found invalid transport info coming from iroh's services endpoint_id=9b662f09bb44edb188b2a022b4eb969d44181252866340d454e017372d38d19b
2026-10-07T20:42:24.623671Z  WARN p2panda_net::iroh_mdns::actor: found invalid transport info coming from iroh's services endpoint_id=9b662f09bb44edb188b2a022b4eb969d44181252866340d454e017372d38d19b
2026-10-07T20:42:24.637836Z  WARN p2panda_net::iroh_mdns::actor: found invalid transport info coming from iroh's services endpoint_id=9b662f09bb44edb188b2a022b4eb969d44181252866340d454e017372d38d19b
2026-10-07T20:42:26.262940Z  WARN p2panda_net::iroh_mdns::actor: found invalid transport info coming from iroh's services endpoint_id=9b662f09bb44edb188b2a022b4eb969d44181252866340d454e017372d38d19b
2026-10-07T20:42:27.136306Z  WARN p2panda_net::iroh_mdns::actor: found invalid transport info coming from iroh's services endpoint_id=9b662f09bb44edb188b2a022b4eb969d44181252866340d454e017372d38d19b
2026-10-07T20:42:27.146265Z  WARN p2panda_net::iroh_mdns::actor: found invalid transport info coming from iroh's services endpoint_id=9b662f09bb44edb188b2a022b4eb969d44181252866340d454e017372d38d19b
2026-10-07T20:42:28.043797Z  WARN p2panda_net::iroh_mdns::actor: found invalid transport info coming from iroh's services endpoint_id=9b662f09bb44edb188b2a022b4eb969d44181252866340d454e017372d38d19b
2026-10-07T20:42:28.057396Z  WARN p2panda_net::iroh_mdns::actor: found invalid transport info coming from iroh's services endpoint_id=9b662f09bb44edb188b2a022b4eb969d44181252866340d454e017372d38d19b
2026-10-07T20:42:29.623654Z  WARN p2panda_net::iroh_mdns::actor: found invalid transport info coming from iroh's services endpoint_id=9b662f09bb44edb188b2a022b4eb969d44181252866340d454e017372d38d19b
2026-10-07T20:42:30.614066Z  WARN p2panda_net::iroh_mdns::actor: found invalid transport info coming from iroh's services endpoint_id=9b662f09bb44edb188b2a022b4eb969d44181252866340d454e017372d38d19b
2026-10-07T20:42:30.627045Z  WARN p2panda_net::iroh_mdns::actor: found invalid transport info coming from iroh's services endpoint_id=9b662f09bb44edb188b2a022b4eb969d44181252866340d454e017372d38d19b
2026-10-07T20:42:31.534943Z  WARN p2panda_net::iroh_mdns::actor: found invalid transport info coming from iroh's services endpoint_id=9b662f09bb44edb188b2a022b4eb969d44181252866340d454e017372d38d19b
2026-10-07T20:42:32.429512Z  WARN p2panda_net::iroh_mdns::actor: found invalid transport info coming from iroh's services endpoint_id=9b662f09bb44edb188b2a022b4eb969d44181252866340d454e017372d38d19b
2026-10-07T20:42:32.444033Z  WARN p2panda_net::iroh_mdns::actor: found invalid transport info coming from iroh's services endpoint_id=9b662f09bb44edb188b2a022b4eb969d44181252866340d454e017372d38d19b
2026-10-07T20:42:34.177830Z  WARN p2panda_net::iroh_mdns::actor: found invalid transport info coming from iroh's services endpoint_id=9b662f09bb44edb188b2a022b4eb969d44181252866340d454e017372d38d19b
2026-10-07T20:42:34.192071Z  WARN p2panda_net::iroh_mdns::actor: found invalid transport info coming from iroh's services endpoint_id=9b662f09bb44edb188b2a022b4eb969d44181252866340d454e017372d38d19b
2026-10-07T20:42:35.808898Z  WARN p2panda_net::iroh_mdns::actor: found invalid transport info coming from iroh's services endpoint_id=9b662f09bb44edb188b2a022b4eb969d44181252866340d454e017372d38d19b
2026-10-07T20:42:35.822487Z  WARN p2panda_net::iroh_mdns::actor: found invalid transport info coming from iroh's services endpoint_id=9b662f09bb44edb188b2a022b4eb969d44181252866340d454e017372d38d19b
2026-10-07T20:42:37.390413Z  WARN p2panda_net::iroh_mdns::actor: found invalid transport info coming from iroh's services endpoint_id=9b662f09bb44edb188b2a022b4eb969d44181252866340d454e017372d38d19b
2026-10-07T20:42:37.403681Z  WARN p2panda_net::iroh_mdns::actor: found invalid transport info coming from iroh's services endpoint_id=9b662f09bb44edb188b2a022b4eb969d44181252866340d454e017372d38d19b
2026-10-07T20:42:39.042158Z  WARN p2panda_net::iroh_mdns::actor: found invalid transport info coming from iroh's services endpoint_id=9b662f09bb44edb188b2a022b4eb969d44181252866340d454e017372d38d19b
2026-10-07T20:42:39.055112Z  WARN p2panda_net::iroh_mdns::actor: found invalid transport info coming from iroh's services endpoint_id=9b662f09bb44edb188b2a022b4eb969d44181252866340d454e017372d38d19b
2026-10-07T20:42:40.612387Z  WARN p2panda_net::iroh_mdns::actor: found invalid transport info coming from iroh's services endpoint_id=9b662f09bb44edb188b2a022b4eb969d44181252866340d454e017372d38d19b
2026-10-07T20:42:41.614215Z  WARN p2panda_net::iroh_mdns::actor: found invalid transport info coming from iroh's services endpoint_id=9b662f09bb44edb188b2a022b4eb969d44181252866340d454e017372d38d19b
2026-10-07T20:42:41.628481Z  WARN p2panda_net::iroh_mdns::actor: found invalid transport info coming from iroh's services endpoint_id=9b662f09bb44edb188b2a022b4eb969d44181252866340d454e017372d38d19b
2026-10-07T20:42:43.179121Z  WARN p2panda_net::iroh_mdns::actor: found invalid transport info coming from iroh's services endpoint_id=9b662f09bb44edb188b2a022b4eb969d44181252866340d454e017372d38d19b
2026-10-07T20:42:44.019547Z  WARN p2panda_net::iroh_mdns::actor: found invalid transport info coming from iroh's services endpoint_id=9b662f09bb44edb188b2a022b4eb969d44181252866340d454e017372d38d19b
2026-10-07T20:42:44.034096Z  WARN p2panda_net::iroh_mdns::actor: found invalid transport info coming from iroh's services endpoint_id=9b662f09bb44edb188b2a022b4eb969d44181252866340d454e017372d38d19b
2026-10-07T20:42:45.625735Z  WARN p2panda_net::iroh_mdns::actor: found invalid transport info coming from iroh's services endpoint_id=9b662f09bb44edb188b2a022b4eb969d44181252866340d454e017372d38d19b
2026-10-07T20:42:45.639848Z  WARN p2panda_net::iroh_mdns::actor: found invalid transport info coming from iroh's services endpoint_id=9b662f09bb44edb188b2a022b4eb969d44181252866340d454e017372d38d19b
2026-10-07T20:42:47.235275Z  WARN p2panda_net::iroh_mdns::actor: found invalid transport info coming from iroh's services endpoint_id=9b662f09bb44edb188b2a022b4eb969d44181252866340d454e017372d38d19b
2026-10-07T20:42:48.080647Z  WARN p2panda_net::iroh_mdns::actor: found invalid transport info coming from iroh's services endpoint_id=9b662f09bb44edb188b2a022b4eb969d44181252866340d454e017372d38d19b
2026-10-07T20:42:48.094606Z  WARN p2panda_net::iroh_mdns::actor: found invalid transport info coming from iroh's services endpoint_id=9b662f09bb44edb188b2a022b4eb969d44181252866340d454e017372d38d19b
2026-10-07T20:42:49.679395Z  WARN p2panda_net::iroh_mdns::actor: found invalid transport info coming from iroh's services endpoint_id=9b662f09bb44edb188b2a022b4eb969d44181252866340d454e017372d38d19b
2026-10-07T20:42:49.692712Z  WARN p2panda_net::iroh_mdns::actor: found invalid transport info coming from iroh's services endpoint_id=9b662f09bb44edb188b2a022b4eb969d44181252866340d454e017372d38d19b
2026-10-07T20:42:51.336343Z  WARN p2panda_net::iroh_mdns::actor: found invalid transport info coming from iroh's services endpoint_id=9b662f09bb44edb188b2a022b4eb969d44181252866340d454e017372d38d19b
test sky_surface::tests::next_day_replaces_one_retained_projection_without_rewriting_opening_provenance ... ok

test result: ok. 704 passed; 0 failed; 9 ignored; 0 measured; 0 filtered out; finished in 368.74s

