
running 713 tests
test a11y::bridge_integrity::a_contributed_tree_attaches_below_its_registered_pane ... ok
test app::contributed_pane_arms::tests::contributed_summon_preserves_source_and_mints_one_identity ... ok
test app::contributed_pane_arms::tests::knot_file_choices_are_palette_actions_lowered_to_shell_effects ... ok
test a11y::bridge_integrity::the_pushed_tree_has_no_dangling_children_and_no_duplicate_ids ... ok
test app::contributed_pane_arms::tests::contributed_summon_rolls_back_when_blueprint_cannot_place_target ... ok
test app::contributed_pane_arms::tests::contributed_summon_targets_the_active_lens ... ok
test app::document_find_arms::tests::captured_target_and_request_drop_late_find_results ... ok
test a11y::tests::panes_workbench_and_documents_project_under_one_root ... ok
test app::document_find_arms::tests::current_match_is_observable_and_accessible ... ok
test app::document_find_arms::tests::engine_managed_count_is_observed_without_synthetic_matches ... ok
test a11y::tests::the_stitched_tree_is_coherent ... ok
test app::document_find_arms::tests::workbench_find_and_zoom_follow_the_browser_page_with_an_independent_graph_cursor ... ok
test app::node_arms::tests::committed_content_navigation_grows_the_same_members_lineage ... ok
test app::node_arms::tests::zoom_rows_appear_only_for_a_live_engine_that_reports_the_control ... ok
test app::node_arms::tests::page_zoom_steps_the_chromium_ladder_and_persists_the_request ... ok
test app::node_arms::tests::the_ladder_ends_report_rather_than_stepping_past_themselves ... ok
test app::document_find_arms::tests::unsupported_engine_neither_offers_nor_opens_find ... ok
test a11y::route_table::every_graph_member_is_reachable_by_route_when_an_orrery_exists ... ok
test app::palette::tests::captured_collection_rows_preserve_worker_versions_and_mark_selection ... ok
test app::feed_arms::tests::guid_stable_episode_url_change_navigates_the_existing_member ... ok
test a11y::route_table::a_routed_selection_changes_the_app_and_a_miss_says_so ... ok
test a11y::bridge_integrity::diagnostic_gloss_rows_attach_without_routes_and_retire_after_removal ... ok
test app::pane_arms::tests::floating_pane_moves_through_live_primary_and_lens_projections ... ok
test app::palette::tests::stale_captured_collection_selection_offers_the_latest_version ... ok
test app::node_arms::tests::opening_an_address_keeps_the_new_selection_through_pane_rendering ... ok
test app::palette::tests::duplicate_collection_names_have_stable_distinct_palette_labels ... ok
test app::feed_arms::tests::host_tick_runs_the_persisted_cadence ... ok
test app::runtime_pool::tests::display_budget_survives_graph_replacement_and_unknown_rate ... ok
test a11y::tests::the_omnibar_projects_while_open ... ok
test app::omnibar_arms::tests::captured_page_mode_drops_results_after_stale_or_empty_refresh ... ok
test app::omnibar_arms::tests::committing_a_captured_source_opens_its_source_address ... ok
test app::palette::tests::committing_a_captured_collection_row_emits_its_exact_version ... ok
test app::runtime_pool::tests::workbenches_are_owned_by_their_forme_runtime ... ok
test a11y::route_table::an_omnibar_route_opens_the_omnibar_through_the_spine ... ok
test app::runtime_pool::tests::pane_viewports_do_not_alias_on_one_graph ... ok
test app::runtime_pool::tests::pane_selections_do_not_alias_on_one_graph ... ok
test app::tests::a_held_document_is_refused_outside_a_place_and_its_node_stays ... ok
test app::feed_arms::tests::subscription_refresh_projects_unread_entries_once ... ok
test app::runtime_pool::tests::forme_runtime_key_keeps_graph_and_forme_separate ... ok
test app::tests::a_left_place_refuses_reconnect_and_rejoins_by_clearing_its_mark ... ok
test app::tests::a_profile_with_no_vault_still_registers_a_knot_engine ... ok
test app::runtime_pool::tests::graph_pool_keeps_two_graph_authorities_independent ... ok
test app::tests::a_stale_join_answer_cannot_bind_a_session ... ok
test app::tests::a_shared_knot_address_needs_no_path_of_its_own ... ok
test app::tests::actor_fetched_body_is_retained_for_the_requested_content_spawn ... ok
test app::omnibar_arms::tests::captured_page_mode_finds_body_text_without_recall_rows ... ok
test app::tests::available_actions_lead_with_the_contextual_rows ... ok
test app::tests::an_expired_invitation_is_reported_with_its_time ... ok
test app::tests::adopt_session_restores_the_saved_canvas_layout_from_facets ... ok
test app::omnibar_arms::tests::captured_search_respects_a_single_row_setting ... ok
test app::tests::a_refused_invitation_leaves_no_binding_in_app_state ... ok
test app::tests::capture_action_preserves_explicit_member_for_the_host ... ok
test app::tests::browser_states_refresh_and_round_trip ... ok
test app::tests::close_session_trashes_and_recover_restores_identity ... ok
test app::tests::boot_launch_fetch_precedes_the_restored_content_spawn ... ok
test app::tests::back_forward_and_reload_flow_through_the_spine ... ok
test app::tests::content_flip_lowers_and_fails_honestly ... ok
test app::tests::binary_page_response_becomes_durable_download_custody ... ok
test app::tests::copying_the_local_rendezvous_carries_the_whole_ticket ... ok
test app::tests::committing_a_node_row_selects_without_fetch_effects ... ok
test app::tests::composing_a_gloss_pane_toggles_sections_on_its_own_leaf ... ok
test app::tests::configured_row_limit_applies_to_the_live_omnibar_projection ... ok
test app::tests::changed_gemini_certificate_requires_an_explicit_trust_commit_before_refetch ... ok
test app::tests::delete_stages_into_the_bin_and_recover_restores_identity ... ok
test app::tests::failed_leave_from_joining_cannot_adopt_a_late_join_answer ... ok
test app::resident_admission_tests::pause_skips_manual_runs_and_resume_is_durable ... ok
test app::tests::fork_session_snapshots_the_component_with_its_facets ... ok
test app::resident_admission_tests::uninstall_persists_revocation_and_rebuild_rejects_lagging_binding ... ok
test app::tests::graph_views_workbenches_and_followers_are_pane_scoped ... ok
test app::redshank_arms::tests::a_note_and_progress_project_into_the_graph_and_reopen_after_a_restart ... ok
test app::resident_run_tests::adopting_foreign_run_records_clears_the_live_table_without_rewriting_them ... ok
test app::tests::leave_place_is_correlated_and_failure_keeps_a_retryable_degraded_binding ... ok
test app::resident_run_tests::malformed_run_store_refuses_before_manual_body_mutation ... ok
test app::tests::gemini_identity_is_confirmed_once_and_reused_only_for_its_capsule ... ok
test app::redshank_arms::tests::opening_an_enclosure_yields_a_redshank_episode_pane ... ok
test app::tests::empty_recycle_bin_forgets_on_command ... ok
test app::tests::live_settings_snapshot_reconfigures_the_running_chrome_value_once ... ok
test app::tests::lens_ops_close_removes_the_summoned_pane ... ok
test app::tests::malformed_place_binding_is_visible_without_hiding_cached_graph ... ok
test app::resident_admission_tests::duplicate_subjects_refuse_manual_routing_without_actions ... ok
test app::tests::committing_an_action_row_runs_the_action_and_closes ... ok
test app::tests::keep_action_is_target_bound_idempotent_and_observable ... ok
test app::tests::corrupt_admission_state_refuses_install_without_replacing_tombstones ... ok
test app::tests::micron_form_editor_is_explicit_redacts_masked_input_and_emits_one_request ... ok
test app::tests::moving_a_composed_section_reorders_that_leaf_and_clamps ... ok
test app::tests::nomadnet_omnibar_stop_and_reload_keep_native_request_identity ... ok
test app::tests::micron_form_fixed_variable_action_selection_and_visible_edit_errors ... ok
test app::tests::ordinary_smolweb_input_navigates_and_refetches_with_a_percent_encoded_query ... ok
test app::tests::micron_form_navigation_reload_and_close_cancel_and_ignore_late_reply ... ok
test app::tests::place_founding_prompts_commit_escape_and_refuse ... ok
test app::tests::deleting_a_denizen_archives_its_world_and_recovery_restores_residency ... ok
test app::tests::place_prekey_offer_is_written_beside_its_card ... ok
test app::tests::omnibar_transcript_freezes_its_open_context_and_repeats_it ... ok
test app::tests::place_binding_survives_switch_and_restart_as_a_worker_open ... ok
test app::tests::place_artifacts_are_written_where_the_person_asked ... ok
test app::tests::fork_carries_denizen_worlds_as_real_copies ... ok
test app::tests::place_collection_completion_is_correlated_and_failure_keeps_the_snapshot ... ok
test app::tests::install_delegates_from_the_profile_identity_and_uninstall_revokes_it ... ok
test app::tests::reconnect_metadata_failure_does_not_remove_the_admitted_binding ... ok
test app::tests::recall_keeps_a_footing_inside_the_row_budget ... ok
test app::tests::reconnect_hint_cleanup_can_fail_at_binding_removal_without_losing_history ... ok
test app::tests::reconnect_place_requires_binding_and_ignores_departed_generation ... ok
test app::tests::reload_after_a_failed_native_fetch_replaces_the_error_with_a_content_spawn ... ok
test app::tests::place_revoke_rows_are_a_founders_one_per_other_member ... ok
test app::tests::publishing_pane_is_a_summonable_window_control ... ok
test app::tests::recall_never_outranks_the_typed_address ... ok
test app::tests::place_collection_selection_lowers_the_exact_version_and_clear ... ok
test app::tests::place_reader_invitation_and_share_rows_act_only_inside_a_place ... ok
test app::tests::place_status_leaves_the_omnibar_open_over_a_pane_open ... ok
test app::tests::retired_static_viewer_pins_migrate_to_livery ... ok
test app::tests::shared_knot_pane_is_a_summonable_reader_control ... ok
test app::tests::place_invite_lifetime_suffix_is_read_from_the_right ... ok
test app::tests::shared_nodes_arrive_without_disturbing_the_local_canvas ... ok
test app::tests::source_capture_refuses_a_member_without_a_current_target ... ok
test app::tests::requested_page_scale_round_trips_through_the_store ... ok
test app::tests::stop_cancels_only_the_focused_request_and_rejects_its_late_answer ... ok
test app::tests::streamed_page_spawns_from_a_prefix_then_replaces_and_settles ... ok
test app::tests::session_restore_applies_law_before_overlays_and_records_refusal ... ok
test app::tests::stale_or_failed_source_capture_completion_never_attaches_a_reference ... ok
test app::tests::spartan_prompt_target_resolves_against_its_source_member ... ok
test app::tests::stale_place_update_from_a_departed_session_is_ignored ... ok
test app::tests::tear_out_moves_the_leaf_and_keeps_its_id ... ok
test app::tests::sensitive_smolweb_input_is_masked_and_never_enters_graph_or_events ... ok
test app::tests::summon_enforces_registry_multiplicity_in_one_space ... ok
test app::tests::micron_form_refuses_submission_after_source_address_changes ... ok
test app::tests::source_capture_completion_attaches_an_ordered_node_reference_series ... ok
test app::tests::the_overmap_composes_sections_too ... ok
test app::tests::the_cascade_budget_arrives_from_settings_and_changes_live ... ok
test app::tests::micron_form_rejects_refreshed_source_before_send_and_on_reply ... ok
test app::tests::source_capture_carries_current_target_without_requesting_png ... ok
test app::tests::workbench_actions_flow_through_the_spine ... ok
test app::tests::workbench_persists_and_restores_pruned ... ok
test app::user_agent_decision_arms::tests::authentication_secrets_are_redacted_and_absent_from_observation ... ok
test app::user_agent_decision_arms::tests::permission_choice_is_retained_and_lowers_the_captured_request ... ok
test app::tests::rename_session_through_the_omnibar_mode ... ok
test arrange_pane::tests::intents_lower_to_the_palette_actions_by_id ... ok
test arrange_pane::tests::the_rows_read_the_canvas_back ... ok
test app::tests::typing_asks_for_recall_and_the_answer_becomes_rows ... ok
test behaviors::tests::a_digest_names_the_nodes_that_changed_not_their_containers ... ok
test behaviors::tests::a_field_delta_names_no_node ... ok
test behaviors::tests::a_delta_naming_one_node_yields_that_node ... ok
test app::tests::workbench_browser_commands_preserve_the_independent_graph_selection ... ok
test behaviors::tests::a_relation_delta_yields_both_ends ... ok
test app::tests::resident_petitions_run_through_the_gate ... ok
test behaviors::tests::an_unwoken_context_is_empty_rather_than_absent ... ok
test app::tests::the_actions_lane_and_short_needles_never_recall ... ok
test browse::tests::certificate_request_prompts_once_then_reports_rejection ... ok
test behaviors::tests::typed_journal_authors_preserve_no_self_wake_subject_matching ... ok
test browse::tests::changed_certificate_preserves_the_fetch_target_and_both_fingerprints ... ok
test behaviors::tests::a_malformed_id_yields_no_scope_rather_than_a_bogus_one ... ok
test behaviors::tests::a_node_the_graph_does_not_hold_falls_back_to_its_bare_id ... ok
test browse::tests::input_response_keeps_actor_target_separate_from_graph_owner ... ok
test arrange_pane::tests::refused_overlays_are_visible_and_keep_the_applied_law ... ok
test browse::tests::favicon_write_stores_png_bytes_under_their_digest ... ok
test app::tests::place_status_refresh_is_local_filtered_and_generation_scoped ... ok
test browse::tests::enrichment_stamps_the_requesting_node_among_url_twins ... ok
test browse::tests::failed_favicon_completion_clears_its_pending_request ... ok
test browse::tests::favicon_completions_remove_only_their_own_request ... ok
test browse::tests::page_progress_keeps_the_request_pending_until_terminal_answer ... ok
test browse::tests::subresource_waiters_share_one_fetch_and_clear_together ... ok
test browse::tests::pending_table_correlates_and_refuses_to_guess ... ok
test app::tests::superseded_recall_answers_drop ... ok
test arrange_pane::tests::current_refusal_attaches_to_the_platform_tree_and_clears_without_dom_sync ... ok
test app::user_agent_decision_arms::tests::withdrawn_request_cannot_answer_a_later_navigation ... ok
test app::tests::a_rerooted_profile_refuses_automatic_certificate_reissue ... ok
test browse::tests::superseding_and_stopping_cancel_only_the_named_request ... ok
test browse::tests::superseded_node_drops_the_late_result ... ok
test app::tests::titan_composer_stages_body_mime_hidden_token_and_literal_confirmation ... ok
test chrome_view::tests::authentication_card_debug_withholds_credential_fields ... ok
test cambium_pane::tests::a_roster_cell_resolves_by_text ... ok
test chrome_view::tests::authentication_card_masks_password_and_a11y_withholds_credentials ... ok
test app::tests::titan_address_opens_an_explicit_composer_without_uploading ... ok
test cambium_pane::tests::every_tab_is_drawn_in_the_strip ... ok
test cambium_pane::tests::grid_dom_is_hit_testable ... ok
test cambium_pane::tests::two_roster_runners_keep_independent_selection ... ok
test chrome_view::tests::document_find_projects_controlled_input_status_and_controls ... ok
test app::tests::the_row_count_follows_the_viewport_under_the_configured_ceiling ... ok
test cambium_pane::tests::clicking_a_tab_switches_the_body ... ok
test cambium_pane::tests::tablist_height_matches_the_sheet ... ok
test app::tests::swapped_script_body_is_refused_before_runtime_execution ... ok
test cambium_pane::tests::a_row_in_a_long_narrow_roster_navigates_to_its_own_url ... ok
test chrome_view::tests::hidden_shellbar_is_removed_from_the_chrome_and_a11y_projections ... ok
test chrome_view::tests::browser_strip_targets_the_workbench_member_without_moving_graph_selection ... ok
test content::tests::flip_toggles_and_failure_retries ... ok
test content::tests::fetched_documents_are_member_and_address_scoped ... ok
test content::tests::source_candidates_are_html_and_address_scoped ... ok
test content::tests::live_nodes_lists_only_live ... ok
test content::tests::streamed_documents_accumulate_exact_bytes_before_decoding ... ok
test chrome_view::tests::active_fetch_switches_reload_to_stop_and_projects_link_preview ... ok
test content_classes::tests::download_record_displaces_the_generic_web_page_class ... ok
test chrome_view::tests::an_unchanged_chrome_paints_without_cascading_again ... ok
test contributed_a11y::tests::a_new_admission_never_reuses_the_old_platform_action_id ... ok
test contributed_a11y::tests::an_unfocused_dom_does_not_invent_focus_and_its_root_uses_the_pane_rect ... ok
test contributed_a11y::tests::equal_dom_ids_in_two_panes_never_collide ... ok
test chrome_view::tests::browser_strip_routes_per_node_back_forward_and_reload ... ok
test contributed_a11y::tests::namespacing_places_bounds_and_preserves_distinct_actions ... ok
test contributed_a11y::tests::current_runner_focus_is_admitted_repeatedly_without_activation ... ok
test content_classes::tests::reconciliation_is_idempotent ... ok
test chrome_view::tests::live_appearance_is_applied_to_the_retained_chrome_surface ... ok
test app::tests::denizen_installs_after_visible_review ... ok
test contributed_surface::tests::admission_generations_never_wrap_or_reuse_removed_identity ... ok
test contributed_surface::tests::erased_sessions_dispatch_and_sync_independently_and_drop_from_map ... ok
test contributed_surface::tests::registration_asserts_the_descriptor_source_kind_matches_the_schema ... ok
test contributed_surface::tests::registry_rejects_duplicate_and_validates_schema ... ok
test contributed_a11y::tests::helper_refuses_hidden_disabled_and_unsupported_runner_actions ... ok
test contributed_surface::tests::retained_map_reuses_one_source_and_replaces_a_repinned_source ... ok
test contributed_surface::tests::typed_unavailability_becomes_a_generic_retained_surface ... ok
test contributed_a11y::tests::queued_old_admission_cannot_activate_a_current_runner_control ... ok
test contributed_surface::tests::source_schema_is_only_external_schema ... ok
test denizen::tests::a_deadband_is_strictly_parsed_and_named_in_review ... ok
test denizen::tests::a_legacy_binding_rebuilds_and_asks_for_a_heal ... ok
test chrome_view::tests::the_caret_split_mirrors_omnibar_state ... ok
test diagnostic_observations::tests::byte_limit_accounts_the_encoded_category_and_envelope ... ok
test cookie_custody::tests::a_cookie_set_in_one_run_is_there_in_the_next ... ok
test diagnostic_observations::tests::event_copy_omits_urls_paths_titles_prompts_and_errors ... ok
test diagnostic_observations::tests::inspection_age_and_disabled_status_are_actual_store_readings ... ok
test diagnostic_observations::tests::inspection_keeps_loss_redaction_and_receipt_reader_independent ... ok
test denizen::tests::nested_logs_round_trip_through_disk ... ok
test contributed_surface::tests::admitted_pane_exposes_its_retained_dom_and_complete_probe_stylesheet ... ok
test diagnostic_observations::tests::overflow_is_visible_to_independent_readers ... ok
test diagnostic_observations::tests::inspection_settings_are_independent_of_retention ... ok
test content_classes::tests::web_and_note_classes_coexist_and_are_admitted_in_one_graph ... ok
test diagnostic_observations::tests::zero_configuration_reports_disabled_retention ... ok
test chrome_view::tests::one_mutation_invalidates_every_window_root ... ok
test distillery_installed_surface::tests::malformed_mesh_ids_and_spinning_cadences_are_refused_before_admission ... ok
test distillery_installed_surface::tests::payload_version_is_checked_before_the_snapshot_is_built ... ok
test diagnostic_observations::tests::successful_requested_receipt_exports_records_and_loss ... ok
test diagnostic_observations::tests::requested_export_failure_fails_the_scenario_sentinel ... ok
test contributed_a11y::tests::test_provider_without_host_effects_still_admits_current_actions ... ok
test distillery_installed_surface::tests::registry_admits_the_published_distillery_surface_from_a_versioned_source ... ok
test download::tests::attachment_and_unrenderable_media_download_but_text_stays_a_document ... ok
test download::tests::filename_prefers_disposition_and_removes_path_authority ... ok
test feed::tests::gemtext_feed_preserves_relative_urls_dates_and_dedupes ... ok
test chrome_view::tests::a_press_hit_tests_without_cascading_again ... ok
test feed::tests::guid_identity_survives_an_enclosure_or_link_change ... ok
test feed::tests::podcast_facts_resolve_against_the_caller_base_and_guid_wins_deduplication ... ok
test feed::tests::rss_and_json_feed_share_the_entry_shape ... ok
test foreign_a11y::tests::duplicate_ownership_cycles_invalid_focus_and_local_graphs_fail_closed ... ok
test foreign_a11y::tests::fixture_text_optin_never_exposes_password_nodes_or_descendants ... ok
test feed::tests::schedule_survives_restart_and_suppresses_unchanged_entries ... ok
test distillery_installed_surface::tests::retained_accessibility_projects_a_generic_status_surface ... ok
test distillery_installed_surface::tests::admitted_surface_renders_the_projected_profile_and_paths ... ok
test chrome_view::tests::keep_button_targets_the_member_then_projects_kept_state ... ok
test contributed_surface::tests::retained_projection_and_actions_share_the_live_dom_session ... ok
test foreign_a11y::tests::inactive_adapter_does_not_consume_pending_activation ... ok
test foreign_a11y::tests::idle_delta_reaches_consumer_without_a_pixel_frame ... ok
test foreign_a11y::tests::hidden_remount_and_adapter_reactivation_replay_all_descendants ... ok
test foreign_a11y::tests::incomplete_tree_waits_and_invalid_host_frame_keeps_publication_pending ... ok
test foreign_a11y::tests::malformed_known_tree_withdraws_but_unknown_tree_cannot_corrupt ... ok
test foreign_a11y::tests::retirement_and_new_root_reject_old_generation_actions_and_updates ... ok
test foreign_a11y::tests::removed_local_nodes_retire_their_actions ... ok
test foreign_a11y::tests::publication_diagnostic_uses_emitted_frame_not_pending_supplier_delta ... ok
test foreign_a11y::tests::publication_diagnostic_withdraws_hidden_retired_malformed_and_reset_trees ... ok
test foreign_a11y::tests::nested_focus_and_two_panes_keep_identical_local_ids_distinct ... ok
test foreign_a11y::tests::navigation_prunes_old_nested_trees_and_ignores_stale_callbacks ... ok
test foreign_a11y::tests::windows_consumer::recursive_frame_orders_descendants_and_preserves_two_pane_ids ... ok
test foreign_a11y::tests::windows_consumer::activation_at_every_batch_boundary_restarts_nested_replay ... ok
test frame_timing::tests::ms_reports_the_frame_log_unit ... ok
test foreign_a11y::tests::unix_consumer::recursive_frame_orders_descendants_and_preserves_two_pane_ids ... ok
test frame_timing::tests::raster_totals_are_derived_from_the_split ... ok
test frame_timing::tests::reset_clears_between_frame_accumulation ... ok
test frame_timing::tests::suggestion_runs_and_refits_count_separately ... ok
test chrome_view::tests::a_changed_chrome_cascades_again ... ok
test foreign_a11y::tests::unix_consumer::activation_at_every_batch_boundary_restarts_nested_replay ... ok
test gemini_trust::tests::first_contact_survives_reopen ... ok
test gemini_trust::tests::an_interrupted_replace_recovers_the_previous_pin ... ok
test gemini_trust::tests::a_change_requires_the_current_pin_and_persists_the_decision ... ok
test identity::tests::the_unsealed_fallback_persists_and_says_so ... ok
test identity::tests::opening_the_vault_retires_the_unsealed_seed ... ok
test gemini_identity::tests::identity_is_stable_per_persona_and_unlinkable_across_capsules ... ok
test inspector_pane::tests::engine_inventory_mapping_preserves_unknown_saved_pin ... ok
test inspector_pane::tests::engine_inventory_new_registration_reaches_picker_and_observation ... ok
test identity::tests::the_root_identity_survives_a_restart ... ok
test gemini_identity::tests::approval_is_persona_and_capsule_scoped_and_persists_without_secrets ... ok
test inspector_pane::tests::engine_inventory_resync_discards_focus_request_when_rows_change ... ok
test inspector_pane::tests::engine_inventory_survives_session_adoption ... ok
test inspector_pane::tests::synced_sections_reach_the_dom ... ok
test inspector_pane::tests::engine_inventory_valid_selection_recovers_failed_pin_but_keeps_at_rest_closed ... ok
test inspector_pane::tests::the_requested_page_zoom_is_mirrored_beside_the_capability ... ok
test inspector_pane::tests::focused_document_capabilities_sit_beside_the_viewer_picker ... ok
test inspector_view::tests::a_lane_without_introspection_is_reported_not_synthesized ... ok
test chrome_view::tests::install_review_wraps_intact_and_keeps_card_and_click_geometry ... ok
test distillery_installed_surface::tests::resident_cadences_round_trip_through_the_versioned_source ... ok
test inspector_view::tests::livery_and_weld_capability_limits_are_presented_honestly ... ok
test inspector_view::tests::only_a_person_with_the_ui_id_renders_as_you ... ok
test knot_authoring::tests::a_blank_path_setting_reads_as_unset ... ok
test knot_authoring::tests::a_member_with_no_vault_visits_but_holds_nothing ... ok
test knot_authoring::tests::a_place_held_address_matches_the_holder_own_disclosed_address ... ok
test inspector_view::tests::no_focus_reports_none_honestly ... ok
test knot_authoring::tests::a_place_held_address_names_its_holder_and_stays_a_knot_address ... ok
test inspector_view::tests::focused_node_with_live_content_reports_both_sections ... ok
test inspector_view::tests::closing_content_drops_the_facts ... ok
test knot_authoring::tests::inspector_clip_crosses_the_typed_endpoint_action ... ignored, receipt: set KNOT_ENDPOINT_TEST_BIN to a built Mere knot_endpoint
test knot_authoring::tests::inspector_clip_retains_livery_source_evidence_end_to_end ... ignored, receipt: set KNOT_ENDPOINT_TEST_BIN to a built Mere knot_endpoint
test knot_authoring::tests::a_visit_only_engine_offers_no_clip_target ... ok
test knot_authoring::tests::dom_ranges_only_name_an_observed_representation ... ok
test knot_authoring::tests::knot_addresses_are_selected_without_claiming_other_files ... ok
test knot_authoring::tests::only_a_personae_root_is_read_as_a_holder ... ok
test knot_authoring::tests::real_knot_consumer_saves_rejects_stale_and_reopens ... ignored, receipt: set KNOT_ENDPOINT_TEST_BIN to a built Mere knot_endpoint
test knot_authoring::tests::received_communal_auto_run_waits_for_explicit_confirmation ... ignored, receipt: set KNOT_ENDPOINT_TEST_BIN to a built Mere knot_endpoint
test knot_authoring::tests::resolve_and_run_cross_the_consented_authoring_path ... ignored, receipt: set KNOT_ENDPOINT_TEST_BIN to a built Mere knot_endpoint
test chrome_view::tests::clicking_a_suggestion_row_bubbles_its_index ... ok
test knot_authoring::tests::sealed_cache_age_uses_readable_units ... ok
test knot_authoring::tests::sealed_cache_attribution_is_visible_in_the_derived_preview ... ok
test knot_authoring::tests::unversioned_knot_source_requires_a_runtime_witness_without_durable_token ... ok
test knot_document_surface::tests::absent_file_is_a_generic_typed_unavailable_surface ... ok
test knot_authoring::tests::synced_knot_head_becomes_public_scenograph_revision_without_save_token ... ok
test inspector_pane::tests::probe_resolved_clip_button_reaches_the_pane_at_receipt_size ... ok
test knot_authoring::tests::projected_action_is_probe_drivable_by_instance_identity ... ok
test knot_document_surface::tests::payload_version_is_checked_before_file_authority_is_opened ... ok
test chrome_view::tests::permission_decision_projects_origin_choices_and_accessibility ... ok
test knot_document_surface::tests::read_only_source_opens_a_read_only_document_session ... ok
test inspector_pane::tests::engine_inventory_saved_unknown_is_selected_disabled_and_refuses_click ... ok
test knot_document_surface::tests::native_protocol_sources_are_admitted_by_extension ... ok
test knot_authoring::tests::sharing_rewrites_a_locally_held_document_to_its_holder ... ok
test nomadnet::tests::native_address_keeps_destination_and_opaque_path ... ok
test nomadnet::tests::native_projection_qualifies_same_node_page_links ... ok
test knot_document_surface::tests::registry_admits_the_published_knot_surface_from_a_versioned_file_source ... ok
test nomadnet::tests::unresolved_aliases_are_rejected_in_every_retained_container ... ok
test nomadnet::tests::micron_session_preserves_source_and_produces_scene ... ok
test observe::tests::snapshot_reports_a_retained_engine_applied_page_zoom ... ok
test inspector_pane::tests::clip_button_bubbles_a_typed_inspector_intent ... ok
test overmap::tests::a_label_less_session_titles_by_id_prefix ... ok
test overmap::tests::duplicate_container_ids_collapse_rather_than_corrupt ... ok
test overmap::tests::session_of_url_rejects_foreign_urls ... ok
test pane::tests::a_divider_ratio_moves_the_seam ... ok
test pane::tests::a_horizontal_split_halves_the_width_by_ratio ... ok
test pane::tests::a_single_leaf_takes_the_whole_area ... ok
test observe::tests::snapshot_reports_the_requested_page_zoom ... ok
test overmap::tests::sessions_project_as_container_nodes_with_lineage ... ok
test pane::tests::a_vertical_split_halves_the_height ... ok
test pane::tests::placement_carries_the_leaf_graph_binding ... ok
test pane::tests::maximize_gives_one_pane_the_whole_area ... ok
test knot_document_surface::tests::native_protocol_file_sessions_edit_and_save_exact_source_bytes ... ok
test panes::blueprint_tests::a_named_layout_carries_a_non_default_chrome_composition ... ok
test panes::blueprint_tests::context_following_resolves_focus_and_pin_makes_it_fixed ... ok
test panes::blueprint_tests::floating_pane_relocates_through_dock_and_window_without_losing_identity ... ok
test panes::blueprint_tests::tearout_moves_one_pane_spec_between_spaces_without_changing_identity ... ok
test panes::blueprint_tests::normalization_prunes_unknowns_joins_splits_and_repairs_fractions ... ok
test panes::blueprint_tests::floating_relocates_the_same_pane_and_survives_serde ... ok
test panes::blueprint_tests::nary_tabs_mixed_surfaces_drag_resize_save_reload_and_tear_out ... ok
test panes::blueprint_tests::validation_rejects_duplicate_stations_and_forme_graph_mismatch ... ok
test panes::registry::tests::built_in_ids_and_schemas_are_unique_and_namespaced ... ok
test panes::legacy_bridge::tests::conversion_preserves_leaf_identity_and_binary_ratios ... ok
test chrome_view::tests::chrome_windows_are_forest_siblings_with_scoped_layout ... ok
test panes::registry::tests::retired_system_and_placeholder_are_not_registered ... ok
test panes::blueprint_tests::validation_rejects_one_pane_id_in_two_spaces ... ok
test panes::registry::tests::publishing_workflows_are_typed_registrations ... ok
test panes::registry::tests::registration_is_the_legacy_content_factory ... ok
test panes::registry::tests::source_shapes_validate_fixed_and_following_sources ... ok
test panes::store::tests::load_returns_none_when_no_file ... ok
test observe::tests::snapshot_projects_focused_document_capabilities ... ok
test download::tests::store_writes_a_collision_free_copy_and_retrievable_blob ... ok
test panes::tests::dedupe_graph_panes_keeps_one_orrery_per_graph ... ok
test panes::tests::each_leaf_emits_a_pane_node_with_content_tag_label ... ok
test panes::tests::frame_layout_round_trips_through_serde ... ok
test panes::tests::graph_bound_panes_are_classified_apart_from_window_chrome ... ok
test panes::tests::ids_are_deterministic_across_runs ... ok
test panes::store::tests::configured_gloss_section_order_survives_frame_and_lens_save ... ok
test panes::tests::reparent_leaf_refuses_when_target_is_not_a_leaf ... ok
test panes::tests::reparent_leaf_refuses_self_move ... ok
test panes::tests::retag_graph_bound_from_repoints_only_the_outgoing_graph ... ok
test panes::tests::reparent_leaf_moves_leaf_without_losing_pane_id ... ok
test panes::store::tests::save_then_load_round_trips_layout ... ok
test panes::tests::project_frame_with_attaches_subtree_to_matching_leaf ... ok
test panes::tests::retag_graph_bound_repoints_only_graph_bound_leaves ... ok
test panes::tests::root_carries_frame_label ... ok
test panes::store::tests::malformed_json_is_invalid_data ... ok
test panes::tests::set_split_ratio_clamps_and_finds_path ... ok
test panes::tests::split_nodes_carry_axis_and_ratio_in_description ... ok
test place::captured_collection::tests::missing_and_unavailable_manifest_statuses_never_become_text ... ok
test place::contract::tests::every_place_state_maps_to_a_report_that_holds_its_invariants ... ok
test place::contract::tests::grant_revoked_maps_to_revoked_with_reading_cut ... ok
test place::contract::tests::left_maps_to_the_left_verdict_with_reading_unknown_and_no_membership ... ok
test place::contract::tests::grant_expired_maps_to_expired_with_reading_unknown ... ok
test place::contract::tests::membership_revoked_maps_to_revoked_with_reading_cut ... ok
test place::contract::tests::member_standing_maps_to_joined_with_membership_and_a_grant ... ok
test place::captured_collection::tests::targeted_withdrawal_remints_only_the_selected_contribution_away ... ok
test place::invite::tests::a_projection_grant_is_optional_and_digest_checked_like_the_rest ... ok
test place::invite::tests::an_addressed_artifact_never_reads_as_verified_empty ... ok
test place::invite::tests::a_tampered_artifact_is_refused_by_its_own_digest ... ok
test inspector_pane::tests::viewer_controls_write_the_followed_member_instead_of_the_runtime_cursor ... ok
test place::invite::tests::a_well_formed_invitation_round_trips_and_validates ... ok
test place::invite::tests::an_oversized_inline_artifact_is_refused_before_it_is_trusted ... ok
test place::invite::tests::an_unknown_carrier_survives_parsing_but_is_never_dialed ... ok
test place::invite::tests::rendezvous_bounds_refuse_a_flooded_envelope ... ok
test place::invite::tests::version_and_binding_faults_are_named_distinctly ... ok
test panes::store::tests::retired_panes_restore_their_content_and_arrangement_in_frame_and_lenses ... ok
test nomadnet::tests::micron_form_explicit_interface_sends_map_and_bounds_resource_reply ... ok
test observe::tests::semantic_actions_emit_events ... ok
test denizen::tests::staged_installs_are_content_derived_and_reviewable ... ok
test knot_document_surface::tests::retained_accessibility_distinguishes_editable_and_read_only_documents ... ok
test observe::tests::snapshot_reads_focus_omnibar_and_content_coherently ... ok
test inspector_pane::tests::engine_inventory_human_label_keeps_engine_id_scenario_target ... ok
test place::captured_collection::tests::local_records_group_search_and_survive_cold_reopen ... ok
test inspector_pane::tests::picking_a_viewer_reports_the_intent_and_mirrors_back ... ok
2026-10-07T20:30:48.128308Z  WARN turnstone::gemini_identity: failed to project Gemini client identity error=client identities are only valid for gemini:// or titan:// capsules
2026-10-07T20:30:49.030843Z  WARN turnstone::gemini_identity: failed to project Gemini client identity error=client identities are only valid for gemini:// or titan:// capsules
test inspector_pane::tests::narrow_inspector_probe_selects_registered_scry_for_followed_b_after_a ... ok
test place::lanes::tests::a_founder_binds_listen_only_and_reports_its_own_rendezvous ... ok
test place::lanes::tests::a_founder_reconnects_through_an_empty_descriptor ... ok
2026-10-07T20:31:02.554632Z  WARN p2panda_net::iroh_mdns::actor: found invalid transport info coming from iroh's services endpoint_id=9b662f09bb44edb188b2a022b4eb969d44181252866340d454e017372d38d19b
2026-10-07T20:31:02.555962Z  WARN p2panda_net::iroh_mdns::actor: found invalid transport info coming from iroh's services endpoint_id=9b662f09bb44edb188b2a022b4eb969d44181252866340d454e017372d38d19b
2026-10-07T20:31:02.567479Z  WARN p2panda_net::iroh_mdns::actor: found invalid transport info coming from iroh's services endpoint_id=9b662f09bb44edb188b2a022b4eb969d44181252866340d454e017372d38d19b
2026-10-07T20:31:02.570179Z  WARN p2panda_net::iroh_mdns::actor: found invalid transport info coming from iroh's services endpoint_id=9b662f09bb44edb188b2a022b4eb969d44181252866340d454e017372d38d19b
2026-10-07T20:31:02.574237Z  WARN p2panda_net::iroh_mdns::actor: found invalid transport info coming from iroh's services endpoint_id=9b662f09bb44edb188b2a022b4eb969d44181252866340d454e017372d38d19b
2026-10-07T20:31:02.581357Z  WARN p2panda_net::iroh_mdns::actor: found invalid transport info coming from iroh's services endpoint_id=9b662f09bb44edb188b2a022b4eb969d44181252866340d454e017372d38d19b
2026-10-07T20:31:02.583451Z  WARN p2panda_net::iroh_mdns::actor: found invalid transport info coming from iroh's services endpoint_id=9b662f09bb44edb188b2a022b4eb969d44181252866340d454e017372d38d19b
2026-10-07T20:31:02.587594Z  WARN p2panda_net::iroh_mdns::actor: found invalid transport info coming from iroh's services endpoint_id=9b662f09bb44edb188b2a022b4eb969d44181252866340d454e017372d38d19b
test place::lanes::tests::a_closed_live_bind_releases_the_store_lock_for_a_reopen ... ok
test place::lanes::tests::a_revoke_with_no_group_recipient_is_refused_and_changes_nothing ... ok
2026-10-07T20:31:09.587641Z  WARN p2panda_net::sync::actors::topic_manager: sync session failed: error sending on message sink: Io(Custom { kind: NotConnected, error: ConnectionLost(LocallyClosed) }) session_id=1 topic="01fb378ca8"
2026-10-07T20:31:09.588702Z  WARN p2panda_net::sync::actors::topic_manager: sync session failed: error sending on message sink: Io(Custom { kind: NotConnected, error: ConnectionLost(LocallyClosed) }) session_id=1 topic="1799469175"
2026-10-07T20:31:09.588879Z  WARN p2panda_sync::protocols::topic_log_sync: sync session closed with error error=DecodeMessage("Io(Custom { kind: NotConnected, error: ConnectionLost(ApplicationClosed(ApplicationClose { error_code: 0, reason: b\"\" })) })")
2026-10-07T20:31:09.589199Z  WARN p2panda_net::sync::actors::topic_manager: sync session failed: error sending on message sink: Io(Custom { kind: NotConnected, error: ConnectionLost(LocallyClosed) }) session_id=0 topic="19021002b3"
2026-10-07T20:31:09.589277Z  WARN p2panda_sync::protocols::topic_log_sync: sync session closed with error error=DecodeMessage("Io(Custom { kind: NotConnected, error: ConnectionLost(ApplicationClosed(ApplicationClose { error_code: 0, reason: b\"\" })) })")
2026-10-07T20:31:09.589515Z  WARN p2panda_net::sync::actors::topic_manager: sync session failed: Io(Custom { kind: NotConnected, error: ConnectionLost(ApplicationClosed(ApplicationClose { error_code: 0, reason: b"" })) }) session_id=0 topic="1799469175"
2026-10-07T20:31:09.589785Z  WARN p2panda_sync::protocols::topic_log_sync: sync session closed with error error=DecodeMessage("Io(Custom { kind: NotConnected, error: ConnectionLost(ApplicationClosed(ApplicationClose { error_code: 0, reason: b\"\" })) })")
2026-10-07T20:31:09.589978Z  WARN p2panda_sync::protocols::topic_log_sync: sync session closed with error error=DecodeMessage("Io(Custom { kind: NotConnected, error: ConnectionLost(ApplicationClosed(ApplicationClose { error_code: 0, reason: b\"\" })) })")
2026-10-07T20:31:09.590035Z  WARN p2panda_sync::protocols::topic_log_sync: sync session closed with error error=DecodeMessage("Io(Custom { kind: NotConnected, error: ConnectionLost(ApplicationClosed(ApplicationClose { error_code: 0, reason: b\"\" })) })")
2026-10-07T20:31:09.590042Z  WARN p2panda_sync::protocols::topic_log_sync: sync session closed with error error=DecodeMessage("Io(Custom { kind: NotConnected, error: ConnectionLost(ApplicationClosed(ApplicationClose { error_code: 0, reason: b\"\" })) })")
2026-10-07T20:31:09.590200Z  WARN p2panda_sync::protocols::topic_log_sync: sync session closed with error error=DecodeMessage("Io(Custom { kind: NotConnected, error: ConnectionLost(ApplicationClosed(ApplicationClose { error_code: 0, reason: b\"\" })) })")
2026-10-07T20:31:09.590277Z  WARN p2panda_sync::protocols::topic_log_sync: sync session closed with error error=DecodeMessage("Io(Custom { kind: NotConnected, error: ConnectionLost(ApplicationClosed(ApplicationClose { error_code: 0, reason: b\"\" })) })")
2026-10-07T20:31:09.590359Z  WARN p2panda_net::sync::actors::topic_manager: sync session failed: Io(Custom { kind: NotConnected, error: ConnectionLost(ApplicationClosed(ApplicationClose { error_code: 0, reason: b"" })) }) session_id=1 topic="01fb378ca8"
2026-10-07T20:31:09.590326Z  WARN p2panda_sync::protocols::topic_log_sync: sync session closed with error error=DecodeMessage("Io(Custom { kind: NotConnected, error: ConnectionLost(ApplicationClosed(ApplicationClose { error_code: 0, reason: b\"\" })) })")
2026-10-07T20:31:09.590570Z  WARN p2panda_net::sync::actors::topic_manager: sync session failed: Io(Custom { kind: NotConnected, error: ConnectionLost(ApplicationClosed(ApplicationClose { error_code: 0, reason: b"" })) }) session_id=1 topic="01fb378ca8"
2026-10-07T20:31:09.590785Z  WARN p2panda_net::sync::actors::topic_manager: sync session failed: Io(Custom { kind: NotConnected, error: ConnectionLost(ApplicationClosed(ApplicationClose { error_code: 0, reason: b"" })) }) session_id=1 topic="aaf2b6d073"
2026-10-07T20:31:09.591306Z  WARN p2panda_net::sync::actors::topic_manager: sync session failed: error sending on message sink: Io(Custom { kind: NotConnected, error: ConnectionLost(LocallyClosed) }) session_id=0 topic="01fb378ca8"
2026-10-07T20:31:09.591376Z  WARN p2panda_net::sync::actors::topic_manager: sync session failed: error sending on message sink: Io(Custom { kind: NotConnected, error: ConnectionLost(LocallyClosed) }) session_id=1 topic="aaf2b6d073"
2026-10-07T20:31:09.591404Z  WARN p2panda_net::sync::actors::topic_manager: sync session failed: error sending on message sink: Io(Custom { kind: NotConnected, error: ConnectionLost(LocallyClosed) }) session_id=1 topic="01fb378ca8"
2026-10-07T20:31:09.591628Z  WARN p2panda_net::sync::actors::topic_manager: sync session failed: error sending on message sink: Io(Custom { kind: NotConnected, error: ConnectionLost(LocallyClosed) }) session_id=0 topic="aaf2b6d073"
2026-10-07T20:31:09.591823Z  WARN p2panda_net::sync::actors::topic_manager: sync session failed: Io(Custom { kind: NotConnected, error: ConnectionLost(ApplicationClosed(ApplicationClose { error_code: 0, reason: b"" })) }) session_id=0 topic="01fb378ca8"
2026-10-07T20:31:09.591917Z  WARN p2panda_sync::protocols::topic_log_sync: sync session closed with error error=DecodeMessage("Io(Custom { kind: NotConnected, error: ConnectionLost(ApplicationClosed(ApplicationClose { error_code: 0, reason: b\"\" })) })")
2026-10-07T20:31:09.591942Z  WARN p2panda_sync::protocols::topic_log_sync: sync session closed with error error=DecodeMessage("Io(Custom { kind: NotConnected, error: ConnectionLost(ApplicationClosed(ApplicationClose { error_code: 0, reason: b\"\" })) })")
2026-10-07T20:31:09.592211Z  WARN p2panda_sync::protocols::topic_log_sync: sync session closed with error error=DecodeMessage("Io(Custom { kind: NotConnected, error: ConnectionLost(ApplicationClosed(ApplicationClose { error_code: 0, reason: b\"\" })) })")
2026-10-07T20:31:09.592257Z  WARN p2panda_net::sync::actors::topic_manager: sync session failed: Io(Custom { kind: NotConnected, error: ConnectionLost(ApplicationClosed(ApplicationClose { error_code: 0, reason: b"" })) }) session_id=1 topic="19021002b3"
2026-10-07T20:31:09.592463Z  WARN p2panda_sync::protocols::topic_log_sync: sync session closed with error error=DecodeMessage("Io(Custom { kind: NotConnected, error: ConnectionLost(ApplicationClosed(ApplicationClose { error_code: 0, reason: b\"\" })) })")
2026-10-07T20:31:09.592612Z  WARN p2panda_sync::protocols::topic_log_sync: sync session closed with error error=DecodeMessage("Io(Custom { kind: NotConnected, error: ConnectionLost(ApplicationClosed(ApplicationClose { error_code: 0, reason: b\"\" })) })")
2026-10-07T20:31:09.592930Z  WARN p2panda_sync::protocols::topic_log_sync: sync session closed with error error=DecodeMessage("Io(Custom { kind: NotConnected, error: ConnectionLost(ApplicationClosed(ApplicationClose { error_code: 0, reason: b\"\" })) })")
2026-10-07T20:31:09.593145Z  WARN p2panda_sync::protocols::topic_log_sync: sync session closed with error error=DecodeMessage("Io(Custom { kind: NotConnected, error: ConnectionLost(ApplicationClosed(ApplicationClose { error_code: 0, reason: b\"\" })) })")
2026-10-07T20:31:09.593231Z  WARN p2panda_sync::protocols::topic_log_sync: sync session closed with error error=DecodeMessage("Io(Custom { kind: NotConnected, error: ConnectionLost(ApplicationClosed(ApplicationClose { error_code: 0, reason: b\"\" })) })")
2026-10-07T20:31:09.593371Z  WARN p2panda_net::sync::actors::topic_manager: sync session failed: Io(Custom { kind: NotConnected, error: ConnectionLost(ApplicationClosed(ApplicationClose { error_code: 0, reason: b"" })) }) session_id=1 topic="01fb378ca8"
2026-10-07T20:31:09.593554Z  WARN p2panda_net::sync::actors::topic_manager: sync session failed: Io(Custom { kind: NotConnected, error: ConnectionLost(ApplicationClosed(ApplicationClose { error_code: 0, reason: b"" })) }) session_id=1 topic="01fb378ca8"
2026-10-07T20:31:09.593650Z  WARN p2panda_net::sync::actors::topic_manager: sync session failed: error sending on message sink: Io(Custom { kind: NotConnected, error: ConnectionLost(ApplicationClosed(ApplicationClose { error_code: 0, reason: b"" })) }) session_id=0 topic="01fb378ca8"
2026-10-07T20:31:09.593685Z  WARN p2panda_sync::protocols::topic_log_sync: sync session closed with error error=DecodeMessage("Io(Custom { kind: NotConnected, error: ConnectionLost(ApplicationClosed(ApplicationClose { error_code: 0, reason: b\"\" })) })")
2026-10-07T20:31:09.593695Z  WARN p2panda_net::sync::actors::topic_manager: sync session failed: Io(Custom { kind: NotConnected, error: ConnectionLost(ApplicationClosed(ApplicationClose { error_code: 0, reason: b"" })) }) session_id=0 topic="01fb378ca8"
2026-10-07T20:31:09.594206Z  WARN p2panda_net::sync::actors::topic_manager: sync session failed: Io(Custom { kind: NotConnected, error: ConnectionLost(ApplicationClosed(ApplicationClose { error_code: 0, reason: b"" })) }) session_id=0 topic="01fb378ca8"
2026-10-07T20:31:09.594255Z  WARN p2panda_sync::protocols::topic_log_sync: sync session closed with error error=DecodeMessage("Io(Custom { kind: NotConnected, error: ConnectionLost(ApplicationClosed(ApplicationClose { error_code: 0, reason: b\"\" })) })")
2026-10-07T20:31:09.594699Z ERROR iroh::socket::transports::relay: relay_recv_channel closed
2026-10-07T20:31:09.595991Z ERROR iroh::socket::transports::relay: relay_recv_channel closed
2026-10-07T20:31:11.382247Z  WARN p2panda_net::sync::actors::topic_manager: sync session failed: error sending on message sink: Io(Custom { kind: NotConnected, error: ConnectionLost(LocallyClosed) }) session_id=1 topic="8a8a8a8a8a"
2026-10-07T20:31:11.808210Z  WARN p2panda_sync::protocols::topic_log_sync: sync session closed with error error=DecodeMessage("Io(Custom { kind: NotConnected, error: ConnectionLost(ApplicationClosed(ApplicationClose { error_code: 0, reason: b\"\" })) })")
2026-10-07T20:31:11.836783Z  WARN p2panda_sync::protocols::topic_log_sync: sync session closed with error error=DecodeMessage("Io(Custom { kind: NotConnected, error: ConnectionLost(ApplicationClosed(ApplicationClose { error_code: 0, reason: b\"\" })) })")
2026-10-07T20:31:11.865189Z  WARN p2panda_sync::protocols::topic_log_sync: sync session closed with error error=DecodeMessage("Io(Custom { kind: NotConnected, error: ConnectionLost(ApplicationClosed(ApplicationClose { error_code: 0, reason: b\"\" })) })")
2026-10-07T20:31:11.872829Z  WARN p2panda_net::sync::actors::topic_manager: sync session failed: Io(Custom { kind: NotConnected, error: ConnectionLost(ApplicationClosed(ApplicationClose { error_code: 0, reason: b"" })) }) session_id=0 topic="8c8c8c8c8c"
2026-10-07T20:31:11.881540Z  WARN p2panda_sync::protocols::topic_log_sync: sync session closed with error error=DecodeMessage("Io(Custom { kind: NotConnected, error: ConnectionLost(ApplicationClosed(ApplicationClose { error_code: 0, reason: b\"\" })) })")
2026-10-07T20:31:11.883540Z  WARN p2panda_net::sync::actors::topic_manager: sync session failed: error sending on message sink: Io(Custom { kind: NotConnected, error: ConnectionLost(ApplicationClosed(ApplicationClose { error_code: 0, reason: b"" })) }) session_id=1 topic="8a8a8a8a8a"
2026-10-07T20:31:11.894848Z  WARN p2panda_net::sync::actors::topic_manager: sync session failed: Io(Custom { kind: NotConnected, error: ConnectionLost(ApplicationClosed(ApplicationClose { error_code: 0, reason: b"" })) }) session_id=1 topic="8b8b8b8b8b"
2026-10-07T20:31:11.909509Z ERROR iroh::socket::transports::relay: relay_recv_channel closed
2026-10-07T20:31:11.916786Z  WARN p2panda_sync::protocols::topic_log_sync: sync session closed with error error=DecodeMessage("Io(Custom { kind: NotConnected, error: ConnectionLost(ApplicationClosed(ApplicationClose { error_code: 0, reason: b\"\" })) })")
2026-10-07T20:31:11.929779Z ERROR iroh::socket::transports::relay: relay_recv_channel closed
2026-10-07T20:31:11.932625Z  WARN p2panda_net::sync::actors::topic_manager: sync session failed: error sending on message sink: Io(Custom { kind: NotConnected, error: ConnectionLost(ApplicationClosed(ApplicationClose { error_code: 0, reason: b"" })) }) session_id=0 topic="8a8a8a8a8a"
2026-10-07T20:31:11.932751Z  WARN p2panda_net::sync::actors::topic_manager: sync session failed: error sending on message sink: Io(Custom { kind: NotConnected, error: ConnectionLost(ApplicationClosed(ApplicationClose { error_code: 0, reason: b"" })) }) session_id=1 topic="8a8a8a8a8a"
2026-10-07T20:31:11.938550Z  WARN p2panda_net::sync::actors::topic_manager: sync session failed: Io(Custom { kind: NotConnected, error: ConnectionLost(ApplicationClosed(ApplicationClose { error_code: 0, reason: b"" })) }) session_id=1 topic="8a8a8a8a8a"
2026-10-07T20:31:11.938680Z  WARN p2panda_net::sync::actors::topic_manager: sync session failed: error sending on message sink: Io(Custom { kind: NotConnected, error: ConnectionLost(ApplicationClosed(ApplicationClose { error_code: 0, reason: b"" })) }) session_id=0 topic="8a8a8a8a8a"
2026-10-07T20:31:11.952404Z  WARN p2panda_net::sync::actors::topic_manager: sync session failed: Io(Custom { kind: NotConnected, error: ConnectionLost(ApplicationClosed(ApplicationClose { error_code: 0, reason: b"" })) }) session_id=0 topic="8a8a8a8a8a"
2026-10-07T20:31:11.952561Z  WARN p2panda_net::sync::actors::topic_manager: sync session failed: error sending on message sink: Io(Custom { kind: NotConnected, error: ConnectionLost(ApplicationClosed(ApplicationClose { error_code: 0, reason: b"" })) }) session_id=1 topic="8a8a8a8a8a"
2026-10-07T20:31:12.654891Z  WARN p2panda_net::iroh_endpoint::actors::connection: ignoring connection: accepting failed: the cryptographic handshake failed: error 120: peer doesn't support any known protocol
2026-10-07T20:31:12.657038Z  WARN p2panda_net::iroh_endpoint::actors::connection: connection establishment failed: aborted by peer: the cryptographic handshake failed: error 120: peer doesn't support any known protocol
2026-10-07T20:31:12.660815Z  WARN p2panda_net::sync::actors::topic_manager: sync session failed: aborted by peer: the cryptographic handshake failed: error 120: peer doesn't support any known protocol session_id=0 topic="9c9c9c9c9c"
2026-10-07T20:31:12.682853Z  WARN p2panda_net::iroh_endpoint::actors::connection: ignoring connection: accepting failed: the cryptographic handshake failed: error 120: peer doesn't support any known protocol
2026-10-07T20:31:12.684277Z  WARN p2panda_net::iroh_endpoint::actors::connection: connection establishment failed: aborted by peer: the cryptographic handshake failed: error 120: peer doesn't support any known protocol
2026-10-07T20:31:12.687285Z  WARN p2panda_net::sync::actors::topic_manager: sync session failed: aborted by peer: the cryptographic handshake failed: error 120: peer doesn't support any known protocol session_id=0 topic="9c9c9c9c9c"
2026-10-07T20:31:12.689296Z  WARN p2panda_net::iroh_endpoint::actors::connection: ignoring connection: accepting failed: the cryptographic handshake failed: error 120: peer doesn't support any known protocol
2026-10-07T20:31:12.690302Z  WARN p2panda_net::iroh_endpoint::actors::connection: connection establishment failed: aborted by peer: the cryptographic handshake failed: error 120: peer doesn't support any known protocol
2026-10-07T20:31:12.695696Z  WARN p2panda_net::sync::actors::topic_manager: sync session failed: aborted by peer: the cryptographic handshake failed: error 120: peer doesn't support any known protocol session_id=0 topic="9c9c9c9c9c"
2026-10-07T20:31:12.937999Z  WARN p2panda_net::iroh_endpoint::actors::connection: ignoring connection: accepting failed: the cryptographic handshake failed: error 120: peer doesn't support any known protocol
2026-10-07T20:31:12.987096Z  WARN p2panda_net::iroh_endpoint::actors::connection: connection establishment failed: aborted by peer: the cryptographic handshake failed: error 120: peer doesn't support any known protocol
2026-10-07T20:31:13.004323Z  WARN p2panda_net::iroh_endpoint::actors::connection: ignoring connection: accepting failed: the cryptographic handshake failed: error 120: peer doesn't support any known protocol
2026-10-07T20:31:13.004329Z  WARN p2panda_net::sync::actors::topic_manager: sync session failed: aborted by peer: the cryptographic handshake failed: error 120: peer doesn't support any known protocol session_id=0 topic="9c9c9c9c9c"
2026-10-07T20:31:13.023354Z  WARN p2panda_net::iroh_endpoint::actors::connection: connection establishment failed: aborted by peer: the cryptographic handshake failed: error 120: peer doesn't support any known protocol
2026-10-07T20:31:13.060928Z  WARN p2panda_net::sync::actors::topic_manager: sync session failed: aborted by peer: the cryptographic handshake failed: error 120: peer doesn't support any known protocol session_id=0 topic="78a1a26b17"
2026-10-07T20:31:14.174438Z  WARN p2panda_net::sync::actors::topic_manager: sync session failed: MessageSink("Io(Custom { kind: NotConnected, error: ConnectionLost(ApplicationClosed(ApplicationClose { error_code: 0, reason: b\"\" })) })") session_id=0 topic="49ca6200fb"
2026-10-07T20:31:14.297551Z  WARN p2panda_net::sync::actors::topic_manager: sync session failed: MessageSink("Io(Custom { kind: NotConnected, error: ConnectionLost(ApplicationClosed(ApplicationClose { error_code: 0, reason: b\"\" })) })") session_id=0 topic="800c8be097"
2026-10-07T20:31:14.379313Z  WARN p2panda_net::sync::actors::topic_manager: sync session failed: MessageSink("Io(Custom { kind: NotConnected, error: ConnectionLost(ApplicationClosed(ApplicationClose { error_code: 0, reason: b\"\" })) })") session_id=0 topic="800c8be097"
2026-10-07T20:31:14.399736Z  WARN p2panda_net::sync::actors::topic_manager: sync session failed: log sync error receiving from message stream: MessageStream("Io(Custom { kind: NotConnected, error: ConnectionLost(ApplicationClosed(ApplicationClose { error_code: 0, reason: b\"\" })) })") session_id=1 topic="800c8be097"
2026-10-07T20:31:14.399862Z  WARN p2panda_net::sync::actors::topic_manager: sync session failed: log sync error receiving from message stream: MessageStream("Io(Custom { kind: NotConnected, error: ConnectionLost(ApplicationClosed(ApplicationClose { error_code: 0, reason: b\"\" })) })") session_id=1 topic="b6d8990ed8"
2026-10-07T20:31:14.501252Z  WARN p2panda_net::sync::actors::topic_manager: sync session failed: MessageSink("Io(Custom { kind: NotConnected, error: ConnectionLost(ApplicationClosed(ApplicationClose { error_code: 0, reason: b\"\" })) })") session_id=0 topic="800c8be097"
2026-10-07T20:31:14.510420Z  WARN p2panda_net::sync::actors::topic_manager: sync session failed: MessageSink("Io(Custom { kind: NotConnected, error: ConnectionLost(ApplicationClosed(ApplicationClose { error_code: 0, reason: b\"\" })) })") session_id=0 topic="800c8be097"
2026-10-07T20:31:14.514866Z  WARN p2panda_net::sync::actors::topic_manager: sync session failed: MessageSink("Io(Custom { kind: NotConnected, error: ConnectionLost(ApplicationClosed(ApplicationClose { error_code: 0, reason: b\"\" })) })") session_id=0 topic="800c8be097"
2026-10-07T20:31:14.538823Z  WARN p2panda_net::sync::actors::topic_manager: sync session failed: MessageSink("Io(Custom { kind: NotConnected, error: ConnectionLost(ApplicationClosed(ApplicationClose { error_code: 0, reason: b\"\" })) })") session_id=0 topic="800c8be097"
2026-10-07T20:31:14.541475Z  WARN p2panda_net::sync::actors::topic_manager: sync session failed: MessageSink("Io(Custom { kind: NotConnected, error: ConnectionLost(ApplicationClosed(ApplicationClose { error_code: 0, reason: b\"\" })) })") session_id=0 topic="b6d8990ed8"
2026-10-07T20:31:14.542505Z  WARN p2panda_net::sync::actors::topic_manager: sync session failed: MessageSink("Io(Custom { kind: NotConnected, error: ConnectionLost(ApplicationClosed(ApplicationClose { error_code: 0, reason: b\"\" })) })") session_id=0 topic="800c8be097"
2026-10-07T20:31:14.558235Z  WARN p2panda_net::sync::actors::topic_manager: sync session failed: MessageSink("Io(Custom { kind: NotConnected, error: ConnectionLost(ApplicationClosed(ApplicationClose { error_code: 0, reason: b\"\" })) })") session_id=0 topic="9707dd98c2"
2026-10-07T20:31:14.573083Z  WARN p2panda_sync::protocols::topic_log_sync: sync session closed with error error=DecodeMessage("Io(Custom { kind: NotConnected, error: ConnectionLost(ApplicationClosed(ApplicationClose { error_code: 0, reason: b\"\" })) })")
2026-10-07T20:31:14.577259Z ERROR iroh::socket::transports::relay: relay_recv_channel closed
2026-10-07T20:31:14.591783Z ERROR iroh::socket::transports::relay: relay_recv_channel closed
2026-10-07T20:31:14.593002Z ERROR iroh::socket::transports::relay: relay_recv_channel closed
2026-10-07T20:31:14.605724Z  WARN p2panda_net::sync::actors::topic_manager: sync session failed: Io(Custom { kind: NotConnected, error: ConnectionLost(ApplicationClosed(ApplicationClose { error_code: 0, reason: b"" })) }) session_id=1 topic="01fb378ca8"
2026-10-07T20:31:14.605830Z  WARN p2panda_net::sync::actors::topic_manager: sync session failed: Io(Custom { kind: NotConnected, error: ConnectionLost(ApplicationClosed(ApplicationClose { error_code: 0, reason: b"" })) }) session_id=0 topic="19021002b3"
2026-10-07T20:31:14.605827Z  WARN p2panda_net::sync::actors::topic_manager: sync session failed: Io(Custom { kind: NotConnected, error: ConnectionLost(ApplicationClosed(ApplicationClose { error_code: 0, reason: b"" })) }) session_id=0 topic="01fb378ca8"
2026-10-07T20:31:14.605984Z  WARN p2panda_net::sync::actors::topic_manager: sync session failed: Io(Custom { kind: NotConnected, error: ConnectionLost(ApplicationClosed(ApplicationClose { error_code: 0, reason: b"" })) }) session_id=0 topic="01fb378ca8"
2026-10-07T20:31:14.606050Z  WARN p2panda_net::sync::actors::topic_manager: sync session failed: Io(Custom { kind: NotConnected, error: ConnectionLost(ApplicationClosed(ApplicationClose { error_code: 0, reason: b"" })) }) session_id=1 topic="01fb378ca8"
2026-10-07T20:31:14.611261Z  WARN p2panda_net::sync::actors::topic_manager: sync session failed: Io(Custom { kind: NotConnected, error: ConnectionLost(ApplicationClosed(ApplicationClose { error_code: 0, reason: b"" })) }) session_id=1 topic="1799469175"
2026-10-07T20:31:14.612791Z  WARN p2panda_net::sync::actors::topic_manager: sync session failed: Io(Custom { kind: NotConnected, error: ConnectionLost(ApplicationClosed(ApplicationClose { error_code: 0, reason: b"" })) }) session_id=0 topic="01fb378ca8"
2026-10-07T20:31:14.613005Z  WARN p2panda_net::sync::actors::topic_manager: sync session failed: Io(Custom { kind: NotConnected, error: ConnectionLost(ApplicationClosed(ApplicationClose { error_code: 0, reason: b"" })) }) session_id=1 topic="01fb378ca8"
2026-10-07T20:31:14.613242Z  WARN p2panda_net::sync::actors::topic_manager: sync session failed: Io(Custom { kind: NotConnected, error: ConnectionLost(ApplicationClosed(ApplicationClose { error_code: 0, reason: b"" })) }) session_id=0 topic="aaf2b6d073"
test place::lanes::tests::a_reader_is_refused_at_the_projection_door ... ok
2026-10-07T20:31:16.948793Z  WARN p2panda_net::sync::actors::topic_manager: sync session failed: Io(Custom { kind: NotConnected, error: ConnectionLost(ApplicationClosed(ApplicationClose { error_code: 0, reason: b"" })) }) session_id=0 topic="8b8b8b8b8b"
2026-10-07T20:31:17.381528Z  WARN p2panda_sync::protocols::topic_log_sync: sync session closed with error error=DecodeMessage("Io(Custom { kind: NotConnected, error: ConnectionLost(ApplicationClosed(ApplicationClose { error_code: 0, reason: b\"\" })) })")
2026-10-07T20:31:17.381587Z  WARN p2panda_sync::protocols::topic_log_sync: sync session closed with error error=DecodeMessage("Io(Custom { kind: NotConnected, error: ConnectionLost(ApplicationClosed(ApplicationClose { error_code: 0, reason: b\"\" })) })")
2026-10-07T20:31:17.381644Z  WARN p2panda_sync::protocols::topic_log_sync: sync session closed with error error=DecodeMessage("Io(Custom { kind: NotConnected, error: ConnectionLost(LocallyClosed) })")
2026-10-07T20:31:17.382297Z  WARN p2panda_sync::protocols::topic_log_sync: sync session closed with error error=DecodeMessage("Io(Custom { kind: NotConnected, error: ConnectionLost(ApplicationClosed(ApplicationClose { error_code: 0, reason: b\"\" })) })")
2026-10-07T20:31:17.382496Z  WARN p2panda_sync::protocols::topic_log_sync: sync session closed with error error=DecodeMessage("Io(Custom { kind: NotConnected, error: ConnectionLost(ApplicationClosed(ApplicationClose { error_code: 0, reason: b\"\" })) })")
2026-10-07T20:31:17.382899Z  WARN p2panda_sync::protocols::topic_log_sync: sync session closed with error error=DecodeMessage("Io(Custom { kind: NotConnected, error: ConnectionLost(LocallyClosed) })")
2026-10-07T20:31:17.383212Z  WARN p2panda_net::sync::actors::topic_manager: sync session failed: Io(Custom { kind: NotConnected, error: ConnectionLost(ApplicationClosed(ApplicationClose { error_code: 0, reason: b"" })) }) session_id=1 topic="5b7fc56863"
2026-10-07T20:31:17.383394Z  WARN p2panda_sync::protocols::topic_log_sync: sync session closed with error error=DecodeMessage("Io(Custom { kind: NotConnected, error: ConnectionLost(ApplicationClosed(ApplicationClose { error_code: 0, reason: b\"\" })) })")
2026-10-07T20:31:17.383790Z  WARN p2panda_net::sync::actors::topic_manager: sync session failed: Io(Custom { kind: NotConnected, error: ConnectionLost(LocallyClosed) }) session_id=0 topic="5b7fc56863"
2026-10-07T20:31:17.383876Z  WARN p2panda_net::sync::actors::topic_manager: sync session failed: error sending on message sink: Io(Custom { kind: NotConnected, error: ConnectionLost(LocallyClosed) }) session_id=1 topic="5b7fc56863"
2026-10-07T20:31:17.384031Z  WARN p2panda_net::sync::actors::topic_manager: sync session failed: error sending on message sink: Io(Custom { kind: NotConnected, error: ConnectionLost(LocallyClosed) }) session_id=1 topic="5b7fc56863"
2026-10-07T20:31:17.385245Z  WARN p2panda_sync::protocols::topic_log_sync: sync session closed with error error=DecodeMessage("Io(Custom { kind: NotConnected, error: ConnectionLost(ApplicationClosed(ApplicationClose { error_code: 0, reason: b\"\" })) })")
2026-10-07T20:31:17.385391Z  WARN p2panda_net::sync::actors::topic_manager: sync session failed: Io(Custom { kind: NotConnected, error: ConnectionLost(ApplicationClosed(ApplicationClose { error_code: 0, reason: b"" })) }) session_id=1 topic="5b7fc56863"
2026-10-07T20:31:17.385723Z  WARN p2panda_net::sync::actors::topic_manager: sync session failed: Io(Custom { kind: NotConnected, error: ConnectionLost(ApplicationClosed(ApplicationClose { error_code: 0, reason: b"" })) }) session_id=1 topic="3fa2c7de77"
2026-10-07T20:31:17.393189Z  WARN p2panda_net::sync::actors::topic_manager: sync session failed: Io(Custom { kind: NotConnected, error: ConnectionLost(LocallyClosed) }) session_id=0 topic="3fa2c7de77"
2026-10-07T20:31:17.394619Z  WARN p2panda_sync::protocols::topic_log_sync: sync session closed with error error=DecodeMessage("Io(Custom { kind: NotConnected, error: ConnectionLost(ApplicationClosed(ApplicationClose { error_code: 0, reason: b\"\" })) })")
2026-10-07T20:31:17.395287Z  WARN p2panda_sync::protocols::topic_log_sync: sync session closed with error error=DecodeMessage("Io(Custom { kind: NotConnected, error: ConnectionLost(ApplicationClosed(ApplicationClose { error_code: 0, reason: b\"\" })) })")
2026-10-07T20:31:17.396151Z  WARN p2panda_net::sync::actors::topic_manager: sync session failed: Io(Custom { kind: NotConnected, error: ConnectionLost(ApplicationClosed(ApplicationClose { error_code: 0, reason: b"" })) }) session_id=0 topic="5b7fc56863"
2026-10-07T20:31:17.396349Z  WARN p2panda_net::sync::actors::topic_manager: sync session failed: Io(Custom { kind: NotConnected, error: ConnectionLost(ApplicationClosed(ApplicationClose { error_code: 0, reason: b"" })) }) session_id=1 topic="9f58c13baf"
2026-10-07T20:31:17.396871Z  WARN p2panda_net::sync::actors::topic_manager: sync session failed: Io(Custom { kind: NotConnected, error: ConnectionLost(ApplicationClosed(ApplicationClose { error_code: 0, reason: b"" })) }) session_id=1 topic="5b7fc56863"
2026-10-07T20:31:17.397132Z  WARN p2panda_net::sync::actors::topic_manager: sync session failed: Io(Custom { kind: NotConnected, error: ConnectionLost(ApplicationClosed(ApplicationClose { error_code: 0, reason: b"" })) }) session_id=0 topic="5b7fc56863"
2026-10-07T20:31:17.400150Z  WARN p2panda_net::sync::actors::topic_manager: sync session failed: error sending on message sink: Io(Custom { kind: NotConnected, error: ConnectionLost(LocallyClosed) }) session_id=0 topic="5b7fc56863"
2026-10-07T20:31:17.401099Z  WARN p2panda_net::sync::actors::topic_manager: sync session failed: error sending on message sink: Io(Custom { kind: NotConnected, error: ConnectionLost(LocallyClosed) }) session_id=0 topic="aa31106591"
2026-10-07T20:31:17.408703Z  WARN p2panda_net::sync::actors::topic_manager: sync session failed: error sending on message sink: Io(Custom { kind: NotConnected, error: ConnectionLost(LocallyClosed) }) session_id=1 topic="aa31106591"
2026-10-07T20:31:17.408167Z  WARN p2panda_sync::protocols::topic_log_sync: sync session closed with error error=DecodeMessage("Io(Custom { kind: NotConnected, error: ConnectionLost(ApplicationClosed(ApplicationClose { error_code: 0, reason: b\"\" })) })")
2026-10-07T20:31:17.406309Z  WARN p2panda_sync::protocols::topic_log_sync: sync session closed with error error=DecodeMessage("Io(Custom { kind: NotConnected, error: ConnectionLost(ApplicationClosed(ApplicationClose { error_code: 0, reason: b\"\" })) })")
2026-10-07T20:31:17.405635Z  WARN p2panda_sync::protocols::topic_log_sync: sync session closed with error error=DecodeMessage("Io(Custom { kind: NotConnected, error: ConnectionLost(ApplicationClosed(ApplicationClose { error_code: 0, reason: b\"\" })) })")
2026-10-07T20:31:17.405401Z  WARN p2panda_sync::protocols::topic_log_sync: sync session closed with error error=DecodeMessage("Io(Custom { kind: NotConnected, error: ConnectionLost(ApplicationClosed(ApplicationClose { error_code: 0, reason: b\"\" })) })")
2026-10-07T20:31:17.403408Z  WARN p2panda_sync::protocols::topic_log_sync: sync session closed with error error=DecodeMessage("Io(Custom { kind: NotConnected, error: ConnectionLost(ApplicationClosed(ApplicationClose { error_code: 0, reason: b\"\" })) })")
2026-10-07T20:31:17.403970Z  WARN p2panda_sync::protocols::topic_log_sync: sync session closed with error error=DecodeMessage("Io(Custom { kind: NotConnected, error: ConnectionLost(ApplicationClosed(ApplicationClose { error_code: 0, reason: b\"\" })) })")
2026-10-07T20:31:17.401718Z  WARN p2panda_sync::protocols::topic_log_sync: sync session closed with error error=DecodeMessage("Io(Custom { kind: NotConnected, error: ConnectionLost(LocallyClosed) })")
2026-10-07T20:31:17.411347Z  WARN p2panda_net::sync::actors::topic_manager: sync session failed: Io(Custom { kind: NotConnected, error: ConnectionLost(ApplicationClosed(ApplicationClose { error_code: 0, reason: b"" })) }) session_id=0 topic="5b7fc56863"
2026-10-07T20:31:17.412193Z  WARN p2panda_net::sync::actors::topic_manager: sync session failed: Io(Custom { kind: NotConnected, error: ConnectionLost(ApplicationClosed(ApplicationClose { error_code: 0, reason: b"" })) }) session_id=0 topic="aa31106591"
2026-10-07T20:31:17.412272Z  WARN p2panda_sync::protocols::topic_log_sync: sync session closed with error error=DecodeMessage("Io(Custom { kind: NotConnected, error: ConnectionLost(ApplicationClosed(ApplicationClose { error_code: 0, reason: b\"\" })) })")
2026-10-07T20:31:17.412360Z  WARN p2panda_sync::protocols::topic_log_sync: sync session closed with error error=DecodeMessage("Io(Custom { kind: NotConnected, error: ConnectionLost(ApplicationClosed(ApplicationClose { error_code: 0, reason: b\"\" })) })")
2026-10-07T20:31:17.413720Z ERROR iroh::socket::transports::relay: relay_recv_channel closed
2026-10-07T20:31:17.415505Z  WARN p2panda_net::sync::actors::topic_manager: sync session failed: error sending on message sink: Io(Custom { kind: NotConnected, error: ConnectionLost(ApplicationClosed(ApplicationClose { error_code: 0, reason: b"" })) }) session_id=1 topic="aa31106591"
2026-10-07T20:31:17.415158Z  WARN p2panda_net::sync::actors::topic_manager: sync session failed: error sending on message sink: Io(Custom { kind: NotConnected, error: ConnectionLost(ApplicationClosed(ApplicationClose { error_code: 0, reason: b"" })) }) session_id=0 topic="5b7fc56863"
2026-10-07T20:31:17.415621Z  WARN p2panda_net::sync::actors::topic_manager: sync session failed: error sending on message sink: Io(Custom { kind: NotConnected, error: ConnectionLost(ApplicationClosed(ApplicationClose { error_code: 0, reason: b"" })) }) session_id=1 topic="5b7fc56863"
2026-10-07T20:31:17.415551Z  WARN p2panda_net::sync::actors::topic_manager: sync session failed: error sending on message sink: Io(Custom { kind: NotConnected, error: ConnectionLost(ApplicationClosed(ApplicationClose { error_code: 0, reason: b"" })) }) session_id=1 topic="5b7fc56863"
2026-10-07T20:31:17.416768Z ERROR iroh::socket::transports::relay: relay_recv_channel closed
2026-10-07T20:31:17.429618Z ERROR iroh::socket::remote_map::remote_state: could not close last open path
2026-10-07T20:31:17.429904Z ERROR iroh::socket::remote_map::remote_state: could not close last open path
2026-10-07T20:31:17.478603Z ERROR iroh::socket::transports::relay: relay_recv_channel closed
2026-10-07T20:31:17.480046Z ERROR iroh::socket::transports::relay: relay_recv_channel closed
test place::lanes::tests::a_projection_session_nudges_the_founder_the_way_a_lane_arrival_does ... ok
2026-10-07T20:31:19.036404Z  WARN p2panda_net::iroh_mdns::actor: found invalid transport info coming from iroh's services endpoint_id=9b662f09bb44edb188b2a022b4eb969d44181252866340d454e017372d38d19b
2026-10-07T20:31:19.040335Z  WARN p2panda_net::iroh_mdns::actor: found invalid transport info coming from iroh's services endpoint_id=9b662f09bb44edb188b2a022b4eb969d44181252866340d454e017372d38d19b
2026-10-07T20:31:19.043769Z  WARN p2panda_net::iroh_mdns::actor: found invalid transport info coming from iroh's services endpoint_id=9b662f09bb44edb188b2a022b4eb969d44181252866340d454e017372d38d19b
2026-10-07T20:31:19.052128Z  WARN p2panda_net::iroh_mdns::actor: found invalid transport info coming from iroh's services endpoint_id=9b662f09bb44edb188b2a022b4eb969d44181252866340d454e017372d38d19b
2026-10-07T20:31:19.052862Z  WARN p2panda_net::iroh_mdns::actor: found invalid transport info coming from iroh's services endpoint_id=9b662f09bb44edb188b2a022b4eb969d44181252866340d454e017372d38d19b
2026-10-07T20:31:19.054507Z  WARN p2panda_net::iroh_mdns::actor: found invalid transport info coming from iroh's services endpoint_id=9b662f09bb44edb188b2a022b4eb969d44181252866340d454e017372d38d19b
2026-10-07T20:31:19.054947Z  WARN p2panda_net::iroh_mdns::actor: found invalid transport info coming from iroh's services endpoint_id=9b662f09bb44edb188b2a022b4eb969d44181252866340d454e017372d38d19b
2026-10-07T20:31:19.055115Z  WARN p2panda_net::iroh_mdns::actor: found invalid transport info coming from iroh's services endpoint_id=9b662f09bb44edb188b2a022b4eb969d44181252866340d454e017372d38d19b
2026-10-07T20:31:19.058148Z  WARN p2panda_net::iroh_mdns::actor: found invalid transport info coming from iroh's services endpoint_id=9b662f09bb44edb188b2a022b4eb969d44181252866340d454e017372d38d19b
2026-10-07T20:31:19.059299Z  WARN p2panda_net::iroh_mdns::actor: found invalid transport info coming from iroh's services endpoint_id=9b662f09bb44edb188b2a022b4eb969d44181252866340d454e017372d38d19b
2026-10-07T20:31:19.058992Z  WARN p2panda_net::iroh_mdns::actor: found invalid transport info coming from iroh's services endpoint_id=9b662f09bb44edb188b2a022b4eb969d44181252866340d454e017372d38d19b
2026-10-07T20:31:19.082678Z  WARN p2panda_net::iroh_mdns::actor: found invalid transport info coming from iroh's services endpoint_id=9b662f09bb44edb188b2a022b4eb969d44181252866340d454e017372d38d19b
2026-10-07T20:31:19.085535Z  WARN p2panda_net::iroh_mdns::actor: found invalid transport info coming from iroh's services endpoint_id=9b662f09bb44edb188b2a022b4eb969d44181252866340d454e017372d38d19b
2026-10-07T20:31:19.086293Z  WARN p2panda_net::iroh_mdns::actor: found invalid transport info coming from iroh's services endpoint_id=9b662f09bb44edb188b2a022b4eb969d44181252866340d454e017372d38d19b
2026-10-07T20:31:19.087080Z  WARN p2panda_net::iroh_mdns::actor: found invalid transport info coming from iroh's services endpoint_id=9b662f09bb44edb188b2a022b4eb969d44181252866340d454e017372d38d19b
2026-10-07T20:31:19.087307Z  WARN p2panda_net::iroh_mdns::actor: found invalid transport info coming from iroh's services endpoint_id=9b662f09bb44edb188b2a022b4eb969d44181252866340d454e017372d38d19b
2026-10-07T20:31:19.083281Z  WARN p2panda_net::iroh_mdns::actor: found invalid transport info coming from iroh's services endpoint_id=9b662f09bb44edb188b2a022b4eb969d44181252866340d454e017372d38d19b
2026-10-07T20:31:19.088616Z  WARN p2panda_net::iroh_mdns::actor: found invalid transport info coming from iroh's services endpoint_id=9b662f09bb44edb188b2a022b4eb969d44181252866340d454e017372d38d19b
2026-10-07T20:31:19.089815Z  WARN p2panda_net::iroh_mdns::actor: found invalid transport info coming from iroh's services endpoint_id=9b662f09bb44edb188b2a022b4eb969d44181252866340d454e017372d38d19b
2026-10-07T20:31:19.110388Z  WARN p2panda_sync::protocols::topic_log_sync: sync session closed with error error=DecodeMessage("Io(Custom { kind: NotConnected, error: ConnectionLost(LocallyClosed) })")
2026-10-07T20:31:19.110388Z  WARN p2panda_sync::protocols::topic_log_sync: sync session closed with error error=DecodeMessage("Io(Custom { kind: NotConnected, error: ConnectionLost(LocallyClosed) })")
2026-10-07T20:31:19.111762Z  WARN p2panda_sync::protocols::topic_log_sync: sync session closed with error error=DecodeMessage("Io(Custom { kind: NotConnected, error: ConnectionLost(LocallyClosed) })")
2026-10-07T20:31:19.111948Z  WARN p2panda_sync::protocols::topic_log_sync: sync session closed with error error=DecodeMessage("Io(Custom { kind: NotConnected, error: ConnectionLost(LocallyClosed) })")
2026-10-07T20:31:19.112268Z  WARN p2panda_sync::protocols::topic_log_sync: sync session closed with error error=DecodeMessage("Io(Custom { kind: NotConnected, error: ConnectionLost(LocallyClosed) })")
2026-10-07T20:31:19.112573Z  WARN p2panda_sync::protocols::topic_log_sync: sync session closed with error error=DecodeMessage("Io(Custom { kind: NotConnected, error: ConnectionLost(ApplicationClosed(ApplicationClose { error_code: 0, reason: b\"\" })) })")
2026-10-07T20:31:19.113068Z  WARN p2panda_net::sync::actors::topic_manager: sync session failed: Io(Custom { kind: NotConnected, error: ConnectionLost(LocallyClosed) }) session_id=2 topic="7e7e7e7e7e"
2026-10-07T20:31:19.113436Z  WARN p2panda_sync::protocols::topic_log_sync: sync session closed with error error=DecodeMessage("Io(Custom { kind: NotConnected, error: ConnectionLost(ApplicationClosed(ApplicationClose { error_code: 0, reason: b\"\" })) })")
2026-10-07T20:31:19.113663Z  WARN p2panda_net::sync::actors::topic_manager: sync session failed: Io(Custom { kind: NotConnected, error: ConnectionLost(LocallyClosed) }) session_id=2 topic="7e7e7e7e7e"
2026-10-07T20:31:19.113757Z  WARN p2panda_sync::protocols::topic_log_sync: sync session closed with error error=DecodeMessage("Io(Custom { kind: NotConnected, error: ConnectionLost(ApplicationClosed(ApplicationClose { error_code: 0, reason: b\"\" })) })")
2026-10-07T20:31:19.113868Z  WARN p2panda_net::sync::actors::topic_manager: sync session failed: Io(Custom { kind: NotConnected, error: ConnectionLost(LocallyClosed) }) session_id=2 topic="8080808080"
2026-10-07T20:31:19.114047Z  WARN p2panda_sync::protocols::topic_log_sync: sync session closed with error error=DecodeMessage("Io(Custom { kind: NotConnected, error: ConnectionLost(ApplicationClosed(ApplicationClose { error_code: 0, reason: b\"\" })) })")
2026-10-07T20:31:19.114213Z  WARN p2panda_net::sync::actors::topic_manager: sync session failed: Io(Custom { kind: NotConnected, error: ConnectionLost(LocallyClosed) }) session_id=2 topic="7e7e7e7e7e"
2026-10-07T20:31:19.114416Z  WARN p2panda_net::sync::actors::topic_manager: sync session failed: Io(Custom { kind: NotConnected, error: ConnectionLost(LocallyClosed) }) session_id=2 topic="7e7e7e7e7e"
2026-10-07T20:31:19.114750Z  WARN p2panda_net::sync::actors::topic_manager: sync session failed: error sending on message sink: Io(Custom { kind: NotConnected, error: ConnectionLost(LocallyClosed) }) session_id=2 topic="7e7e7e7e7e"
2026-10-07T20:31:19.114893Z  WARN p2panda_net::sync::actors::topic_manager: sync session failed: Io(Custom { kind: NotConnected, error: ConnectionLost(ApplicationClosed(ApplicationClose { error_code: 0, reason: b"" })) }) session_id=0 topic="7e7e7e7e7e"
2026-10-07T20:31:19.115050Z  WARN p2panda_net::sync::actors::topic_manager: sync session failed: Io(Custom { kind: NotConnected, error: ConnectionLost(ApplicationClosed(ApplicationClose { error_code: 0, reason: b"" })) }) session_id=0 topic="7e7e7e7e7e"
2026-10-07T20:31:19.115263Z  WARN p2panda_sync::protocols::topic_log_sync: sync session closed with error error=DecodeMessage("Io(Custom { kind: NotConnected, error: ConnectionLost(ApplicationClosed(ApplicationClose { error_code: 0, reason: b\"\" })) })")
2026-10-07T20:31:19.115635Z  WARN p2panda_sync::protocols::topic_log_sync: sync session closed with error error=DecodeMessage("Io(Custom { kind: NotConnected, error: ConnectionLost(ApplicationClosed(ApplicationClose { error_code: 0, reason: b\"\" })) })")
2026-10-07T20:31:19.116127Z  WARN p2panda_net::sync::actors::topic_manager: sync session failed: error sending on message sink: Io(Custom { kind: NotConnected, error: ConnectionLost(LocallyClosed) }) session_id=2 topic="7e7e7e7e7e"
2026-10-07T20:31:19.116460Z  WARN p2panda_net::sync::actors::topic_manager: sync session failed: Io(Custom { kind: NotConnected, error: ConnectionLost(ApplicationClosed(ApplicationClose { error_code: 0, reason: b"" })) }) session_id=0 topic="7f7f7f7f7f"
2026-10-07T20:31:19.116554Z  WARN p2panda_sync::protocols::topic_log_sync: sync session closed with error error=DecodeMessage("Io(Custom { kind: NotConnected, error: ConnectionLost(ApplicationClosed(ApplicationClose { error_code: 0, reason: b\"\" })) })")
2026-10-07T20:31:19.117922Z  WARN p2panda_net::sync::actors::topic_manager: sync session failed: Io(Custom { kind: NotConnected, error: ConnectionLost(ApplicationClosed(ApplicationClose { error_code: 0, reason: b"" })) }) session_id=0 topic="8080808080"
2026-10-07T20:31:19.119667Z  WARN p2panda_net::sync::actors::topic_manager: sync session failed: Io(Custom { kind: NotConnected, error: ConnectionLost(ApplicationClosed(ApplicationClose { error_code: 0, reason: b"" })) }) session_id=0 topic="7e7e7e7e7e"
2026-10-07T20:31:19.120698Z  WARN p2panda_sync::protocols::topic_log_sync: sync session closed with error error=DecodeMessage("Io(Custom { kind: NotConnected, error: ConnectionLost(ApplicationClosed(ApplicationClose { error_code: 0, reason: b\"\" })) })")
2026-10-07T20:31:19.120791Z ERROR iroh::socket::transports::relay: relay_recv_channel closed
2026-10-07T20:31:19.121179Z  WARN p2panda_net::sync::actors::topic_manager: sync session failed: Io(Custom { kind: NotConnected, error: ConnectionLost(ApplicationClosed(ApplicationClose { error_code: 0, reason: b"" })) }) session_id=0 topic="7e7e7e7e7e"
2026-10-07T20:31:19.121420Z  WARN p2panda_net::sync::actors::topic_manager: sync session failed: Io(Custom { kind: NotConnected, error: ConnectionLost(ApplicationClosed(ApplicationClose { error_code: 0, reason: b"" })) }) session_id=0 topic="7e7e7e7e7e"
2026-10-07T20:31:19.121995Z ERROR iroh::socket::transports::relay: relay_recv_channel closed
2026-10-07T20:31:19.122447Z  WARN p2panda_net::sync::actors::topic_manager: sync session failed: Io(Custom { kind: NotConnected, error: ConnectionLost(ApplicationClosed(ApplicationClose { error_code: 0, reason: b"" })) }) session_id=0 topic="7e7e7e7e7e"
2026-10-07T20:31:19.122579Z  WARN p2panda_sync::protocols::topic_log_sync: sync session closed with error error=DecodeMessage("Io(Custom { kind: NotConnected, error: ConnectionLost(ApplicationClosed(ApplicationClose { error_code: 0, reason: b\"\" })) })")
2026-10-07T20:31:19.123913Z  WARN p2panda_net::sync::actors::topic_manager: sync session failed: Io(Custom { kind: NotConnected, error: ConnectionLost(ApplicationClosed(ApplicationClose { error_code: 0, reason: b"" })) }) session_id=0 topic="7e7e7e7e7e"
2026-10-07T20:31:19.176448Z  WARN p2panda_net::sync::actors::topic_manager: sync session failed: Io(Custom { kind: NotConnected, error: ConnectionLost(ApplicationClosed(ApplicationClose { error_code: 0, reason: b"" })) }) session_id=1 topic="49ca6200fb"
2026-10-07T20:31:19.508305Z  WARN p2panda_net::iroh_endpoint::actors::connection: ignoring connection: accepting failed: the cryptographic handshake failed: error 120: peer doesn't support any known protocol
2026-10-07T20:31:19.526210Z  WARN p2panda_net::iroh_endpoint::actors::connection: ignoring connection: accepting failed: the cryptographic handshake failed: error 120: peer doesn't support any known protocol
2026-10-07T20:31:19.537352Z  WARN p2panda_net::iroh_endpoint::actors::connection: connection establishment failed: aborted by peer: the cryptographic handshake failed: error 120: peer doesn't support any known protocol
2026-10-07T20:31:19.537542Z  WARN p2panda_net::iroh_endpoint::actors::connection: connection establishment failed: aborted by peer: the cryptographic handshake failed: error 120: peer doesn't support any known protocol
2026-10-07T20:31:19.538794Z  WARN p2panda_net::sync::actors::topic_manager: sync session failed: aborted by peer: the cryptographic handshake failed: error 120: peer doesn't support any known protocol session_id=2 topic="e811968372"
2026-10-07T20:31:19.544275Z  WARN p2panda_net::sync::actors::topic_manager: sync session failed: aborted by peer: the cryptographic handshake failed: error 120: peer doesn't support any known protocol session_id=2 topic="e811968372"
test place::lanes::tests::a_partition_heals_and_both_sides_converge ... ok
2026-10-07T20:31:19.758122Z  WARN p2panda_net::sync::actors::topic_manager: sync session failed: log sync error receiving from message stream: MessageStream("Io(Custom { kind: NotConnected, error: ConnectionLost(ApplicationClosed(ApplicationClose { error_code: 0, reason: b\"\" })) })") session_id=2 topic="1799469175"
2026-10-07T20:31:19.762422Z  WARN p2panda_net::sync::actors::topic_manager: sync session failed: log sync error receiving from message stream: MessageStream("Io(Custom { kind: NotConnected, error: ConnectionLost(ApplicationClosed(ApplicationClose { error_code: 0, reason: b\"\" })) })") session_id=2 topic="01fb378ca8"
2026-10-07T20:31:19.775813Z  WARN p2panda_net::sync::actors::topic_manager: sync session failed: address book does not have any iroh address info for node id d365fb49da39bfaccbaef08f89a0cd5e5c91a123db1620327857a41ba30dc21e session_id=2 topic="e811968372"
2026-10-07T20:31:19.785212Z  WARN p2panda_net::sync::actors::topic_manager: sync session failed: address book does not have any iroh address info for node id d365fb49da39bfaccbaef08f89a0cd5e5c91a123db1620327857a41ba30dc21e session_id=2 topic="e811968372"
2026-10-07T20:31:19.790359Z  WARN p2panda_net::sync::actors::topic_manager: sync session failed: address book does not have any iroh address info for node id d365fb49da39bfaccbaef08f89a0cd5e5c91a123db1620327857a41ba30dc21e session_id=2 topic="e811968372"
2026-10-07T20:31:19.792861Z  WARN p2panda_net::sync::actors::topic_manager: sync session failed: address book does not have any iroh address info for node id d365fb49da39bfaccbaef08f89a0cd5e5c91a123db1620327857a41ba30dc21e session_id=2 topic="e811968372"
2026-10-07T20:31:19.796032Z  WARN p2panda_net::sync::actors::topic_manager: sync session failed: address book does not have any iroh address info for node id d365fb49da39bfaccbaef08f89a0cd5e5c91a123db1620327857a41ba30dc21e session_id=2 topic="e811968372"
2026-10-07T20:31:19.796117Z  WARN p2panda_net::sync::actors::topic_manager: sync session failed: address book does not have any iroh address info for node id d365fb49da39bfaccbaef08f89a0cd5e5c91a123db1620327857a41ba30dc21e session_id=2 topic="e811968372"
2026-10-07T20:31:19.796486Z  WARN p2panda_net::sync::actors::topic_manager: sync session failed: address book does not have any iroh address info for node id d365fb49da39bfaccbaef08f89a0cd5e5c91a123db1620327857a41ba30dc21e session_id=2 topic="e811968372"
2026-10-07T20:31:19.815133Z  WARN p2panda_net::sync::actors::topic_manager: sync session failed: log sync error receiving from message stream: MessageStream("Io(Custom { kind: NotConnected, error: ConnectionLost(ApplicationClosed(ApplicationClose { error_code: 0, reason: b\"\" })) })") session_id=2 topic="01fb378ca8"
2026-10-07T20:31:19.815404Z  WARN p2panda_net::sync::actors::topic_manager: sync session failed: log sync error receiving from message stream: MessageStream("Io(Custom { kind: NotConnected, error: ConnectionLost(ApplicationClosed(ApplicationClose { error_code: 0, reason: b\"\" })) })") session_id=2 topic="01fb378ca8"
2026-10-07T20:31:19.830245Z  WARN p2panda_net::sync::actors::topic_manager: sync session failed: log sync error receiving from message stream: MessageStream("Io(Custom { kind: NotConnected, error: ConnectionLost(ApplicationClosed(ApplicationClose { error_code: 0, reason: b\"\" })) })") session_id=2 topic="01fb378ca8"
2026-10-07T20:31:19.850925Z  WARN p2panda_net::iroh_endpoint::actors::connection: ignoring connection: accepting failed: the cryptographic handshake failed: error 120: peer doesn't support any known protocol
2026-10-07T20:31:19.864383Z  WARN p2panda_net::sync::actors::topic_manager: sync session failed: log sync error receiving from message stream: MessageStream("Io(Custom { kind: NotConnected, error: ConnectionLost(ApplicationClosed(ApplicationClose { error_code: 0, reason: b\"\" })) })") session_id=2 topic="19021002b3"
2026-10-07T20:31:19.864509Z  WARN p2panda_net::sync::actors::topic_manager: sync session failed: log sync error receiving from message stream: MessageStream("Io(Custom { kind: NotConnected, error: ConnectionLost(ApplicationClosed(ApplicationClose { error_code: 0, reason: b\"\" })) })") session_id=2 topic="01fb378ca8"
2026-10-07T20:31:19.880271Z  WARN p2panda_net::sync::actors::topic_manager: sync session failed: log sync error receiving from message stream: MessageStream("Io(Custom { kind: NotConnected, error: ConnectionLost(ApplicationClosed(ApplicationClose { error_code: 0, reason: b\"\" })) })") session_id=2 topic="aaf2b6d073"
2026-10-07T20:31:19.888434Z  WARN p2panda_net::sync::actors::topic_manager: sync session failed: log sync error receiving from message stream: MessageStream("Io(Custom { kind: NotConnected, error: ConnectionLost(ApplicationClosed(ApplicationClose { error_code: 0, reason: b\"\" })) })") session_id=2 topic="01fb378ca8"
2026-10-07T20:31:20.012646Z  WARN p2panda_net::iroh_endpoint::actors::connection: connection establishment failed: aborted by peer: the cryptographic handshake failed: error 120: peer doesn't support any known protocol
2026-10-07T20:31:20.026478Z  WARN p2panda_net::sync::actors::topic_manager: sync session failed: aborted by peer: the cryptographic handshake failed: error 120: peer doesn't support any known protocol session_id=2 topic="e811968372"
2026-10-07T20:31:20.160976Z  WARN p2panda_sync::protocols::topic_log_sync: sync session closed with error error=DecodeMessage("Io(Custom { kind: NotConnected, error: ConnectionLost(LocallyClosed) })")
2026-10-07T20:31:20.161165Z  WARN p2panda_net::sync::actors::topic_manager: sync session failed: error sending on message sink: Io(Custom { kind: NotConnected, error: ConnectionLost(LocallyClosed) }) session_id=1 topic="7a7a7a7a7a"
2026-10-07T20:31:20.164376Z  WARN p2panda_sync::protocols::topic_log_sync: sync session closed with error error=DecodeMessage("Io(Custom { kind: NotConnected, error: ConnectionLost(ApplicationClosed(ApplicationClose { error_code: 0, reason: b\"\" })) })")
2026-10-07T20:31:20.164659Z  WARN p2panda_sync::protocols::topic_log_sync: sync session closed with error error=DecodeMessage("Io(Custom { kind: NotConnected, error: ConnectionLost(ApplicationClosed(ApplicationClose { error_code: 0, reason: b\"\" })) })")
2026-10-07T20:31:20.164797Z  WARN p2panda_net::sync::actors::topic_manager: sync session failed: Io(Custom { kind: NotConnected, error: ConnectionLost(ApplicationClosed(ApplicationClose { error_code: 0, reason: b"" })) }) session_id=1 topic="7a7a7a7a7a"
2026-10-07T20:31:20.165267Z  WARN p2panda_net::sync::actors::topic_manager: sync session failed: Io(Custom { kind: NotConnected, error: ConnectionLost(ApplicationClosed(ApplicationClose { error_code: 0, reason: b"" })) }) session_id=0 topic="7a7a7a7a7a"
2026-10-07T20:31:20.166513Z  WARN p2panda_sync::protocols::topic_log_sync: sync session closed with error error=DecodeMessage("Io(Custom { kind: NotConnected, error: ConnectionLost(ApplicationClosed(ApplicationClose { error_code: 0, reason: b\"\" })) })")
2026-10-07T20:31:20.168075Z  WARN p2panda_sync::protocols::topic_log_sync: sync session closed with error error=DecodeMessage("Io(Custom { kind: NotConnected, error: ConnectionLost(ApplicationClosed(ApplicationClose { error_code: 0, reason: b\"\" })) })")
2026-10-07T20:31:20.168134Z  WARN p2panda_net::sync::actors::topic_manager: sync session failed: Io(Custom { kind: NotConnected, error: ConnectionLost(ApplicationClosed(ApplicationClose { error_code: 0, reason: b"" })) }) session_id=0 topic="7c7c7c7c7c"
2026-10-07T20:31:20.168768Z  WARN p2panda_net::sync::actors::topic_manager: sync session failed: error sending on message sink: Io(Custom { kind: NotConnected, error: ConnectionLost(LocallyClosed) }) session_id=1 topic="7a7a7a7a7a"
2026-10-07T20:31:20.169720Z  WARN p2panda_net::sync::actors::topic_manager: sync session failed: Io(Custom { kind: NotConnected, error: ConnectionLost(LocallyClosed) }) session_id=0 topic="7b7b7b7b7b"
2026-10-07T20:31:20.169840Z  WARN p2panda_sync::protocols::topic_log_sync: sync session closed with error error=DecodeMessage("Io(Custom { kind: NotConnected, error: ConnectionLost(ApplicationClosed(ApplicationClose { error_code: 0, reason: b\"\" })) })")
2026-10-07T20:31:20.169941Z  WARN p2panda_sync::protocols::topic_log_sync: sync session closed with error error=DecodeMessage("Io(Custom { kind: NotConnected, error: ConnectionLost(ApplicationClosed(ApplicationClose { error_code: 0, reason: b\"\" })) })")
2026-10-07T20:31:20.172785Z  WARN p2panda_net::sync::actors::topic_manager: sync session failed: error sending on message sink: Io(Custom { kind: NotConnected, error: ConnectionLost(LocallyClosed) }) session_id=1 topic="7a7a7a7a7a"
2026-10-07T20:31:20.173987Z  WARN p2panda_sync::protocols::topic_log_sync: sync session closed with error error=DecodeMessage("Io(Custom { kind: NotConnected, error: ConnectionLost(ApplicationClosed(ApplicationClose { error_code: 0, reason: b\"\" })) })")
2026-10-07T20:31:20.175082Z  WARN p2panda_sync::protocols::topic_log_sync: sync session closed with error error=DecodeMessage("Io(Custom { kind: NotConnected, error: ConnectionLost(ApplicationClosed(ApplicationClose { error_code: 0, reason: b\"\" })) })")
2026-10-07T20:31:20.176458Z  WARN p2panda_sync::protocols::topic_log_sync: sync session closed with error error=DecodeMessage("Io(Custom { kind: NotConnected, error: ConnectionLost(ApplicationClosed(ApplicationClose { error_code: 0, reason: b\"\" })) })")
2026-10-07T20:31:20.176819Z  WARN p2panda_sync::protocols::topic_log_sync: sync session closed with error error=DecodeMessage("Io(Custom { kind: NotConnected, error: ConnectionLost(ApplicationClosed(ApplicationClose { error_code: 0, reason: b\"\" })) })")
2026-10-07T20:31:20.176815Z  WARN p2panda_sync::protocols::topic_log_sync: sync session closed with error error=DecodeMessage("Io(Custom { kind: NotConnected, error: ConnectionLost(ApplicationClosed(ApplicationClose { error_code: 0, reason: b\"\" })) })")
2026-10-07T20:31:20.177115Z  WARN p2panda_sync::protocols::topic_log_sync: sync session closed with error error=DecodeMessage("Io(Custom { kind: NotConnected, error: ConnectionLost(ApplicationClosed(ApplicationClose { error_code: 0, reason: b\"\" })) })")
2026-10-07T20:31:20.178073Z  WARN p2panda_net::sync::actors::topic_manager: sync session failed: Io(Custom { kind: NotConnected, error: ConnectionLost(ApplicationClosed(ApplicationClose { error_code: 0, reason: b"" })) }) session_id=1 topic="7a7a7a7a7a"
2026-10-07T20:31:20.178443Z  WARN p2panda_net::sync::actors::topic_manager: sync session failed: Io(Custom { kind: NotConnected, error: ConnectionLost(ApplicationClosed(ApplicationClose { error_code: 0, reason: b"" })) }) session_id=0 topic="7a7a7a7a7a"
2026-10-07T20:31:20.179938Z  WARN p2panda_net::sync::actors::topic_manager: sync session failed: Io(Custom { kind: NotConnected, error: ConnectionLost(ApplicationClosed(ApplicationClose { error_code: 0, reason: b"" })) }) session_id=1 topic="7a7a7a7a7a"
2026-10-07T20:31:20.180329Z  WARN p2panda_net::sync::actors::topic_manager: sync session failed: Io(Custom { kind: NotConnected, error: ConnectionLost(ApplicationClosed(ApplicationClose { error_code: 0, reason: b"" })) }) session_id=0 topic="7a7a7a7a7a"
2026-10-07T20:31:20.182304Z  WARN p2panda_sync::protocols::topic_log_sync: sync session closed with error error=DecodeMessage("Io(Custom { kind: NotConnected, error: ConnectionLost(ApplicationClosed(ApplicationClose { error_code: 0, reason: b\"\" })) })")
2026-10-07T20:31:20.182599Z  WARN p2panda_sync::protocols::topic_log_sync: sync session closed with error error=DecodeMessage("Io(Custom { kind: NotConnected, error: ConnectionLost(ApplicationClosed(ApplicationClose { error_code: 0, reason: b\"\" })) })")
2026-10-07T20:31:20.182739Z  WARN p2panda_sync::protocols::topic_log_sync: sync session closed with error error=DecodeMessage("Io(Custom { kind: NotConnected, error: ConnectionLost(ApplicationClosed(ApplicationClose { error_code: 0, reason: b\"\" })) })")
2026-10-07T20:31:20.182987Z  WARN p2panda_sync::protocols::topic_log_sync: sync session closed with error error=DecodeMessage("Io(Custom { kind: NotConnected, error: ConnectionLost(ApplicationClosed(ApplicationClose { error_code: 0, reason: b\"\" })) })")
2026-10-07T20:31:20.183242Z  WARN p2panda_net::sync::actors::topic_manager: sync session failed: error sending on message sink: Io(Custom { kind: NotConnected, error: ConnectionLost(ApplicationClosed(ApplicationClose { error_code: 0, reason: b"" })) }) session_id=1 topic="7b7b7b7b7b"
2026-10-07T20:31:20.183344Z  WARN p2panda_net::sync::actors::topic_manager: sync session failed: error sending on message sink: Io(Custom { kind: NotConnected, error: ConnectionLost(ApplicationClosed(ApplicationClose { error_code: 0, reason: b"" })) }) session_id=0 topic="7b7b7b7b7b"
2026-10-07T20:31:20.185253Z  WARN p2panda_net::sync::actors::topic_manager: sync session failed: Io(Custom { kind: NotConnected, error: ConnectionLost(ApplicationClosed(ApplicationClose { error_code: 0, reason: b"" })) }) session_id=0 topic="7a7a7a7a7a"
2026-10-07T20:31:20.185730Z ERROR iroh::socket::transports::relay: relay_recv_channel closed
2026-10-07T20:31:20.197058Z ERROR iroh::socket::transports::relay: relay_recv_channel closed
2026-10-07T20:31:20.510866Z  WARN p2panda_sync::protocols::topic_log_sync: sync session closed with error error=DecodeMessage("Io(Custom { kind: NotConnected, error: ConnectionLost(LocallyClosed) })")
2026-10-07T20:31:20.510957Z  WARN p2panda_sync::protocols::topic_log_sync: sync session closed with error error=DecodeMessage("Io(Custom { kind: NotConnected, error: ConnectionLost(LocallyClosed) })")
2026-10-07T20:31:20.512312Z  WARN p2panda_sync::protocols::topic_log_sync: sync session closed with error error=DecodeMessage("Io(Custom { kind: NotConnected, error: ConnectionLost(ApplicationClosed(ApplicationClose { error_code: 0, reason: b\"\" })) })")
2026-10-07T20:31:20.512357Z  WARN p2panda_sync::protocols::topic_log_sync: sync session closed with error error=DecodeMessage("Io(Custom { kind: NotConnected, error: ConnectionLost(ApplicationClosed(ApplicationClose { error_code: 0, reason: b\"\" })) })")
2026-10-07T20:31:20.512724Z  WARN p2panda_sync::protocols::topic_log_sync: sync session closed with error error=DecodeMessage("Io(Custom { kind: NotConnected, error: ConnectionLost(ApplicationClosed(ApplicationClose { error_code: 0, reason: b\"\" })) })")
2026-10-07T20:31:20.513859Z  WARN p2panda_sync::protocols::topic_log_sync: sync session closed with error error=DecodeMessage("Io(Custom { kind: NotConnected, error: ConnectionLost(ApplicationClosed(ApplicationClose { error_code: 0, reason: b\"\" })) })")
2026-10-07T20:31:20.514081Z  WARN p2panda_net::sync::actors::topic_manager: sync session failed: Io(Custom { kind: NotConnected, error: ConnectionLost(LocallyClosed) }) session_id=1 topic="321cb27bda"
2026-10-07T20:31:20.514158Z  WARN p2panda_net::sync::actors::topic_manager: sync session failed: error sending on message sink: Io(Custom { kind: NotConnected, error: ConnectionLost(LocallyClosed) }) session_id=1 topic="321cb27bda"
2026-10-07T20:31:20.514248Z  WARN p2panda_sync::protocols::topic_log_sync: sync session closed with error error=DecodeMessage("Io(Custom { kind: NotConnected, error: ConnectionLost(ApplicationClosed(ApplicationClose { error_code: 0, reason: b\"\" })) })")
2026-10-07T20:31:20.514794Z  WARN p2panda_sync::protocols::topic_log_sync: sync session closed with error error=DecodeMessage("Io(Custom { kind: NotConnected, error: ConnectionLost(ApplicationClosed(ApplicationClose { error_code: 0, reason: b\"\" })) })")
2026-10-07T20:31:20.515075Z  WARN p2panda_sync::protocols::topic_log_sync: sync session closed with error error=DecodeMessage("Io(Custom { kind: NotConnected, error: ConnectionLost(ApplicationClosed(ApplicationClose { error_code: 0, reason: b\"\" })) })")
2026-10-07T20:31:20.515161Z  WARN p2panda_sync::protocols::topic_log_sync: sync session closed with error error=DecodeMessage("Io(Custom { kind: NotConnected, error: ConnectionLost(ApplicationClosed(ApplicationClose { error_code: 0, reason: b\"\" })) })")
2026-10-07T20:31:20.515239Z  WARN p2panda_sync::protocols::topic_log_sync: sync session closed with error error=DecodeMessage("Io(Custom { kind: NotConnected, error: ConnectionLost(ApplicationClosed(ApplicationClose { error_code: 0, reason: b\"\" })) })")
2026-10-07T20:31:20.515356Z  WARN p2panda_sync::protocols::topic_log_sync: sync session closed with error error=DecodeMessage("Io(Custom { kind: NotConnected, error: ConnectionLost(ApplicationClosed(ApplicationClose { error_code: 0, reason: b\"\" })) })")
2026-10-07T20:31:20.515385Z  WARN p2panda_net::sync::actors::topic_manager: sync session failed: error sending on message sink: Io(Custom { kind: NotConnected, error: ConnectionLost(LocallyClosed) }) session_id=0 topic="321cb27bda"
2026-10-07T20:31:20.515600Z  WARN p2panda_sync::protocols::topic_log_sync: sync session closed with error error=DecodeMessage("Io(Custom { kind: NotConnected, error: ConnectionLost(ApplicationClosed(ApplicationClose { error_code: 0, reason: b\"\" })) })")
2026-10-07T20:31:20.515598Z  WARN p2panda_net::sync::actors::topic_manager: sync session failed: error sending on message sink: Io(Custom { kind: NotConnected, error: ConnectionLost(LocallyClosed) }) session_id=1 topic="321cb27bda"
2026-10-07T20:31:20.515730Z  WARN p2panda_net::sync::actors::topic_manager: sync session failed: error sending on message sink: Io(Custom { kind: NotConnected, error: ConnectionLost(LocallyClosed) }) session_id=0 topic="321cb27bda"
2026-10-07T20:31:20.516053Z  WARN p2panda_net::sync::actors::topic_manager: sync session failed: Io(Custom { kind: NotConnected, error: ConnectionLost(ApplicationClosed(ApplicationClose { error_code: 0, reason: b"" })) }) session_id=0 topic="321cb27bda"
2026-10-07T20:31:20.516143Z  WARN p2panda_net::sync::actors::topic_manager: sync session failed: error sending on message sink: Io(Custom { kind: NotConnected, error: ConnectionLost(LocallyClosed) }) session_id=0 topic="321cb27bda"
2026-10-07T20:31:20.515989Z  WARN p2panda_sync::protocols::topic_log_sync: sync session closed with error error=DecodeMessage("Io(Custom { kind: NotConnected, error: ConnectionLost(ApplicationClosed(ApplicationClose { error_code: 0, reason: b\"\" })) })")
2026-10-07T20:31:20.516246Z  WARN p2panda_net::sync::actors::topic_manager: sync session failed: Io(Custom { kind: NotConnected, error: ConnectionLost(ApplicationClosed(ApplicationClose { error_code: 0, reason: b"" })) }) session_id=1 topic="40d666d6a7"
2026-10-07T20:31:20.516346Z  WARN p2panda_net::sync::actors::topic_manager: sync session failed: Io(Custom { kind: NotConnected, error: ConnectionLost(ApplicationClosed(ApplicationClose { error_code: 0, reason: b"" })) }) session_id=1 topic="321cb27bda"
2026-10-07T20:31:20.516380Z  WARN p2panda_net::sync::actors::topic_manager: sync session failed: Io(Custom { kind: NotConnected, error: ConnectionLost(ApplicationClosed(ApplicationClose { error_code: 0, reason: b"" })) }) session_id=1 topic="97ea538eda"
2026-10-07T20:31:20.516465Z  WARN p2panda_net::sync::actors::topic_manager: sync session failed: error sending on message sink: Io(Custom { kind: NotConnected, error: ConnectionLost(LocallyClosed) }) session_id=1 topic="321cb27bda"
2026-10-07T20:31:20.516591Z  WARN p2panda_sync::protocols::topic_log_sync: sync session closed with error error=DecodeMessage("Io(Custom { kind: NotConnected, error: ConnectionLost(ApplicationClosed(ApplicationClose { error_code: 0, reason: b\"\" })) })")
2026-10-07T20:31:20.516620Z  WARN p2panda_net::sync::actors::topic_manager: sync session failed: Io(Custom { kind: NotConnected, error: ConnectionLost(ApplicationClosed(ApplicationClose { error_code: 0, reason: b"" })) }) session_id=1 topic="6ac6c14ab1"
2026-10-07T20:31:20.516969Z  WARN p2panda_net::sync::actors::topic_manager: sync session failed: Io(Custom { kind: NotConnected, error: ConnectionLost(ApplicationClosed(ApplicationClose { error_code: 0, reason: b"" })) }) session_id=0 topic="321cb27bda"
2026-10-07T20:31:20.518397Z  WARN p2panda_net::sync::actors::topic_manager: sync session failed: Io(Custom { kind: NotConnected, error: ConnectionLost(ApplicationClosed(ApplicationClose { error_code: 0, reason: b"" })) }) session_id=0 topic="321cb27bda"
2026-10-07T20:31:20.518397Z  WARN p2panda_net::sync::actors::topic_manager: sync session failed: Io(Custom { kind: NotConnected, error: ConnectionLost(ApplicationClosed(ApplicationClose { error_code: 0, reason: b"" })) }) session_id=0 topic="321cb27bda"
2026-10-07T20:31:20.518537Z  WARN p2panda_sync::protocols::topic_log_sync: sync session closed with error error=DecodeMessage("Io(Custom { kind: NotConnected, error: ConnectionLost(ApplicationClosed(ApplicationClose { error_code: 0, reason: b\"\" })) })")
2026-10-07T20:31:20.518819Z  WARN p2panda_sync::protocols::topic_log_sync: sync session closed with error error=DecodeMessage("Io(Custom { kind: NotConnected, error: ConnectionLost(ApplicationClosed(ApplicationClose { error_code: 0, reason: b\"\" })) })")
2026-10-07T20:31:20.519425Z  WARN p2panda_sync::protocols::topic_log_sync: sync session closed with error error=DecodeMessage("Io(Custom { kind: NotConnected, error: ConnectionLost(ApplicationClosed(ApplicationClose { error_code: 0, reason: b\"\" })) })")
2026-10-07T20:31:20.520812Z  WARN p2panda_net::sync::actors::topic_manager: sync session failed: Io(Custom { kind: NotConnected, error: ConnectionLost(ApplicationClosed(ApplicationClose { error_code: 0, reason: b"" })) }) session_id=1 topic="321cb27bda"
2026-10-07T20:31:20.521141Z  WARN p2panda_sync::protocols::topic_log_sync: sync session closed with error error=DecodeMessage("Io(Custom { kind: NotConnected, error: ConnectionLost(ApplicationClosed(ApplicationClose { error_code: 0, reason: b\"\" })) })")
2026-10-07T20:31:20.521558Z  WARN p2panda_net::sync::actors::topic_manager: sync session failed: Io(Custom { kind: NotConnected, error: ConnectionLost(ApplicationClosed(ApplicationClose { error_code: 0, reason: b"" })) }) session_id=0 topic="321cb27bda"
2026-10-07T20:31:20.521682Z  WARN p2panda_sync::protocols::topic_log_sync: sync session closed with error error=DecodeMessage("Io(Custom { kind: NotConnected, error: ConnectionLost(ApplicationClosed(ApplicationClose { error_code: 0, reason: b\"\" })) })")
2026-10-07T20:31:20.521776Z  WARN p2panda_sync::protocols::topic_log_sync: sync session closed with error error=DecodeMessage("Io(Custom { kind: NotConnected, error: ConnectionLost(ApplicationClosed(ApplicationClose { error_code: 0, reason: b\"\" })) })")
2026-10-07T20:31:20.522219Z  WARN p2panda_sync::protocols::topic_log_sync: sync session closed with error error=DecodeMessage("Io(Custom { kind: NotConnected, error: ConnectionLost(ApplicationClosed(ApplicationClose { error_code: 0, reason: b\"\" })) })")
2026-10-07T20:31:20.524290Z ERROR iroh::socket::transports::relay: relay_recv_channel closed
2026-10-07T20:31:20.525349Z ERROR iroh::socket::transports::relay: relay_recv_channel closed
test place::lanes::tests::a_joiner_catches_up_on_a_live_place_over_one_ticket ... ok
2026-10-07T20:31:21.774476Z  WARN p2panda_sync::protocols::topic_log_sync: sync session closed with error error=DecodeMessage("Io(Custom { kind: NotConnected, error: ConnectionLost(LocallyClosed) })")
2026-10-07T20:31:21.775356Z  WARN p2panda_sync::protocols::topic_log_sync: sync session closed with error error=DecodeMessage("Io(Custom { kind: NotConnected, error: ConnectionLost(LocallyClosed) })")
2026-10-07T20:31:21.775395Z  WARN p2panda_net::sync::actors::topic_manager: sync session failed: error sending on message sink: Io(Custom { kind: NotConnected, error: ConnectionLost(LocallyClosed) }) session_id=0 topic="9c9c9c9c9c"
2026-10-07T20:31:21.775616Z  WARN p2panda_sync::protocols::topic_log_sync: sync session closed with error error=DecodeMessage("Io(Custom { kind: NotConnected, error: ConnectionLost(LocallyClosed) })")
2026-10-07T20:31:21.775694Z  WARN p2panda_sync::protocols::topic_log_sync: sync session closed with error error=DecodeMessage("Io(Custom { kind: NotConnected, error: ConnectionLost(LocallyClosed) })")
2026-10-07T20:31:21.775906Z  WARN p2panda_sync::protocols::topic_log_sync: sync session closed with error error=DecodeMessage("Io(Custom { kind: NotConnected, error: ConnectionLost(ApplicationClosed(ApplicationClose { error_code: 0, reason: b\"\" })) })")
2026-10-07T20:31:21.776100Z  WARN p2panda_sync::protocols::topic_log_sync: sync session closed with error error=DecodeMessage("Io(Custom { kind: NotConnected, error: ConnectionLost(ApplicationClosed(ApplicationClose { error_code: 0, reason: b\"\" })) })")
2026-10-07T20:31:21.776164Z  WARN p2panda_sync::protocols::topic_log_sync: sync session closed with error error=DecodeMessage("Io(Custom { kind: NotConnected, error: ConnectionLost(ApplicationClosed(ApplicationClose { error_code: 0, reason: b\"\" })) })")
2026-10-07T20:31:21.776493Z  WARN p2panda_sync::protocols::topic_log_sync: sync session closed with error error=DecodeMessage("Io(Custom { kind: NotConnected, error: ConnectionLost(ApplicationClosed(ApplicationClose { error_code: 0, reason: b\"\" })) })")
2026-10-07T20:31:21.776744Z  WARN p2panda_net::sync::actors::topic_manager: sync session failed: Io(Custom { kind: NotConnected, error: ConnectionLost(LocallyClosed) }) session_id=0 topic="9c9c9c9c9c"
2026-10-07T20:31:21.776912Z  WARN p2panda_net::sync::actors::topic_manager: sync session failed: error sending on message sink: Io(Custom { kind: NotConnected, error: ConnectionLost(LocallyClosed) }) session_id=1 topic="9c9c9c9c9c"
2026-10-07T20:31:21.776983Z  WARN p2panda_net::sync::actors::topic_manager: sync session failed: error sending on message sink: Io(Custom { kind: NotConnected, error: ConnectionLost(LocallyClosed) }) session_id=0 topic="9c9c9c9c9c"
2026-10-07T20:31:21.777193Z  WARN p2panda_net::sync::actors::topic_manager: sync session failed: Io(Custom { kind: NotConnected, error: ConnectionLost(ApplicationClosed(ApplicationClose { error_code: 0, reason: b"" })) }) session_id=1 topic="9c9c9c9c9c"
2026-10-07T20:31:21.777595Z  WARN p2panda_net::sync::actors::topic_manager: sync session failed: error sending on message sink: Io(Custom { kind: NotConnected, error: ConnectionLost(LocallyClosed) }) session_id=0 topic="9c9c9c9c9c"
2026-10-07T20:31:21.778073Z  WARN p2panda_net::sync::actors::topic_manager: sync session failed: Io(Custom { kind: NotConnected, error: ConnectionLost(ApplicationClosed(ApplicationClose { error_code: 0, reason: b"" })) }) session_id=0 topic="9c9c9c9c9c"
2026-10-07T20:31:21.778086Z  WARN p2panda_sync::protocols::topic_log_sync: sync session closed with error error=DecodeMessage("Io(Custom { kind: NotConnected, error: ConnectionLost(ApplicationClosed(ApplicationClose { error_code: 0, reason: b\"\" })) })")
2026-10-07T20:31:21.778258Z  WARN p2panda_net::sync::actors::topic_manager: sync session failed: Io(Custom { kind: NotConnected, error: ConnectionLost(ApplicationClosed(ApplicationClose { error_code: 0, reason: b"" })) }) session_id=1 topic="9c9c9c9c9c"
2026-10-07T20:31:21.779978Z ERROR iroh::socket::transports::relay: relay_recv_channel closed
2026-10-07T20:31:21.781147Z ERROR iroh::socket::transports::relay: relay_recv_channel closed
2026-10-07T20:31:21.782063Z  WARN p2panda_sync::protocols::topic_log_sync: sync session closed with error error=DecodeMessage("Io(Custom { kind: NotConnected, error: ConnectionLost(ApplicationClosed(ApplicationClose { error_code: 0, reason: b\"\" })) })")
2026-10-07T20:31:21.782090Z  WARN p2panda_sync::protocols::topic_log_sync: sync session closed with error error=DecodeMessage("Io(Custom { kind: NotConnected, error: ConnectionLost(ApplicationClosed(ApplicationClose { error_code: 0, reason: b\"\" })) })")
2026-10-07T20:31:21.782372Z  WARN p2panda_sync::protocols::topic_log_sync: sync session closed with error error=DecodeMessage("Io(Custom { kind: NotConnected, error: ConnectionLost(ApplicationClosed(ApplicationClose { error_code: 0, reason: b\"\" })) })")
2026-10-07T20:31:21.783051Z  WARN p2panda_net::sync::actors::topic_manager: sync session failed: Io(Custom { kind: NotConnected, error: ConnectionLost(ApplicationClosed(ApplicationClose { error_code: 0, reason: b"" })) }) session_id=0 topic="9c9c9c9c9c"
2026-10-07T20:31:21.785739Z  WARN p2panda_net::sync::actors::topic_manager: sync session failed: Io(Custom { kind: NotConnected, error: ConnectionLost(ApplicationClosed(ApplicationClose { error_code: 0, reason: b"" })) }) session_id=1 topic="9c9c9c9c9c"
2026-10-07T20:31:21.795358Z  WARN p2panda_net::sync::actors::topic_manager: sync session failed: Io(Custom { kind: NotConnected, error: ConnectionLost(LocallyClosed) }) session_id=0 topic="9c9c9c9c9c"
2026-10-07T20:31:21.796289Z  WARN p2panda_sync::protocols::topic_log_sync: sync session closed with error error=DecodeMessage("Io(Custom { kind: NotConnected, error: ConnectionLost(ApplicationClosed(ApplicationClose { error_code: 0, reason: b\"\" })) })")
2026-10-07T20:31:21.796457Z  WARN p2panda_sync::protocols::topic_log_sync: sync session closed with error error=DecodeMessage("Io(Custom { kind: NotConnected, error: ConnectionLost(ApplicationClosed(ApplicationClose { error_code: 0, reason: b\"\" })) })")
2026-10-07T20:31:21.796810Z  WARN p2panda_net::sync::actors::topic_manager: sync session failed: Io(Custom { kind: NotConnected, error: ConnectionLost(LocallyClosed) }) session_id=0 topic="9c9c9c9c9c"
2026-10-07T20:31:21.797661Z  WARN p2panda_net::sync::actors::topic_manager: sync session failed: Io(Custom { kind: NotConnected, error: ConnectionLost(ApplicationClosed(ApplicationClose { error_code: 0, reason: b"" })) }) session_id=1 topic="9c9c9c9c9c"
2026-10-07T20:31:21.803741Z  WARN p2panda_net::sync::actors::topic_manager: sync session failed: Io(Custom { kind: NotConnected, error: ConnectionLost(ApplicationClosed(ApplicationClose { error_code: 0, reason: b"" })) }) session_id=1 topic="9c9c9c9c9c"
2026-10-07T20:31:22.389777Z  WARN p2panda_net::sync::actors::topic_manager: sync session failed: Io(Custom { kind: NotConnected, error: ConnectionLost(ApplicationClosed(ApplicationClose { error_code: 0, reason: b"" })) }) session_id=0 topic="3fa2c7de77"
2026-10-07T20:31:22.389966Z  WARN p2panda_net::sync::actors::topic_manager: sync session failed: Io(Custom { kind: NotConnected, error: ConnectionLost(ApplicationClosed(ApplicationClose { error_code: 0, reason: b"" })) }) session_id=0 topic="5b7fc56863"
2026-10-07T20:31:22.390774Z  WARN p2panda_net::sync::actors::topic_manager: sync session failed: Io(Custom { kind: NotConnected, error: ConnectionLost(ApplicationClosed(ApplicationClose { error_code: 0, reason: b"" })) }) session_id=0 topic="5b7fc56863"
2026-10-07T20:31:22.404996Z  WARN p2panda_net::sync::actors::topic_manager: sync session failed: Io(Custom { kind: NotConnected, error: ConnectionLost(ApplicationClosed(ApplicationClose { error_code: 0, reason: b"" })) }) session_id=1 topic="5b7fc56863"
2026-10-07T20:31:22.405285Z  WARN p2panda_net::sync::actors::topic_manager: sync session failed: Io(Custom { kind: NotConnected, error: ConnectionLost(ApplicationClosed(ApplicationClose { error_code: 0, reason: b"" })) }) session_id=0 topic="5b7fc56863"
2026-10-07T20:31:22.405510Z  WARN p2panda_net::sync::actors::topic_manager: sync session failed: Io(Custom { kind: NotConnected, error: ConnectionLost(LocallyClosed) }) session_id=1 topic="3fa2c7de77"
2026-10-07T20:31:22.408105Z  WARN p2panda_net::sync::actors::topic_manager: sync session failed: Io(Custom { kind: NotConnected, error: ConnectionLost(ApplicationClosed(ApplicationClose { error_code: 0, reason: b"" })) }) session_id=0 topic="9f58c13baf"
2026-10-07T20:31:22.409051Z  WARN p2panda_net::sync::actors::topic_manager: sync session failed: Io(Custom { kind: NotConnected, error: ConnectionLost(ApplicationClosed(ApplicationClose { error_code: 0, reason: b"" })) }) session_id=1 topic="5b7fc56863"
2026-10-07T20:31:22.805816Z  WARN p2panda_net::iroh_endpoint::actors::connection: ignoring connection: accepting failed: the cryptographic handshake failed: error 120: peer doesn't support any known protocol
2026-10-07T20:31:22.810560Z  WARN p2panda_net::iroh_endpoint::actors::connection: connection establishment failed: aborted by peer: the cryptographic handshake failed: error 120: peer doesn't support any known protocol
2026-10-07T20:31:22.833868Z  WARN p2panda_net::sync::actors::topic_manager: sync session failed: aborted by peer: the cryptographic handshake failed: error 120: peer doesn't support any known protocol session_id=0 topic="6d1bfd3590"
2026-10-07T20:31:23.054038Z  WARN p2panda_net::iroh_endpoint::actors::connection: ignoring connection: accepting failed: the cryptographic handshake failed: error 120: peer doesn't support any known protocol
2026-10-07T20:31:23.054783Z  WARN p2panda_net::iroh_endpoint::actors::connection: connection establishment failed: aborted by peer: the cryptographic handshake failed: error 120: peer doesn't support any known protocol
2026-10-07T20:31:23.063463Z  WARN p2panda_net::sync::actors::topic_manager: sync session failed: aborted by peer: the cryptographic handshake failed: error 120: peer doesn't support any known protocol session_id=0 topic="3fa3d376eb"
2026-10-07T20:31:23.169211Z  WARN p2panda_net::iroh_endpoint::actors::connection: ignoring connection: accepting failed: the cryptographic handshake failed: error 120: peer doesn't support any known protocol
2026-10-07T20:31:23.170049Z  WARN p2panda_net::iroh_endpoint::actors::connection: connection establishment failed: aborted by peer: the cryptographic handshake failed: error 120: peer doesn't support any known protocol
2026-10-07T20:31:23.172015Z  WARN p2panda_net::sync::actors::topic_manager: sync session failed: aborted by peer: the cryptographic handshake failed: error 120: peer doesn't support any known protocol session_id=0 topic="3fa3d376eb"
2026-10-07T20:31:23.172513Z  WARN p2panda_net::iroh_endpoint::actors::connection: ignoring connection: accepting failed: the cryptographic handshake failed: error 120: peer doesn't support any known protocol
2026-10-07T20:31:23.172730Z  WARN p2panda_net::iroh_endpoint::actors::connection: connection establishment failed: aborted by peer: the cryptographic handshake failed: error 120: peer doesn't support any known protocol
2026-10-07T20:31:23.175961Z  WARN p2panda_net::sync::actors::topic_manager: sync session failed: aborted by peer: the cryptographic handshake failed: error 120: peer doesn't support any known protocol session_id=0 topic="3fa3d376eb"
2026-10-07T20:31:23.190384Z  WARN p2panda_net::iroh_endpoint::actors::connection: ignoring connection: accepting failed: the cryptographic handshake failed: error 120: peer doesn't support any known protocol
2026-10-07T20:31:23.191492Z  WARN p2panda_net::iroh_endpoint::actors::connection: connection establishment failed: aborted by peer: the cryptographic handshake failed: error 120: peer doesn't support any known protocol
2026-10-07T20:31:23.194257Z  WARN p2panda_net::sync::actors::topic_manager: sync session failed: aborted by peer: the cryptographic handshake failed: error 120: peer doesn't support any known protocol session_id=0 topic="863c797d13"
test place::lanes::tests::a_membership_admission_and_a_shared_node_race_to_a_connected_joiner ... ok
2026-10-07T20:31:24.007178Z ERROR iroh::socket::transports::relay: relay_recv_channel closed
2026-10-07T20:31:24.008444Z ERROR iroh::socket::transports::relay: relay_recv_channel closed
2026-10-07T20:31:24.175008Z ERROR iroh::socket: Endpoint dropped without calling `Endpoint::close`. Aborting ungracefully.
2026-10-07T20:31:24.286541Z  WARN p2panda_sync::protocols::topic_log_sync: sync session closed with error error=DecodeMessage("Io(Custom { kind: NotConnected, error: ConnectionLost(LocallyClosed) })")
2026-10-07T20:31:24.287188Z  WARN p2panda_net::sync::actors::topic_manager: sync session failed: Io(Custom { kind: NotConnected, error: ConnectionLost(LocallyClosed) }) session_id=1 topic="2f1ae9fcd4"
2026-10-07T20:31:24.287375Z  WARN p2panda_sync::protocols::topic_log_sync: sync session closed with error error=DecodeMessage("Io(Custom { kind: NotConnected, error: ConnectionLost(LocallyClosed) })")
2026-10-07T20:31:24.293883Z  WARN p2panda_sync::protocols::topic_log_sync: sync session closed with error error=DecodeMessage("Io(Custom { kind: NotConnected, error: ConnectionLost(LocallyClosed) })")
2026-10-07T20:31:24.295554Z  WARN p2panda_net::sync::actors::topic_manager: sync session failed: Io(Custom { kind: NotConnected, error: ConnectionLost(LocallyClosed) }) session_id=0 topic="d0b0939429"
2026-10-07T20:31:24.296313Z  WARN p2panda_sync::protocols::topic_log_sync: sync session closed with error error=DecodeMessage("Io(Custom { kind: NotConnected, error: ConnectionLost(ApplicationClosed(ApplicationClose { error_code: 0, reason: b\"\" })) })")
2026-10-07T20:31:24.296616Z  WARN p2panda_sync::protocols::topic_log_sync: sync session closed with error error=DecodeMessage("Io(Custom { kind: NotConnected, error: ConnectionLost(ApplicationClosed(ApplicationClose { error_code: 0, reason: b\"\" })) })")
2026-10-07T20:31:24.297245Z  WARN p2panda_sync::protocols::topic_log_sync: sync session closed with error error=DecodeMessage("Io(Custom { kind: NotConnected, error: ConnectionLost(ApplicationClosed(ApplicationClose { error_code: 0, reason: b\"\" })) })")
2026-10-07T20:31:24.297726Z  WARN p2panda_net::sync::actors::topic_manager: sync session failed: log sync error receiving from message stream: MessageStream("Io(Custom { kind: NotConnected, error: ConnectionLost(LocallyClosed) })") session_id=0 topic="3fa3d376eb"
2026-10-07T20:31:24.298995Z  WARN p2panda_net::sync::actors::topic_manager: sync session failed: error sending on message sink: Io(Custom { kind: NotConnected, error: ConnectionLost(LocallyClosed) }) session_id=1 topic="3fa3d376eb"
2026-10-07T20:31:24.299373Z  WARN p2panda_net::sync::actors::topic_manager: sync session failed: error sending on message sink: Io(Custom { kind: NotConnected, error: ConnectionLost(LocallyClosed) }) session_id=0 topic="3fa3d376eb"
2026-10-07T20:31:24.299562Z  WARN p2panda_sync::protocols::topic_log_sync: sync session closed with error error=DecodeMessage("Io(Custom { kind: NotConnected, error: ConnectionLost(ApplicationClosed(ApplicationClose { error_code: 0, reason: b\"\" })) })")
2026-10-07T20:31:24.299673Z  WARN p2panda_net::sync::actors::topic_manager: sync session failed: log sync error receiving from message stream: MessageStream("Io(Custom { kind: NotConnected, error: ConnectionLost(LocallyClosed) })") session_id=0 topic="3fa3d376eb"
2026-10-07T20:31:24.301113Z  WARN p2panda_sync::protocols::topic_log_sync: sync session closed with error error=DecodeMessage("Io(Custom { kind: NotConnected, error: ConnectionLost(ApplicationClosed(ApplicationClose { error_code: 0, reason: b\"\" })) })")
2026-10-07T20:31:24.301619Z  WARN p2panda_sync::protocols::topic_log_sync: sync session closed with error error=DecodeMessage("Io(Custom { kind: NotConnected, error: ConnectionLost(ApplicationClosed(ApplicationClose { error_code: 0, reason: b\"\" })) })")
2026-10-07T20:31:24.301691Z  WARN p2panda_net::sync::actors::topic_manager: sync session failed: error sending on message sink: Io(Custom { kind: NotConnected, error: ConnectionLost(LocallyClosed) }) session_id=0 topic="3fa3d376eb"
2026-10-07T20:31:24.301857Z  WARN p2panda_net::sync::actors::topic_manager: sync session failed: error sending on message sink: Io(Custom { kind: NotConnected, error: ConnectionLost(LocallyClosed) }) session_id=1 topic="3fa3d376eb"
2026-10-07T20:31:24.302924Z  WARN p2panda_sync::protocols::topic_log_sync: sync session closed with error error=DecodeMessage("Io(Custom { kind: NotConnected, error: ConnectionLost(ApplicationClosed(ApplicationClose { error_code: 0, reason: b\"\" })) })")
2026-10-07T20:31:24.304759Z  WARN p2panda_net::sync::actors::topic_manager: sync session failed: error sending on message sink: Io(Custom { kind: NotConnected, error: ConnectionLost(LocallyClosed) }) session_id=0 topic="3fa3d376eb"
2026-10-07T20:31:24.304829Z  WARN p2panda_net::sync::actors::topic_manager: sync session failed: error sending on message sink: Io(Custom { kind: NotConnected, error: ConnectionLost(LocallyClosed) }) session_id=0 topic="19e29514ec"
2026-10-07T20:31:24.304964Z  WARN p2panda_net::sync::actors::topic_manager: sync session failed: Io(Custom { kind: NotConnected, error: ConnectionLost(ApplicationClosed(ApplicationClose { error_code: 0, reason: b"" })) }) session_id=0 topic="3fa3d376eb"
2026-10-07T20:31:24.305392Z  WARN p2panda_sync::protocols::topic_log_sync: sync session closed with error error=DecodeMessage("Io(Custom { kind: NotConnected, error: ConnectionLost(LocallyClosed) })")
2026-10-07T20:31:24.305597Z  WARN p2panda_net::sync::actors::topic_manager: sync session failed: Io(Custom { kind: NotConnected, error: ConnectionLost(ApplicationClosed(ApplicationClose { error_code: 0, reason: b"" })) }) session_id=1 topic="3fa3d376eb"
2026-10-07T20:31:24.306059Z  WARN p2panda_net::sync::actors::topic_manager: sync session failed: Io(Custom { kind: NotConnected, error: ConnectionLost(ApplicationClosed(ApplicationClose { error_code: 0, reason: b"" })) }) session_id=0 topic="2f1ae9fcd4"
2026-10-07T20:31:24.306209Z  WARN p2panda_sync::protocols::topic_log_sync: sync session closed with error error=DecodeMessage("Io(Custom { kind: NotConnected, error: ConnectionLost(ApplicationClosed(ApplicationClose { error_code: 0, reason: b\"\" })) })")
2026-10-07T20:31:24.306325Z ERROR iroh::socket::transports::relay: relay_recv_channel closed
2026-10-07T20:31:24.307115Z  WARN p2panda_net::sync::actors::topic_manager: sync session failed: error sending on message sink: Io(Custom { kind: NotConnected, error: ConnectionLost(LocallyClosed) }) session_id=0 topic="3fa3d376eb"
2026-10-07T20:31:24.307412Z  WARN p2panda_sync::protocols::topic_log_sync: sync session closed with error error=DecodeMessage("Io(Custom { kind: NotConnected, error: ConnectionLost(ApplicationClosed(ApplicationClose { error_code: 0, reason: b\"\" })) })")
2026-10-07T20:31:24.308517Z  WARN p2panda_sync::protocols::topic_log_sync: sync session closed with error error=DecodeMessage("Io(Custom { kind: NotConnected, error: ConnectionLost(ApplicationClosed(ApplicationClose { error_code: 0, reason: b\"\" })) })")
2026-10-07T20:31:24.310647Z  WARN p2panda_net::sync::actors::topic_manager: sync session failed: Io(Custom { kind: NotConnected, error: ConnectionLost(ApplicationClosed(ApplicationClose { error_code: 0, reason: b"" })) }) session_id=1 topic="19e29514ec"
2026-10-07T20:31:24.311799Z  WARN p2panda_sync::protocols::topic_log_sync: sync session closed with error error=DecodeMessage("Io(Custom { kind: NotConnected, error: ConnectionLost(ApplicationClosed(ApplicationClose { error_code: 0, reason: b\"\" })) })")
2026-10-07T20:31:24.311894Z  WARN p2panda_sync::protocols::topic_log_sync: sync session closed with error error=DecodeMessage("Io(Custom { kind: NotConnected, error: ConnectionLost(ApplicationClosed(ApplicationClose { error_code: 0, reason: b\"\" })) })")
2026-10-07T20:31:24.311755Z  WARN p2panda_net::sync::actors::topic_manager: sync session failed: error sending on message sink: Io(Custom { kind: NotConnected, error: ConnectionLost(LocallyClosed) }) session_id=1 topic="3fa3d376eb"
2026-10-07T20:31:24.311305Z  WARN p2panda_net::sync::actors::topic_manager: sync session failed: error sending on message sink: Io(Custom { kind: NotConnected, error: ConnectionLost(LocallyClosed) }) session_id=1 topic="3fa3d376eb"
2026-10-07T20:31:24.312812Z ERROR iroh::socket::transports::relay: relay_recv_channel closed
2026-10-07T20:31:24.314305Z  WARN p2panda_sync::protocols::topic_log_sync: sync session closed with error error=DecodeMessage("Io(Custom { kind: NotConnected, error: ConnectionLost(ApplicationClosed(ApplicationClose { error_code: 0, reason: b\"\" })) })")
2026-10-07T20:31:24.315300Z  WARN p2panda_net::sync::actors::topic_manager: sync session failed: Io(Custom { kind: NotConnected, error: ConnectionLost(ApplicationClosed(ApplicationClose { error_code: 0, reason: b"" })) }) session_id=1 topic="3fa3d376eb"
2026-10-07T20:31:24.315558Z  WARN p2panda_net::sync::actors::topic_manager: sync session failed: Io(Custom { kind: NotConnected, error: ConnectionLost(ApplicationClosed(ApplicationClose { error_code: 0, reason: b"" })) }) session_id=0 topic="3fa3d376eb"
2026-10-07T20:31:24.320506Z  WARN p2panda_net::sync::actors::topic_manager: sync session failed: Io(Custom { kind: NotConnected, error: ConnectionLost(ApplicationClosed(ApplicationClose { error_code: 0, reason: b"" })) }) session_id=1 topic="d0b0939429"
2026-10-07T20:31:24.320645Z  WARN p2panda_net::sync::actors::topic_manager: sync session failed: error sending on message sink: Io(Custom { kind: NotConnected, error: ConnectionLost(ApplicationClosed(ApplicationClose { error_code: 0, reason: b"" })) }) session_id=0 topic="d0b0939429"
test place::lanes::tests::a_visited_document_reports_unavailable_when_the_holder_dies_without_closing ... ok
test place::lanes::tests::the_group_key_overlay_names_the_topic_stickleback_stores_under ... ok
2026-10-07T20:31:25.128460Z  WARN p2panda_net::iroh_endpoint::actors::connection: ignoring connection: accepting failed: the cryptographic handshake failed: error 120: peer doesn't support any known protocol
2026-10-07T20:31:25.181477Z  WARN p2panda_net::sync::actors::topic_manager: sync session failed: Io(Custom { kind: NotConnected, error: ConnectionLost(ApplicationClosed(ApplicationClose { error_code: 0, reason: b"" })) }) session_id=1 topic="7a7a7a7a7a"
2026-10-07T20:31:25.181642Z  WARN p2panda_net::sync::actors::topic_manager: sync session failed: Io(Custom { kind: NotConnected, error: ConnectionLost(ApplicationClosed(ApplicationClose { error_code: 0, reason: b"" })) }) session_id=1 topic="7c7c7c7c7c"
2026-10-07T20:31:25.182484Z  WARN p2panda_net::sync::actors::topic_manager: sync session failed: Io(Custom { kind: NotConnected, error: ConnectionLost(ApplicationClosed(ApplicationClose { error_code: 0, reason: b"" })) }) session_id=0 topic="7a7a7a7a7a"
2026-10-07T20:31:25.181784Z  WARN p2panda_net::sync::actors::topic_manager: sync session failed: Io(Custom { kind: NotConnected, error: ConnectionLost(ApplicationClosed(ApplicationClose { error_code: 0, reason: b"" })) }) session_id=0 topic="7a7a7a7a7a"
2026-10-07T20:31:25.198595Z  WARN p2panda_net::sync::actors::topic_manager: sync session failed: Io(Custom { kind: NotConnected, error: ConnectionLost(ApplicationClosed(ApplicationClose { error_code: 0, reason: b"" })) }) session_id=1 topic="7a7a7a7a7a"
2026-10-07T20:31:25.198884Z  WARN p2panda_net::sync::actors::topic_manager: sync session failed: Io(Custom { kind: NotConnected, error: ConnectionLost(ApplicationClosed(ApplicationClose { error_code: 0, reason: b"" })) }) session_id=0 topic="7a7a7a7a7a"
2026-10-07T20:31:25.199116Z  WARN p2panda_net::sync::actors::topic_manager: sync session failed: Io(Custom { kind: NotConnected, error: ConnectionLost(ApplicationClosed(ApplicationClose { error_code: 0, reason: b"" })) }) session_id=1 topic="7a7a7a7a7a"
2026-10-07T20:31:25.200961Z  WARN p2panda_net::sync::actors::topic_manager: sync session failed: Io(Custom { kind: NotConnected, error: ConnectionLost(ApplicationClosed(ApplicationClose { error_code: 0, reason: b"" })) }) session_id=1 topic="7a7a7a7a7a"
2026-10-07T20:31:25.460936Z  WARN p2panda_net::iroh_endpoint::actors::connection: connection establishment failed: aborted by peer: the cryptographic handshake failed: error 120: peer doesn't support any known protocol
2026-10-07T20:31:25.466882Z  WARN p2panda_net::sync::actors::topic_manager: sync session failed: aborted by peer: the cryptographic handshake failed: error 120: peer doesn't support any known protocol session_id=2 topic="8a8a8a8a8a"
2026-10-07T20:31:25.525651Z  WARN p2panda_net::sync::actors::topic_manager: sync session failed: Io(Custom { kind: NotConnected, error: ConnectionLost(ApplicationClosed(ApplicationClose { error_code: 0, reason: b"" })) }) session_id=0 topic="97ea538eda"
2026-10-07T20:31:25.528211Z  WARN p2panda_net::sync::actors::topic_manager: sync session failed: Io(Custom { kind: NotConnected, error: ConnectionLost(ApplicationClosed(ApplicationClose { error_code: 0, reason: b"" })) }) session_id=0 topic="6ac6c14ab1"
2026-10-07T20:31:25.528412Z  WARN p2panda_net::sync::actors::topic_manager: sync session failed: Io(Custom { kind: NotConnected, error: ConnectionLost(ApplicationClosed(ApplicationClose { error_code: 0, reason: b"" })) }) session_id=0 topic="321cb27bda"
2026-10-07T20:31:25.530842Z  WARN p2panda_net::sync::actors::topic_manager: sync session failed: Io(Custom { kind: NotConnected, error: ConnectionLost(ApplicationClosed(ApplicationClose { error_code: 0, reason: b"" })) }) session_id=0 topic="40d666d6a7"
2026-10-07T20:31:25.555787Z  WARN p2panda_net::sync::actors::topic_manager: sync session failed: Io(Custom { kind: NotConnected, error: ConnectionLost(ApplicationClosed(ApplicationClose { error_code: 0, reason: b"" })) }) session_id=1 topic="321cb27bda"
2026-10-07T20:31:25.559190Z  WARN p2panda_net::sync::actors::topic_manager: sync session failed: Io(Custom { kind: NotConnected, error: ConnectionLost(ApplicationClosed(ApplicationClose { error_code: 0, reason: b"" })) }) session_id=1 topic="321cb27bda"
2026-10-07T20:31:25.821213Z  WARN p2panda_net::sync::actors::topic_manager: sync session failed: Io(Custom { kind: NotConnected, error: ConnectionLost(ApplicationClosed(ApplicationClose { error_code: 0, reason: b"" })) }) session_id=1 topic="321cb27bda"
2026-10-07T20:31:25.875256Z  WARN p2panda_net::sync::actors::topic_manager: sync session failed: Io(Custom { kind: NotConnected, error: ConnectionLost(ApplicationClosed(ApplicationClose { error_code: 0, reason: b"" })) }) session_id=0 topic="321cb27bda"
2026-10-07T20:31:25.875578Z  WARN p2panda_net::sync::actors::topic_manager: sync session failed: Io(Custom { kind: NotConnected, error: ConnectionLost(ApplicationClosed(ApplicationClose { error_code: 0, reason: b"" })) }) session_id=1 topic="321cb27bda"
2026-10-07T20:31:25.875829Z  WARN p2panda_net::sync::actors::topic_manager: sync session failed: Io(Custom { kind: NotConnected, error: ConnectionLost(ApplicationClosed(ApplicationClose { error_code: 0, reason: b"" })) }) session_id=1 topic="321cb27bda"
2026-10-07T20:31:26.717557Z  WARN p2panda_net::iroh_endpoint::actors::connection: ignoring connection: accepting failed: the cryptographic handshake failed: error 120: peer doesn't support any known protocol
2026-10-07T20:31:26.782847Z  WARN p2panda_net::sync::actors::topic_manager: sync session failed: Io(Custom { kind: NotConnected, error: ConnectionLost(LocallyClosed) }) session_id=1 topic="9c9c9c9c9c"
2026-10-07T20:31:26.797419Z  WARN p2panda_net::sync::actors::topic_manager: sync session failed: Io(Custom { kind: NotConnected, error: ConnectionLost(ApplicationClosed(ApplicationClose { error_code: 0, reason: b"" })) }) session_id=1 topic="9c9c9c9c9c"
2026-10-07T20:31:26.797789Z  WARN p2panda_net::sync::actors::topic_manager: sync session failed: Io(Custom { kind: NotConnected, error: ConnectionLost(ApplicationClosed(ApplicationClose { error_code: 0, reason: b"" })) }) session_id=1 topic="9c9c9c9c9c"
2026-10-07T20:31:26.819210Z  WARN p2panda_net::sync::actors::topic_manager: sync session failed: Io(Custom { kind: NotConnected, error: ConnectionLost(ApplicationClosed(ApplicationClose { error_code: 0, reason: b"" })) }) session_id=0 topic="9c9c9c9c9c"
2026-10-07T20:31:27.365326Z  WARN p2panda_net::iroh_endpoint::actors::connection: connection establishment failed: aborted by peer: the cryptographic handshake failed: error 120: peer doesn't support any known protocol
2026-10-07T20:31:27.376526Z  WARN p2panda_net::sync::actors::topic_manager: sync session failed: aborted by peer: the cryptographic handshake failed: error 120: peer doesn't support any known protocol session_id=0 topic="34d5328b51"
test place::lanes::tests::a_live_share_withdrawal_empties_the_receiver_selected_collection ... ok
test place::projection_host::tests::projection_revocation_checks_before_folding_and_keeps_the_issuer_boundary ... ok
2026-10-07T20:31:27.978814Z  WARN p2panda_sync::protocols::topic_log_sync: sync session closed with error error=DecodeMessage("Io(Custom { kind: NotConnected, error: ConnectionLost(LocallyClosed) })")
2026-10-07T20:31:27.979070Z  WARN p2panda_sync::protocols::topic_log_sync: sync session closed with error error=DecodeMessage("Io(Custom { kind: NotConnected, error: ConnectionLost(LocallyClosed) })")
2026-10-07T20:31:27.980258Z  WARN p2panda_net::sync::actors::topic_manager: sync session failed: Io(Custom { kind: NotConnected, error: ConnectionLost(LocallyClosed) }) session_id=1 topic="78a1a26b17"
2026-10-07T20:31:27.981376Z  WARN p2panda_net::sync::actors::topic_manager: sync session failed: error sending on message sink: Io(Custom { kind: NotConnected, error: ConnectionLost(LocallyClosed) }) session_id=1 topic="78a1a26b17"
2026-10-07T20:31:27.981614Z  WARN p2panda_net::sync::actors::topic_manager: sync session failed: error sending on message sink: Io(Custom { kind: NotConnected, error: ConnectionLost(LocallyClosed) }) session_id=0 topic="78a1a26b17"
2026-10-07T20:31:27.982367Z  WARN p2panda_sync::protocols::topic_log_sync: sync session closed with error error=DecodeMessage("Io(Custom { kind: NotConnected, error: ConnectionLost(ApplicationClosed(ApplicationClose { error_code: 0, reason: b\"\" })) })")
2026-10-07T20:31:27.982387Z  WARN p2panda_sync::protocols::topic_log_sync: sync session closed with error error=DecodeMessage("Io(Custom { kind: NotConnected, error: ConnectionLost(ApplicationClosed(ApplicationClose { error_code: 0, reason: b\"\" })) })")
2026-10-07T20:31:27.982624Z  WARN p2panda_sync::protocols::topic_log_sync: sync session closed with error error=DecodeMessage("Io(Custom { kind: NotConnected, error: ConnectionLost(ApplicationClosed(ApplicationClose { error_code: 0, reason: b\"\" })) })")
2026-10-07T20:31:27.982661Z  WARN p2panda_sync::protocols::topic_log_sync: sync session closed with error error=DecodeMessage("Io(Custom { kind: NotConnected, error: ConnectionLost(ApplicationClosed(ApplicationClose { error_code: 0, reason: b\"\" })) })")
2026-10-07T20:31:27.982886Z  WARN p2panda_sync::protocols::topic_log_sync: sync session closed with error error=DecodeMessage("Io(Custom { kind: NotConnected, error: ConnectionLost(ApplicationClosed(ApplicationClose { error_code: 0, reason: b\"\" })) })")
2026-10-07T20:31:27.983064Z  WARN p2panda_net::sync::actors::topic_manager: sync session failed: error sending on message sink: Io(Custom { kind: NotConnected, error: ConnectionLost(LocallyClosed) }) session_id=0 topic="78a1a26b17"
2026-10-07T20:31:27.983596Z  WARN p2panda_sync::protocols::topic_log_sync: sync session closed with error error=DecodeMessage("Io(Custom { kind: NotConnected, error: ConnectionLost(ApplicationClosed(ApplicationClose { error_code: 0, reason: b\"\" })) })")
2026-10-07T20:31:27.984767Z  WARN p2panda_sync::protocols::topic_log_sync: sync session closed with error error=DecodeMessage("Io(Custom { kind: NotConnected, error: ConnectionLost(ApplicationClosed(ApplicationClose { error_code: 0, reason: b\"\" })) })")
2026-10-07T20:31:27.984793Z  WARN p2panda_net::sync::actors::topic_manager: sync session failed: Io(Custom { kind: NotConnected, error: ConnectionLost(ApplicationClosed(ApplicationClose { error_code: 0, reason: b"" })) }) session_id=0 topic="78a1a26b17"
2026-10-07T20:31:27.985118Z  WARN p2panda_net::sync::actors::topic_manager: sync session failed: Io(Custom { kind: NotConnected, error: ConnectionLost(ApplicationClosed(ApplicationClose { error_code: 0, reason: b"" })) }) session_id=0 topic="92ae001702"
2026-10-07T20:31:27.985564Z  WARN p2panda_net::sync::actors::topic_manager: sync session failed: Io(Custom { kind: NotConnected, error: ConnectionLost(ApplicationClosed(ApplicationClose { error_code: 0, reason: b"" })) }) session_id=1 topic="78a1a26b17"
2026-10-07T20:31:27.986043Z  WARN p2panda_net::sync::actors::topic_manager: sync session failed: Io(Custom { kind: NotConnected, error: ConnectionLost(ApplicationClosed(ApplicationClose { error_code: 0, reason: b"" })) }) session_id=0 topic="a0b435b608"
2026-10-07T20:31:27.990086Z  WARN p2panda_sync::protocols::topic_log_sync: sync session closed with error error=DecodeMessage("Io(Custom { kind: NotConnected, error: ConnectionLost(ApplicationClosed(ApplicationClose { error_code: 0, reason: b\"\" })) })")
2026-10-07T20:31:27.990464Z  WARN p2panda_sync::protocols::topic_log_sync: sync session closed with error error=DecodeMessage("Io(Custom { kind: NotConnected, error: ConnectionLost(ApplicationClosed(ApplicationClose { error_code: 0, reason: b\"\" })) })")
2026-10-07T20:31:27.991243Z  WARN p2panda_net::sync::actors::topic_manager: sync session failed: error sending on message sink: Io(Custom { kind: NotConnected, error: ConnectionLost(LocallyClosed) }) session_id=1 topic="a0b435b608"
2026-10-07T20:31:27.991181Z  WARN p2panda_net::sync::actors::topic_manager: sync session failed: error sending on message sink: Io(Custom { kind: NotConnected, error: ConnectionLost(LocallyClosed) }) session_id=0 topic="78a1a26b17"
2026-10-07T20:31:27.997328Z  WARN p2panda_net::sync::actors::topic_manager: sync session failed: error sending on message sink: Io(Custom { kind: NotConnected, error: ConnectionLost(LocallyClosed) }) session_id=0 topic="a0b435b608"
2026-10-07T20:31:27.991529Z  WARN p2panda_net::sync::actors::topic_manager: sync session failed: Io(Custom { kind: NotConnected, error: ConnectionLost(ApplicationClosed(ApplicationClose { error_code: 0, reason: b"" })) }) session_id=0 topic="78a1a26b17"
2026-10-07T20:31:27.993285Z  WARN p2panda_sync::protocols::topic_log_sync: sync session closed with error error=DecodeMessage("Io(Custom { kind: NotConnected, error: ConnectionLost(ApplicationClosed(ApplicationClose { error_code: 0, reason: b\"\" })) })")
2026-10-07T20:31:27.993563Z  WARN p2panda_sync::protocols::topic_log_sync: sync session closed with error error=DecodeMessage("Io(Custom { kind: NotConnected, error: ConnectionLost(ApplicationClosed(ApplicationClose { error_code: 0, reason: b\"\" })) })")
2026-10-07T20:31:27.993947Z  WARN p2panda_sync::protocols::topic_log_sync: sync session closed with error error=DecodeMessage("Io(Custom { kind: NotConnected, error: ConnectionLost(ApplicationClosed(ApplicationClose { error_code: 0, reason: b\"\" })) })")
2026-10-07T20:31:27.994017Z  WARN p2panda_sync::protocols::topic_log_sync: sync session closed with error error=DecodeMessage("Io(Custom { kind: NotConnected, error: ConnectionLost(ApplicationClosed(ApplicationClose { error_code: 0, reason: b\"\" })) })")
2026-10-07T20:31:27.994861Z  WARN p2panda_sync::protocols::topic_log_sync: sync session closed with error error=DecodeMessage("Io(Custom { kind: NotConnected, error: ConnectionLost(ApplicationClosed(ApplicationClose { error_code: 0, reason: b\"\" })) })")
2026-10-07T20:31:27.995216Z  WARN p2panda_sync::protocols::topic_log_sync: sync session closed with error error=DecodeMessage("Io(Custom { kind: NotConnected, error: ConnectionLost(ApplicationClosed(ApplicationClose { error_code: 0, reason: b\"\" })) })")
2026-10-07T20:31:27.997328Z  WARN p2panda_net::sync::actors::topic_manager: sync session failed: error sending on message sink: Io(Custom { kind: NotConnected, error: ConnectionLost(LocallyClosed) }) session_id=1 topic="78a1a26b17"
2026-10-07T20:31:27.991430Z  WARN p2panda_net::sync::actors::topic_manager: sync session failed: Io(Custom { kind: NotConnected, error: ConnectionLost(ApplicationClosed(ApplicationClose { error_code: 0, reason: b"" })) }) session_id=0 topic="78a1a26b17"
2026-10-07T20:31:27.998657Z  WARN p2panda_sync::protocols::topic_log_sync: sync session closed with error error=DecodeMessage("Io(Custom { kind: NotConnected, error: ConnectionLost(ApplicationClosed(ApplicationClose { error_code: 0, reason: b\"\" })) })")
2026-10-07T20:31:27.999801Z  WARN p2panda_sync::protocols::topic_log_sync: sync session closed with error error=DecodeMessage("Io(Custom { kind: NotConnected, error: ConnectionLost(ApplicationClosed(ApplicationClose { error_code: 0, reason: b\"\" })) })")
2026-10-07T20:31:28.000608Z  WARN p2panda_net::sync::actors::topic_manager: sync session failed: Io(Custom { kind: NotConnected, error: ConnectionLost(ApplicationClosed(ApplicationClose { error_code: 0, reason: b"" })) }) session_id=0 topic="78a1a26b17"
2026-10-07T20:31:28.000715Z  WARN p2panda_net::sync::actors::topic_manager: sync session failed: error sending on message sink: Io(Custom { kind: NotConnected, error: ConnectionLost(ApplicationClosed(ApplicationClose { error_code: 0, reason: b"" })) }) session_id=1 topic="78a1a26b17"
2026-10-07T20:31:28.000721Z  WARN p2panda_net::sync::actors::topic_manager: sync session failed: Io(Custom { kind: NotConnected, error: ConnectionLost(ApplicationClosed(ApplicationClose { error_code: 0, reason: b"" })) }) session_id=1 topic="78a1a26b17"
2026-10-07T20:31:28.001160Z  WARN p2panda_net::sync::actors::topic_manager: sync session failed: Io(Custom { kind: NotConnected, error: ConnectionLost(ApplicationClosed(ApplicationClose { error_code: 0, reason: b"" })) }) session_id=1 topic="6ed97aed5e"
test place::rendezvous::tests::rendezvous_failed_replacement_keeps_previous_descriptor ... ok
2026-10-07T20:31:28.004784Z  WARN p2panda_net::sync::actors::topic_manager: sync session failed: error sending on message sink: Io(Custom { kind: NotConnected, error: ConnectionLost(ApplicationClosed(ApplicationClose { error_code: 0, reason: b"" })) }) session_id=1 topic="78a1a26b17"
2026-10-07T20:31:28.010846Z ERROR iroh::socket::transports::relay: relay_recv_channel closed
test place::rendezvous::tests::rendezvous_refuses_expiry_wrong_scope_unknown_carriers_and_oversize_hints ... ok
2026-10-07T20:31:28.024077Z ERROR iroh::socket::transports::relay: relay_recv_channel closed
test place::rendezvous::tests::rendezvous_requires_binding_and_preserves_only_contact_metadata ... ok
2026-10-07T20:31:28.306200Z  WARN p2panda_net::sync::actors::topic_manager: sync session failed: error sending on message sink: MessageSink("Io(Custom { kind: NotConnected, error: ConnectionLost(ApplicationClosed(ApplicationClose { error_code: 0, reason: b\"\" })) })") session_id=1 topic="3fa3d376eb"
2026-10-07T20:31:28.319877Z  WARN p2panda_net::sync::actors::topic_manager: sync session failed: error sending on message sink: MessageSink("Io(Custom { kind: NotConnected, error: ConnectionLost(ApplicationClosed(ApplicationClose { error_code: 0, reason: b\"\" })) })") session_id=1 topic="3fa3d376eb"
2026-10-07T20:31:28.321538Z  WARN p2panda_net::sync::actors::topic_manager: sync session failed: error sending on message sink: MessageSink("Io(Custom { kind: NotConnected, error: ConnectionLost(ApplicationClosed(ApplicationClose { error_code: 0, reason: b\"\" })) })") session_id=1 topic="3fa3d376eb"
test place::tests::a_withdrawn_standing_names_itself_in_one_row ... ok
test place::tests::binding_json_uses_distinct_readable_hex_ids ... ok
test place::tests::binding_validation_rejects_version_and_channel_ambiguity ... ok
test place::tests::elide_middle_keeps_the_ends_and_leaves_short_values_alone ... ok
2026-10-07T20:31:29.305220Z  WARN p2panda_net::sync::actors::topic_manager: sync session failed: Io(Custom { kind: NotConnected, error: ConnectionLost(LocallyClosed) }) session_id=0 topic="2f1ae9fcd4"
2026-10-07T20:31:29.312151Z  WARN p2panda_net::sync::actors::topic_manager: sync session failed: Io(Custom { kind: NotConnected, error: ConnectionLost(LocallyClosed) }) session_id=1 topic="d0b0939429"
2026-10-07T20:31:29.313597Z  WARN p2panda_net::sync::actors::topic_manager: sync session failed: Io(Custom { kind: NotConnected, error: ConnectionLost(ApplicationClosed(ApplicationClose { error_code: 0, reason: b"" })) }) session_id=1 topic="3fa3d376eb"
2026-10-07T20:31:29.327227Z  WARN p2panda_net::sync::actors::topic_manager: sync session failed: Io(Custom { kind: NotConnected, error: ConnectionLost(ApplicationClosed(ApplicationClose { error_code: 0, reason: b"" })) }) session_id=0 topic="3fa3d376eb"
2026-10-07T20:31:29.327583Z  WARN p2panda_net::sync::actors::topic_manager: sync session failed: Io(Custom { kind: NotConnected, error: ConnectionLost(ApplicationClosed(ApplicationClose { error_code: 0, reason: b"" })) }) session_id=0 topic="3fa3d376eb"
2026-10-07T20:31:29.327691Z  WARN p2panda_net::sync::actors::topic_manager: sync session failed: Io(Custom { kind: NotConnected, error: ConnectionLost(ApplicationClosed(ApplicationClose { error_code: 0, reason: b"" })) }) session_id=1 topic="3fa3d376eb"
2026-10-07T20:31:29.342288Z  WARN p2panda_net::sync::actors::topic_manager: sync session failed: Io(Custom { kind: NotConnected, error: ConnectionLost(ApplicationClosed(ApplicationClose { error_code: 0, reason: b"" })) }) session_id=1 topic="2f1ae9fcd4"
2026-10-07T20:31:29.370388Z  WARN p2panda_net::sync::actors::topic_manager: sync session failed: Io(Custom { kind: NotConnected, error: ConnectionLost(ApplicationClosed(ApplicationClose { error_code: 0, reason: b"" })) }) session_id=0 topic="19e29514ec"
2026-10-07T20:31:30.575290Z ERROR iroh::socket: Endpoint dropped without calling `Endpoint::close`. Aborting ungracefully.
test place::tests::every_status_row_fits_one_palette_row ... ok
test place::tests::serialized_id_requires_exact_hex ... ok
test place::tests::the_projection_row_names_what_is_served_and_what_was_refused ... ok
2026-10-07T20:31:31.557252Z  WARN p2panda_sync::protocols::topic_log_sync: sync session closed with error error=DecodeMessage("Io(Custom { kind: NotConnected, error: ConnectionLost(LocallyClosed) })")
2026-10-07T20:31:31.560110Z  WARN p2panda_sync::protocols::topic_log_sync: sync session closed with error error=DecodeMessage("Io(Custom { kind: NotConnected, error: ConnectionLost(LocallyClosed) })")
2026-10-07T20:31:31.562136Z  WARN p2panda_sync::protocols::topic_log_sync: sync session closed with error error=DecodeMessage("Io(Custom { kind: NotConnected, error: ConnectionLost(LocallyClosed) })")
2026-10-07T20:31:31.560812Z  WARN p2panda_sync::protocols::topic_log_sync: sync session closed with error error=DecodeMessage("Io(Custom { kind: NotConnected, error: ConnectionLost(ApplicationClosed(ApplicationClose { error_code: 0, reason: b\"\" })) })")
2026-10-07T20:31:31.561801Z  WARN p2panda_net::sync::actors::topic_manager: sync session failed: error sending on message sink: Io(Custom { kind: NotConnected, error: ConnectionLost(LocallyClosed) }) session_id=1 topic="e8dbd9cb82"
2026-10-07T20:31:31.562528Z  WARN p2panda_net::sync::actors::topic_manager: sync session failed: error sending on message sink: Io(Custom { kind: NotConnected, error: ConnectionLost(LocallyClosed) }) session_id=0 topic="e8dbd9cb82"
2026-10-07T20:31:31.562944Z  WARN p2panda_sync::protocols::topic_log_sync: sync session closed with error error=DecodeMessage("Io(Custom { kind: NotConnected, error: ConnectionLost(LocallyClosed) })")
2026-10-07T20:31:31.563193Z  WARN p2panda_sync::protocols::topic_log_sync: sync session closed with error error=DecodeMessage("Io(Custom { kind: NotConnected, error: ConnectionLost(ApplicationClosed(ApplicationClose { error_code: 0, reason: b\"\" })) })")
2026-10-07T20:31:31.564633Z  WARN p2panda_sync::protocols::topic_log_sync: sync session closed with error error=DecodeMessage("Io(Custom { kind: NotConnected, error: ConnectionLost(ApplicationClosed(ApplicationClose { error_code: 0, reason: b\"\" })) })")
2026-10-07T20:31:31.564889Z  WARN p2panda_sync::protocols::topic_log_sync: sync session closed with error error=DecodeMessage("Io(Custom { kind: NotConnected, error: ConnectionLost(ApplicationClosed(ApplicationClose { error_code: 0, reason: b\"\" })) })")
2026-10-07T20:31:31.564889Z  WARN p2panda_net::sync::actors::topic_manager: sync session failed: error sending on message sink: Io(Custom { kind: NotConnected, error: ConnectionLost(LocallyClosed) }) session_id=1 topic="f66f28f8a1"
2026-10-07T20:31:31.565068Z  WARN p2panda_net::sync::actors::topic_manager: sync session failed: error sending on message sink: Io(Custom { kind: NotConnected, error: ConnectionLost(LocallyClosed) }) session_id=0 topic="f66f28f8a1"
2026-10-07T20:31:31.565575Z  WARN p2panda_net::sync::actors::topic_manager: sync session failed: error sending on message sink: Io(Custom { kind: NotConnected, error: ConnectionLost(LocallyClosed) }) session_id=1 topic="f66f28f8a1"
2026-10-07T20:31:31.565757Z  WARN p2panda_net::sync::actors::topic_manager: sync session failed: Io(Custom { kind: NotConnected, error: ConnectionLost(LocallyClosed) }) session_id=1 topic="f66f28f8a1"
2026-10-07T20:31:31.567582Z  WARN p2panda_net::sync::actors::topic_manager: sync session failed: error sending on message sink: Io(Custom { kind: NotConnected, error: ConnectionLost(LocallyClosed) }) session_id=0 topic="f66f28f8a1"
2026-10-07T20:31:31.567640Z  WARN p2panda_sync::protocols::topic_log_sync: sync session closed with error error=DecodeMessage("Io(Custom { kind: NotConnected, error: ConnectionLost(ApplicationClosed(ApplicationClose { error_code: 0, reason: b\"\" })) })")
2026-10-07T20:31:31.567664Z  WARN p2panda_net::sync::actors::topic_manager: sync session failed: Io(Custom { kind: NotConnected, error: ConnectionLost(ApplicationClosed(ApplicationClose { error_code: 0, reason: b"" })) }) session_id=1 topic="e8dbd9cb82"
2026-10-07T20:31:31.567842Z  WARN p2panda_net::sync::actors::topic_manager: sync session failed: Io(Custom { kind: NotConnected, error: ConnectionLost(ApplicationClosed(ApplicationClose { error_code: 0, reason: b"" })) }) session_id=1 topic="96444b891a"
2026-10-07T20:31:31.583775Z  WARN p2panda_net::sync::actors::topic_manager: sync session failed: error sending on message sink: Io(Custom { kind: NotConnected, error: ConnectionLost(LocallyClosed) }) session_id=1 topic="f66f28f8a1"
2026-10-07T20:31:31.568446Z  WARN p2panda_sync::protocols::topic_log_sync: sync session closed with error error=DecodeMessage("Io(Custom { kind: NotConnected, error: ConnectionLost(ApplicationClosed(ApplicationClose { error_code: 0, reason: b\"\" })) })")
2026-10-07T20:31:31.569397Z  WARN p2panda_sync::protocols::topic_log_sync: sync session closed with error error=DecodeMessage("Io(Custom { kind: NotConnected, error: ConnectionLost(ApplicationClosed(ApplicationClose { error_code: 0, reason: b\"\" })) })")
2026-10-07T20:31:31.569681Z  WARN p2panda_net::sync::actors::topic_manager: sync session failed: Io(Custom { kind: NotConnected, error: ConnectionLost(ApplicationClosed(ApplicationClose { error_code: 0, reason: b"" })) }) session_id=0 topic="f66f28f8a1"
2026-10-07T20:31:31.571877Z  WARN p2panda_sync::protocols::topic_log_sync: sync session closed with error error=DecodeMessage("Io(Custom { kind: NotConnected, error: ConnectionLost(ApplicationClosed(ApplicationClose { error_code: 0, reason: b\"\" })) })")
2026-10-07T20:31:31.573754Z  WARN p2panda_sync::protocols::topic_log_sync: sync session closed with error error=DecodeMessage("Io(Custom { kind: NotConnected, error: ConnectionLost(ApplicationClosed(ApplicationClose { error_code: 0, reason: b\"\" })) })")
2026-10-07T20:31:31.573851Z  WARN p2panda_sync::protocols::topic_log_sync: sync session closed with error error=DecodeMessage("Io(Custom { kind: NotConnected, error: ConnectionLost(ApplicationClosed(ApplicationClose { error_code: 0, reason: b\"\" })) })")
2026-10-07T20:31:31.574715Z ERROR iroh::socket::transports::relay: relay_recv_channel closed
2026-10-07T20:31:31.583740Z  WARN p2panda_net::sync::actors::topic_manager: sync session failed: error sending on message sink: Io(Custom { kind: NotConnected, error: ConnectionLost(LocallyClosed) }) session_id=0 topic="f66f28f8a1"
2026-10-07T20:31:31.584204Z  WARN p2panda_sync::protocols::topic_log_sync: sync session closed with error error=DecodeMessage("Io(Custom { kind: NotConnected, error: ConnectionLost(ApplicationClosed(ApplicationClose { error_code: 0, reason: b\"\" })) })")
2026-10-07T20:31:31.585354Z ERROR iroh::socket::transports::relay: relay_recv_channel closed
2026-10-07T20:31:31.587251Z  WARN p2panda_net::sync::actors::topic_manager: sync session failed: Io(Custom { kind: NotConnected, error: ConnectionLost(ApplicationClosed(ApplicationClose { error_code: 0, reason: b"" })) }) session_id=0 topic="f66f28f8a1"
2026-10-07T20:31:31.587360Z  WARN p2panda_net::sync::actors::topic_manager: sync session failed: error sending on message sink: Io(Custom { kind: NotConnected, error: ConnectionLost(ApplicationClosed(ApplicationClose { error_code: 0, reason: b"" })) }) session_id=1 topic="f66f28f8a1"
2026-10-07T20:31:31.589460Z  WARN p2panda_net::sync::actors::topic_manager: sync session failed: Io(Custom { kind: NotConnected, error: ConnectionLost(ApplicationClosed(ApplicationClose { error_code: 0, reason: b"" })) }) session_id=1 topic="f66f28f8a1"
2026-10-07T20:31:31.589583Z  WARN p2panda_net::sync::actors::topic_manager: sync session failed: error sending on message sink: Io(Custom { kind: NotConnected, error: ConnectionLost(ApplicationClosed(ApplicationClose { error_code: 0, reason: b"" })) }) session_id=0 topic="f66f28f8a1"
2026-10-07T20:31:31.590102Z  WARN p2panda_net::sync::actors::topic_manager: sync session failed: Io(Custom { kind: NotConnected, error: ConnectionLost(ApplicationClosed(ApplicationClose { error_code: 0, reason: b"" })) }) session_id=0 topic="f66f28f8a1"
2026-10-07T20:31:31.590208Z  WARN p2panda_net::sync::actors::topic_manager: sync session failed: error sending on message sink: Io(Custom { kind: NotConnected, error: ConnectionLost(ApplicationClosed(ApplicationClose { error_code: 0, reason: b"" })) }) session_id=1 topic="f66f28f8a1"
2026-10-07T20:31:31.612704Z  WARN p2panda_sync::protocols::topic_log_sync: sync session closed with error error=DecodeMessage("Io(Custom { kind: NotConnected, error: ConnectionLost(ApplicationClosed(ApplicationClose { error_code: 0, reason: b\"\" })) })")
2026-10-07T20:31:31.617478Z  WARN p2panda_net::sync::actors::topic_manager: sync session failed: error sending on message sink: Io(Custom { kind: NotConnected, error: ConnectionLost(ApplicationClosed(ApplicationClose { error_code: 0, reason: b"" })) }) session_id=0 topic="f66f28f8a1"
2026-10-07T20:31:31.617941Z  WARN p2panda_net::sync::actors::topic_manager: sync session failed: Io(Custom { kind: NotConnected, error: ConnectionLost(LocallyClosed) }) session_id=0 topic="96444b891a"
2026-10-07T20:31:31.824530Z  WARN p2panda_net::sync::actors::topic_manager: sync session failed: error sending on message sink: Io(Custom { kind: NotConnected, error: ConnectionLost(ApplicationClosed(ApplicationClose { error_code: 0, reason: b"" })) }) session_id=1 topic="f66f28f8a1"
2026-10-07T20:31:31.618065Z  WARN p2panda_sync::protocols::topic_log_sync: sync session closed with error error=DecodeMessage("Io(Custom { kind: NotConnected, error: ConnectionLost(ApplicationClosed(ApplicationClose { error_code: 0, reason: b\"\" })) })")
2026-10-07T20:31:31.635492Z  WARN p2panda_net::sync::actors::topic_manager: sync session failed: Io(Custom { kind: NotConnected, error: ConnectionLost(ApplicationClosed(ApplicationClose { error_code: 0, reason: b"" })) }) session_id=1 topic="f66f28f8a1"
2026-10-07T20:31:31.686592Z  WARN p2panda_net::sync::actors::topic_manager: sync session failed: error sending on message sink: Io(Custom { kind: NotConnected, error: ConnectionLost(TransportError(Error { code: INTERNAL_ERROR, frame: None, reason: "endpoint driver future was dropped", crypto: None })) }) session_id=0 topic="f66f28f8a1"
2026-10-07T20:31:31.760292Z  WARN p2panda_net::iroh_mdns::actor: found invalid transport info coming from iroh's services endpoint_id=9b662f09bb44edb188b2a022b4eb969d44181252866340d454e017372d38d19b
2026-10-07T20:31:31.773730Z  WARN p2panda_net::iroh_mdns::actor: found invalid transport info coming from iroh's services endpoint_id=9b662f09bb44edb188b2a022b4eb969d44181252866340d454e017372d38d19b
2026-10-07T20:31:31.787248Z  WARN p2panda_net::iroh_mdns::actor: found invalid transport info coming from iroh's services endpoint_id=9b662f09bb44edb188b2a022b4eb969d44181252866340d454e017372d38d19b
2026-10-07T20:31:31.789793Z  WARN p2panda_net::iroh_mdns::actor: found invalid transport info coming from iroh's services endpoint_id=9b662f09bb44edb188b2a022b4eb969d44181252866340d454e017372d38d19b
2026-10-07T20:31:31.791714Z  WARN p2panda_net::iroh_mdns::actor: found invalid transport info coming from iroh's services endpoint_id=9b662f09bb44edb188b2a022b4eb969d44181252866340d454e017372d38d19b
2026-10-07T20:31:31.794588Z  WARN p2panda_net::iroh_mdns::actor: found invalid transport info coming from iroh's services endpoint_id=9b662f09bb44edb188b2a022b4eb969d44181252866340d454e017372d38d19b
2026-10-07T20:31:31.794962Z  WARN p2panda_net::iroh_mdns::actor: found invalid transport info coming from iroh's services endpoint_id=9b662f09bb44edb188b2a022b4eb969d44181252866340d454e017372d38d19b
2026-10-07T20:31:31.795957Z  WARN p2panda_net::iroh_mdns::actor: found invalid transport info coming from iroh's services endpoint_id=9b662f09bb44edb188b2a022b4eb969d44181252866340d454e017372d38d19b
2026-10-07T20:31:31.835420Z  WARN p2panda_net::sync::actors::topic_manager: sync session failed: error sending on message sink: Io(Custom { kind: NotConnected, error: ConnectionLost(TransportError(Error { code: INTERNAL_ERROR, frame: None, reason: "endpoint driver future was dropped", crypto: None })) }) session_id=1 topic="f66f28f8a1"
2026-10-07T20:31:31.934688Z  WARN p2panda_net::sync::actors::topic_manager: sync session failed: Io(Custom { kind: NotConnected, error: ConnectionLost(ApplicationClosed(ApplicationClose { error_code: 0, reason: b"" })) }) session_id=0 topic="da683b9396"
2026-10-07T20:31:31.934838Z  WARN p2panda_net::sync::actors::topic_manager: sync session failed: error sending on message sink: Io(Custom { kind: NotConnected, error: ConnectionLost(ApplicationClosed(ApplicationClose { error_code: 0, reason: b"" })) }) session_id=1 topic="da683b9396"
2026-10-07T20:31:31.937067Z  WARN p2panda_net::sync::actors::topic_manager: sync session failed: Io(Custom { kind: NotConnected, error: ConnectionLost(ApplicationClosed(ApplicationClose { error_code: 0, reason: b"" })) }) session_id=1 topic="f66f28f8a1"
2026-10-07T20:31:31.937942Z  WARN p2panda_net::sync::actors::topic_manager: sync session failed: error sending on message sink: Io(Custom { kind: NotConnected, error: ConnectionLost(ApplicationClosed(ApplicationClose { error_code: 0, reason: b"" })) }) session_id=0 topic="f66f28f8a1"
2026-10-07T20:31:32.067838Z ERROR iroh::socket: Endpoint dropped without calling `Endpoint::close`. Aborting ungracefully.
2026-10-07T20:31:32.864935Z  WARN p2panda_net::iroh_mdns::actor: found invalid transport info coming from iroh's services endpoint_id=9b662f09bb44edb188b2a022b4eb969d44181252866340d454e017372d38d19b
2026-10-07T20:31:32.877556Z  WARN p2panda_net::iroh_mdns::actor: found invalid transport info coming from iroh's services endpoint_id=9b662f09bb44edb188b2a022b4eb969d44181252866340d454e017372d38d19b
2026-10-07T20:31:32.899516Z  WARN p2panda_net::iroh_mdns::actor: found invalid transport info coming from iroh's services endpoint_id=9b662f09bb44edb188b2a022b4eb969d44181252866340d454e017372d38d19b
2026-10-07T20:31:32.969726Z  WARN p2panda_net::iroh_endpoint::actors::connection: ignoring connection: accepting failed: the cryptographic handshake failed: error 120: peer doesn't support any known protocol
2026-10-07T20:31:32.974598Z  WARN p2panda_net::iroh_endpoint::actors::connection: connection establishment failed: aborted by peer: the cryptographic handshake failed: error 120: peer doesn't support any known protocol
2026-10-07T20:31:32.983838Z  WARN p2panda_net::iroh_endpoint::actors::connection: ignoring connection: accepting failed: the cryptographic handshake failed: error 120: peer doesn't support any known protocol
2026-10-07T20:31:32.991556Z  WARN p2panda_net::iroh_endpoint::actors::connection: connection establishment failed: aborted by peer: the cryptographic handshake failed: error 120: peer doesn't support any known protocol
2026-10-07T20:31:33.000554Z  WARN p2panda_net::sync::actors::topic_manager: sync session failed: Io(Custom { kind: NotConnected, error: ConnectionLost(ApplicationClosed(ApplicationClose { error_code: 0, reason: b"" })) }) session_id=1 topic="92ae001702"
2026-10-07T20:31:33.006080Z  WARN p2panda_net::sync::actors::topic_manager: sync session failed: aborted by peer: the cryptographic handshake failed: error 120: peer doesn't support any known protocol session_id=4 topic="01fb378ca8"
2026-10-07T20:31:33.001990Z  WARN p2panda_net::sync::actors::topic_manager: sync session failed: Io(Custom { kind: NotConnected, error: ConnectionLost(LocallyClosed) }) session_id=0 topic="78a1a26b17"
2026-10-07T20:31:33.001912Z  WARN p2panda_net::sync::actors::topic_manager: sync session failed: Io(Custom { kind: NotConnected, error: ConnectionLost(ApplicationClosed(ApplicationClose { error_code: 0, reason: b"" })) }) session_id=0 topic="78a1a26b17"
2026-10-07T20:31:33.001013Z  WARN p2panda_net::sync::actors::topic_manager: sync session failed: Io(Custom { kind: NotConnected, error: ConnectionLost(ApplicationClosed(ApplicationClose { error_code: 0, reason: b"" })) }) session_id=1 topic="78a1a26b17"
2026-10-07T20:31:33.013720Z  WARN p2panda_net::sync::actors::topic_manager: sync session failed: Io(Custom { kind: NotConnected, error: ConnectionLost(ApplicationClosed(ApplicationClose { error_code: 0, reason: b"" })) }) session_id=0 topic="78a1a26b17"
2026-10-07T20:31:33.014163Z  WARN p2panda_net::sync::actors::topic_manager: sync session failed: Io(Custom { kind: NotConnected, error: ConnectionLost(ApplicationClosed(ApplicationClose { error_code: 0, reason: b"" })) }) session_id=1 topic="a0b435b608"
2026-10-07T20:31:33.015575Z  WARN p2panda_net::sync::actors::topic_manager: sync session failed: aborted by peer: the cryptographic handshake failed: error 120: peer doesn't support any known protocol session_id=4 topic="01fb378ca8"
2026-10-07T20:31:33.016040Z  WARN p2panda_net::sync::actors::topic_manager: sync session failed: Io(Custom { kind: NotConnected, error: ConnectionLost(ApplicationClosed(ApplicationClose { error_code: 0, reason: b"" })) }) session_id=1 topic="78a1a26b17"
2026-10-07T20:31:33.022981Z  WARN p2panda_net::iroh_endpoint::actors::connection: ignoring connection: accepting failed: the cryptographic handshake failed: error 120: peer doesn't support any known protocol
2026-10-07T20:31:33.025277Z  WARN p2panda_net::sync::actors::topic_manager: sync session failed: Io(Custom { kind: NotConnected, error: ConnectionLost(ApplicationClosed(ApplicationClose { error_code: 0, reason: b"" })) }) session_id=1 topic="78a1a26b17"
2026-10-07T20:31:33.025892Z  WARN p2panda_net::sync::actors::topic_manager: sync session failed: Io(Custom { kind: NotConnected, error: ConnectionLost(ApplicationClosed(ApplicationClose { error_code: 0, reason: b"" })) }) session_id=0 topic="6ed97aed5e"
2026-10-07T20:31:33.047844Z  WARN p2panda_net::iroh_endpoint::actors::connection: connection establishment failed: aborted by peer: the cryptographic handshake failed: error 120: peer doesn't support any known protocol
2026-10-07T20:31:33.093529Z  WARN p2panda_net::iroh_mdns::actor: found invalid transport info coming from iroh's services endpoint_id=9b662f09bb44edb188b2a022b4eb969d44181252866340d454e017372d38d19b
2026-10-07T20:31:33.094490Z  WARN p2panda_net::sync::actors::topic_manager: sync session failed: aborted by peer: the cryptographic handshake failed: error 120: peer doesn't support any known protocol session_id=4 topic="01fb378ca8"
2026-10-07T20:31:33.102625Z  WARN p2panda_net::iroh_mdns::actor: found invalid transport info coming from iroh's services endpoint_id=9b662f09bb44edb188b2a022b4eb969d44181252866340d454e017372d38d19b
2026-10-07T20:31:33.123743Z  WARN p2panda_net::iroh_endpoint::actors::connection: ignoring connection: accepting failed: the cryptographic handshake failed: error 120: peer doesn't support any known protocol
2026-10-07T20:31:33.129501Z  WARN p2panda_net::iroh_endpoint::actors::connection: connection establishment failed: aborted by peer: the cryptographic handshake failed: error 120: peer doesn't support any known protocol
2026-10-07T20:31:33.132242Z  WARN p2panda_net::iroh_mdns::actor: found invalid transport info coming from iroh's services endpoint_id=9b662f09bb44edb188b2a022b4eb969d44181252866340d454e017372d38d19b
2026-10-07T20:31:33.255927Z  WARN p2panda_net::iroh_endpoint::actors::connection: ignoring connection: accepting failed: the cryptographic handshake failed: error 120: peer doesn't support any known protocol
2026-10-07T20:31:33.256247Z  WARN p2panda_net::iroh_endpoint::actors::connection: connection establishment failed: aborted by peer: the cryptographic handshake failed: error 120: peer doesn't support any known protocol
2026-10-07T20:31:33.535048Z  WARN p2panda_net::sync::actors::topic_manager: sync session failed: aborted by peer: the cryptographic handshake failed: error 120: peer doesn't support any known protocol session_id=4 topic="01fb378ca8"
2026-10-07T20:31:33.565896Z  WARN p2panda_net::sync::actors::topic_manager: sync session failed: aborted by peer: the cryptographic handshake failed: error 120: peer doesn't support any known protocol session_id=4 topic="01fb378ca8"
2026-10-07T20:31:33.582635Z  WARN p2panda_net::iroh_mdns::actor: found invalid transport info coming from iroh's services endpoint_id=9b662f09bb44edb188b2a022b4eb969d44181252866340d454e017372d38d19b
2026-10-07T20:31:33.593279Z  WARN p2panda_net::iroh_mdns::actor: found invalid transport info coming from iroh's services endpoint_id=9b662f09bb44edb188b2a022b4eb969d44181252866340d454e017372d38d19b
2026-10-07T20:31:33.661764Z  WARN p2panda_net::iroh_mdns::actor: found invalid transport info coming from iroh's services endpoint_id=9b662f09bb44edb188b2a022b4eb969d44181252866340d454e017372d38d19b
2026-10-07T20:31:34.303799Z  WARN p2panda_net::iroh_mdns::actor: found invalid transport info coming from iroh's services endpoint_id=9b662f09bb44edb188b2a022b4eb969d44181252866340d454e017372d38d19b
2026-10-07T20:31:34.389792Z  WARN p2panda_net::iroh_mdns::actor: found invalid transport info coming from iroh's services endpoint_id=9b662f09bb44edb188b2a022b4eb969d44181252866340d454e017372d38d19b
2026-10-07T20:31:34.436918Z  WARN p2panda_net::sync::actors::topic_manager: sync session failed: error sending on message sink: Io(Custom { kind: NotConnected, error: ConnectionLost(LocallyClosed) }) session_id=1 topic="8a8a8a8a8a"
2026-10-07T20:31:34.436952Z  WARN p2panda_sync::protocols::topic_log_sync: sync session closed with error error=DecodeMessage("Io(Custom { kind: NotConnected, error: ConnectionLost(LocallyClosed) })")
2026-10-07T20:31:34.437311Z  WARN p2panda_sync::protocols::topic_log_sync: sync session closed with error error=DecodeMessage("Io(Custom { kind: NotConnected, error: ConnectionLost(LocallyClosed) })")
2026-10-07T20:31:34.438387Z  WARN p2panda_net::sync::actors::topic_manager: sync session failed: Io(Custom { kind: NotConnected, error: ConnectionLost(LocallyClosed) }) session_id=0 topic="8a8a8a8a8a"
2026-10-07T20:31:34.438564Z  WARN p2panda_net::sync::actors::topic_manager: sync session failed: Io(Custom { kind: NotConnected, error: ConnectionLost(LocallyClosed) }) session_id=0 topic="8c8c8c8c8c"
2026-10-07T20:31:34.438511Z  WARN p2panda_sync::protocols::topic_log_sync: sync session closed with error error=DecodeMessage("Io(Custom { kind: NotConnected, error: ConnectionLost(LocallyClosed) })")
2026-10-07T20:31:34.440824Z  WARN p2panda_net::sync::actors::topic_manager: sync session failed: Io(Custom { kind: NotConnected, error: ConnectionLost(LocallyClosed) }) session_id=0 topic="8b8b8b8b8b"
2026-10-07T20:31:34.440926Z  WARN p2panda_net::sync::actors::topic_manager: sync session failed: error sending on message sink: Io(Custom { kind: NotConnected, error: ConnectionLost(LocallyClosed) }) session_id=1 topic="8b8b8b8b8b"
2026-10-07T20:31:34.441030Z  WARN p2panda_net::sync::actors::topic_manager: sync session failed: error sending on message sink: Io(Custom { kind: NotConnected, error: ConnectionLost(LocallyClosed) }) session_id=0 topic="8a8a8a8a8a"
2026-10-07T20:31:34.441097Z  WARN p2panda_net::sync::actors::topic_manager: sync session failed: error sending on message sink: Io(Custom { kind: NotConnected, error: ConnectionLost(LocallyClosed) }) session_id=1 topic="8a8a8a8a8a"
2026-10-07T20:31:34.442315Z  WARN p2panda_sync::protocols::topic_log_sync: sync session closed with error error=DecodeMessage("Io(Custom { kind: NotConnected, error: ConnectionLost(ApplicationClosed(ApplicationClose { error_code: 0, reason: b\"\" })) })")
2026-10-07T20:31:34.442565Z  WARN p2panda_sync::protocols::topic_log_sync: sync session closed with error error=DecodeMessage("Io(Custom { kind: NotConnected, error: ConnectionLost(ApplicationClosed(ApplicationClose { error_code: 0, reason: b\"\" })) })")
2026-10-07T20:31:34.442781Z  WARN p2panda_sync::protocols::topic_log_sync: sync session closed with error error=DecodeMessage("Io(Custom { kind: NotConnected, error: ConnectionLost(ApplicationClosed(ApplicationClose { error_code: 0, reason: b\"\" })) })")
2026-10-07T20:31:34.443149Z  WARN p2panda_sync::protocols::topic_log_sync: sync session closed with error error=DecodeMessage("Io(Custom { kind: NotConnected, error: ConnectionLost(ApplicationClosed(ApplicationClose { error_code: 0, reason: b\"\" })) })")
2026-10-07T20:31:34.443403Z  WARN p2panda_net::sync::actors::topic_manager: sync session failed: error sending on message sink: Io(Custom { kind: NotConnected, error: ConnectionLost(LocallyClosed) }) session_id=1 topic="8a8a8a8a8a"
2026-10-07T20:31:34.443460Z  WARN p2panda_sync::protocols::topic_log_sync: sync session closed with error error=DecodeMessage("Io(Custom { kind: NotConnected, error: ConnectionLost(ApplicationClosed(ApplicationClose { error_code: 0, reason: b\"\" })) })")
2026-10-07T20:31:34.443501Z  WARN p2panda_net::sync::actors::topic_manager: sync session failed: error sending on message sink: Io(Custom { kind: NotConnected, error: ConnectionLost(LocallyClosed) }) session_id=0 topic="8a8a8a8a8a"
2026-10-07T20:31:34.443687Z  WARN p2panda_sync::protocols::topic_log_sync: sync session closed with error error=DecodeMessage("Io(Custom { kind: NotConnected, error: ConnectionLost(LocallyClosed) })")
2026-10-07T20:31:34.443817Z  WARN p2panda_sync::protocols::topic_log_sync: sync session closed with error error=DecodeMessage("Io(Custom { kind: NotConnected, error: ConnectionLost(ApplicationClosed(ApplicationClose { error_code: 0, reason: b\"\" })) })")
2026-10-07T20:31:34.443964Z  WARN p2panda_sync::protocols::topic_log_sync: sync session closed with error error=DecodeMessage("Io(Custom { kind: NotConnected, error: ConnectionLost(LocallyClosed) })")
2026-10-07T20:31:34.444117Z  WARN p2panda_sync::protocols::topic_log_sync: sync session closed with error error=DecodeMessage("Io(Custom { kind: NotConnected, error: ConnectionLost(ApplicationClosed(ApplicationClose { error_code: 0, reason: b\"\" })) })")
2026-10-07T20:31:34.444790Z  WARN p2panda_net::sync::actors::topic_manager: sync session failed: Io(Custom { kind: NotConnected, error: ConnectionLost(ApplicationClosed(ApplicationClose { error_code: 0, reason: b"" })) }) session_id=2 topic="8a8a8a8a8a"
2026-10-07T20:31:34.444843Z  WARN p2panda_sync::protocols::topic_log_sync: sync session closed with error error=DecodeMessage("Io(Custom { kind: NotConnected, error: ConnectionLost(ApplicationClosed(ApplicationClose { error_code: 0, reason: b\"\" })) })")
2026-10-07T20:31:34.445154Z  WARN p2panda_sync::protocols::topic_log_sync: sync session closed with error error=DecodeMessage("Io(Custom { kind: NotConnected, error: ConnectionLost(ApplicationClosed(ApplicationClose { error_code: 0, reason: b\"\" })) })")
2026-10-07T20:31:34.445212Z  WARN p2panda_net::sync::actors::topic_manager: sync session failed: Io(Custom { kind: NotConnected, error: ConnectionLost(ApplicationClosed(ApplicationClose { error_code: 0, reason: b"" })) }) session_id=3 topic="8c8c8c8c8c"
2026-10-07T20:31:34.445422Z  WARN p2panda_net::sync::actors::topic_manager: sync session failed: Io(Custom { kind: NotConnected, error: ConnectionLost(ApplicationClosed(ApplicationClose { error_code: 0, reason: b"" })) }) session_id=2 topic="8a8a8a8a8a"
2026-10-07T20:31:34.446408Z  WARN p2panda_net::sync::actors::topic_manager: sync session failed: Io(Custom { kind: NotConnected, error: ConnectionLost(ApplicationClosed(ApplicationClose { error_code: 0, reason: b"" })) }) session_id=3 topic="8a8a8a8a8a"
2026-10-07T20:31:34.446416Z  WARN p2panda_sync::protocols::topic_log_sync: sync session closed with error error=DecodeMessage("Io(Custom { kind: NotConnected, error: ConnectionLost(ApplicationClosed(ApplicationClose { error_code: 0, reason: b\"\" })) })")
2026-10-07T20:31:34.446517Z  WARN p2panda_net::sync::actors::topic_manager: sync session failed: Io(Custom { kind: NotConnected, error: ConnectionLost(ApplicationClosed(ApplicationClose { error_code: 0, reason: b"" })) }) session_id=2 topic="8a8a8a8a8a"
2026-10-07T20:31:34.446735Z  WARN p2panda_net::sync::actors::topic_manager: sync session failed: Io(Custom { kind: NotConnected, error: ConnectionLost(ApplicationClosed(ApplicationClose { error_code: 0, reason: b"" })) }) session_id=3 topic="8b8b8b8b8b"
2026-10-07T20:31:34.446765Z  WARN p2panda_sync::protocols::topic_log_sync: sync session closed with error error=DecodeMessage("Io(Custom { kind: NotConnected, error: ConnectionLost(ApplicationClosed(ApplicationClose { error_code: 0, reason: b\"\" })) })")
2026-10-07T20:31:34.449123Z  WARN p2panda_sync::protocols::topic_log_sync: sync session closed with error error=DecodeMessage("Io(Custom { kind: NotConnected, error: ConnectionLost(ApplicationClosed(ApplicationClose { error_code: 0, reason: b\"\" })) })")
2026-10-07T20:31:34.449223Z  WARN p2panda_sync::protocols::topic_log_sync: sync session closed with error error=DecodeMessage("Io(Custom { kind: NotConnected, error: ConnectionLost(ApplicationClosed(ApplicationClose { error_code: 0, reason: b\"\" })) })")
2026-10-07T20:31:34.449557Z  WARN p2panda_net::sync::actors::topic_manager: sync session failed: Io(Custom { kind: NotConnected, error: ConnectionLost(ApplicationClosed(ApplicationClose { error_code: 0, reason: b"" })) }) session_id=3 topic="8a8a8a8a8a"
2026-10-07T20:31:34.450634Z  WARN p2panda_sync::protocols::topic_log_sync: sync session closed with error error=DecodeMessage("Io(Custom { kind: NotConnected, error: ConnectionLost(ApplicationClosed(ApplicationClose { error_code: 0, reason: b\"\" })) })")
2026-10-07T20:31:34.450750Z ERROR iroh::socket::transports::relay: relay_recv_channel closed
2026-10-07T20:31:34.450884Z  WARN p2panda_sync::protocols::topic_log_sync: sync session closed with error error=DecodeMessage("Io(Custom { kind: NotConnected, error: ConnectionLost(ApplicationClosed(ApplicationClose { error_code: 0, reason: b\"\" })) })")
2026-10-07T20:31:34.450730Z  WARN p2panda_sync::protocols::topic_log_sync: sync session closed with error error=DecodeMessage("Io(Custom { kind: NotConnected, error: ConnectionLost(ApplicationClosed(ApplicationClose { error_code: 0, reason: b\"\" })) })")
2026-10-07T20:31:34.450983Z  WARN p2panda_sync::protocols::topic_log_sync: sync session closed with error error=DecodeMessage("Io(Custom { kind: NotConnected, error: ConnectionLost(ApplicationClosed(ApplicationClose { error_code: 0, reason: b\"\" })) })")
2026-10-07T20:31:34.451762Z  WARN p2panda_net::sync::actors::topic_manager: sync session failed: Io(Custom { kind: NotConnected, error: ConnectionLost(ApplicationClosed(ApplicationClose { error_code: 0, reason: b"" })) }) session_id=3 topic="8a8a8a8a8a"
2026-10-07T20:31:34.452255Z ERROR iroh::socket::transports::relay: relay_recv_channel closed
2026-10-07T20:31:34.453168Z  WARN p2panda_net::sync::actors::topic_manager: sync session failed: Io(Custom { kind: NotConnected, error: ConnectionLost(ApplicationClosed(ApplicationClose { error_code: 0, reason: b"" })) }) session_id=3 topic="8a8a8a8a8a"
2026-10-07T20:31:35.523047Z  WARN p2panda_sync::protocols::topic_log_sync: sync session closed with error error=DecodeMessage("Io(Custom { kind: NotConnected, error: ConnectionLost(LocallyClosed) })")
2026-10-07T20:31:35.523729Z  WARN p2panda_sync::protocols::topic_log_sync: sync session closed with error error=DecodeMessage("Io(Custom { kind: NotConnected, error: ConnectionLost(LocallyClosed) })")
2026-10-07T20:31:35.524029Z  WARN p2panda_sync::protocols::topic_log_sync: sync session closed with error error=DecodeMessage("Io(Custom { kind: NotConnected, error: ConnectionLost(LocallyClosed) })")
2026-10-07T20:31:35.524351Z  WARN p2panda_net::sync::actors::topic_manager: sync session failed: error sending on message sink: Io(Custom { kind: NotConnected, error: ConnectionLost(LocallyClosed) }) session_id=1 topic="34d5328b51"
2026-10-07T20:31:35.524451Z  WARN p2panda_net::sync::actors::topic_manager: sync session failed: error sending on message sink: Io(Custom { kind: NotConnected, error: ConnectionLost(LocallyClosed) }) session_id=0 topic="34d5328b51"
2026-10-07T20:31:35.524747Z  WARN p2panda_net::sync::actors::topic_manager: sync session failed: Io(Custom { kind: NotConnected, error: ConnectionLost(LocallyClosed) }) session_id=1 topic="34d5328b51"
2026-10-07T20:31:35.526552Z  WARN p2panda_sync::protocols::topic_log_sync: sync session closed with error error=DecodeMessage("Io(Custom { kind: NotConnected, error: ConnectionLost(LocallyClosed) })")
2026-10-07T20:31:35.527779Z  WARN p2panda_sync::protocols::topic_log_sync: sync session closed with error error=DecodeMessage("Io(Custom { kind: NotConnected, error: ConnectionLost(LocallyClosed) })")
2026-10-07T20:31:35.528765Z  WARN p2panda_sync::protocols::topic_log_sync: sync session closed with error error=DecodeMessage("Io(Custom { kind: NotConnected, error: ConnectionLost(LocallyClosed) })")
2026-10-07T20:31:35.529362Z  WARN p2panda_sync::protocols::topic_log_sync: sync session closed with error error=DecodeMessage("Io(Custom { kind: NotConnected, error: ConnectionLost(LocallyClosed) })")
2026-10-07T20:31:35.530235Z  WARN p2panda_net::sync::actors::topic_manager: sync session failed: Io(Custom { kind: NotConnected, error: ConnectionLost(LocallyClosed) }) session_id=0 topic="34d5328b51"
2026-10-07T20:31:35.531879Z  WARN p2panda_sync::protocols::topic_log_sync: sync session closed with error error=DecodeMessage("Io(Custom { kind: NotConnected, error: ConnectionLost(LocallyClosed) })")
2026-10-07T20:31:35.532221Z  WARN p2panda_sync::protocols::topic_log_sync: sync session closed with error error=DecodeMessage("Io(Custom { kind: NotConnected, error: ConnectionLost(LocallyClosed) })")
2026-10-07T20:31:35.532841Z  WARN p2panda_sync::protocols::topic_log_sync: sync session closed with error error=DecodeMessage("Io(Custom { kind: NotConnected, error: ConnectionLost(LocallyClosed) })")
2026-10-07T20:31:35.535568Z  WARN p2panda_sync::protocols::topic_log_sync: sync session closed with error error=DecodeMessage("Io(Custom { kind: NotConnected, error: ConnectionLost(ApplicationClosed(ApplicationClose { error_code: 0, reason: b\"\" })) })")
2026-10-07T20:31:35.536306Z  WARN p2panda_net::sync::actors::topic_manager: sync session failed: Io(Custom { kind: NotConnected, error: ConnectionLost(LocallyClosed) }) session_id=1 topic="19d5fc4226"
2026-10-07T20:31:35.536638Z  WARN p2panda_net::sync::actors::topic_manager: sync session failed: Io(Custom { kind: NotConnected, error: ConnectionLost(LocallyClosed) }) session_id=0 topic="884ef1492d"
2026-10-07T20:31:35.539678Z  WARN p2panda_sync::protocols::topic_log_sync: sync session closed with error error=DecodeMessage("Io(Custom { kind: NotConnected, error: ConnectionLost(LocallyClosed) })")
2026-10-07T20:31:35.539910Z  WARN p2panda_sync::protocols::topic_log_sync: sync session closed with error error=DecodeMessage("Io(Custom { kind: NotConnected, error: ConnectionLost(LocallyClosed) })")
2026-10-07T20:31:35.540203Z  WARN p2panda_net::sync::actors::topic_manager: sync session failed: Io(Custom { kind: NotConnected, error: ConnectionLost(ApplicationClosed(ApplicationClose { error_code: 0, reason: b"" })) }) session_id=1 topic="34d5328b51"
2026-10-07T20:31:35.541807Z  WARN p2panda_sync::protocols::topic_log_sync: sync session closed with error error=DecodeMessage("Io(Custom { kind: NotConnected, error: ConnectionLost(ApplicationClosed(ApplicationClose { error_code: 0, reason: b\"\" })) })")
2026-10-07T20:31:35.542412Z  WARN p2panda_net::sync::actors::topic_manager: sync session failed: Io(Custom { kind: NotConnected, error: ConnectionLost(ApplicationClosed(ApplicationClose { error_code: 0, reason: b"" })) }) session_id=1 topic="34d5328b51"
2026-10-07T20:31:35.542469Z  WARN p2panda_sync::protocols::topic_log_sync: sync session closed with error error=DecodeMessage("Io(Custom { kind: NotConnected, error: ConnectionLost(ApplicationClosed(ApplicationClose { error_code: 0, reason: b\"\" })) })")
2026-10-07T20:31:35.542964Z  WARN p2panda_net::sync::actors::topic_manager: sync session failed: Io(Custom { kind: NotConnected, error: ConnectionLost(ApplicationClosed(ApplicationClose { error_code: 0, reason: b"" })) }) session_id=0 topic="19d5fc4226"
2026-10-07T20:31:35.543607Z  WARN p2panda_sync::protocols::topic_log_sync: sync session closed with error error=DecodeMessage("Io(Custom { kind: NotConnected, error: ConnectionLost(ApplicationClosed(ApplicationClose { error_code: 0, reason: b\"\" })) })")
2026-10-07T20:31:35.546993Z  WARN p2panda_net::sync::actors::topic_manager: sync session failed: error sending on message sink: Io(Custom { kind: NotConnected, error: ConnectionLost(ApplicationClosed(ApplicationClose { error_code: 0, reason: b"" })) }) session_id=0 topic="34d5328b51"
2026-10-07T20:31:35.547123Z  WARN p2panda_net::sync::actors::topic_manager: sync session failed: error sending on message sink: Io(Custom { kind: NotConnected, error: ConnectionLost(ApplicationClosed(ApplicationClose { error_code: 0, reason: b"" })) }) session_id=1 topic="34d5328b51"
2026-10-07T20:31:35.549657Z  WARN p2panda_sync::protocols::topic_log_sync: sync session closed with error error=DecodeMessage("Io(Custom { kind: NotConnected, error: ConnectionLost(ApplicationClosed(ApplicationClose { error_code: 0, reason: b\"\" })) })")
2026-10-07T20:31:35.550638Z  WARN p2panda_sync::protocols::topic_log_sync: sync session closed with error error=DecodeMessage("Io(Custom { kind: NotConnected, error: ConnectionLost(ApplicationClosed(ApplicationClose { error_code: 0, reason: b\"\" })) })")
2026-10-07T20:31:35.551643Z  WARN p2panda_sync::protocols::topic_log_sync: sync session closed with error error=DecodeMessage("Io(Custom { kind: NotConnected, error: ConnectionLost(ApplicationClosed(ApplicationClose { error_code: 0, reason: b\"\" })) })")
2026-10-07T20:31:35.551918Z  WARN p2panda_sync::protocols::topic_log_sync: sync session closed with error error=DecodeMessage("Io(Custom { kind: NotConnected, error: ConnectionLost(ApplicationClosed(ApplicationClose { error_code: 0, reason: b\"\" })) })")
2026-10-07T20:31:35.552289Z  WARN p2panda_sync::protocols::topic_log_sync: sync session closed with error error=DecodeMessage("Io(Custom { kind: NotConnected, error: ConnectionLost(ApplicationClosed(ApplicationClose { error_code: 0, reason: b\"\" })) })")
2026-10-07T20:31:35.552696Z  WARN p2panda_sync::protocols::topic_log_sync: sync session closed with error error=DecodeMessage("Io(Custom { kind: NotConnected, error: ConnectionLost(ApplicationClosed(ApplicationClose { error_code: 0, reason: b\"\" })) })")
2026-10-07T20:31:35.553823Z  WARN p2panda_sync::protocols::topic_log_sync: sync session closed with error error=DecodeMessage("Io(Custom { kind: NotConnected, error: ConnectionLost(ApplicationClosed(ApplicationClose { error_code: 0, reason: b\"\" })) })")
2026-10-07T20:31:35.555176Z  WARN p2panda_net::sync::actors::topic_manager: sync session failed: error sending on message sink: Io(Custom { kind: NotConnected, error: ConnectionLost(ApplicationClosed(ApplicationClose { error_code: 0, reason: b"" })) }) session_id=0 topic="7fe96e47bd"
2026-10-07T20:31:35.555439Z  WARN p2panda_net::sync::actors::topic_manager: sync session failed: Io(Custom { kind: NotConnected, error: ConnectionLost(ApplicationClosed(ApplicationClose { error_code: 0, reason: b"" })) }) session_id=1 topic="34d5328b51"
2026-10-07T20:31:35.562240Z  WARN p2panda_sync::protocols::topic_log_sync: sync session closed with error error=DecodeMessage("Io(Custom { kind: NotConnected, error: ConnectionLost(ApplicationClosed(ApplicationClose { error_code: 0, reason: b\"\" })) })")
2026-10-07T20:31:35.562480Z  WARN p2panda_sync::protocols::topic_log_sync: sync session closed with error error=DecodeMessage("Io(Custom { kind: NotConnected, error: ConnectionLost(LocallyClosed) })")
2026-10-07T20:31:35.562712Z ERROR iroh::socket::transports::relay: relay_recv_channel closed
2026-10-07T20:31:35.563885Z ERROR iroh::socket::transports::relay: relay_recv_channel closed
2026-10-07T20:31:35.566186Z  WARN p2panda_sync::protocols::topic_log_sync: sync session closed with error error=DecodeMessage("Io(Custom { kind: NotConnected, error: ConnectionLost(ApplicationClosed(ApplicationClose { error_code: 0, reason: b\"\" })) })")
2026-10-07T20:31:35.566720Z  WARN p2panda_sync::protocols::topic_log_sync: sync session closed with error error=DecodeMessage("Io(Custom { kind: NotConnected, error: ConnectionLost(ApplicationClosed(ApplicationClose { error_code: 0, reason: b\"\" })) })")
2026-10-07T20:31:35.567397Z  WARN p2panda_sync::protocols::topic_log_sync: sync session closed with error error=DecodeMessage("Io(Custom { kind: NotConnected, error: ConnectionLost(LocallyClosed) })")
2026-10-07T20:31:35.567537Z  WARN p2panda_sync::protocols::topic_log_sync: sync session closed with error error=DecodeMessage("Io(Custom { kind: NotConnected, error: ConnectionLost(LocallyClosed) })")
2026-10-07T20:31:35.568026Z  WARN p2panda_sync::protocols::topic_log_sync: sync session closed with error error=DecodeMessage("Io(Custom { kind: NotConnected, error: ConnectionLost(ApplicationClosed(ApplicationClose { error_code: 0, reason: b\"\" })) })")
2026-10-07T20:31:35.568383Z  WARN p2panda_net::sync::actors::topic_manager: sync session failed: log sync error receiving from message stream: MessageStream("Io(Custom { kind: NotConnected, error: ConnectionLost(LocallyClosed) })") session_id=0 topic="01fb378ca8"
2026-10-07T20:31:35.568475Z  WARN p2panda_net::sync::actors::topic_manager: sync session failed: Io(Custom { kind: NotConnected, error: ConnectionLost(ApplicationClosed(ApplicationClose { error_code: 0, reason: b"" })) }) session_id=5 topic="1799469175"
2026-10-07T20:31:35.569665Z  WARN p2panda_net::sync::actors::topic_manager: sync session failed: Io(Custom { kind: NotConnected, error: ConnectionLost(ApplicationClosed(ApplicationClose { error_code: 0, reason: b"" })) }) session_id=5 topic="01fb378ca8"
2026-10-07T20:31:35.571743Z  WARN p2panda_net::sync::actors::topic_manager: sync session failed: error sending on message sink: Io(Custom { kind: NotConnected, error: ConnectionLost(LocallyClosed) }) session_id=0 topic="aaf2b6d073"
2026-10-07T20:31:35.572108Z  WARN p2panda_net::sync::actors::topic_manager: sync session failed: error sending on message sink: Io(Custom { kind: NotConnected, error: ConnectionLost(LocallyClosed) }) session_id=1 topic="aaf2b6d073"
2026-10-07T20:31:35.572421Z  WARN p2panda_sync::protocols::topic_log_sync: sync session closed with error error=DecodeMessage("Io(Custom { kind: NotConnected, error: ConnectionLost(LocallyClosed) })")
2026-10-07T20:31:35.572736Z  WARN p2panda_net::sync::actors::topic_manager: sync session failed: Io(Custom { kind: NotConnected, error: ConnectionLost(ApplicationClosed(ApplicationClose { error_code: 0, reason: b"" })) }) session_id=5 topic="19021002b3"
2026-10-07T20:31:35.573293Z  WARN p2panda_sync::protocols::topic_log_sync: sync session closed with error error=DecodeMessage("Io(Custom { kind: NotConnected, error: ConnectionLost(ApplicationClosed(ApplicationClose { error_code: 0, reason: b\"\" })) })")
2026-10-07T20:31:35.574540Z  WARN p2panda_sync::protocols::topic_log_sync: sync session closed with error error=DecodeMessage("Io(Custom { kind: NotConnected, error: ConnectionLost(ApplicationClosed(ApplicationClose { error_code: 0, reason: b\"\" })) })")
2026-10-07T20:31:35.574968Z  WARN p2panda_net::sync::actors::topic_manager: sync session failed: Io(Custom { kind: NotConnected, error: ConnectionLost(LocallyClosed) }) session_id=1 topic="34d5328b51"
2026-10-07T20:31:35.580939Z  WARN p2panda_net::sync::actors::topic_manager: sync session failed: Io(Custom { kind: NotConnected, error: ConnectionLost(LocallyClosed) }) session_id=0 topic="34d5328b51"
2026-10-07T20:31:35.583125Z  WARN p2panda_net::sync::actors::topic_manager: sync session failed: log sync error receiving from message stream: MessageStream("Io(Custom { kind: NotConnected, error: ConnectionLost(LocallyClosed) })") session_id=0 topic="01fb378ca8"
2026-10-07T20:31:35.584177Z  WARN p2panda_net::sync::actors::topic_manager: sync session failed: Io(Custom { kind: NotConnected, error: ConnectionLost(ApplicationClosed(ApplicationClose { error_code: 0, reason: b"" })) }) session_id=0 topic="34d5328b51"
2026-10-07T20:31:35.584956Z  WARN p2panda_net::sync::actors::topic_manager: sync session failed: error sending on message sink: Io(Custom { kind: NotConnected, error: ConnectionLost(ApplicationClosed(ApplicationClose { error_code: 0, reason: b"" })) }) session_id=0 topic="34d5328b51"
2026-10-07T20:31:35.585059Z  WARN p2panda_net::sync::actors::topic_manager: sync session failed: error sending on message sink: Io(Custom { kind: NotConnected, error: ConnectionLost(ApplicationClosed(ApplicationClose { error_code: 0, reason: b"" })) }) session_id=1 topic="34d5328b51"
2026-10-07T20:31:35.585397Z  WARN p2panda_net::sync::actors::topic_manager: sync session failed: Io(Custom { kind: NotConnected, error: ConnectionLost(ApplicationClosed(ApplicationClose { error_code: 0, reason: b"" })) }) session_id=0 topic="34d5328b51"
2026-10-07T20:31:35.587338Z  WARN p2panda_net::sync::actors::topic_manager: sync session failed: Io(Custom { kind: NotConnected, error: ConnectionLost(LocallyClosed) }) session_id=0 topic="01fb378ca8"
2026-10-07T20:31:35.588841Z  WARN p2panda_sync::protocols::topic_log_sync: sync session closed with error error=DecodeMessage("Io(Custom { kind: NotConnected, error: ConnectionLost(ApplicationClosed(ApplicationClose { error_code: 0, reason: b\"\" })) })")
2026-10-07T20:31:35.589319Z  WARN p2panda_sync::protocols::topic_log_sync: sync session closed with error error=DecodeMessage("Io(Custom { kind: NotConnected, error: ConnectionLost(ApplicationClosed(ApplicationClose { error_code: 0, reason: b\"\" })) })")
2026-10-07T20:31:35.589561Z  WARN p2panda_net::sync::actors::topic_manager: sync session failed: Io(Custom { kind: NotConnected, error: ConnectionLost(LocallyClosed) }) session_id=0 topic="19021002b3"
2026-10-07T20:31:35.593229Z  WARN p2panda_sync::protocols::topic_log_sync: sync session closed with error error=DecodeMessage("Io(Custom { kind: NotConnected, error: ConnectionLost(ApplicationClosed(ApplicationClose { error_code: 0, reason: b\"\" })) })")
2026-10-07T20:31:35.593692Z  WARN p2panda_sync::protocols::topic_log_sync: sync session closed with error error=DecodeMessage("Io(Custom { kind: NotConnected, error: ConnectionLost(ApplicationClosed(ApplicationClose { error_code: 0, reason: b\"\" })) })")
2026-10-07T20:31:35.594133Z  WARN p2panda_net::sync::actors::topic_manager: sync session failed: error sending on message sink: Io(Custom { kind: NotConnected, error: ConnectionLost(TransportError(Error { code: INTERNAL_ERROR, frame: None, reason: "endpoint driver future was dropped", crypto: None })) }) session_id=1 topic="7fe96e47bd"
2026-10-07T20:31:35.596573Z  WARN p2panda_net::sync::actors::topic_manager: sync session failed: error sending on message sink: Io(Custom { kind: NotConnected, error: ConnectionLost(TransportError(Error { code: INTERNAL_ERROR, frame: None, reason: "endpoint driver future was dropped", crypto: None })) }) session_id=0 topic="7fe96e47bd"
2026-10-07T20:31:35.600617Z  WARN p2panda_net::sync::actors::topic_manager: sync session failed: log sync error receiving from message stream: MessageStream("Io(Custom { kind: NotConnected, error: ConnectionLost(LocallyClosed) })") session_id=0 topic="01fb378ca8"
2026-10-07T20:31:35.601450Z  WARN p2panda_net::sync::actors::topic_manager: sync session failed: error sending on message sink: Io(Custom { kind: NotConnected, error: ConnectionLost(ApplicationClosed(ApplicationClose { error_code: 0, reason: b"" })) }) session_id=1 topic="884ef1492d"
2026-10-07T20:31:35.602779Z  WARN p2panda_net::sync::actors::topic_manager: sync session failed: Io(Custom { kind: NotConnected, error: ConnectionLost(ApplicationClosed(ApplicationClose { error_code: 0, reason: b"" })) }) session_id=5 topic="aaf2b6d073"
2026-10-07T20:31:36.590247Z  WARN p2panda_net::sync::actors::topic_manager: sync session failed: error sending on message sink: Io(Custom { kind: NotConnected, error: ConnectionLost(LocallyClosed) }) session_id=0 topic="6d1bfd3590"
2026-10-07T20:31:36.626764Z  WARN p2panda_net::sync::actors::topic_manager: sync session failed: error sending on message sink: Io(Custom { kind: NotConnected, error: ConnectionLost(LocallyClosed) }) session_id=1 topic="6d1bfd3590"
2026-10-07T20:31:36.587393Z  WARN p2panda_net::sync::actors::topic_manager: sync session failed: Io(Custom { kind: NotConnected, error: ConnectionLost(ApplicationClosed(ApplicationClose { error_code: 0, reason: b"" })) }) session_id=0 topic="96444b891a"
2026-10-07T20:31:36.472054Z  WARN p2panda_sync::protocols::topic_log_sync: sync session closed with error error=DecodeMessage("Io(Custom { kind: NotConnected, error: ConnectionLost(ApplicationClosed(ApplicationClose { error_code: 0, reason: b\"\" })) })")
2026-10-07T20:31:36.468534Z  WARN p2panda_sync::protocols::topic_log_sync: sync session closed with error error=DecodeMessage("Io(Custom { kind: NotConnected, error: ConnectionLost(LocallyClosed) })")
2026-10-07T20:31:36.515145Z  WARN p2panda_net::sync::actors::topic_manager: sync session failed: error sending on message sink: Io(Custom { kind: NotConnected, error: ConnectionLost(ApplicationClosed(ApplicationClose { error_code: 0, reason: b"" })) }) session_id=0 topic="6d1bfd3590"
2026-10-07T20:31:36.477907Z ERROR iroh::socket::transports::relay: relay_recv_channel closed
2026-10-07T20:31:36.627130Z  WARN p2panda_net::sync::actors::topic_manager: sync session failed: error sending on message sink: Io(Custom { kind: NotConnected, error: ConnectionLost(ApplicationClosed(ApplicationClose { error_code: 0, reason: b"" })) }) session_id=0 topic="884ef1492d"
2026-10-07T20:31:36.477257Z  WARN p2panda_sync::protocols::topic_log_sync: sync session closed with error error=DecodeMessage("Io(Custom { kind: NotConnected, error: ConnectionLost(ApplicationClosed(ApplicationClose { error_code: 0, reason: b\"\" })) })")
2026-10-07T20:31:36.587277Z  WARN p2panda_net::sync::actors::topic_manager: sync session failed: Io(Custom { kind: NotConnected, error: ConnectionLost(LocallyClosed) }) session_id=0 topic="f66f28f8a1"
2026-10-07T20:31:36.472003Z  WARN p2panda_sync::protocols::topic_log_sync: sync session closed with error error=DecodeMessage("Io(Custom { kind: NotConnected, error: ConnectionLost(ApplicationClosed(ApplicationClose { error_code: 0, reason: b\"\" })) })")
2026-10-07T20:31:36.471991Z  WARN p2panda_sync::protocols::topic_log_sync: sync session closed with error error=DecodeMessage("Io(Custom { kind: NotConnected, error: ConnectionLost(ApplicationClosed(ApplicationClose { error_code: 0, reason: b\"\" })) })")
2026-10-07T20:31:36.471868Z  WARN p2panda_sync::protocols::topic_log_sync: sync session closed with error error=DecodeMessage("Io(Custom { kind: NotConnected, error: ConnectionLost(ApplicationClosed(ApplicationClose { error_code: 0, reason: b\"\" })) })")
2026-10-07T20:31:36.469731Z  WARN p2panda_sync::protocols::topic_log_sync: sync session closed with error error=DecodeMessage("Io(Custom { kind: NotConnected, error: ConnectionLost(LocallyClosed) })")
2026-10-07T20:31:36.466072Z  WARN p2panda_sync::protocols::topic_log_sync: sync session closed with error error=DecodeMessage("Io(Custom { kind: NotConnected, error: ConnectionLost(LocallyClosed) })")
2026-10-07T20:31:36.467717Z  WARN p2panda_sync::protocols::topic_log_sync: sync session closed with error error=DecodeMessage("Io(Custom { kind: NotConnected, error: ConnectionLost(LocallyClosed) })")
2026-10-07T20:31:36.525189Z  WARN p2panda_sync::protocols::topic_log_sync: sync session closed with error error=DecodeMessage("Io(Custom { kind: NotConnected, error: ConnectionLost(ApplicationClosed(ApplicationClose { error_code: 0, reason: b\"\" })) })")
2026-10-07T20:31:35.613513Z  WARN p2panda_net::iroh_mdns::actor: found invalid transport info coming from iroh's services endpoint_id=9b662f09bb44edb188b2a022b4eb969d44181252866340d454e017372d38d19b
2026-10-07T20:31:36.585111Z  WARN p2panda_net::sync::actors::topic_manager: sync session failed: Io(Custom { kind: NotConnected, error: ConnectionLost(ApplicationClosed(ApplicationClose { error_code: 0, reason: b"" })) }) session_id=0 topic="e8dbd9cb82"
2026-10-07T20:31:36.477637Z  WARN p2panda_sync::protocols::topic_log_sync: sync session closed with error error=DecodeMessage("Io(Custom { kind: NotConnected, error: ConnectionLost(ApplicationClosed(ApplicationClose { error_code: 0, reason: b\"\" })) })")
2026-10-07T20:31:36.584861Z  WARN p2panda_net::sync::actors::topic_manager: sync session failed: Io(Custom { kind: NotConnected, error: ConnectionLost(ApplicationClosed(ApplicationClose { error_code: 0, reason: b"" })) }) session_id=1 topic="f66f28f8a1"
2026-10-07T20:31:35.602846Z  WARN p2panda_net::sync::actors::topic_manager: sync session failed: Io(Custom { kind: NotConnected, error: ConnectionLost(ApplicationClosed(ApplicationClose { error_code: 0, reason: b"" })) }) session_id=5 topic="01fb378ca8"
2026-10-07T20:31:36.473493Z  WARN p2panda_net::sync::actors::topic_manager: sync session failed: error sending on message sink: Io(Custom { kind: NotConnected, error: ConnectionLost(LocallyClosed) }) session_id=1 topic="3284380727"
2026-10-07T20:31:36.627198Z  WARN p2panda_net::sync::actors::topic_manager: sync session failed: error sending on message sink: Io(Custom { kind: NotConnected, error: ConnectionLost(ApplicationClosed(ApplicationClose { error_code: 0, reason: b"" })) }) session_id=1 topic="6d1bfd3590"
2026-10-07T20:31:36.634387Z  WARN p2panda_net::sync::actors::topic_manager: sync session failed: error sending on message sink: Io(Custom { kind: NotConnected, error: ConnectionLost(LocallyClosed) }) session_id=0 topic="3284380727"
2026-10-07T20:31:35.706726Z  WARN iroh::socket: tasks didn't finish in time, aborting
2026-10-07T20:31:35.606023Z ERROR iroh::socket::transports::relay: relay_recv_channel closed
2026-10-07T20:31:36.473833Z  WARN p2panda_sync::protocols::topic_log_sync: sync session closed with error error=DecodeMessage("Io(Custom { kind: NotConnected, error: ConnectionLost(ApplicationClosed(ApplicationClose { error_code: 0, reason: b\"\" })) })")
2026-10-07T20:31:36.473585Z  WARN p2panda_sync::protocols::topic_log_sync: sync session closed with error error=DecodeMessage("Io(Custom { kind: NotConnected, error: ConnectionLost(ApplicationClosed(ApplicationClose { error_code: 0, reason: b\"\" })) })")
2026-10-07T20:31:36.637928Z  WARN p2panda_net::sync::actors::topic_manager: sync session failed: Io(Custom { kind: NotConnected, error: ConnectionLost(ApplicationClosed(ApplicationClose { error_code: 0, reason: b"" })) }) session_id=0 topic="6d1bfd3590"
2026-10-07T20:31:36.638106Z  WARN p2panda_net::sync::actors::topic_manager: sync session failed: error sending on message sink: Io(Custom { kind: NotConnected, error: ConnectionLost(ApplicationClosed(ApplicationClose { error_code: 0, reason: b"" })) }) session_id=1 topic="6d1bfd3590"
2026-10-07T20:31:36.638524Z  WARN p2panda_net::sync::actors::topic_manager: sync session failed: Io(Custom { kind: NotConnected, error: ConnectionLost(ApplicationClosed(ApplicationClose { error_code: 0, reason: b"" })) }) session_id=0 topic="6d1bfd3590"
2026-10-07T20:31:36.640555Z  WARN p2panda_net::sync::actors::topic_manager: sync session failed: Io(Custom { kind: NotConnected, error: ConnectionLost(ApplicationClosed(ApplicationClose { error_code: 0, reason: b"" })) }) session_id=1 topic="6d1bfd3590"
2026-10-07T20:31:36.640916Z  WARN p2panda_net::sync::actors::topic_manager: sync session failed: error sending on message sink: Io(Custom { kind: NotConnected, error: ConnectionLost(ApplicationClosed(ApplicationClose { error_code: 0, reason: b"" })) }) session_id=0 topic="6d1bfd3590"
2026-10-07T20:31:36.645617Z  WARN p2panda_net::sync::actors::topic_manager: sync session failed: Io(Custom { kind: NotConnected, error: ConnectionLost(LocallyClosed) }) session_id=1 topic="6d1bfd3590"
2026-10-07T20:31:36.653156Z  WARN p2panda_net::sync::actors::topic_manager: sync session failed: Io(Custom { kind: NotConnected, error: ConnectionLost(ApplicationClosed(ApplicationClose { error_code: 0, reason: b"" })) }) session_id=1 topic="3284380727"
2026-10-07T20:31:36.653299Z  WARN p2panda_net::sync::actors::topic_manager: sync session failed: error sending on message sink: Io(Custom { kind: NotConnected, error: ConnectionLost(ApplicationClosed(ApplicationClose { error_code: 0, reason: b"" })) }) session_id=0 topic="3284380727"
2026-10-07T20:31:36.653446Z  WARN p2panda_net::sync::actors::topic_manager: sync session failed: Io(Custom { kind: NotConnected, error: ConnectionLost(ApplicationClosed(ApplicationClose { error_code: 0, reason: b"" })) }) session_id=0 topic="6d1bfd3590"
2026-10-07T20:31:36.653545Z  WARN p2panda_net::sync::actors::topic_manager: sync session failed: error sending on message sink: Io(Custom { kind: NotConnected, error: ConnectionLost(ApplicationClosed(ApplicationClose { error_code: 0, reason: b"" })) }) session_id=1 topic="6d1bfd3590"
2026-10-07T20:31:36.653835Z  WARN p2panda_net::sync::actors::topic_manager: sync session failed: Io(Custom { kind: NotConnected, error: ConnectionLost(ApplicationClosed(ApplicationClose { error_code: 0, reason: b"" })) }) session_id=0 topic="6d1bfd3590"
2026-10-07T20:31:36.653863Z  WARN p2panda_net::sync::actors::topic_manager: sync session failed: Io(Custom { kind: NotConnected, error: ConnectionLost(ApplicationClosed(ApplicationClose { error_code: 0, reason: b"" })) }) session_id=1 topic="6d1bfd3590"
2026-10-07T20:31:36.653925Z  WARN p2panda_net::sync::actors::topic_manager: sync session failed: error sending on message sink: Io(Custom { kind: NotConnected, error: ConnectionLost(ApplicationClosed(ApplicationClose { error_code: 0, reason: b"" })) }) session_id=1 topic="6d1bfd3590"
2026-10-07T20:31:36.653956Z  WARN p2panda_net::sync::actors::topic_manager: sync session failed: error sending on message sink: Io(Custom { kind: NotConnected, error: ConnectionLost(ApplicationClosed(ApplicationClose { error_code: 0, reason: b"" })) }) session_id=0 topic="6d1bfd3590"
2026-10-07T20:31:36.654046Z  WARN p2panda_net::sync::actors::topic_manager: sync session failed: Io(Custom { kind: NotConnected, error: ConnectionLost(ApplicationClosed(ApplicationClose { error_code: 0, reason: b"" })) }) session_id=1 topic="797740495b"
2026-10-07T20:31:36.654116Z  WARN p2panda_net::sync::actors::topic_manager: sync session failed: error sending on message sink: Io(Custom { kind: NotConnected, error: ConnectionLost(ApplicationClosed(ApplicationClose { error_code: 0, reason: b"" })) }) session_id=0 topic="797740495b"
2026-10-07T20:31:36.654229Z  WARN p2panda_net::sync::actors::topic_manager: sync session failed: Io(Custom { kind: NotConnected, error: ConnectionLost(ApplicationClosed(ApplicationClose { error_code: 0, reason: b"" })) }) session_id=0 topic="7159c23a33"
2026-10-07T20:31:36.654300Z  WARN p2panda_net::sync::actors::topic_manager: sync session failed: error sending on message sink: Io(Custom { kind: NotConnected, error: ConnectionLost(ApplicationClosed(ApplicationClose { error_code: 0, reason: b"" })) }) session_id=1 topic="7159c23a33"
2026-10-07T20:31:37.268403Z  WARN p2panda_net::sync::actors::topic_manager: sync session failed: Io(Custom { kind: NotConnected, error: ConnectionLost(LocallyClosed) }) session_id=1 topic="96444b891a"
2026-10-07T20:31:37.268468Z  WARN p2panda_net::sync::actors::topic_manager: sync session failed: Io(Custom { kind: NotConnected, error: ConnectionLost(ApplicationClosed(ApplicationClose { error_code: 0, reason: b"" })) }) session_id=0 topic="f66f28f8a1"
2026-10-07T20:31:38.148702Z  WARN p2panda_net::sync::actors::topic_manager: sync session failed: error sending on message sink: MessageSink("Io(Custom { kind: NotConnected, error: ConnectionLost(ApplicationClosed(ApplicationClose { error_code: 0, reason: b\"\" })) })") session_id=5 topic="01fb378ca8"
test place::lanes::tests::a_bounded_writer_grant_expires_while_connected_and_reconnect_still_admits ... ok
test place::lanes::tests::a_visited_document_reports_unavailable_when_the_holder_goes_silent ... ok
2026-10-07T20:31:38.605960Z  WARN p2panda_net::sync::actors::topic_manager: sync session failed: error sending on message sink: MessageSink("Io(Custom { kind: NotConnected, error: ConnectionLost(ApplicationClosed(ApplicationClose { error_code: 0, reason: b\"\" })) })") session_id=5 topic="01fb378ca8"
2026-10-07T20:31:39.342355Z  WARN p2panda_net::iroh_endpoint::actors::connection: ignoring connection: accepting failed: the cryptographic handshake failed: error 120: peer doesn't support any known protocol
2026-10-07T20:31:39.343979Z  WARN p2panda_net::iroh_endpoint::actors::connection: connection establishment failed: aborted by peer: the cryptographic handshake failed: error 120: peer doesn't support any known protocol
2026-10-07T20:31:39.349460Z  WARN p2panda_net::sync::actors::topic_manager: sync session failed: aborted by peer: the cryptographic handshake failed: error 120: peer doesn't support any known protocol session_id=0 topic="a19d82f0c2"
2026-10-07T20:31:39.364214Z  WARN p2panda_net::iroh_endpoint::actors::connection: ignoring connection: accepting failed: the cryptographic handshake failed: error 120: peer doesn't support any known protocol
2026-10-07T20:31:39.376392Z  WARN p2panda_net::iroh_endpoint::actors::connection: connection establishment failed: aborted by peer: the cryptographic handshake failed: error 120: peer doesn't support any known protocol
2026-10-07T20:31:39.379464Z  WARN p2panda_net::sync::actors::topic_manager: sync session failed: aborted by peer: the cryptographic handshake failed: error 120: peer doesn't support any known protocol session_id=0 topic="a19d82f0c2"
2026-10-07T20:31:39.443726Z  WARN p2panda_net::sync::actors::topic_manager: sync session failed: Io(Custom { kind: NotConnected, error: ConnectionLost(LocallyClosed) }) session_id=1 topic="8a8a8a8a8a"
2026-10-07T20:31:39.443866Z  WARN p2panda_net::sync::actors::topic_manager: sync session failed: Io(Custom { kind: NotConnected, error: ConnectionLost(LocallyClosed) }) session_id=1 topic="8c8c8c8c8c"
2026-10-07T20:31:39.459741Z  WARN p2panda_net::sync::actors::topic_manager: sync session failed: Io(Custom { kind: NotConnected, error: ConnectionLost(ApplicationClosed(ApplicationClose { error_code: 0, reason: b"" })) }) session_id=3 topic="8a8a8a8a8a"
2026-10-07T20:31:39.459882Z  WARN p2panda_net::sync::actors::topic_manager: sync session failed: Io(Custom { kind: NotConnected, error: ConnectionLost(ApplicationClosed(ApplicationClose { error_code: 0, reason: b"" })) }) session_id=3 topic="8a8a8a8a8a"
2026-10-07T20:31:39.462054Z  WARN p2panda_net::sync::actors::topic_manager: sync session failed: Io(Custom { kind: NotConnected, error: ConnectionLost(ApplicationClosed(ApplicationClose { error_code: 0, reason: b"" })) }) session_id=3 topic="8a8a8a8a8a"
2026-10-07T20:31:39.461932Z  WARN p2panda_net::sync::actors::topic_manager: sync session failed: Io(Custom { kind: NotConnected, error: ConnectionLost(ApplicationClosed(ApplicationClose { error_code: 0, reason: b"" })) }) session_id=2 topic="8c8c8c8c8c"
2026-10-07T20:31:39.460227Z  WARN p2panda_net::sync::actors::topic_manager: sync session failed: Io(Custom { kind: NotConnected, error: ConnectionLost(ApplicationClosed(ApplicationClose { error_code: 0, reason: b"" })) }) session_id=2 topic="8a8a8a8a8a"
2026-10-07T20:31:39.461787Z  WARN p2panda_net::sync::actors::topic_manager: sync session failed: Io(Custom { kind: NotConnected, error: ConnectionLost(ApplicationClosed(ApplicationClose { error_code: 0, reason: b"" })) }) session_id=2 topic="8a8a8a8a8a"
2026-10-07T20:31:39.469508Z  WARN p2panda_net::sync::actors::topic_manager: sync session failed: Io(Custom { kind: NotConnected, error: ConnectionLost(ApplicationClosed(ApplicationClose { error_code: 0, reason: b"" })) }) session_id=2 topic="8a8a8a8a8a"
2026-10-07T20:31:39.469508Z  WARN p2panda_net::sync::actors::topic_manager: sync session failed: Io(Custom { kind: NotConnected, error: ConnectionLost(ApplicationClosed(ApplicationClose { error_code: 0, reason: b"" })) }) session_id=2 topic="8b8b8b8b8b"
2026-10-07T20:31:40.528612Z  WARN p2panda_net::sync::actors::topic_manager: sync session failed: Io(Custom { kind: NotConnected, error: ConnectionLost(LocallyClosed) }) session_id=0 topic="34d5328b51"
2026-10-07T20:31:40.545449Z  WARN p2panda_net::sync::actors::topic_manager: sync session failed: Io(Custom { kind: NotConnected, error: ConnectionLost(ApplicationClosed(ApplicationClose { error_code: 0, reason: b"" })) }) session_id=0 topic="34d5328b51"
2026-10-07T20:31:40.546532Z  WARN p2panda_net::sync::actors::topic_manager: sync session failed: Io(Custom { kind: NotConnected, error: ConnectionLost(ApplicationClosed(ApplicationClose { error_code: 0, reason: b"" })) }) session_id=0 topic="34d5328b51"
2026-10-07T20:31:40.549398Z  WARN p2panda_net::sync::actors::topic_manager: sync session failed: Io(Custom { kind: NotConnected, error: ConnectionLost(LocallyClosed) }) session_id=1 topic="34d5328b51"
2026-10-07T20:31:40.549953Z  WARN p2panda_net::sync::actors::topic_manager: sync session failed: Io(Custom { kind: NotConnected, error: ConnectionLost(LocallyClosed) }) session_id=0 topic="19d5fc4226"
2026-10-07T20:31:40.550251Z  WARN p2panda_net::sync::actors::topic_manager: sync session failed: Io(Custom { kind: NotConnected, error: ConnectionLost(LocallyClosed) }) session_id=1 topic="884ef1492d"
2026-10-07T20:31:40.561954Z  WARN p2panda_net::sync::actors::topic_manager: sync session failed: Io(Custom { kind: NotConnected, error: ConnectionLost(ApplicationClosed(ApplicationClose { error_code: 0, reason: b"" })) }) session_id=1 topic="19d5fc4226"
2026-10-07T20:31:40.578907Z  WARN p2panda_net::sync::actors::topic_manager: sync session failed: Io(Custom { kind: NotConnected, error: ConnectionLost(ApplicationClosed(ApplicationClose { error_code: 0, reason: b"" })) }) session_id=4 topic="01fb378ca8"
2026-10-07T20:31:40.579358Z  WARN p2panda_net::sync::actors::topic_manager: sync session failed: Io(Custom { kind: NotConnected, error: ConnectionLost(ApplicationClosed(ApplicationClose { error_code: 0, reason: b"" })) }) session_id=4 topic="19021002b3"
2026-10-07T20:31:40.581001Z  WARN p2panda_net::sync::actors::topic_manager: sync session failed: Io(Custom { kind: NotConnected, error: ConnectionLost(ApplicationClosed(ApplicationClose { error_code: 0, reason: b"" })) }) session_id=4 topic="1799469175"
2026-10-07T20:31:40.592899Z  WARN p2panda_net::sync::actors::topic_manager: sync session failed: Io(Custom { kind: NotConnected, error: ConnectionLost(LocallyClosed) }) session_id=0 topic="34d5328b51"
2026-10-07T20:31:40.626012Z  WARN p2panda_net::sync::actors::topic_manager: sync session failed: Io(Custom { kind: NotConnected, error: ConnectionLost(LocallyClosed) }) session_id=1 topic="34d5328b51"
2026-10-07T20:31:40.635901Z  WARN p2panda_net::sync::actors::topic_manager: sync session failed: Io(Custom { kind: NotConnected, error: ConnectionLost(ApplicationClosed(ApplicationClose { error_code: 0, reason: b"" })) }) session_id=1 topic="34d5328b51"
2026-10-07T20:31:40.636217Z  WARN p2panda_net::sync::actors::topic_manager: sync session failed: Io(Custom { kind: NotConnected, error: ConnectionLost(ApplicationClosed(ApplicationClose { error_code: 0, reason: b"" })) }) session_id=1 topic="34d5328b51"
2026-10-07T20:31:40.671599Z  WARN p2panda_net::sync::actors::topic_manager: sync session failed: Io(Custom { kind: NotConnected, error: ConnectionLost(LocallyClosed) }) session_id=1 topic="01fb378ca8"
2026-10-07T20:31:40.672274Z  WARN p2panda_net::sync::actors::topic_manager: sync session failed: Io(Custom { kind: NotConnected, error: ConnectionLost(LocallyClosed) }) session_id=1 topic="19021002b3"
test place::lanes::tests::a_restarted_place_keeps_what_it_converged_on ... ok
2026-10-07T20:31:41.649927Z  WARN p2panda_net::sync::actors::topic_manager: sync session failed: Io(Custom { kind: NotConnected, error: ConnectionLost(ApplicationClosed(ApplicationClose { error_code: 0, reason: b"" })) }) session_id=4 topic="01fb378ca8"
2026-10-07T20:31:41.650218Z  WARN p2panda_net::sync::actors::topic_manager: sync session failed: Io(Custom { kind: NotConnected, error: ConnectionLost(ApplicationClosed(ApplicationClose { error_code: 0, reason: b"" })) }) session_id=4 topic="aaf2b6d073"
test place::lanes::tests::a_writer_admission_carries_its_delegation_to_a_connected_joiner ... ok
2026-10-07T20:31:42.927810Z  WARN p2panda_net::iroh_mdns::actor: found invalid transport info coming from iroh's services endpoint_id=9b662f09bb44edb188b2a022b4eb969d44181252866340d454e017372d38d19b
2026-10-07T20:31:42.928496Z  WARN p2panda_net::iroh_mdns::actor: found invalid transport info coming from iroh's services endpoint_id=9b662f09bb44edb188b2a022b4eb969d44181252866340d454e017372d38d19b
2026-10-07T20:31:42.937708Z  WARN p2panda_net::iroh_mdns::actor: found invalid transport info coming from iroh's services endpoint_id=9b662f09bb44edb188b2a022b4eb969d44181252866340d454e017372d38d19b
2026-10-07T20:31:42.942571Z  WARN p2panda_net::iroh_mdns::actor: found invalid transport info coming from iroh's services endpoint_id=9b662f09bb44edb188b2a022b4eb969d44181252866340d454e017372d38d19b
2026-10-07T20:31:42.945501Z  WARN p2panda_net::iroh_mdns::actor: found invalid transport info coming from iroh's services endpoint_id=9b662f09bb44edb188b2a022b4eb969d44181252866340d454e017372d38d19b
2026-10-07T20:31:42.950170Z  WARN p2panda_net::iroh_mdns::actor: found invalid transport info coming from iroh's services endpoint_id=9b662f09bb44edb188b2a022b4eb969d44181252866340d454e017372d38d19b
2026-10-07T20:31:42.950305Z  WARN p2panda_net::iroh_mdns::actor: found invalid transport info coming from iroh's services endpoint_id=9b662f09bb44edb188b2a022b4eb969d44181252866340d454e017372d38d19b
2026-10-07T20:31:42.973387Z  WARN p2panda_net::iroh_mdns::actor: found invalid transport info coming from iroh's services endpoint_id=9b662f09bb44edb188b2a022b4eb969d44181252866340d454e017372d38d19b
2026-10-07T20:31:42.998329Z  WARN p2panda_net::iroh_mdns::actor: found invalid transport info coming from iroh's services endpoint_id=9b662f09bb44edb188b2a022b4eb969d44181252866340d454e017372d38d19b
2026-10-07T20:31:43.009742Z  WARN p2panda_net::iroh_mdns::actor: found invalid transport info coming from iroh's services endpoint_id=9b662f09bb44edb188b2a022b4eb969d44181252866340d454e017372d38d19b
2026-10-07T20:31:43.461185Z  WARN p2panda_net::iroh_mdns::actor: found invalid transport info coming from iroh's services endpoint_id=9b662f09bb44edb188b2a022b4eb969d44181252866340d454e017372d38d19b
2026-10-07T20:31:43.471486Z  WARN p2panda_net::iroh_mdns::actor: found invalid transport info coming from iroh's services endpoint_id=9b662f09bb44edb188b2a022b4eb969d44181252866340d454e017372d38d19b
2026-10-07T20:31:43.474844Z  WARN p2panda_net::iroh_mdns::actor: found invalid transport info coming from iroh's services endpoint_id=9b662f09bb44edb188b2a022b4eb969d44181252866340d454e017372d38d19b
2026-10-07T20:31:43.502215Z  WARN p2panda_net::iroh_mdns::actor: found invalid transport info coming from iroh's services endpoint_id=9b662f09bb44edb188b2a022b4eb969d44181252866340d454e017372d38d19b
2026-10-07T20:31:43.524806Z  WARN p2panda_net::iroh_mdns::actor: found invalid transport info coming from iroh's services endpoint_id=9b662f09bb44edb188b2a022b4eb969d44181252866340d454e017372d38d19b
2026-10-07T20:31:44.800895Z  WARN p2panda_net::iroh_mdns::actor: found invalid transport info coming from iroh's services endpoint_id=9b662f09bb44edb188b2a022b4eb969d44181252866340d454e017372d38d19b
2026-10-07T20:31:45.272398Z  WARN p2panda_net::iroh_mdns::actor: found invalid transport info coming from iroh's services endpoint_id=9b662f09bb44edb188b2a022b4eb969d44181252866340d454e017372d38d19b
2026-10-07T20:31:45.296405Z  WARN p2panda_sync::protocols::topic_log_sync: sync session closed with error error=DecodeMessage("Io(Custom { kind: NotConnected, error: ConnectionLost(LocallyClosed) })")
2026-10-07T20:31:45.296712Z  WARN p2panda_net::sync::actors::topic_manager: sync session failed: Io(Custom { kind: NotConnected, error: ConnectionLost(LocallyClosed) }) session_id=0 topic="3b5d3c5a14"
2026-10-07T20:31:45.297445Z  WARN p2panda_net::sync::actors::topic_manager: sync session failed: error sending on message sink: Io(Custom { kind: NotConnected, error: ConnectionLost(LocallyClosed) }) session_id=0 topic="863c797d13"
2026-10-07T20:31:45.297619Z  WARN p2panda_net::sync::actors::topic_manager: sync session failed: error sending on message sink: Io(Custom { kind: NotConnected, error: ConnectionLost(LocallyClosed) }) session_id=1 topic="863c797d13"
2026-10-07T20:31:45.298303Z  WARN p2panda_sync::protocols::topic_log_sync: sync session closed with error error=DecodeMessage("Io(Custom { kind: NotConnected, error: ConnectionLost(LocallyClosed) })")
2026-10-07T20:31:45.298610Z  WARN p2panda_sync::protocols::topic_log_sync: sync session closed with error error=DecodeMessage("Io(Custom { kind: NotConnected, error: ConnectionLost(LocallyClosed) })")
2026-10-07T20:31:45.299046Z  WARN p2panda_sync::protocols::topic_log_sync: sync session closed with error error=DecodeMessage("Io(Custom { kind: NotConnected, error: ConnectionLost(ApplicationClosed(ApplicationClose { error_code: 0, reason: b\"\" })) })")
2026-10-07T20:31:45.299049Z  WARN p2panda_sync::protocols::topic_log_sync: sync session closed with error error=DecodeMessage("Io(Custom { kind: NotConnected, error: ConnectionLost(ApplicationClosed(ApplicationClose { error_code: 0, reason: b\"\" })) })")
2026-10-07T20:31:45.299322Z  WARN p2panda_sync::protocols::topic_log_sync: sync session closed with error error=DecodeMessage("Io(Custom { kind: NotConnected, error: ConnectionLost(ApplicationClosed(ApplicationClose { error_code: 0, reason: b\"\" })) })")
2026-10-07T20:31:45.299971Z  WARN p2panda_sync::protocols::topic_log_sync: sync session closed with error error=DecodeMessage("Io(Custom { kind: NotConnected, error: ConnectionLost(ApplicationClosed(ApplicationClose { error_code: 0, reason: b\"\" })) })")
2026-10-07T20:31:45.300035Z  WARN p2panda_net::sync::actors::topic_manager: sync session failed: error sending on message sink: Io(Custom { kind: NotConnected, error: ConnectionLost(LocallyClosed) }) session_id=1 topic="863c797d13"
2026-10-07T20:31:45.300136Z  WARN p2panda_net::sync::actors::topic_manager: sync session failed: error sending on message sink: Io(Custom { kind: NotConnected, error: ConnectionLost(LocallyClosed) }) session_id=0 topic="863c797d13"
2026-10-07T20:31:45.300273Z  WARN p2panda_net::sync::actors::topic_manager: sync session failed: error sending on message sink: Io(Custom { kind: NotConnected, error: ConnectionLost(LocallyClosed) }) session_id=0 topic="863c797d13"
2026-10-07T20:31:45.300366Z  WARN p2panda_sync::protocols::topic_log_sync: sync session closed with error error=DecodeMessage("Io(Custom { kind: NotConnected, error: ConnectionLost(ApplicationClosed(ApplicationClose { error_code: 0, reason: b\"\" })) })")
2026-10-07T20:31:45.300770Z  WARN p2panda_sync::protocols::topic_log_sync: sync session closed with error error=DecodeMessage("Io(Custom { kind: NotConnected, error: ConnectionLost(LocallyClosed) })")
2026-10-07T20:31:45.301360Z  WARN p2panda_net::sync::actors::topic_manager: sync session failed: error sending on message sink: Io(Custom { kind: NotConnected, error: ConnectionLost(LocallyClosed) }) session_id=0 topic="863c797d13"
2026-10-07T20:31:45.302673Z  WARN p2panda_sync::protocols::topic_log_sync: sync session closed with error error=DecodeMessage("Io(Custom { kind: NotConnected, error: ConnectionLost(LocallyClosed) })")
2026-10-07T20:31:45.303155Z  WARN p2panda_sync::protocols::topic_log_sync: sync session closed with error error=DecodeMessage("Io(Custom { kind: NotConnected, error: ConnectionLost(ApplicationClosed(ApplicationClose { error_code: 0, reason: b\"\" })) })")
2026-10-07T20:31:45.303246Z  WARN p2panda_sync::protocols::topic_log_sync: sync session closed with error error=DecodeMessage("Io(Custom { kind: NotConnected, error: ConnectionLost(LocallyClosed) })")
2026-10-07T20:31:45.304210Z  WARN p2panda_net::sync::actors::topic_manager: sync session failed: Io(Custom { kind: NotConnected, error: ConnectionLost(ApplicationClosed(ApplicationClose { error_code: 0, reason: b"" })) }) session_id=1 topic="3b5d3c5a14"
2026-10-07T20:31:45.304784Z  WARN p2panda_sync::protocols::topic_log_sync: sync session closed with error error=DecodeMessage("Io(Custom { kind: NotConnected, error: ConnectionLost(ApplicationClosed(ApplicationClose { error_code: 0, reason: b\"\" })) })")
2026-10-07T20:31:45.304953Z  WARN p2panda_sync::protocols::topic_log_sync: sync session closed with error error=DecodeMessage("Io(Custom { kind: NotConnected, error: ConnectionLost(ApplicationClosed(ApplicationClose { error_code: 0, reason: b\"\" })) })")
2026-10-07T20:31:45.305948Z  WARN p2panda_sync::protocols::topic_log_sync: sync session closed with error error=DecodeMessage("Io(Custom { kind: NotConnected, error: ConnectionLost(ApplicationClosed(ApplicationClose { error_code: 0, reason: b\"\" })) })")
2026-10-07T20:31:45.306802Z  WARN p2panda_sync::protocols::topic_log_sync: sync session closed with error error=DecodeMessage("Io(Custom { kind: NotConnected, error: ConnectionLost(ApplicationClosed(ApplicationClose { error_code: 0, reason: b\"\" })) })")
2026-10-07T20:31:45.307293Z  WARN p2panda_net::sync::actors::topic_manager: sync session failed: Io(Custom { kind: NotConnected, error: ConnectionLost(ApplicationClosed(ApplicationClose { error_code: 0, reason: b"" })) }) session_id=1 topic="863c797d13"
2026-10-07T20:31:45.308161Z  WARN p2panda_net::sync::actors::topic_manager: sync session failed: Io(Custom { kind: NotConnected, error: ConnectionLost(ApplicationClosed(ApplicationClose { error_code: 0, reason: b"" })) }) session_id=1 topic="b1fe53bc9d"
2026-10-07T20:31:45.309534Z  WARN p2panda_sync::protocols::topic_log_sync: sync session closed with error error=DecodeMessage("Io(Custom { kind: NotConnected, error: ConnectionLost(ApplicationClosed(ApplicationClose { error_code: 0, reason: b\"\" })) })")
2026-10-07T20:31:45.309932Z  WARN p2panda_sync::protocols::topic_log_sync: sync session closed with error error=DecodeMessage("Io(Custom { kind: NotConnected, error: ConnectionLost(ApplicationClosed(ApplicationClose { error_code: 0, reason: b\"\" })) })")
2026-10-07T20:31:45.309989Z  WARN p2panda_net::sync::actors::topic_manager: sync session failed: error sending on message sink: Io(Custom { kind: NotConnected, error: ConnectionLost(ApplicationClosed(ApplicationClose { error_code: 0, reason: b"" })) }) session_id=1 topic="863c797d13"
2026-10-07T20:31:45.310086Z  WARN p2panda_net::sync::actors::topic_manager: sync session failed: error sending on message sink: Io(Custom { kind: NotConnected, error: ConnectionLost(ApplicationClosed(ApplicationClose { error_code: 0, reason: b"" })) }) session_id=0 topic="863c797d13"
2026-10-07T20:31:45.310238Z ERROR iroh::socket::transports::relay: relay_recv_channel closed
2026-10-07T20:31:45.311769Z  WARN p2panda_sync::protocols::topic_log_sync: sync session closed with error error=DecodeMessage("Io(Custom { kind: NotConnected, error: ConnectionLost(ApplicationClosed(ApplicationClose { error_code: 0, reason: b\"\" })) })")
2026-10-07T20:31:45.328403Z  WARN p2panda_net::sync::actors::topic_manager: sync session failed: error sending on message sink: Io(Custom { kind: NotConnected, error: ConnectionLost(ApplicationClosed(ApplicationClose { error_code: 0, reason: b"" })) }) session_id=0 topic="c6ed633870"
2026-10-07T20:31:45.328537Z  WARN p2panda_net::sync::actors::topic_manager: sync session failed: error sending on message sink: Io(Custom { kind: NotConnected, error: ConnectionLost(ApplicationClosed(ApplicationClose { error_code: 0, reason: b"" })) }) session_id=1 topic="c6ed633870"
2026-10-07T20:31:45.328737Z  WARN p2panda_net::sync::actors::topic_manager: sync session failed: Io(Custom { kind: NotConnected, error: ConnectionLost(LocallyClosed) }) session_id=1 topic="c6ed633870"
2026-10-07T20:31:45.328936Z  WARN p2panda_net::sync::actors::topic_manager: sync session failed: Io(Custom { kind: NotConnected, error: ConnectionLost(ApplicationClosed(ApplicationClose { error_code: 0, reason: b"" })) }) session_id=0 topic="863c797d13"
2026-10-07T20:31:45.332220Z  WARN p2panda_net::sync::actors::topic_manager: sync session failed: Io(Custom { kind: NotConnected, error: ConnectionLost(ApplicationClosed(ApplicationClose { error_code: 0, reason: b"" })) }) session_id=1 topic="863c797d13"
2026-10-07T20:31:45.332423Z  WARN p2panda_net::sync::actors::topic_manager: sync session failed: Io(Custom { kind: NotConnected, error: ConnectionLost(ApplicationClosed(ApplicationClose { error_code: 0, reason: b"" })) }) session_id=0 topic="863c797d13"
2026-10-07T20:31:45.332899Z  WARN p2panda_net::sync::actors::topic_manager: sync session failed: Io(Custom { kind: NotConnected, error: ConnectionLost(LocallyClosed) }) session_id=0 topic="b1fe53bc9d"
2026-10-07T20:31:45.334606Z  WARN p2panda_net::sync::actors::topic_manager: sync session failed: Io(Custom { kind: NotConnected, error: ConnectionLost(ApplicationClosed(ApplicationClose { error_code: 0, reason: b"" })) }) session_id=1 topic="863c797d13"
2026-10-07T20:31:45.338986Z  WARN p2panda_net::sync::actors::topic_manager: sync session failed: error sending on message sink: Io(Custom { kind: NotConnected, error: ConnectionLost(ApplicationClosed(ApplicationClose { error_code: 0, reason: b"" })) }) session_id=0 topic="863c797d13"
2026-10-07T20:31:45.339127Z  WARN p2panda_net::sync::actors::topic_manager: sync session failed: error sending on message sink: Io(Custom { kind: NotConnected, error: ConnectionLost(ApplicationClosed(ApplicationClose { error_code: 0, reason: b"" })) }) session_id=1 topic="863c797d13"
2026-10-07T20:31:45.775213Z  WARN p2panda_net::iroh_endpoint::actors::connection: ignoring connection: accepting failed: the cryptographic handshake failed: error 120: peer doesn't support any known protocol
2026-10-07T20:31:45.779179Z  WARN p2panda_net::iroh_endpoint::actors::connection: connection establishment failed: aborted by peer: the cryptographic handshake failed: error 120: peer doesn't support any known protocol
2026-10-07T20:31:45.788580Z  WARN p2panda_net::sync::actors::topic_manager: sync session failed: aborted by peer: the cryptographic handshake failed: error 120: peer doesn't support any known protocol session_id=2 topic="502be67710"
2026-10-07T20:31:46.157038Z  WARN p2panda_net::iroh_endpoint::actors::connection: ignoring connection: accepting failed: the cryptographic handshake failed: error 120: peer doesn't support any known protocol
2026-10-07T20:31:46.211870Z  WARN p2panda_net::iroh_endpoint::actors::connection: connection establishment failed: aborted by peer: the cryptographic handshake failed: error 120: peer doesn't support any known protocol
2026-10-07T20:31:46.222854Z  WARN p2panda_net::sync::actors::topic_manager: sync session failed: aborted by peer: the cryptographic handshake failed: error 120: peer doesn't support any known protocol session_id=2 topic="502be67710"
test place::lanes::tests::a_joined_member_reads_chat_authored_after_a_later_invite has been running for over 60 seconds
test place::lanes::tests::a_replayed_operation_adds_no_place_state has been running for over 60 seconds
2026-10-07T20:31:47.093710Z  WARN p2panda_net::iroh_endpoint::actors::connection: ignoring connection: accepting failed: the cryptographic handshake failed: error 120: peer doesn't support any known protocol
2026-10-07T20:31:47.109484Z  WARN p2panda_net::iroh_endpoint::actors::connection: ignoring connection: accepting failed: the cryptographic handshake failed: error 120: peer doesn't support any known protocol
2026-10-07T20:31:47.110736Z  WARN p2panda_net::iroh_endpoint::actors::connection: connection establishment failed: aborted by peer: the cryptographic handshake failed: error 120: peer doesn't support any known protocol
2026-10-07T20:31:47.120863Z  WARN p2panda_net::sync::actors::topic_manager: sync session failed: aborted by peer: the cryptographic handshake failed: error 120: peer doesn't support any known protocol session_id=2 topic="502be67710"
2026-10-07T20:31:47.193040Z  WARN p2panda_net::iroh_endpoint::actors::connection: connection establishment failed: aborted by peer: the cryptographic handshake failed: error 120: peer doesn't support any known protocol
2026-10-07T20:31:47.195297Z  WARN p2panda_net::sync::actors::topic_manager: sync session failed: aborted by peer: the cryptographic handshake failed: error 120: peer doesn't support any known protocol session_id=0 topic="21044dcffd"
test place::lanes::tests::a_revoked_member_cannot_read_shared_nodes_authored_after_the_rotation has been running for over 60 seconds
2026-10-07T20:31:47.228226Z  WARN p2panda_net::iroh_endpoint::actors::connection: ignoring connection: accepting failed: the cryptographic handshake failed: error 120: peer doesn't support any known protocol
2026-10-07T20:31:47.229830Z  WARN p2panda_net::iroh_endpoint::actors::connection: connection establishment failed: aborted by peer: the cryptographic handshake failed: error 120: peer doesn't support any known protocol
2026-10-07T20:31:47.233762Z  WARN p2panda_net::iroh_endpoint::actors::connection: ignoring connection: accepting failed: the cryptographic handshake failed: error 120: peer doesn't support any known protocol
2026-10-07T20:31:47.235973Z  WARN p2panda_net::iroh_endpoint::actors::connection: connection establishment failed: aborted by peer: the cryptographic handshake failed: error 120: peer doesn't support any known protocol
2026-10-07T20:31:47.236626Z  WARN p2panda_net::iroh_endpoint::actors::connection: ignoring connection: accepting failed: the cryptographic handshake failed: error 120: peer doesn't support any known protocol
2026-10-07T20:31:47.237006Z  WARN p2panda_net::sync::actors::topic_manager: sync session failed: aborted by peer: the cryptographic handshake failed: error 120: peer doesn't support any known protocol session_id=2 topic="502be67710"
2026-10-07T20:31:47.238648Z  WARN p2panda_net::iroh_endpoint::actors::connection: connection establishment failed: aborted by peer: the cryptographic handshake failed: error 120: peer doesn't support any known protocol
2026-10-07T20:31:47.239607Z  WARN p2panda_net::sync::actors::topic_manager: sync session failed: aborted by peer: the cryptographic handshake failed: error 120: peer doesn't support any known protocol session_id=2 topic="502be67710"
2026-10-07T20:31:47.291321Z  WARN p2panda_net::iroh_endpoint::actors::connection: ignoring connection: accepting failed: the cryptographic handshake failed: error 120: peer doesn't support any known protocol
2026-10-07T20:31:47.293225Z  WARN p2panda_net::iroh_endpoint::actors::connection: connection establishment failed: aborted by peer: the cryptographic handshake failed: error 120: peer doesn't support any known protocol
2026-10-07T20:31:47.295945Z  WARN p2panda_net::sync::actors::topic_manager: sync session failed: aborted by peer: the cryptographic handshake failed: error 120: peer doesn't support any known protocol session_id=2 topic="502be67710"
2026-10-07T20:31:47.622601Z  WARN p2panda_sync::protocols::topic_log_sync: sync session closed with error error=DecodeMessage("Io(Custom { kind: NotConnected, error: ConnectionLost(LocallyClosed) })")
2026-10-07T20:31:47.791402Z  WARN p2panda_sync::protocols::topic_log_sync: sync session closed with error error=DecodeMessage("Io(Custom { kind: NotConnected, error: ConnectionLost(LocallyClosed) })")
2026-10-07T20:31:47.868065Z  WARN p2panda_net::sync::actors::topic_manager: sync session failed: aborted by peer: the cryptographic handshake failed: error 120: peer doesn't support any known protocol session_id=2 topic="502be67710"
2026-10-07T20:31:47.885524Z  WARN p2panda_sync::protocols::topic_log_sync: sync session closed with error error=DecodeMessage("Io(Custom { kind: NotConnected, error: ConnectionLost(ApplicationClosed(ApplicationClose { error_code: 0, reason: b\"\" })) })")
2026-10-07T20:31:47.886960Z  WARN p2panda_sync::protocols::topic_log_sync: sync session closed with error error=DecodeMessage("Io(Custom { kind: NotConnected, error: ConnectionLost(ApplicationClosed(ApplicationClose { error_code: 0, reason: b\"\" })) })")
2026-10-07T20:31:47.887798Z  WARN p2panda_net::sync::actors::topic_manager: sync session failed: Io(Custom { kind: NotConnected, error: ConnectionLost(ApplicationClosed(ApplicationClose { error_code: 0, reason: b"" })) }) session_id=1 topic="a19d82f0c2"
2026-10-07T20:31:47.888116Z  WARN p2panda_net::sync::actors::topic_manager: sync session failed: Io(Custom { kind: NotConnected, error: ConnectionLost(ApplicationClosed(ApplicationClose { error_code: 0, reason: b"" })) }) session_id=1 topic="a19d82f0c2"
2026-10-07T20:31:47.891866Z  WARN p2panda_sync::protocols::topic_log_sync: sync session closed with error error=DecodeMessage("Io(Custom { kind: NotConnected, error: ConnectionLost(LocallyClosed) })")
2026-10-07T20:31:47.892377Z  WARN p2panda_sync::protocols::topic_log_sync: sync session closed with error error=DecodeMessage("Io(Custom { kind: NotConnected, error: ConnectionLost(LocallyClosed) })")
2026-10-07T20:31:47.892394Z  WARN p2panda_net::sync::actors::topic_manager: sync session failed: Io(Custom { kind: NotConnected, error: ConnectionLost(LocallyClosed) }) session_id=0 topic="6286fe00bb"
2026-10-07T20:31:47.893196Z  WARN p2panda_net::sync::actors::topic_manager: sync session failed: error sending on message sink: Io(Custom { kind: NotConnected, error: ConnectionLost(LocallyClosed) }) session_id=0 topic="a19d82f0c2"
2026-10-07T20:31:47.893295Z  WARN p2panda_net::sync::actors::topic_manager: sync session failed: error sending on message sink: Io(Custom { kind: NotConnected, error: ConnectionLost(LocallyClosed) }) session_id=1 topic="a19d82f0c2"
2026-10-07T20:31:47.894280Z  WARN p2panda_net::sync::actors::topic_manager: sync session failed: error sending on message sink: Io(Custom { kind: NotConnected, error: ConnectionLost(LocallyClosed) }) session_id=1 topic="bbfcb2b327"
2026-10-07T20:31:47.894370Z  WARN p2panda_net::sync::actors::topic_manager: sync session failed: error sending on message sink: Io(Custom { kind: NotConnected, error: ConnectionLost(LocallyClosed) }) session_id=0 topic="bbfcb2b327"
2026-10-07T20:31:47.894416Z  WARN p2panda_net::sync::actors::topic_manager: sync session failed: Io(Custom { kind: NotConnected, error: ConnectionLost(LocallyClosed) }) session_id=0 topic="a19d82f0c2"
2026-10-07T20:31:47.914720Z  WARN p2panda_net::iroh_endpoint::actors::connection: ignoring connection: accepting failed: the cryptographic handshake failed: error 120: peer doesn't support any known protocol
2026-10-07T20:31:47.933245Z  WARN p2panda_net::sync::actors::topic_manager: sync session failed: error sending on message sink: Io(Custom { kind: NotConnected, error: ConnectionLost(ApplicationClosed(ApplicationClose { error_code: 0, reason: b"" })) }) session_id=0 topic="a19d82f0c2"
2026-10-07T20:31:47.933772Z  WARN p2panda_net::sync::actors::topic_manager: sync session failed: error sending on message sink: Io(Custom { kind: NotConnected, error: ConnectionLost(ApplicationClosed(ApplicationClose { error_code: 0, reason: b"" })) }) session_id=1 topic="6286fe00bb"
2026-10-07T20:31:47.935289Z  WARN p2panda_sync::protocols::topic_log_sync: sync session closed with error error=DecodeMessage("Io(Custom { kind: NotConnected, error: ConnectionLost(ApplicationClosed(ApplicationClose { error_code: 0, reason: b\"\" })) })")
2026-10-07T20:31:47.936304Z  WARN p2panda_net::iroh_endpoint::actors::connection: ignoring connection: accepting failed: the cryptographic handshake failed: error 120: peer doesn't support any known protocol
2026-10-07T20:31:47.937390Z  WARN p2panda_sync::protocols::topic_log_sync: sync session closed with error error=DecodeMessage("Io(Custom { kind: NotConnected, error: ConnectionLost(ApplicationClosed(ApplicationClose { error_code: 0, reason: b\"\" })) })")
2026-10-07T20:31:47.937965Z  WARN p2panda_sync::protocols::topic_log_sync: sync session closed with error error=DecodeMessage("Io(Custom { kind: NotConnected, error: ConnectionLost(ApplicationClosed(ApplicationClose { error_code: 0, reason: b\"\" })) })")
2026-10-07T20:31:47.937988Z ERROR iroh::socket::transports::relay: relay_recv_channel closed
2026-10-07T20:31:47.938448Z  WARN p2panda_net::iroh_endpoint::actors::connection: connection establishment failed: aborted by peer: the cryptographic handshake failed: error 120: peer doesn't support any known protocol
2026-10-07T20:31:47.938680Z  WARN p2panda_sync::protocols::topic_log_sync: sync session closed with error error=DecodeMessage("Io(Custom { kind: NotConnected, error: ConnectionLost(ApplicationClosed(ApplicationClose { error_code: 0, reason: b\"\" })) })")
2026-10-07T20:31:47.939031Z  WARN p2panda_sync::protocols::topic_log_sync: sync session closed with error error=DecodeMessage("Io(Custom { kind: NotConnected, error: ConnectionLost(ApplicationClosed(ApplicationClose { error_code: 0, reason: b\"\" })) })")
2026-10-07T20:31:47.939246Z ERROR iroh::socket::transports::relay: relay_recv_channel closed
2026-10-07T20:31:47.939660Z  WARN p2panda_net::sync::actors::topic_manager: sync session failed: Io(Custom { kind: NotConnected, error: ConnectionLost(ApplicationClosed(ApplicationClose { error_code: 0, reason: b"" })) }) session_id=0 topic="bbfcb2b327"
2026-10-07T20:31:47.940524Z  WARN p2panda_net::sync::actors::topic_manager: sync session failed: Io(Custom { kind: NotConnected, error: ConnectionLost(ApplicationClosed(ApplicationClose { error_code: 0, reason: b"" })) }) session_id=1 topic="a19d82f0c2"
2026-10-07T20:31:47.944455Z  WARN p2panda_net::sync::actors::topic_manager: sync session failed: aborted by peer: the cryptographic handshake failed: error 120: peer doesn't support any known protocol session_id=2 topic="502be67710"
2026-10-07T20:31:47.949825Z  WARN p2panda_net::sync::actors::topic_manager: sync session failed: error sending on message sink: Io(Custom { kind: NotConnected, error: ConnectionLost(ApplicationClosed(ApplicationClose { error_code: 0, reason: b"" })) }) session_id=0 topic="a19d82f0c2"
2026-10-07T20:31:47.949977Z  WARN p2panda_net::sync::actors::topic_manager: sync session failed: error sending on message sink: Io(Custom { kind: NotConnected, error: ConnectionLost(ApplicationClosed(ApplicationClose { error_code: 0, reason: b"" })) }) session_id=1 topic="a19d82f0c2"
2026-10-07T20:31:47.976450Z ERROR iroh::socket::transports::relay: relay_recv_channel closed
2026-10-07T20:31:48.004607Z  WARN p2panda_net::sync::actors::topic_manager: sync session failed: error sending on message sink: Io(Custom { kind: NotConnected, error: ConnectionLost(ApplicationClosed(ApplicationClose { error_code: 0, reason: b"" })) }) session_id=0 topic="a19d82f0c2"
2026-10-07T20:31:48.030970Z ERROR iroh::socket::transports::relay: relay_recv_channel closed
2026-10-07T20:31:48.030999Z  WARN p2panda_net::sync::actors::topic_manager: sync session failed: error sending on message sink: Io(Custom { kind: NotConnected, error: ConnectionLost(ApplicationClosed(ApplicationClose { error_code: 0, reason: b"" })) }) session_id=1 topic="a19d82f0c2"
2026-10-07T20:31:48.082800Z ERROR iroh::socket::transports::relay: relay_recv_channel closed
2026-10-07T20:31:48.622995Z  WARN p2panda_net::iroh_endpoint::actors::connection: connection establishment failed: aborted by peer: the cryptographic handshake failed: error 120: peer doesn't support any known protocol
2026-10-07T20:31:48.678286Z  WARN p2panda_net::sync::actors::topic_manager: sync session failed: aborted by peer: the cryptographic handshake failed: error 120: peer doesn't support any known protocol session_id=0 topic="21044dcffd"
test place::lanes::tests::a_writer_edits_the_document_its_founder_holds ... ok
2026-10-07T20:31:49.346620Z ERROR iroh::socket::remote_map::remote_state: could not close last open path
2026-10-07T20:31:49.989833Z ERROR iroh::socket: Endpoint dropped without calling `Endpoint::close`. Aborting ungracefully.
2026-10-07T20:31:50.300723Z  WARN p2panda_net::sync::actors::topic_manager: sync session failed: Io(Custom { kind: NotConnected, error: ConnectionLost(LocallyClosed) }) session_id=1 topic="3b5d3c5a14"
2026-10-07T20:31:50.316412Z  WARN p2panda_net::sync::actors::topic_manager: sync session failed: Io(Custom { kind: NotConnected, error: ConnectionLost(ApplicationClosed(ApplicationClose { error_code: 0, reason: b"" })) }) session_id=0 topic="3b5d3c5a14"
2026-10-07T20:31:50.316510Z  WARN p2panda_net::sync::actors::topic_manager: sync session failed: Io(Custom { kind: NotConnected, error: ConnectionLost(ApplicationClosed(ApplicationClose { error_code: 0, reason: b"" })) }) session_id=0 topic="b1fe53bc9d"
2026-10-07T20:31:50.338895Z  WARN p2panda_net::sync::actors::topic_manager: sync session failed: Io(Custom { kind: NotConnected, error: ConnectionLost(LocallyClosed) }) session_id=1 topic="b1fe53bc9d"
2026-10-07T20:31:50.351093Z  WARN p2panda_net::sync::actors::topic_manager: sync session failed: Io(Custom { kind: NotConnected, error: ConnectionLost(ApplicationClosed(ApplicationClose { error_code: 0, reason: b"" })) }) session_id=1 topic="863c797d13"
2026-10-07T20:31:50.351494Z  WARN p2panda_net::sync::actors::topic_manager: sync session failed: Io(Custom { kind: NotConnected, error: ConnectionLost(ApplicationClosed(ApplicationClose { error_code: 0, reason: b"" })) }) session_id=0 topic="863c797d13"
2026-10-07T20:31:50.351607Z  WARN p2panda_net::sync::actors::topic_manager: sync session failed: Io(Custom { kind: NotConnected, error: ConnectionLost(ApplicationClosed(ApplicationClose { error_code: 0, reason: b"" })) }) session_id=1 topic="863c797d13"
2026-10-07T20:31:50.360209Z  WARN p2panda_net::sync::actors::topic_manager: sync session failed: Io(Custom { kind: NotConnected, error: ConnectionLost(LocallyClosed) }) session_id=0 topic="c6ed633870"
2026-10-07T20:31:50.406920Z  WARN p2panda_net::sync::actors::topic_manager: sync session failed: Io(Custom { kind: NotConnected, error: ConnectionLost(ApplicationClosed(ApplicationClose { error_code: 0, reason: b"" })) }) session_id=0 topic="863c797d13"
2026-10-07T20:31:51.158041Z  WARN p2panda_sync::protocols::topic_log_sync: sync session closed with error error=DecodeMessage("Io(Custom { kind: NotConnected, error: ConnectionLost(LocallyClosed) })")
2026-10-07T20:31:51.158112Z  WARN p2panda_sync::protocols::topic_log_sync: sync session closed with error error=DecodeMessage("Io(Custom { kind: NotConnected, error: ConnectionLost(LocallyClosed) })")
2026-10-07T20:31:51.158987Z  WARN p2panda_sync::protocols::topic_log_sync: sync session closed with error error=DecodeMessage("Io(Custom { kind: NotConnected, error: ConnectionLost(LocallyClosed) })")
2026-10-07T20:31:51.159336Z  WARN p2panda_sync::protocols::topic_log_sync: sync session closed with error error=DecodeMessage("Io(Custom { kind: NotConnected, error: ConnectionLost(LocallyClosed) })")
2026-10-07T20:31:51.159444Z  WARN p2panda_sync::protocols::topic_log_sync: sync session closed with error error=DecodeMessage("Io(Custom { kind: NotConnected, error: ConnectionLost(LocallyClosed) })")
2026-10-07T20:31:51.161617Z  WARN p2panda_sync::protocols::topic_log_sync: sync session closed with error error=DecodeMessage("Io(Custom { kind: NotConnected, error: ConnectionLost(LocallyClosed) })")
2026-10-07T20:31:51.161871Z  WARN p2panda_sync::protocols::topic_log_sync: sync session closed with error error=DecodeMessage("Io(Custom { kind: NotConnected, error: ConnectionLost(LocallyClosed) })")
2026-10-07T20:31:51.162197Z  WARN p2panda_sync::protocols::topic_log_sync: sync session closed with error error=DecodeMessage("Io(Custom { kind: NotConnected, error: ConnectionLost(LocallyClosed) })")
2026-10-07T20:31:51.162480Z  WARN p2panda_net::sync::actors::topic_manager: sync session failed: Io(Custom { kind: NotConnected, error: ConnectionLost(LocallyClosed) }) session_id=1 topic="49cfb70d03"
2026-10-07T20:31:51.170982Z  WARN p2panda_sync::protocols::topic_log_sync: sync session closed with error error=DecodeMessage("Io(Custom { kind: NotConnected, error: ConnectionLost(ApplicationClosed(ApplicationClose { error_code: 0, reason: b\"\" })) })")
2026-10-07T20:31:51.171315Z  WARN p2panda_sync::protocols::topic_log_sync: sync session closed with error error=DecodeMessage("Io(Custom { kind: NotConnected, error: ConnectionLost(ApplicationClosed(ApplicationClose { error_code: 0, reason: b\"\" })) })")
2026-10-07T20:31:51.171540Z  WARN p2panda_sync::protocols::topic_log_sync: sync session closed with error error=DecodeMessage("Io(Custom { kind: NotConnected, error: ConnectionLost(ApplicationClosed(ApplicationClose { error_code: 0, reason: b\"\" })) })")
2026-10-07T20:31:51.171772Z  WARN p2panda_sync::protocols::topic_log_sync: sync session closed with error error=DecodeMessage("Io(Custom { kind: NotConnected, error: ConnectionLost(ApplicationClosed(ApplicationClose { error_code: 0, reason: b\"\" })) })")
2026-10-07T20:31:51.172018Z  WARN p2panda_net::sync::actors::topic_manager: sync session failed: Io(Custom { kind: NotConnected, error: ConnectionLost(ApplicationClosed(ApplicationClose { error_code: 0, reason: b"" })) }) session_id=0 topic="0e5c8ea7ce"
2026-10-07T20:31:51.172100Z  WARN p2panda_sync::protocols::topic_log_sync: sync session closed with error error=DecodeMessage("Io(Custom { kind: NotConnected, error: ConnectionLost(ApplicationClosed(ApplicationClose { error_code: 0, reason: b\"\" })) })")
2026-10-07T20:31:51.175577Z  WARN p2panda_net::sync::actors::topic_manager: sync session failed: Io(Custom { kind: NotConnected, error: ConnectionLost(LocallyClosed) }) session_id=0 topic="49cfb70d03"
2026-10-07T20:31:51.175653Z  WARN p2panda_net::sync::actors::topic_manager: sync session failed: Io(Custom { kind: NotConnected, error: ConnectionLost(LocallyClosed) }) session_id=0 topic="49cfb70d03"
2026-10-07T20:31:51.176390Z  WARN p2panda_sync::protocols::topic_log_sync: sync session closed with error error=DecodeMessage("Io(Custom { kind: NotConnected, error: ConnectionLost(ApplicationClosed(ApplicationClose { error_code: 0, reason: b\"\" })) })")
2026-10-07T20:31:51.176619Z  WARN p2panda_sync::protocols::topic_log_sync: sync session closed with error error=DecodeMessage("Io(Custom { kind: NotConnected, error: ConnectionLost(ApplicationClosed(ApplicationClose { error_code: 0, reason: b\"\" })) })")
2026-10-07T20:31:51.176697Z  WARN p2panda_sync::protocols::topic_log_sync: sync session closed with error error=DecodeMessage("Io(Custom { kind: NotConnected, error: ConnectionLost(ApplicationClosed(ApplicationClose { error_code: 0, reason: b\"\" })) })")
2026-10-07T20:31:51.186713Z  WARN p2panda_sync::protocols::topic_log_sync: sync session closed with error error=DecodeMessage("Io(Custom { kind: NotConnected, error: ConnectionLost(ApplicationClosed(ApplicationClose { error_code: 0, reason: b\"\" })) })")
2026-10-07T20:31:51.178098Z  WARN p2panda_net::sync::actors::topic_manager: sync session failed: Io(Custom { kind: NotConnected, error: ConnectionLost(LocallyClosed) }) session_id=0 topic="49cfb70d03"
2026-10-07T20:31:51.185132Z  WARN p2panda_net::sync::actors::topic_manager: sync session failed: Io(Custom { kind: NotConnected, error: ConnectionLost(ApplicationClosed(ApplicationClose { error_code: 0, reason: b"" })) }) session_id=1 topic="49cfb70d03"
2026-10-07T20:31:51.185996Z  WARN p2panda_sync::protocols::topic_log_sync: sync session closed with error error=DecodeMessage("Io(Custom { kind: NotConnected, error: ConnectionLost(ApplicationClosed(ApplicationClose { error_code: 0, reason: b\"\" })) })")
2026-10-07T20:31:51.186733Z  WARN p2panda_sync::protocols::topic_log_sync: sync session closed with error error=DecodeMessage("Io(Custom { kind: NotConnected, error: ConnectionLost(ApplicationClosed(ApplicationClose { error_code: 0, reason: b\"\" })) })")
2026-10-07T20:31:51.176761Z  WARN p2panda_sync::protocols::topic_log_sync: sync session closed with error error=DecodeMessage("Io(Custom { kind: NotConnected, error: ConnectionLost(ApplicationClosed(ApplicationClose { error_code: 0, reason: b\"\" })) })")
2026-10-07T20:31:51.187095Z  WARN p2panda_net::sync::actors::topic_manager: sync session failed: Io(Custom { kind: NotConnected, error: ConnectionLost(ApplicationClosed(ApplicationClose { error_code: 0, reason: b"" })) }) session_id=1 topic="49cfb70d03"
2026-10-07T20:31:51.187063Z  WARN p2panda_sync::protocols::topic_log_sync: sync session closed with error error=DecodeMessage("Io(Custom { kind: NotConnected, error: ConnectionLost(ApplicationClosed(ApplicationClose { error_code: 0, reason: b\"\" })) })")
2026-10-07T20:31:51.187039Z  WARN p2panda_net::sync::actors::topic_manager: sync session failed: Io(Custom { kind: NotConnected, error: ConnectionLost(ApplicationClosed(ApplicationClose { error_code: 0, reason: b"" })) }) session_id=0 topic="49cfb70d03"
2026-10-07T20:31:51.187245Z  WARN p2panda_sync::protocols::topic_log_sync: sync session closed with error error=DecodeMessage("Io(Custom { kind: NotConnected, error: ConnectionLost(ApplicationClosed(ApplicationClose { error_code: 0, reason: b\"\" })) })")
2026-10-07T20:31:51.187384Z  WARN p2panda_net::sync::actors::topic_manager: sync session failed: Io(Custom { kind: NotConnected, error: ConnectionLost(ApplicationClosed(ApplicationClose { error_code: 0, reason: b"" })) }) session_id=0 topic="604fb025e2"
2026-10-07T20:31:51.187826Z  WARN p2panda_sync::protocols::topic_log_sync: sync session closed with error error=DecodeMessage("Io(Custom { kind: NotConnected, error: ConnectionLost(ApplicationClosed(ApplicationClose { error_code: 0, reason: b\"\" })) })")
2026-10-07T20:31:51.187849Z  WARN p2panda_sync::protocols::topic_log_sync: sync session closed with error error=DecodeMessage("Io(Custom { kind: NotConnected, error: ConnectionLost(ApplicationClosed(ApplicationClose { error_code: 0, reason: b\"\" })) })")
2026-10-07T20:31:51.188358Z  WARN p2panda_sync::protocols::topic_log_sync: sync session closed with error error=DecodeMessage("Io(Custom { kind: NotConnected, error: ConnectionLost(ApplicationClosed(ApplicationClose { error_code: 0, reason: b\"\" })) })")
2026-10-07T20:31:51.188457Z  WARN p2panda_net::sync::actors::topic_manager: sync session failed: error sending on message sink: MessageSink("Io(Custom { kind: NotConnected, error: ConnectionLost(ApplicationClosed(ApplicationClose { error_code: 0, reason: b\"\" })) })") session_id=0 topic="091e39492e"
2026-10-07T20:31:51.188834Z  WARN p2panda_net::sync::actors::topic_manager: sync session failed: Io(Custom { kind: NotConnected, error: ConnectionLost(ApplicationClosed(ApplicationClose { error_code: 0, reason: b"" })) }) session_id=1 topic="49cfb70d03"
2026-10-07T20:31:51.189259Z  WARN p2panda_net::sync::actors::topic_manager: sync session failed: Io(Custom { kind: NotConnected, error: ConnectionLost(ApplicationClosed(ApplicationClose { error_code: 0, reason: b"" })) }) session_id=1 topic="49cfb70d03"
2026-10-07T20:31:51.189408Z ERROR iroh::socket::transports::relay: relay_recv_channel closed
2026-10-07T20:31:51.190624Z ERROR iroh::socket::transports::relay: relay_recv_channel closed
2026-10-07T20:31:51.197643Z  WARN p2panda_net::sync::actors::topic_manager: sync session failed: Io(Custom { kind: NotConnected, error: ConnectionLost(ApplicationClosed(ApplicationClose { error_code: 0, reason: b"" })) }) session_id=1 topic="49cfb70d03"
2026-10-07T20:31:51.202444Z ERROR iroh::socket::transports::relay: relay_recv_channel closed
2026-10-07T20:31:51.203085Z  WARN p2panda_net::sync::actors::topic_manager: sync session failed: error sending on message sink: Io(Custom { kind: NotConnected, error: ConnectionLost(ApplicationClosed(ApplicationClose { error_code: 0, reason: b"" })) }) session_id=0 topic="49cfb70d03"
2026-10-07T20:31:51.203734Z ERROR iroh::socket::transports::relay: relay_recv_channel closed
2026-10-07T20:31:51.204655Z  WARN p2panda_net::sync::actors::topic_manager: sync session failed: error sending on message sink: Io(Custom { kind: NotConnected, error: ConnectionLost(ApplicationClosed(ApplicationClose { error_code: 0, reason: b"" })) }) session_id=1 topic="49cfb70d03"
test place::lanes::tests::a_revoked_member_stops_reading_while_the_others_follow_the_rotation has been running for over 60 seconds
2026-10-07T20:31:51.352856Z  WARN noq_proto::bloom_token_log: BloomTokenLog presented with token too far in past
2026-10-07T20:31:51.359581Z  WARN noq_proto::bloom_token_log: BloomTokenLog presented with token too far in past
test place::lanes::tests::a_writer_invited_after_the_founder_is_already_live_is_admitted ... ok
2026-10-07T20:31:52.007917Z  WARN p2panda_sync::protocols::topic_log_sync: sync session closed with error error=DecodeMessage("Io(Custom { kind: NotConnected, error: ConnectionLost(LocallyClosed) })")
2026-10-07T20:31:52.014111Z  WARN p2panda_sync::protocols::topic_log_sync: sync session closed with error error=DecodeMessage("Io(Custom { kind: NotConnected, error: ConnectionLost(ApplicationClosed(ApplicationClose { error_code: 0, reason: b\"\" })) })")
2026-10-07T20:31:52.014148Z  WARN p2panda_sync::protocols::topic_log_sync: sync session closed with error error=DecodeMessage("Io(Custom { kind: NotConnected, error: ConnectionLost(ApplicationClosed(ApplicationClose { error_code: 0, reason: b\"\" })) })")
2026-10-07T20:31:52.014589Z  WARN p2panda_net::sync::actors::topic_manager: sync session failed: error sending on message sink: Io(Custom { kind: NotConnected, error: ConnectionLost(LocallyClosed) }) session_id=0 topic="fc44084ad2"
2026-10-07T20:31:52.015939Z  WARN p2panda_net::sync::actors::topic_manager: sync session failed: Io(Custom { kind: NotConnected, error: ConnectionLost(LocallyClosed) }) session_id=1 topic="799c142b9c"
2026-10-07T20:31:52.016185Z  WARN p2panda_sync::protocols::topic_log_sync: sync session closed with error error=DecodeMessage("Io(Custom { kind: NotConnected, error: ConnectionLost(ApplicationClosed(ApplicationClose { error_code: 0, reason: b\"\" })) })")
2026-10-07T20:31:52.016620Z  WARN p2panda_sync::protocols::topic_log_sync: sync session closed with error error=DecodeMessage("Io(Custom { kind: NotConnected, error: ConnectionLost(ApplicationClosed(ApplicationClose { error_code: 0, reason: b\"\" })) })")
2026-10-07T20:31:52.017961Z  WARN p2panda_net::sync::actors::topic_manager: sync session failed: Io(Custom { kind: NotConnected, error: ConnectionLost(ApplicationClosed(ApplicationClose { error_code: 0, reason: b"" })) }) session_id=1 topic="21044dcffd"
2026-10-07T20:31:52.020074Z  WARN p2panda_net::sync::actors::topic_manager: sync session failed: Io(Custom { kind: NotConnected, error: ConnectionLost(ApplicationClosed(ApplicationClose { error_code: 0, reason: b"" })) }) session_id=1 topic="fc44084ad2"
2026-10-07T20:31:52.021524Z  WARN p2panda_sync::protocols::topic_log_sync: sync session closed with error error=DecodeMessage("Io(Custom { kind: NotConnected, error: ConnectionLost(ApplicationClosed(ApplicationClose { error_code: 0, reason: b\"\" })) })")
2026-10-07T20:31:52.023763Z  WARN p2panda_net::sync::actors::topic_manager: sync session failed: Io(Custom { kind: NotConnected, error: ConnectionLost(ApplicationClosed(ApplicationClose { error_code: 0, reason: b"" })) }) session_id=0 topic="21044dcffd"
2026-10-07T20:31:52.037444Z  WARN p2panda_sync::protocols::topic_log_sync: sync session closed with error error=DecodeMessage("Io(Custom { kind: NotConnected, error: ConnectionLost(ApplicationClosed(ApplicationClose { error_code: 0, reason: b\"\" })) })")
2026-10-07T20:31:52.041907Z  WARN p2panda_sync::protocols::topic_log_sync: sync session closed with error error=DecodeMessage("Io(Custom { kind: NotConnected, error: ConnectionLost(ApplicationClosed(ApplicationClose { error_code: 0, reason: b\"\" })) })")
2026-10-07T20:31:52.042018Z  WARN p2panda_sync::protocols::topic_log_sync: sync session closed with error error=DecodeMessage("Io(Custom { kind: NotConnected, error: ConnectionLost(ApplicationClosed(ApplicationClose { error_code: 0, reason: b\"\" })) })")
2026-10-07T20:31:52.093062Z  WARN p2panda_net::sync::actors::topic_manager: sync session failed: log sync error receiving from message stream: MessageStream("Io(Custom { kind: NotConnected, error: ConnectionLost(ApplicationClosed(ApplicationClose { error_code: 0, reason: b\"\" })) })") session_id=0 topic="21044dcffd"
2026-10-07T20:31:52.052755Z  WARN p2panda_net::sync::actors::topic_manager: sync session failed: log sync error receiving from message stream: MessageStream("Io(Custom { kind: NotConnected, error: ConnectionLost(ApplicationClosed(ApplicationClose { error_code: 0, reason: b\"\" })) })") session_id=0 topic="21044dcffd"
2026-10-07T20:31:52.051402Z  WARN p2panda_sync::protocols::topic_log_sync: sync session closed with error error=DecodeMessage("Io(Custom { kind: NotConnected, error: ConnectionLost(ApplicationClosed(ApplicationClose { error_code: 0, reason: b\"\" })) })")
2026-10-07T20:31:52.051162Z  WARN p2panda_sync::protocols::topic_log_sync: sync session closed with error error=DecodeMessage("Io(Custom { kind: NotConnected, error: ConnectionLost(ApplicationClosed(ApplicationClose { error_code: 0, reason: b\"\" })) })")
2026-10-07T20:31:52.143116Z  WARN p2panda_net::sync::actors::topic_manager: sync session failed: Io(Custom { kind: NotConnected, error: ConnectionLost(ApplicationClosed(ApplicationClose { error_code: 0, reason: b"" })) }) session_id=0 topic="799c142b9c"
2026-10-07T20:31:52.143231Z  WARN p2panda_net::sync::actors::topic_manager: sync session failed: error sending on message sink: Io(Custom { kind: NotConnected, error: ConnectionLost(ApplicationClosed(ApplicationClose { error_code: 0, reason: b"" })) }) session_id=1 topic="799c142b9c"
2026-10-07T20:31:52.048571Z  WARN p2panda_sync::protocols::topic_log_sync: sync session closed with error error=DecodeMessage("Io(Custom { kind: NotConnected, error: ConnectionLost(ApplicationClosed(ApplicationClose { error_code: 0, reason: b\"\" })) })")
2026-10-07T20:31:52.046892Z  WARN p2panda_net::sync::actors::topic_manager: sync session failed: Io(Custom { kind: NotConnected, error: ConnectionLost(ApplicationClosed(ApplicationClose { error_code: 0, reason: b"" })) }) session_id=0 topic="21044dcffd"
2026-10-07T20:31:52.042172Z  WARN p2panda_sync::protocols::topic_log_sync: sync session closed with error error=DecodeMessage("Io(Custom { kind: NotConnected, error: ConnectionLost(LocallyClosed) })")
2026-10-07T20:31:52.085526Z ERROR iroh::socket::transports::relay: relay_recv_channel closed
2026-10-07T20:31:52.053533Z  WARN p2panda_sync::protocols::topic_log_sync: sync session closed with error error=DecodeMessage("Io(Custom { kind: NotConnected, error: ConnectionLost(ApplicationClosed(ApplicationClose { error_code: 0, reason: b\"\" })) })")
2026-10-07T20:31:52.144617Z ERROR iroh::socket::transports::relay: relay_recv_channel closed
2026-10-07T20:31:52.145110Z  WARN p2panda_net::sync::actors::topic_manager: sync session failed: Io(Custom { kind: NotConnected, error: ConnectionLost(ApplicationClosed(ApplicationClose { error_code: 0, reason: b"" })) }) session_id=1 topic="21044dcffd"
2026-10-07T20:31:52.145131Z  WARN p2panda_net::sync::actors::topic_manager: sync session failed: Io(Custom { kind: NotConnected, error: ConnectionLost(ApplicationClosed(ApplicationClose { error_code: 0, reason: b"" })) }) session_id=1 topic="21044dcffd"
2026-10-07T20:31:52.145230Z  WARN p2panda_net::sync::actors::topic_manager: sync session failed: error sending on message sink: Io(Custom { kind: NotConnected, error: ConnectionLost(ApplicationClosed(ApplicationClose { error_code: 0, reason: b"" })) }) session_id=0 topic="21044dcffd"
2026-10-07T20:31:52.145264Z  WARN p2panda_net::sync::actors::topic_manager: sync session failed: error sending on message sink: Io(Custom { kind: NotConnected, error: ConnectionLost(ApplicationClosed(ApplicationClose { error_code: 0, reason: b"" })) }) session_id=0 topic="21044dcffd"
2026-10-07T20:31:52.145344Z  WARN p2panda_net::sync::actors::topic_manager: sync session failed: Io(Custom { kind: NotConnected, error: ConnectionLost(ApplicationClosed(ApplicationClose { error_code: 0, reason: b"" })) }) session_id=0 topic="5193990407"
2026-10-07T20:31:52.145407Z  WARN p2panda_net::sync::actors::topic_manager: sync session failed: error sending on message sink: Io(Custom { kind: NotConnected, error: ConnectionLost(ApplicationClosed(ApplicationClose { error_code: 0, reason: b"" })) }) session_id=1 topic="5193990407"
test place::worker::tests::a_place_with_only_a_plaintext_graph_is_refused_by_name ... ok
2026-10-07T20:31:52.376016Z  WARN iroh::socket: tasks didn't finish in time, aborting
test place::lanes::tests::a_writer_visits_a_held_document_and_is_told_when_the_holder_goes ... ok
2026-10-07T20:31:52.896445Z  WARN p2panda_net::sync::actors::topic_manager: sync session failed: Io(Custom { kind: NotConnected, error: ConnectionLost(LocallyClosed) }) session_id=1 topic="6286fe00bb"
2026-10-07T20:31:52.905179Z  WARN p2panda_net::sync::actors::topic_manager: sync session failed: Io(Custom { kind: NotConnected, error: ConnectionLost(ApplicationClosed(ApplicationClose { error_code: 0, reason: b"" })) }) session_id=0 topic="a19d82f0c2"
2026-10-07T20:31:52.920629Z  WARN p2panda_net::sync::actors::topic_manager: sync session failed: Io(Custom { kind: NotConnected, error: ConnectionLost(LocallyClosed) }) session_id=1 topic="a19d82f0c2"
2026-10-07T20:31:52.945523Z  WARN p2panda_net::sync::actors::topic_manager: sync session failed: Io(Custom { kind: NotConnected, error: ConnectionLost(ApplicationClosed(ApplicationClose { error_code: 0, reason: b"" })) }) session_id=1 topic="bbfcb2b327"
2026-10-07T20:31:52.954987Z  WARN p2panda_net::sync::actors::topic_manager: sync session failed: Io(Custom { kind: NotConnected, error: ConnectionLost(ApplicationClosed(ApplicationClose { error_code: 0, reason: b"" })) }) session_id=0 topic="a19d82f0c2"
2026-10-07T20:31:53.684386Z  WARN p2panda_net::sync::actors::topic_manager: sync session failed: error sending on message sink: MessageSink("Io(Custom { kind: NotConnected, error: ConnectionLost(TransportError(Error { code: INTERNAL_ERROR, frame: None, reason: \"endpoint driver future was dropped\", crypto: None })) })") session_id=1 topic="21044dcffd"
2026-10-07T20:31:53.861208Z ERROR iroh::socket::remote_map::remote_state: could not close last open path
2026-10-07T20:31:53.861288Z ERROR iroh::socket::remote_map::remote_state: could not close last open path
2026-10-07T20:31:53.861311Z ERROR iroh::socket::remote_map::remote_state: could not close last open path
2026-10-07T20:31:53.861331Z ERROR iroh::socket::remote_map::remote_state: could not close last open path
2026-10-07T20:31:53.861352Z ERROR iroh::socket::remote_map::remote_state: could not close last open path
2026-10-07T20:31:53.862290Z ERROR iroh::socket::remote_map::remote_state: could not close last open path
2026-10-07T20:31:53.862386Z ERROR iroh::socket::remote_map::remote_state: could not close last open path
2026-10-07T20:31:53.862497Z ERROR iroh::socket::remote_map::remote_state: could not close last open path
2026-10-07T20:31:53.862621Z ERROR iroh::socket::remote_map::remote_state: could not close last open path
2026-10-07T20:31:53.864668Z ERROR iroh::socket::remote_map::remote_state: could not close last open path
2026-10-07T20:31:53.864723Z ERROR iroh::socket::remote_map::remote_state: could not close last open path
2026-10-07T20:31:53.864753Z ERROR iroh::socket::remote_map::remote_state: could not close last open path
2026-10-07T20:31:53.865349Z ERROR iroh::socket::remote_map::remote_state: could not close last open path
2026-10-07T20:31:53.865393Z ERROR iroh::socket::remote_map::remote_state: could not close last open path
2026-10-07T20:31:53.865975Z ERROR iroh::socket::remote_map::remote_state: could not close last open path
2026-10-07T20:31:55.173563Z  WARN p2panda_net::iroh_endpoint::actors::connection: ignoring connection: accepting failed: the cryptographic handshake failed: error 120: peer doesn't support any known protocol
2026-10-07T20:31:55.176166Z  WARN p2panda_net::iroh_endpoint::actors::connection: connection establishment failed: aborted by peer: the cryptographic handshake failed: error 120: peer doesn't support any known protocol
2026-10-07T20:31:55.176474Z  WARN p2panda_net::sync::actors::topic_manager: sync session failed: aborted by peer: the cryptographic handshake failed: error 120: peer doesn't support any known protocol session_id=0 topic="a1dffc45a2"
2026-10-07T20:31:55.180957Z  WARN p2panda_net::iroh_endpoint::actors::connection: ignoring connection: accepting failed: the cryptographic handshake failed: error 120: peer doesn't support any known protocol
2026-10-07T20:31:55.181888Z  WARN p2panda_net::iroh_endpoint::actors::connection: connection establishment failed: aborted by peer: the cryptographic handshake failed: error 120: peer doesn't support any known protocol
2026-10-07T20:31:55.182201Z  WARN p2panda_net::sync::actors::topic_manager: sync session failed: aborted by peer: the cryptographic handshake failed: error 120: peer doesn't support any known protocol session_id=0 topic="a1dffc45a2"
2026-10-07T20:31:55.198474Z  WARN p2panda_net::iroh_endpoint::actors::connection: ignoring connection: accepting failed: the cryptographic handshake failed: error 120: peer doesn't support any known protocol
2026-10-07T20:31:55.327160Z  WARN p2panda_net::iroh_endpoint::actors::connection: connection establishment failed: aborted by peer: the cryptographic handshake failed: error 120: peer doesn't support any known protocol
2026-10-07T20:31:55.339434Z  WARN p2panda_net::sync::actors::topic_manager: sync session failed: aborted by peer: the cryptographic handshake failed: error 120: peer doesn't support any known protocol session_id=0 topic="a1dffc45a2"
2026-10-07T20:31:55.493795Z ERROR iroh::socket::remote_map::remote_state: could not close last open path
2026-10-07T20:31:56.170151Z  WARN p2panda_net::sync::actors::topic_manager: sync session failed: Io(Custom { kind: NotConnected, error: ConnectionLost(LocallyClosed) }) session_id=0 topic="49cfb70d03"
2026-10-07T20:31:56.196986Z  WARN p2panda_net::sync::actors::topic_manager: sync session failed: Io(Custom { kind: NotConnected, error: ConnectionLost(ApplicationClosed(ApplicationClose { error_code: 0, reason: b"" })) }) session_id=0 topic="49cfb70d03"
2026-10-07T20:31:56.197713Z  WARN p2panda_net::sync::actors::topic_manager: sync session failed: Io(Custom { kind: NotConnected, error: ConnectionLost(ApplicationClosed(ApplicationClose { error_code: 0, reason: b"" })) }) session_id=0 topic="49cfb70d03"
2026-10-07T20:31:56.202475Z  WARN p2panda_net::sync::actors::topic_manager: sync session failed: Io(Custom { kind: NotConnected, error: ConnectionLost(ApplicationClosed(ApplicationClose { error_code: 0, reason: b"" })) }) session_id=0 topic="49cfb70d03"
2026-10-07T20:31:56.202475Z  WARN p2panda_net::sync::actors::topic_manager: sync session failed: Io(Custom { kind: NotConnected, error: ConnectionLost(ApplicationClosed(ApplicationClose { error_code: 0, reason: b"" })) }) session_id=1 topic="604fb025e2"
2026-10-07T20:31:56.202644Z  WARN p2panda_net::sync::actors::topic_manager: sync session failed: Io(Custom { kind: NotConnected, error: ConnectionLost(ApplicationClosed(ApplicationClose { error_code: 0, reason: b"" })) }) session_id=1 topic="0e5c8ea7ce"
2026-10-07T20:31:56.202694Z  WARN p2panda_net::sync::actors::topic_manager: sync session failed: Io(Custom { kind: NotConnected, error: ConnectionLost(ApplicationClosed(ApplicationClose { error_code: 0, reason: b"" })) }) session_id=1 topic="49cfb70d03"
2026-10-07T20:31:56.246888Z  WARN p2panda_net::sync::actors::topic_manager: sync session failed: Io(Custom { kind: NotConnected, error: ConnectionLost(ApplicationClosed(ApplicationClose { error_code: 0, reason: b"" })) }) session_id=0 topic="49cfb70d03"
2026-10-07T20:31:56.276920Z  WARN p2panda_net::sync::actors::topic_manager: sync session failed: Io(Custom { kind: NotConnected, error: ConnectionLost(ApplicationClosed(ApplicationClose { error_code: 0, reason: b"" })) }) session_id=0 topic="49cfb70d03"
2026-10-07T20:31:56.277385Z  WARN p2panda_net::sync::actors::topic_manager: sync session failed: Io(Custom { kind: NotConnected, error: ConnectionLost(ApplicationClosed(ApplicationClose { error_code: 0, reason: b"" })) }) session_id=1 topic="091e39492e"
2026-10-07T20:31:56.277498Z  WARN p2panda_net::sync::actors::topic_manager: sync session failed: Io(Custom { kind: NotConnected, error: ConnectionLost(LocallyClosed) }) session_id=1 topic="49cfb70d03"
2026-10-07T20:31:56.279912Z  WARN p2panda_net::sync::actors::topic_manager: sync session failed: Io(Custom { kind: NotConnected, error: ConnectionLost(LocallyClosed) }) session_id=1 topic="49cfb70d03"
2026-10-07T20:31:56.287603Z  WARN p2panda_net::sync::actors::topic_manager: sync session failed: Io(Custom { kind: NotConnected, error: ConnectionLost(LocallyClosed) }) session_id=1 topic="49cfb70d03"
2026-10-07T20:31:57.033381Z  WARN p2panda_net::sync::actors::topic_manager: sync session failed: Io(Custom { kind: NotConnected, error: ConnectionLost(ApplicationClosed(ApplicationClose { error_code: 0, reason: b"" })) }) session_id=0 topic="fc44084ad2"
2026-10-07T20:31:57.035010Z  WARN p2panda_net::sync::actors::topic_manager: sync session failed: Io(Custom { kind: NotConnected, error: ConnectionLost(ApplicationClosed(ApplicationClose { error_code: 0, reason: b"" })) }) session_id=0 topic="21044dcffd"
2026-10-07T20:31:57.035465Z  WARN p2panda_net::sync::actors::topic_manager: sync session failed: Io(Custom { kind: NotConnected, error: ConnectionLost(ApplicationClosed(ApplicationClose { error_code: 0, reason: b"" })) }) session_id=1 topic="21044dcffd"
2026-10-07T20:31:57.209253Z  WARN p2panda_net::sync::actors::topic_manager: sync session failed: Io(Custom { kind: NotConnected, error: ConnectionLost(LocallyClosed) }) session_id=0 topic="799c142b9c"
2026-10-07T20:31:57.222775Z  WARN p2panda_net::sync::actors::topic_manager: sync session failed: Io(Custom { kind: NotConnected, error: ConnectionLost(ApplicationClosed(ApplicationClose { error_code: 0, reason: b"" })) }) session_id=1 topic="21044dcffd"
2026-10-07T20:31:57.336357Z  WARN p2panda_sync::protocols::topic_log_sync: sync session closed with error error=DecodeMessage("Io(Custom { kind: NotConnected, error: ConnectionLost(LocallyClosed) })")
2026-10-07T20:31:57.336432Z  WARN p2panda_net::iroh_endpoint::actors::connection: connection establishment failed: closed
2026-10-07T20:31:57.336576Z  WARN p2panda_sync::protocols::topic_log_sync: sync session closed with error error=DecodeMessage("Io(Custom { kind: NotConnected, error: ConnectionLost(LocallyClosed) })")
2026-10-07T20:31:57.336848Z  WARN p2panda_sync::protocols::topic_log_sync: sync session closed with error error=DecodeMessage("Io(Custom { kind: NotConnected, error: ConnectionLost(LocallyClosed) })")
2026-10-07T20:31:57.336926Z  WARN p2panda_net::sync::actors::topic_manager: sync session failed: MessageSink("Io(Custom { kind: NotConnected, error: ConnectionLost(LocallyClosed) })") session_id=0 topic="a1dffc45a2"
2026-10-07T20:31:57.337134Z  WARN p2panda_net::sync::actors::topic_manager: sync session failed: error sending on message sink: Io(Custom { kind: NotConnected, error: ConnectionLost(LocallyClosed) }) session_id=0 topic="a1dffc45a2"
2026-10-07T20:31:57.337205Z  WARN p2panda_net::sync::actors::topic_manager: sync session failed: error sending on message sink: Io(Custom { kind: NotConnected, error: ConnectionLost(LocallyClosed) }) session_id=1 topic="a1dffc45a2"
2026-10-07T20:31:57.338418Z  WARN p2panda_net::sync::actors::topic_manager: sync session failed: Io(Custom { kind: NotConnected, error: ConnectionLost(LocallyClosed) }) session_id=0 topic="a1dffc45a2"
2026-10-07T20:31:57.341737Z  WARN p2panda_sync::protocols::topic_log_sync: sync session closed with error error=DecodeMessage("Io(Custom { kind: NotConnected, error: ConnectionLost(ApplicationClosed(ApplicationClose { error_code: 0, reason: b\"\" })) })")
2026-10-07T20:31:57.341846Z  WARN p2panda_sync::protocols::topic_log_sync: sync session closed with error error=DecodeMessage("Io(Custom { kind: NotConnected, error: ConnectionLost(ApplicationClosed(ApplicationClose { error_code: 0, reason: b\"\" })) })")
2026-10-07T20:31:57.342507Z  WARN p2panda_net::sync::actors::topic_manager: sync session failed: log sync error receiving from message stream: MessageStream("Io(Custom { kind: NotConnected, error: ConnectionLost(LocallyClosed) })") session_id=0 topic="a1dffc45a2"
2026-10-07T20:31:57.342707Z  WARN p2panda_net::sync::actors::topic_manager: sync session failed: log sync error receiving from message stream: MessageStream("Io(Custom { kind: NotConnected, error: ConnectionLost(LocallyClosed) })") session_id=0 topic="a1dffc45a2"
2026-10-07T20:31:57.348157Z  WARN p2panda_net::sync::actors::topic_manager: sync session failed: Io(Custom { kind: NotConnected, error: ConnectionLost(ApplicationClosed(ApplicationClose { error_code: 0, reason: b"" })) }) session_id=0 topic="a1dffc45a2"
2026-10-07T20:31:57.349425Z  WARN p2panda_net::sync::actors::topic_manager: sync session failed: Io(Custom { kind: NotConnected, error: ConnectionLost(ApplicationClosed(ApplicationClose { error_code: 0, reason: b"" })) }) session_id=1 topic="a1dffc45a2"
2026-10-07T20:31:57.354221Z  WARN p2panda_sync::protocols::topic_log_sync: sync session closed with error error=DecodeMessage("Io(Custom { kind: NotConnected, error: ConnectionLost(ApplicationClosed(ApplicationClose { error_code: 0, reason: b\"\" })) })")
2026-10-07T20:31:57.354767Z  WARN p2panda_sync::protocols::topic_log_sync: sync session closed with error error=DecodeMessage("Io(Custom { kind: NotConnected, error: ConnectionLost(ApplicationClosed(ApplicationClose { error_code: 0, reason: b\"\" })) })")
2026-10-07T20:31:57.354816Z  WARN p2panda_net::sync::actors::topic_manager: sync session failed: Io(Custom { kind: NotConnected, error: ConnectionLost(ApplicationClosed(ApplicationClose { error_code: 0, reason: b"" })) }) session_id=0 topic="a1dffc45a2"
2026-10-07T20:31:57.376183Z  WARN p2panda_sync::protocols::topic_log_sync: sync session closed with error error=DecodeMessage("Io(Custom { kind: NotConnected, error: ConnectionLost(ApplicationClosed(ApplicationClose { error_code: 0, reason: b\"\" })) })")
2026-10-07T20:31:57.389245Z  WARN p2panda_sync::protocols::topic_log_sync: sync session closed with error error=DecodeMessage("Io(Custom { kind: NotConnected, error: ConnectionLost(ApplicationClosed(ApplicationClose { error_code: 0, reason: b\"\" })) })")
2026-10-07T20:31:57.419450Z  WARN p2panda_net::sync::actors::topic_manager: sync session failed: Io(Custom { kind: NotConnected, error: ConnectionLost(ApplicationClosed(ApplicationClose { error_code: 0, reason: b"" })) }) session_id=0 topic="a1dffc45a2"
2026-10-07T20:31:57.448425Z  WARN p2panda_net::iroh_endpoint::actors::connection: ignoring connection: accepting failed: the cryptographic handshake failed: error 120: peer doesn't support any known protocol
2026-10-07T20:31:57.448489Z  WARN p2panda_net::iroh_endpoint::actors::connection: accepting incoming connection ended with error: aborted by peer: the application or application protocol caused the connection to be closed during the handshake
2026-10-07T20:31:57.448999Z  WARN p2panda_net::iroh_endpoint::actors::connection: connection establishment failed: aborted by peer: the cryptographic handshake failed: error 120: peer doesn't support any known protocol
2026-10-07T20:31:57.450349Z  WARN p2panda_net::sync::actors::topic_manager: sync session failed: aborted by peer: the cryptographic handshake failed: error 120: peer doesn't support any known protocol session_id=0 topic="ff01e56566"
2026-10-07T20:31:57.451232Z  WARN p2panda_net::iroh_endpoint::actors::connection: connection establishment failed: aborted by peer: the server refused to accept a new connection
2026-10-07T20:31:57.461082Z  WARN p2panda_net::sync::actors::topic_manager: sync session failed: aborted by peer: the server refused to accept a new connection session_id=0 topic="97e6568e15"
2026-10-07T20:31:57.461374Z  WARN p2panda_net::iroh_endpoint::actors::connection: connection establishment failed: aborted by peer: the server refused to accept a new connection
2026-10-07T20:31:57.463549Z  WARN p2panda_net::sync::actors::topic_manager: sync session failed: aborted by peer: the server refused to accept a new connection session_id=0 topic="21d3eee885"
2026-10-07T20:31:57.469799Z  WARN p2panda_net::iroh_endpoint::actors::connection: connection establishment failed: aborted by peer: the server refused to accept a new connection
2026-10-07T20:31:57.472661Z  WARN p2panda_net::sync::actors::topic_manager: sync session failed: aborted by peer: the server refused to accept a new connection session_id=0 topic="b95fac5f61"
test place::worker::tests::a_live_place_reconnects_into_a_new_generation_in_one_process ... ok
2026-10-07T20:32:00.202562Z  WARN p2panda_net::sync::actors::topic_manager: sync session failed: error sending on message sink: MessageSink("Io(Custom { kind: NotConnected, error: ConnectionLost(ApplicationClosed(ApplicationClose { error_code: 0, reason: b\"\" })) })") session_id=1 topic="a1dffc45a2"
2026-10-07T20:32:00.344565Z ERROR iroh::socket::transports::relay: relay_recv_channel closed
2026-10-07T20:32:00.345732Z ERROR iroh::socket::transports::relay: relay_recv_channel closed
2026-10-07T20:32:00.374105Z  WARN p2panda_net::sync::actors::topic_manager: sync session failed: error sending on message sink: MessageSink("Io(Custom { kind: NotConnected, error: ConnectionLost(ApplicationClosed(ApplicationClose { error_code: 0, reason: b\"\" })) })") session_id=1 topic="a1dffc45a2"
test place::lanes::tests::a_revoked_writer_sees_it_live_and_cannot_write_dial_or_reconnect has been running for over 60 seconds
test place::lanes::tests::an_unauthorized_profile_is_refused_before_it_authors ... FAILED
2026-10-07T20:32:02.352527Z  WARN p2panda_net::sync::actors::topic_manager: sync session failed: log sync error receiving from message stream: MessageStream("Io(Custom { kind: NotConnected, error: ConnectionLost(ApplicationClosed(ApplicationClose { error_code: 0, reason: b\"\" })) })") session_id=1 topic="a1dffc45a2"
2026-10-07T20:32:02.353027Z  WARN p2panda_net::sync::actors::topic_manager: sync session failed: Io(Custom { kind: NotConnected, error: ConnectionLost(LocallyClosed) }) session_id=1 topic="a1dffc45a2"
2026-10-07T20:32:02.366011Z  WARN p2panda_net::sync::actors::topic_manager: sync session failed: Io(Custom { kind: NotConnected, error: ConnectionLost(ApplicationClosed(ApplicationClose { error_code: 0, reason: b"" })) }) session_id=1 topic="a1dffc45a2"
2026-10-07T20:32:02.370898Z  WARN p2panda_sync::protocols::topic_log_sync: sync session closed with error error=DecodeMessage("Io(Custom { kind: NotConnected, error: ConnectionLost(LocallyClosed) })")
2026-10-07T20:32:02.373456Z  WARN p2panda_net::sync::actors::topic_manager: sync session failed: Io(Custom { kind: NotConnected, error: ConnectionLost(ApplicationClosed(ApplicationClose { error_code: 0, reason: b"" })) }) session_id=0 topic="a1dffc45a2"
2026-10-07T20:32:02.373495Z  WARN p2panda_net::sync::actors::topic_manager: sync session failed: Io(Custom { kind: NotConnected, error: ConnectionLost(LocallyClosed) }) session_id=4 topic="e811968372"
2026-10-07T20:32:02.398692Z  WARN p2panda_sync::protocols::topic_log_sync: sync session closed with error error=DecodeMessage("Io(Custom { kind: NotConnected, error: ConnectionLost(ApplicationClosed(ApplicationClose { error_code: 0, reason: b\"\" })) })")
2026-10-07T20:32:02.467790Z  WARN p2panda_sync::protocols::topic_log_sync: sync session closed with error error=DecodeMessage("Io(Custom { kind: NotConnected, error: ConnectionLost(ApplicationClosed(ApplicationClose { error_code: 0, reason: b\"\" })) })")
2026-10-07T20:32:02.467894Z  WARN p2panda_net::sync::actors::topic_manager: sync session failed: Io(Custom { kind: NotConnected, error: ConnectionLost(ApplicationClosed(ApplicationClose { error_code: 0, reason: b"" })) }) session_id=1 topic="e811968372"
2026-10-07T20:32:02.469084Z  WARN p2panda_net::sync::actors::topic_manager: sync session failed: Io(Custom { kind: NotConnected, error: ConnectionLost(ApplicationClosed(ApplicationClose { error_code: 0, reason: b"" })) }) session_id=0 topic="a47da37282"
2026-10-07T20:32:02.435189Z  WARN p2panda_net::sync::actors::topic_manager: sync session failed: Io(Custom { kind: NotConnected, error: ConnectionLost(LocallyClosed) }) session_id=1 topic="a1dffc45a2"
2026-10-07T20:32:02.455374Z  WARN p2panda_sync::protocols::topic_log_sync: sync session closed with error error=DecodeMessage("Io(Custom { kind: NotConnected, error: ConnectionLost(LocallyClosed) })")
2026-10-07T20:32:02.456786Z  WARN p2panda_sync::protocols::topic_log_sync: sync session closed with error error=DecodeMessage("Io(Custom { kind: NotConnected, error: ConnectionLost(LocallyClosed) })")
2026-10-07T20:32:02.581516Z  WARN p2panda_sync::protocols::topic_log_sync: sync session closed with error error=DecodeMessage("Io(Custom { kind: NotConnected, error: ConnectionLost(ApplicationClosed(ApplicationClose { error_code: 0, reason: b\"\" })) })")
2026-10-07T20:32:02.582552Z  WARN p2panda_net::sync::actors::topic_manager: sync session failed: Io(Custom { kind: NotConnected, error: ConnectionLost(ApplicationClosed(ApplicationClose { error_code: 0, reason: b"" })) }) session_id=0 topic="e811968372"
2026-10-07T20:32:02.586162Z  WARN p2panda_sync::protocols::topic_log_sync: sync session closed with error error=DecodeMessage("Io(Custom { kind: NotConnected, error: ConnectionLost(ApplicationClosed(ApplicationClose { error_code: 0, reason: b\"\" })) })")
2026-10-07T20:32:02.587434Z  WARN p2panda_sync::protocols::topic_log_sync: sync session closed with error error=DecodeMessage("Io(Custom { kind: NotConnected, error: ConnectionLost(ApplicationClosed(ApplicationClose { error_code: 0, reason: b\"\" })) })")
2026-10-07T20:32:02.588041Z  WARN p2panda_sync::protocols::topic_log_sync: sync session closed with error error=DecodeMessage("Io(Custom { kind: NotConnected, error: ConnectionLost(ApplicationClosed(ApplicationClose { error_code: 0, reason: b\"\" })) })")
2026-10-07T20:32:02.588670Z  WARN p2panda_net::sync::actors::topic_manager: sync session failed: Io(Custom { kind: NotConnected, error: ConnectionLost(ApplicationClosed(ApplicationClose { error_code: 0, reason: b"" })) }) session_id=0 topic="e811968372"
2026-10-07T20:32:02.588816Z  WARN p2panda_net::sync::actors::topic_manager: sync session failed: Io(Custom { kind: NotConnected, error: ConnectionLost(ApplicationClosed(ApplicationClose { error_code: 0, reason: b"" })) }) session_id=2 topic="e811968372"
2026-10-07T20:32:02.591509Z  WARN p2panda_net::sync::actors::topic_manager: sync session failed: Io(Custom { kind: NotConnected, error: ConnectionLost(ApplicationClosed(ApplicationClose { error_code: 0, reason: b"" })) }) session_id=3 topic="a47da37282"
2026-10-07T20:32:02.629521Z  WARN p2panda_net::sync::actors::topic_manager: sync session failed: Io(Custom { kind: NotConnected, error: ConnectionLost(LocallyClosed) }) session_id=2 topic="e811968372"
2026-10-07T20:32:02.636776Z  WARN p2panda_net::sync::actors::topic_manager: sync session failed: error sending on message sink: Io(Custom { kind: NotConnected, error: ConnectionLost(LocallyClosed) }) session_id=0 topic="5f969c1ec6"
2026-10-07T20:32:02.640119Z  WARN p2panda_sync::protocols::topic_log_sync: sync session closed with error error=DecodeMessage("Io(Custom { kind: NotConnected, error: ConnectionLost(ApplicationClosed(ApplicationClose { error_code: 0, reason: b\"\" })) })")
2026-10-07T20:32:02.641192Z  WARN p2panda_sync::protocols::topic_log_sync: sync session closed with error error=DecodeMessage("Io(Custom { kind: NotConnected, error: ConnectionLost(LocallyClosed) })")
2026-10-07T20:32:02.641533Z  WARN p2panda_sync::protocols::topic_log_sync: sync session closed with error error=DecodeMessage("Io(Custom { kind: NotConnected, error: ConnectionLost(LocallyClosed) })")
2026-10-07T20:32:02.642307Z  WARN p2panda_sync::protocols::topic_log_sync: sync session closed with error error=DecodeMessage("Io(Custom { kind: NotConnected, error: ConnectionLost(ApplicationClosed(ApplicationClose { error_code: 0, reason: b\"\" })) })")
2026-10-07T20:32:02.643017Z  WARN p2panda_net::sync::actors::topic_manager: sync session failed: Io(Custom { kind: NotConnected, error: ConnectionLost(ApplicationClosed(ApplicationClose { error_code: 0, reason: b"" })) }) session_id=1 topic="e811968372"
2026-10-07T20:32:02.643315Z  WARN p2panda_sync::protocols::topic_log_sync: sync session closed with error error=DecodeMessage("Io(Custom { kind: NotConnected, error: ConnectionLost(ApplicationClosed(ApplicationClose { error_code: 0, reason: b\"\" })) })")
2026-10-07T20:32:02.643610Z  WARN p2panda_net::sync::actors::topic_manager: sync session failed: Io(Custom { kind: NotConnected, error: ConnectionLost(ApplicationClosed(ApplicationClose { error_code: 0, reason: b"" })) }) session_id=0 topic="e811968372"
2026-10-07T20:32:02.645585Z  WARN p2panda_sync::protocols::topic_log_sync: sync session closed with error error=DecodeMessage("Io(Custom { kind: NotConnected, error: ConnectionLost(LocallyClosed) })")
2026-10-07T20:32:02.646761Z  WARN p2panda_sync::protocols::topic_log_sync: sync session closed with error error=DecodeMessage("Io(Custom { kind: NotConnected, error: ConnectionLost(ApplicationClosed(ApplicationClose { error_code: 0, reason: b\"\" })) })")
2026-10-07T20:32:02.648409Z  WARN p2panda_sync::protocols::topic_log_sync: sync session closed with error error=DecodeMessage("Io(Custom { kind: NotConnected, error: ConnectionLost(ApplicationClosed(ApplicationClose { error_code: 0, reason: b\"\" })) })")
2026-10-07T20:32:02.649474Z  WARN p2panda_sync::protocols::topic_log_sync: sync session closed with error error=DecodeMessage("Io(Custom { kind: NotConnected, error: ConnectionLost(LocallyClosed) })")
2026-10-07T20:32:02.649490Z  WARN p2panda_sync::protocols::topic_log_sync: sync session closed with error error=DecodeMessage("Io(Custom { kind: NotConnected, error: ConnectionLost(ApplicationClosed(ApplicationClose { error_code: 0, reason: b\"\" })) })")
2026-10-07T20:32:02.650041Z  WARN p2panda_sync::protocols::topic_log_sync: sync session closed with error error=DecodeMessage("Io(Custom { kind: NotConnected, error: ConnectionLost(ApplicationClosed(ApplicationClose { error_code: 0, reason: b\"\" })) })")
2026-10-07T20:32:02.650632Z  WARN p2panda_sync::protocols::topic_log_sync: sync session closed with error error=DecodeMessage("Io(Custom { kind: NotConnected, error: ConnectionLost(LocallyClosed) })")
2026-10-07T20:32:02.650921Z  WARN p2panda_sync::protocols::topic_log_sync: sync session closed with error error=DecodeMessage("Io(Custom { kind: NotConnected, error: ConnectionLost(ApplicationClosed(ApplicationClose { error_code: 0, reason: b\"\" })) })")
2026-10-07T20:32:02.652771Z  WARN p2panda_sync::protocols::topic_log_sync: sync session closed with error error=DecodeMessage("Io(Custom { kind: NotConnected, error: ConnectionLost(ApplicationClosed(ApplicationClose { error_code: 0, reason: b\"\" })) })")
2026-10-07T20:32:02.653025Z  WARN p2panda_sync::protocols::topic_log_sync: sync session closed with error error=DecodeMessage("Io(Custom { kind: NotConnected, error: ConnectionLost(ApplicationClosed(ApplicationClose { error_code: 0, reason: b\"\" })) })")
2026-10-07T20:32:02.653379Z  WARN p2panda_sync::protocols::topic_log_sync: sync session closed with error error=DecodeMessage("Io(Custom { kind: NotConnected, error: ConnectionLost(ApplicationClosed(ApplicationClose { error_code: 0, reason: b\"\" })) })")
2026-10-07T20:32:02.655195Z  WARN p2panda_sync::protocols::topic_log_sync: sync session closed with error error=DecodeMessage("Io(Custom { kind: NotConnected, error: ConnectionLost(ApplicationClosed(ApplicationClose { error_code: 0, reason: b\"\" })) })")
2026-10-07T20:32:02.656813Z  WARN p2panda_sync::protocols::topic_log_sync: sync session closed with error error=DecodeMessage("Io(Custom { kind: NotConnected, error: ConnectionLost(ApplicationClosed(ApplicationClose { error_code: 0, reason: b\"\" })) })")
2026-10-07T20:32:02.657702Z  WARN p2panda_sync::protocols::topic_log_sync: sync session closed with error error=DecodeMessage("Io(Custom { kind: NotConnected, error: ConnectionLost(ApplicationClosed(ApplicationClose { error_code: 0, reason: b\"\" })) })")
2026-10-07T20:32:02.659265Z  WARN p2panda_sync::protocols::topic_log_sync: sync session closed with error error=DecodeMessage("Io(Custom { kind: NotConnected, error: ConnectionLost(ApplicationClosed(ApplicationClose { error_code: 0, reason: b\"\" })) })")
2026-10-07T20:32:02.659587Z  WARN p2panda_sync::protocols::topic_log_sync: sync session closed with error error=DecodeMessage("Io(Custom { kind: NotConnected, error: ConnectionLost(ApplicationClosed(ApplicationClose { error_code: 0, reason: b\"\" })) })")
2026-10-07T20:32:02.660248Z  WARN p2panda_sync::protocols::topic_log_sync: sync session closed with error error=DecodeMessage("Io(Custom { kind: NotConnected, error: ConnectionLost(LocallyClosed) })")
2026-10-07T20:32:02.660314Z  WARN p2panda_sync::protocols::topic_log_sync: sync session closed with error error=DecodeMessage("Io(Custom { kind: NotConnected, error: ConnectionLost(ApplicationClosed(ApplicationClose { error_code: 0, reason: b\"\" })) })")
2026-10-07T20:32:02.660333Z  WARN p2panda_net::sync::actors::topic_manager: sync session failed: Io(Custom { kind: NotConnected, error: ConnectionLost(ApplicationClosed(ApplicationClose { error_code: 0, reason: b"" })) }) session_id=0 topic="d53244878b"
2026-10-07T20:32:02.660500Z  WARN p2panda_sync::protocols::topic_log_sync: sync session closed with error error=DecodeMessage("Io(Custom { kind: NotConnected, error: ConnectionLost(LocallyClosed) })")
2026-10-07T20:32:02.660759Z  WARN p2panda_sync::protocols::topic_log_sync: sync session closed with error error=DecodeMessage("Io(Custom { kind: NotConnected, error: ConnectionLost(LocallyClosed) })")
2026-10-07T20:32:02.660825Z  WARN p2panda_sync::protocols::topic_log_sync: sync session closed with error error=DecodeMessage("Io(Custom { kind: NotConnected, error: ConnectionLost(ApplicationClosed(ApplicationClose { error_code: 0, reason: b\"\" })) })")
2026-10-07T20:32:02.661230Z  WARN p2panda_net::sync::actors::topic_manager: sync session failed: Io(Custom { kind: NotConnected, error: ConnectionLost(ApplicationClosed(ApplicationClose { error_code: 0, reason: b"" })) }) session_id=2 topic="5f969c1ec6"
2026-10-07T20:32:02.661535Z  WARN p2panda_net::sync::actors::topic_manager: sync session failed: Io(Custom { kind: NotConnected, error: ConnectionLost(ApplicationClosed(ApplicationClose { error_code: 0, reason: b"" })) }) session_id=1 topic="e811968372"
2026-10-07T20:32:02.661574Z  WARN p2panda_sync::protocols::topic_log_sync: sync session closed with error error=DecodeMessage("Io(Custom { kind: NotConnected, error: ConnectionLost(ApplicationClosed(ApplicationClose { error_code: 0, reason: b\"\" })) })")
2026-10-07T20:32:02.661668Z  WARN p2panda_net::sync::actors::topic_manager: sync session failed: Io(Custom { kind: NotConnected, error: ConnectionLost(ApplicationClosed(ApplicationClose { error_code: 0, reason: b"" })) }) session_id=1 topic="e811968372"
2026-10-07T20:32:02.661729Z  WARN p2panda_net::sync::actors::topic_manager: sync session failed: Io(Custom { kind: NotConnected, error: ConnectionLost(ApplicationClosed(ApplicationClose { error_code: 0, reason: b"" })) }) session_id=2 topic="e811968372"
2026-10-07T20:32:02.661937Z  WARN p2panda_net::sync::actors::topic_manager: sync session failed: error sending on message sink: Io(Custom { kind: NotConnected, error: ConnectionLost(ApplicationClosed(ApplicationClose { error_code: 0, reason: b"" })) }) session_id=0 topic="e811968372"
2026-10-07T20:32:02.663415Z  WARN p2panda_sync::protocols::topic_log_sync: sync session closed with error error=DecodeMessage("Io(Custom { kind: NotConnected, error: ConnectionLost(ApplicationClosed(ApplicationClose { error_code: 0, reason: b\"\" })) })")
2026-10-07T20:32:02.663612Z  WARN p2panda_sync::protocols::topic_log_sync: sync session closed with error error=DecodeMessage("Io(Custom { kind: NotConnected, error: ConnectionLost(ApplicationClosed(ApplicationClose { error_code: 0, reason: b\"\" })) })")
2026-10-07T20:32:02.663978Z  WARN p2panda_net::sync::actors::topic_manager: sync session failed: Io(Custom { kind: NotConnected, error: ConnectionLost(ApplicationClosed(ApplicationClose { error_code: 0, reason: b"" })) }) session_id=1 topic="e811968372"
2026-10-07T20:32:02.664142Z  WARN p2panda_net::sync::actors::topic_manager: sync session failed: Io(Custom { kind: NotConnected, error: ConnectionLost(ApplicationClosed(ApplicationClose { error_code: 0, reason: b"" })) }) session_id=0 topic="e811968372"
2026-10-07T20:32:02.665920Z  WARN p2panda_net::sync::actors::topic_manager: sync session failed: error sending on message sink: Io(Custom { kind: NotConnected, error: ConnectionLost(ApplicationClosed(ApplicationClose { error_code: 0, reason: b"" })) }) session_id=0 topic="5f969c1ec6"
2026-10-07T20:32:02.676521Z  WARN p2panda_net::sync::actors::topic_manager: sync session failed: Io(Custom { kind: NotConnected, error: ConnectionLost(ApplicationClosed(ApplicationClose { error_code: 0, reason: b"" })) }) session_id=1 topic="5f969c1ec6"
2026-10-07T20:32:02.678809Z  WARN p2panda_sync::protocols::topic_log_sync: sync session closed with error error=DecodeMessage("Io(Custom { kind: NotConnected, error: ConnectionLost(ApplicationClosed(ApplicationClose { error_code: 0, reason: b\"\" })) })")
2026-10-07T20:32:02.679630Z  WARN p2panda_net::sync::actors::topic_manager: sync session failed: Io(Custom { kind: NotConnected, error: ConnectionLost(ApplicationClosed(ApplicationClose { error_code: 0, reason: b"" })) }) session_id=0 topic="d53244878b"
2026-10-07T20:32:02.681345Z  WARN p2panda_sync::protocols::topic_log_sync: sync session closed with error error=DecodeMessage("Io(Custom { kind: NotConnected, error: ConnectionLost(ApplicationClosed(ApplicationClose { error_code: 0, reason: b\"\" })) })")
2026-10-07T20:32:02.682339Z  WARN p2panda_sync::protocols::topic_log_sync: sync session closed with error error=DecodeMessage("Io(Custom { kind: NotConnected, error: ConnectionLost(ApplicationClosed(ApplicationClose { error_code: 0, reason: b\"\" })) })")
2026-10-07T20:32:02.684023Z  WARN p2panda_sync::protocols::topic_log_sync: sync session closed with error error=DecodeMessage("Io(Custom { kind: NotConnected, error: ConnectionLost(ApplicationClosed(ApplicationClose { error_code: 0, reason: b\"\" })) })")
2026-10-07T20:32:02.686949Z  WARN p2panda_sync::protocols::topic_log_sync: sync session closed with error error=DecodeMessage("Io(Custom { kind: NotConnected, error: ConnectionLost(ApplicationClosed(ApplicationClose { error_code: 0, reason: b\"\" })) })")
2026-10-07T20:32:02.686937Z  WARN p2panda_sync::protocols::topic_log_sync: sync session closed with error error=DecodeMessage("Io(Custom { kind: NotConnected, error: ConnectionLost(ApplicationClosed(ApplicationClose { error_code: 0, reason: b\"\" })) })")
2026-10-07T20:32:02.687042Z  WARN p2panda_sync::protocols::topic_log_sync: sync session closed with error error=DecodeMessage("Io(Custom { kind: NotConnected, error: ConnectionLost(ApplicationClosed(ApplicationClose { error_code: 0, reason: b\"\" })) })")
2026-10-07T20:32:02.687323Z  WARN p2panda_sync::protocols::topic_log_sync: sync session closed with error error=DecodeMessage("Io(Custom { kind: NotConnected, error: ConnectionLost(ApplicationClosed(ApplicationClose { error_code: 0, reason: b\"\" })) })")
2026-10-07T20:32:02.687525Z  WARN p2panda_net::sync::actors::topic_manager: sync session failed: Io(Custom { kind: NotConnected, error: ConnectionLost(ApplicationClosed(ApplicationClose { error_code: 0, reason: b"" })) }) session_id=1 topic="e811968372"
2026-10-07T20:32:02.689726Z  WARN p2panda_sync::protocols::topic_log_sync: sync session closed with error error=DecodeMessage("Io(Custom { kind: NotConnected, error: ConnectionLost(ApplicationClosed(ApplicationClose { error_code: 0, reason: b\"\" })) })")
2026-10-07T20:32:02.689694Z  WARN p2panda_net::sync::actors::topic_manager: sync session failed: Io(Custom { kind: NotConnected, error: ConnectionLost(ApplicationClosed(ApplicationClose { error_code: 0, reason: b"" })) }) session_id=1 topic="e811968372"
2026-10-07T20:32:02.689879Z  WARN p2panda_sync::protocols::topic_log_sync: sync session closed with error error=DecodeMessage("Io(Custom { kind: NotConnected, error: ConnectionLost(ApplicationClosed(ApplicationClose { error_code: 0, reason: b\"\" })) })")
2026-10-07T20:32:02.691677Z  WARN p2panda_net::sync::actors::topic_manager: sync session failed: error sending on message sink: MessageSink("Io(Custom { kind: NotConnected, error: ConnectionLost(ApplicationClosed(ApplicationClose { error_code: 0, reason: b\"\" })) })") session_id=1 topic="a1dffc45a2"
2026-10-07T20:32:02.691881Z  WARN p2panda_sync::protocols::topic_log_sync: sync session closed with error error=DecodeMessage("Io(Custom { kind: NotConnected, error: ConnectionLost(ApplicationClosed(ApplicationClose { error_code: 0, reason: b\"\" })) })")
2026-10-07T20:32:02.691983Z  WARN p2panda_sync::protocols::topic_log_sync: sync session closed with error error=DecodeMessage("Io(Custom { kind: NotConnected, error: ConnectionLost(ApplicationClosed(ApplicationClose { error_code: 0, reason: b\"\" })) })")
2026-10-07T20:32:02.692866Z  WARN p2panda_net::sync::actors::topic_manager: sync session failed: Io(Custom { kind: NotConnected, error: ConnectionLost(ApplicationClosed(ApplicationClose { error_code: 0, reason: b"" })) }) session_id=0 topic="e811968372"
2026-10-07T20:32:02.693091Z  WARN p2panda_sync::protocols::topic_log_sync: sync session closed with error error=DecodeMessage("Io(Custom { kind: NotConnected, error: ConnectionLost(ApplicationClosed(ApplicationClose { error_code: 0, reason: b\"\" })) })")
2026-10-07T20:32:02.693152Z  WARN p2panda_sync::protocols::topic_log_sync: sync session closed with error error=DecodeMessage("Io(Custom { kind: NotConnected, error: ConnectionLost(ApplicationClosed(ApplicationClose { error_code: 0, reason: b\"\" })) })")
2026-10-07T20:32:02.693363Z  WARN p2panda_net::sync::actors::topic_manager: sync session failed: Io(Custom { kind: NotConnected, error: ConnectionLost(ApplicationClosed(ApplicationClose { error_code: 0, reason: b"" })) }) session_id=0 topic="a47da37282"
2026-10-07T20:32:02.693815Z  WARN p2panda_sync::protocols::topic_log_sync: sync session closed with error error=DecodeMessage("Io(Custom { kind: NotConnected, error: ConnectionLost(ApplicationClosed(ApplicationClose { error_code: 0, reason: b\"\" })) })")
2026-10-07T20:32:02.695406Z  WARN p2panda_net::sync::actors::topic_manager: sync session failed: Io(Custom { kind: NotConnected, error: ConnectionLost(ApplicationClosed(ApplicationClose { error_code: 0, reason: b"" })) }) session_id=1 topic="e811968372"
2026-10-07T20:32:02.696068Z  WARN p2panda_sync::protocols::topic_log_sync: sync session closed with error error=DecodeMessage("Io(Custom { kind: NotConnected, error: ConnectionLost(ApplicationClosed(ApplicationClose { error_code: 0, reason: b\"\" })) })")
2026-10-07T20:32:02.713677Z  WARN p2panda_sync::protocols::topic_log_sync: sync session closed with error error=DecodeMessage("Io(Custom { kind: NotConnected, error: ConnectionLost(ApplicationClosed(ApplicationClose { error_code: 0, reason: b\"\" })) })")
2026-10-07T20:32:02.714491Z  WARN p2panda_net::sync::actors::topic_manager: sync session failed: Io(Custom { kind: NotConnected, error: ConnectionLost(ApplicationClosed(ApplicationClose { error_code: 0, reason: b"" })) }) session_id=1 topic="e811968372"
2026-10-07T20:32:03.468887Z  WARN p2panda_net::iroh_endpoint::actors::connection: connection establishment failed: aborted by peer: the cryptographic handshake failed: error 120: peer doesn't support any known protocol
2026-10-07T20:32:03.460146Z  WARN p2panda_net::iroh_endpoint::actors::connection: ignoring connection: accepting failed: the cryptographic handshake failed: error 120: peer doesn't support any known protocol
2026-10-07T20:32:02.842987Z  WARN iroh::socket: tasks didn't finish in time, aborting
2026-10-07T20:32:02.731799Z ERROR iroh::socket::transports::relay: relay_recv_channel closed
2026-10-07T20:32:02.733176Z  WARN p2panda_net::sync::actors::topic_manager: sync session failed: error sending on message sink: Io(Custom { kind: NotConnected, error: ConnectionLost(ApplicationClosed(ApplicationClose { error_code: 0, reason: b"" })) }) session_id=0 topic="e811968372"
2026-10-07T20:32:02.734309Z  WARN p2panda_net::sync::actors::topic_manager: sync session failed: error sending on message sink: Io(Custom { kind: NotConnected, error: ConnectionLost(ApplicationClosed(ApplicationClose { error_code: 0, reason: b"" })) }) session_id=1 topic="e811968372"
2026-10-07T20:32:03.471176Z  WARN p2panda_net::sync::actors::topic_manager: sync session failed: error sending on message sink: Io(Custom { kind: NotConnected, error: ConnectionLost(ApplicationClosed(ApplicationClose { error_code: 0, reason: b"" })) }) session_id=1 topic="e811968372"
2026-10-07T20:32:03.471200Z  WARN p2panda_net::sync::actors::topic_manager: sync session failed: error sending on message sink: Io(Custom { kind: NotConnected, error: ConnectionLost(ApplicationClosed(ApplicationClose { error_code: 0, reason: b"" })) }) session_id=0 topic="e811968372"
2026-10-07T20:32:02.716438Z  WARN p2panda_net::sync::actors::topic_manager: sync session failed: Io(Custom { kind: NotConnected, error: ConnectionLost(ApplicationClosed(ApplicationClose { error_code: 0, reason: b"" })) }) session_id=1 topic="e811968372"
2026-10-07T20:32:02.716373Z  WARN p2panda_net::sync::actors::topic_manager: sync session failed: error sending on message sink: Io(Custom { kind: NotConnected, error: ConnectionLost(ApplicationClosed(ApplicationClose { error_code: 0, reason: b"" })) }) session_id=2 topic="d53244878b"
2026-10-07T20:32:03.473072Z  WARN p2panda_net::sync::actors::topic_manager: sync session failed: error sending on message sink: Io(Custom { kind: NotConnected, error: ConnectionLost(ApplicationClosed(ApplicationClose { error_code: 0, reason: b"" })) }) session_id=0 topic="d53244878b"
2026-10-07T20:32:02.714528Z  WARN p2panda_sync::protocols::topic_log_sync: sync session closed with error error=DecodeMessage("Io(Custom { kind: NotConnected, error: ConnectionLost(ApplicationClosed(ApplicationClose { error_code: 0, reason: b\"\" })) })")
2026-10-07T20:32:03.473253Z  WARN p2panda_net::sync::actors::topic_manager: sync session failed: aborted by peer: the cryptographic handshake failed: error 120: peer doesn't support any known protocol session_id=2 topic="863c797d13"
2026-10-07T20:32:03.476579Z  WARN p2panda_net::iroh_endpoint::actors::connection: ignoring connection: accepting failed: the cryptographic handshake failed: error 120: peer doesn't support any known protocol
2026-10-07T20:32:03.476846Z  WARN p2panda_net::iroh_endpoint::actors::connection: connection establishment failed: aborted by peer: the cryptographic handshake failed: error 120: peer doesn't support any known protocol
2026-10-07T20:32:03.479632Z  WARN p2panda_net::sync::actors::topic_manager: sync session failed: aborted by peer: the cryptographic handshake failed: error 120: peer doesn't support any known protocol session_id=2 topic="863c797d13"
2026-10-07T20:32:03.483238Z  WARN p2panda_net::sync::actors::topic_manager: sync session failed: Io(Custom { kind: NotConnected, error: ConnectionLost(ApplicationClosed(ApplicationClose { error_code: 0, reason: b"" })) }) session_id=1 topic="e811968372"
2026-10-07T20:32:03.484645Z  WARN p2panda_net::sync::actors::topic_manager: sync session failed: Io(Custom { kind: NotConnected, error: ConnectionLost(ApplicationClosed(ApplicationClose { error_code: 0, reason: b"" })) }) session_id=1 topic="5f969c1ec6"
2026-10-07T20:32:03.489538Z  WARN p2panda_net::sync::actors::topic_manager: sync session failed: error sending on message sink: Io(Custom { kind: NotConnected, error: ConnectionLost(ApplicationClosed(ApplicationClose { error_code: 0, reason: b"" })) }) session_id=0 topic="e811968372"
2026-10-07T20:32:03.489560Z  WARN p2panda_net::sync::actors::topic_manager: sync session failed: error sending on message sink: Io(Custom { kind: NotConnected, error: ConnectionLost(ApplicationClosed(ApplicationClose { error_code: 0, reason: b"" })) }) session_id=0 topic="5f969c1ec6"
2026-10-07T20:32:03.501886Z  WARN p2panda_sync::protocols::topic_log_sync: sync session closed with error error=DecodeMessage("Io(Custom { kind: NotConnected, error: ConnectionLost(LocallyClosed) })")
2026-10-07T20:32:03.502000Z  WARN p2panda_sync::protocols::topic_log_sync: sync session closed with error error=DecodeMessage("Io(Custom { kind: NotConnected, error: ConnectionLost(LocallyClosed) })")
2026-10-07T20:32:03.502274Z  WARN p2panda_sync::protocols::topic_log_sync: sync session closed with error error=DecodeMessage("Io(Custom { kind: NotConnected, error: ConnectionLost(LocallyClosed) })")
2026-10-07T20:32:03.502967Z  WARN p2panda_sync::protocols::topic_log_sync: sync session closed with error error=DecodeMessage("Io(Custom { kind: NotConnected, error: ConnectionLost(LocallyClosed) })")
2026-10-07T20:32:03.503262Z  WARN p2panda_sync::protocols::topic_log_sync: sync session closed with error error=DecodeMessage("Io(Custom { kind: NotConnected, error: ConnectionLost(LocallyClosed) })")
2026-10-07T20:32:03.503773Z  WARN p2panda_sync::protocols::topic_log_sync: sync session closed with error error=DecodeMessage("Io(Custom { kind: NotConnected, error: ConnectionLost(LocallyClosed) })")
2026-10-07T20:32:03.503874Z  WARN p2panda_sync::protocols::topic_log_sync: sync session closed with error error=DecodeMessage("Io(Custom { kind: NotConnected, error: ConnectionLost(LocallyClosed) })")
2026-10-07T20:32:03.504440Z  WARN p2panda_sync::protocols::topic_log_sync: sync session closed with error error=DecodeMessage("Io(Custom { kind: NotConnected, error: ConnectionLost(LocallyClosed) })")
2026-10-07T20:32:03.505863Z  WARN p2panda_sync::protocols::topic_log_sync: sync session closed with error error=DecodeMessage("Io(Custom { kind: NotConnected, error: ConnectionLost(LocallyClosed) })")
2026-10-07T20:32:03.515936Z  WARN p2panda_sync::protocols::topic_log_sync: sync session closed with error error=DecodeMessage("Io(Custom { kind: NotConnected, error: ConnectionLost(LocallyClosed) })")
2026-10-07T20:32:03.517083Z  WARN p2panda_sync::protocols::topic_log_sync: sync session closed with error error=DecodeMessage("Io(Custom { kind: NotConnected, error: ConnectionLost(ApplicationClosed(ApplicationClose { error_code: 0, reason: b\"\" })) })")
2026-10-07T20:32:03.517588Z  WARN p2panda_sync::protocols::topic_log_sync: sync session closed with error error=DecodeMessage("Io(Custom { kind: NotConnected, error: ConnectionLost(ApplicationClosed(ApplicationClose { error_code: 0, reason: b\"\" })) })")
2026-10-07T20:32:03.517905Z  WARN p2panda_sync::protocols::topic_log_sync: sync session closed with error error=DecodeMessage("Io(Custom { kind: NotConnected, error: ConnectionLost(ApplicationClosed(ApplicationClose { error_code: 0, reason: b\"\" })) })")
2026-10-07T20:32:03.517911Z  WARN p2panda_sync::protocols::topic_log_sync: sync session closed with error error=DecodeMessage("Io(Custom { kind: NotConnected, error: ConnectionLost(LocallyClosed) })")
2026-10-07T20:32:03.517950Z  WARN p2panda_net::sync::actors::topic_manager: sync session failed: Io(Custom { kind: NotConnected, error: ConnectionLost(ApplicationClosed(ApplicationClose { error_code: 0, reason: b"" })) }) session_id=1 topic="e811968372"
2026-10-07T20:32:03.518005Z  WARN p2panda_sync::protocols::topic_log_sync: sync session closed with error error=DecodeMessage("Io(Custom { kind: NotConnected, error: ConnectionLost(LocallyClosed) })")
2026-10-07T20:32:03.518168Z  WARN p2panda_sync::protocols::topic_log_sync: sync session closed with error error=DecodeMessage("Io(Custom { kind: NotConnected, error: ConnectionLost(ApplicationClosed(ApplicationClose { error_code: 0, reason: b\"\" })) })")
2026-10-07T20:32:03.518225Z  WARN p2panda_net::sync::actors::topic_manager: sync session failed: Io(Custom { kind: NotConnected, error: ConnectionLost(ApplicationClosed(ApplicationClose { error_code: 0, reason: b"" })) }) session_id=1 topic="5f969c1ec6"
2026-10-07T20:32:03.518307Z  WARN p2panda_sync::protocols::topic_log_sync: sync session closed with error error=DecodeMessage("Io(Custom { kind: NotConnected, error: ConnectionLost(LocallyClosed) })")
2026-10-07T20:32:03.519382Z  WARN p2panda_sync::protocols::topic_log_sync: sync session closed with error error=DecodeMessage("Io(Custom { kind: NotConnected, error: ConnectionLost(ApplicationClosed(ApplicationClose { error_code: 0, reason: b\"\" })) })")
2026-10-07T20:32:03.520386Z  WARN p2panda_sync::protocols::topic_log_sync: sync session closed with error error=DecodeMessage("Io(Custom { kind: NotConnected, error: ConnectionLost(ApplicationClosed(ApplicationClose { error_code: 0, reason: b\"\" })) })")
2026-10-07T20:32:03.528111Z  WARN p2panda_sync::protocols::topic_log_sync: sync session closed with error error=DecodeMessage("Io(Custom { kind: NotConnected, error: ConnectionLost(ApplicationClosed(ApplicationClose { error_code: 0, reason: b\"\" })) })")
2026-10-07T20:32:03.528574Z  WARN p2panda_sync::protocols::topic_log_sync: sync session closed with error error=DecodeMessage("Io(Custom { kind: NotConnected, error: ConnectionLost(ApplicationClosed(ApplicationClose { error_code: 0, reason: b\"\" })) })")
2026-10-07T20:32:03.530012Z  WARN p2panda_sync::protocols::topic_log_sync: sync session closed with error error=DecodeMessage("Io(Custom { kind: NotConnected, error: ConnectionLost(ApplicationClosed(ApplicationClose { error_code: 0, reason: b\"\" })) })")
2026-10-07T20:32:03.530131Z  WARN p2panda_sync::protocols::topic_log_sync: sync session closed with error error=DecodeMessage("Io(Custom { kind: NotConnected, error: ConnectionLost(ApplicationClosed(ApplicationClose { error_code: 0, reason: b\"\" })) })")
2026-10-07T20:32:03.530195Z  WARN p2panda_sync::protocols::topic_log_sync: sync session closed with error error=DecodeMessage("Io(Custom { kind: NotConnected, error: ConnectionLost(ApplicationClosed(ApplicationClose { error_code: 0, reason: b\"\" })) })")
2026-10-07T20:32:03.540734Z  WARN p2panda_sync::protocols::topic_log_sync: sync session closed with error error=DecodeMessage("Io(Custom { kind: NotConnected, error: ConnectionLost(ApplicationClosed(ApplicationClose { error_code: 0, reason: b\"\" })) })")
2026-10-07T20:32:03.542029Z ERROR iroh::socket::transports::relay: relay_recv_channel closed
2026-10-07T20:32:03.543495Z  WARN p2panda_net::iroh_endpoint::actors::connection: ignoring connection: accepting failed: the cryptographic handshake failed: error 120: peer doesn't support any known protocol
2026-10-07T20:32:03.544689Z  WARN p2panda_net::iroh_endpoint::actors::connection: connection establishment failed: aborted by peer: the cryptographic handshake failed: error 120: peer doesn't support any known protocol
2026-10-07T20:32:03.546509Z  WARN p2panda_net::sync::actors::topic_manager: sync session failed: Io(Custom { kind: NotConnected, error: ConnectionLost(ApplicationClosed(ApplicationClose { error_code: 0, reason: b"" })) }) session_id=1 topic="e811968372"
2026-10-07T20:32:03.547017Z ERROR iroh::socket::transports::relay: relay_recv_channel closed
2026-10-07T20:32:03.547819Z  WARN p2panda_sync::protocols::topic_log_sync: sync session closed with error error=DecodeMessage("Io(Custom { kind: NotConnected, error: ConnectionLost(ApplicationClosed(ApplicationClose { error_code: 0, reason: b\"\" })) })")
2026-10-07T20:32:03.552874Z  WARN p2panda_net::sync::actors::topic_manager: sync session failed: Io(Custom { kind: NotConnected, error: ConnectionLost(ApplicationClosed(ApplicationClose { error_code: 0, reason: b"" })) }) session_id=1 topic="d53244878b"
2026-10-07T20:32:03.556700Z  WARN p2panda_net::sync::actors::topic_manager: sync session failed: aborted by peer: the cryptographic handshake failed: error 120: peer doesn't support any known protocol session_id=2 topic="863c797d13"
test place::worker::tests::a_revoked_member_reaches_no_projected_place_state ... ok
test place::lanes::tests::a_joined_member_reads_chat_authored_after_a_later_invite ... ok
2026-10-07T20:32:07.385239Z  WARN p2panda_net::sync::actors::topic_manager: sync session failed: Io(Custom { kind: NotConnected, error: ConnectionLost(LocallyClosed) }) session_id=3 topic="e811968372"
2026-10-07T20:32:07.477621Z  WARN p2panda_net::sync::actors::topic_manager: sync session failed: Io(Custom { kind: NotConnected, error: ConnectionLost(ApplicationClosed(ApplicationClose { error_code: 0, reason: b"" })) }) session_id=1 topic="a47da37282"
2026-10-07T20:32:07.477873Z  WARN p2panda_net::sync::actors::topic_manager: sync session failed: Io(Custom { kind: NotConnected, error: ConnectionLost(ApplicationClosed(ApplicationClose { error_code: 0, reason: b"" })) }) session_id=0 topic="e811968372"
2026-10-07T20:32:07.589391Z  WARN p2panda_net::sync::actors::topic_manager: sync session failed: Io(Custom { kind: NotConnected, error: ConnectionLost(ApplicationClosed(ApplicationClose { error_code: 0, reason: b"" })) }) session_id=1 topic="e811968372"
2026-10-07T20:32:07.606470Z  WARN p2panda_net::sync::actors::topic_manager: sync session failed: Io(Custom { kind: NotConnected, error: ConnectionLost(ApplicationClosed(ApplicationClose { error_code: 0, reason: b"" })) }) session_id=0 topic="e811968372"
2026-10-07T20:32:07.608306Z  WARN p2panda_net::sync::actors::topic_manager: sync session failed: Io(Custom { kind: NotConnected, error: ConnectionLost(ApplicationClosed(ApplicationClose { error_code: 0, reason: b"" })) }) session_id=0 topic="a47da37282"
2026-10-07T20:32:07.608346Z  WARN p2panda_net::sync::actors::topic_manager: sync session failed: Io(Custom { kind: NotConnected, error: ConnectionLost(ApplicationClosed(ApplicationClose { error_code: 0, reason: b"" })) }) session_id=1 topic="e811968372"
2026-10-07T20:32:07.644617Z  WARN p2panda_net::sync::actors::topic_manager: sync session failed: Io(Custom { kind: NotConnected, error: ConnectionLost(ApplicationClosed(ApplicationClose { error_code: 0, reason: b"" })) }) session_id=0 topic="e811968372"
2026-10-07T20:32:07.653729Z  WARN p2panda_net::sync::actors::topic_manager: sync session failed: Io(Custom { kind: NotConnected, error: ConnectionLost(ApplicationClosed(ApplicationClose { error_code: 0, reason: b"" })) }) session_id=1 topic="e811968372"
2026-10-07T20:32:07.668693Z  WARN p2panda_net::sync::actors::topic_manager: sync session failed: Io(Custom { kind: NotConnected, error: ConnectionLost(ApplicationClosed(ApplicationClose { error_code: 0, reason: b"" })) }) session_id=0 topic="e811968372"
2026-10-07T20:32:07.670267Z  WARN p2panda_net::sync::actors::topic_manager: sync session failed: Io(Custom { kind: NotConnected, error: ConnectionLost(ApplicationClosed(ApplicationClose { error_code: 0, reason: b"" })) }) session_id=1 topic="d53244878b"
2026-10-07T20:32:07.671378Z  WARN p2panda_net::sync::actors::topic_manager: sync session failed: Io(Custom { kind: NotConnected, error: ConnectionLost(ApplicationClosed(ApplicationClose { error_code: 0, reason: b"" })) }) session_id=0 topic="e811968372"
2026-10-07T20:32:07.683294Z  WARN p2panda_net::sync::actors::topic_manager: sync session failed: Io(Custom { kind: NotConnected, error: ConnectionLost(ApplicationClosed(ApplicationClose { error_code: 0, reason: b"" })) }) session_id=1 topic="e811968372"
2026-10-07T20:32:07.683496Z  WARN p2panda_net::sync::actors::topic_manager: sync session failed: Io(Custom { kind: NotConnected, error: ConnectionLost(ApplicationClosed(ApplicationClose { error_code: 0, reason: b"" })) }) session_id=0 topic="e811968372"
2026-10-07T20:32:07.685279Z  WARN p2panda_net::sync::actors::topic_manager: sync session failed: Io(Custom { kind: NotConnected, error: ConnectionLost(ApplicationClosed(ApplicationClose { error_code: 0, reason: b"" })) }) session_id=1 topic="d53244878b"
2026-10-07T20:32:07.697014Z  WARN p2panda_net::sync::actors::topic_manager: sync session failed: Io(Custom { kind: NotConnected, error: ConnectionLost(ApplicationClosed(ApplicationClose { error_code: 0, reason: b"" })) }) session_id=0 topic="e811968372"
2026-10-07T20:32:07.698209Z  WARN p2panda_net::sync::actors::topic_manager: sync session failed: Io(Custom { kind: NotConnected, error: ConnectionLost(ApplicationClosed(ApplicationClose { error_code: 0, reason: b"" })) }) session_id=0 topic="e811968372"
2026-10-07T20:32:07.699070Z  WARN p2panda_net::sync::actors::topic_manager: sync session failed: Io(Custom { kind: NotConnected, error: ConnectionLost(ApplicationClosed(ApplicationClose { error_code: 0, reason: b"" })) }) session_id=1 topic="a47da37282"
2026-10-07T20:32:07.699374Z  WARN p2panda_net::sync::actors::topic_manager: sync session failed: Io(Custom { kind: NotConnected, error: ConnectionLost(ApplicationClosed(ApplicationClose { error_code: 0, reason: b"" })) }) session_id=0 topic="e811968372"
2026-10-07T20:32:07.709576Z  WARN p2panda_net::sync::actors::topic_manager: sync session failed: Io(Custom { kind: NotConnected, error: ConnectionLost(LocallyClosed) }) session_id=0 topic="e811968372"
2026-10-07T20:32:07.753944Z  WARN p2panda_net::sync::actors::topic_manager: sync session failed: Io(Custom { kind: NotConnected, error: ConnectionLost(ApplicationClosed(ApplicationClose { error_code: 0, reason: b"" })) }) session_id=0 topic="5f969c1ec6"
2026-10-07T20:32:07.760034Z  WARN p2panda_net::sync::actors::topic_manager: sync session failed: Io(Custom { kind: NotConnected, error: ConnectionLost(ApplicationClosed(ApplicationClose { error_code: 0, reason: b"" })) }) session_id=2 topic="e811968372"
test place::worker::tests::reconnect_refuses_removed_local_membership_before_dialing_and_keeps_cache ... FAILED
2026-10-07T20:32:08.528287Z  WARN p2panda_net::sync::actors::topic_manager: sync session failed: Io(Custom { kind: NotConnected, error: ConnectionLost(ApplicationClosed(ApplicationClose { error_code: 0, reason: b"" })) }) session_id=3 topic="5f969c1ec6"
2026-10-07T20:32:08.693392Z  WARN p2panda_net::sync::actors::topic_manager: sync session failed: Io(Custom { kind: NotConnected, error: ConnectionLost(ApplicationClosed(ApplicationClose { error_code: 0, reason: b"" })) }) session_id=0 topic="e811968372"
2026-10-07T20:32:08.694977Z  WARN p2panda_net::sync::actors::topic_manager: sync session failed: Io(Custom { kind: NotConnected, error: ConnectionLost(ApplicationClosed(ApplicationClose { error_code: 0, reason: b"" })) }) session_id=0 topic="e811968372"
2026-10-07T20:32:08.696481Z  WARN p2panda_net::sync::actors::topic_manager: sync session failed: Io(Custom { kind: NotConnected, error: ConnectionLost(ApplicationClosed(ApplicationClose { error_code: 0, reason: b"" })) }) session_id=3 topic="d53244878b"
2026-10-07T20:32:09.303058Z  WARN p2panda_net::iroh_mdns::actor: found invalid transport info coming from iroh's services endpoint_id=9b662f09bb44edb188b2a022b4eb969d44181252866340d454e017372d38d19b
2026-10-07T20:32:09.304752Z  WARN p2panda_net::iroh_mdns::actor: found invalid transport info coming from iroh's services endpoint_id=9b662f09bb44edb188b2a022b4eb969d44181252866340d454e017372d38d19b
2026-10-07T20:32:09.306056Z  WARN p2panda_net::iroh_mdns::actor: found invalid transport info coming from iroh's services endpoint_id=9b662f09bb44edb188b2a022b4eb969d44181252866340d454e017372d38d19b
2026-10-07T20:32:09.306325Z  WARN p2panda_net::iroh_mdns::actor: found invalid transport info coming from iroh's services endpoint_id=9b662f09bb44edb188b2a022b4eb969d44181252866340d454e017372d38d19b
2026-10-07T20:32:09.308195Z  WARN p2panda_net::iroh_mdns::actor: found invalid transport info coming from iroh's services endpoint_id=9b662f09bb44edb188b2a022b4eb969d44181252866340d454e017372d38d19b
2026-10-07T20:32:09.314225Z  WARN p2panda_net::iroh_mdns::actor: found invalid transport info coming from iroh's services endpoint_id=9b662f09bb44edb188b2a022b4eb969d44181252866340d454e017372d38d19b
2026-10-07T20:32:09.315941Z  WARN p2panda_net::iroh_mdns::actor: found invalid transport info coming from iroh's services endpoint_id=9b662f09bb44edb188b2a022b4eb969d44181252866340d454e017372d38d19b
2026-10-07T20:32:09.317583Z  WARN p2panda_net::iroh_mdns::actor: found invalid transport info coming from iroh's services endpoint_id=9b662f09bb44edb188b2a022b4eb969d44181252866340d454e017372d38d19b
2026-10-07T20:32:09.318128Z  WARN p2panda_net::iroh_mdns::actor: found invalid transport info coming from iroh's services endpoint_id=9b662f09bb44edb188b2a022b4eb969d44181252866340d454e017372d38d19b
2026-10-07T20:32:09.318183Z  WARN p2panda_net::iroh_mdns::actor: found invalid transport info coming from iroh's services endpoint_id=9b662f09bb44edb188b2a022b4eb969d44181252866340d454e017372d38d19b
2026-10-07T20:32:09.318761Z  WARN p2panda_net::iroh_mdns::actor: found invalid transport info coming from iroh's services endpoint_id=9b662f09bb44edb188b2a022b4eb969d44181252866340d454e017372d38d19b
2026-10-07T20:32:09.320162Z  WARN p2panda_net::iroh_mdns::actor: found invalid transport info coming from iroh's services endpoint_id=9b662f09bb44edb188b2a022b4eb969d44181252866340d454e017372d38d19b
2026-10-07T20:32:09.321545Z  WARN p2panda_net::iroh_mdns::actor: found invalid transport info coming from iroh's services endpoint_id=9b662f09bb44edb188b2a022b4eb969d44181252866340d454e017372d38d19b
test place::worker::tests::a_reader_invitation_admits_a_member_that_cannot_author ... ok
2026-10-07T20:32:11.100319Z ERROR iroh::socket::transports::relay: relay_recv_channel closed
2026-10-07T20:32:11.213538Z  WARN iroh::socket: tasks didn't finish in time, aborting
2026-10-07T20:32:12.080441Z  WARN p2panda_net::iroh_endpoint::actors::connection: accepting incoming connection ended with error: closed
2026-10-07T20:32:12.080688Z  WARN p2panda_net::iroh_endpoint::actors::connection: accepting incoming connection ended with error: closed
2026-10-07T20:32:12.080770Z  WARN p2panda_net::iroh_endpoint::actors::connection: connection establishment failed: closed
2026-10-07T20:32:12.405319Z  WARN p2panda_net::sync::actors::topic_manager: sync session failed: Io(Custom { kind: NotConnected, error: ConnectionLost(LocallyClosed) }) session_id=5 topic="e811968372"
2026-10-07T20:32:12.528849Z  WARN p2panda_net::sync::actors::topic_manager: sync session failed: Io(Custom { kind: NotConnected, error: ConnectionLost(LocallyClosed) }) session_id=3 topic="a47da37282"
2026-10-07T20:32:12.608096Z  WARN p2panda_net::sync::actors::topic_manager: sync session failed: Io(Custom { kind: NotConnected, error: ConnectionLost(ApplicationClosed(ApplicationClose { error_code: 0, reason: b"" })) }) session_id=1 topic="e811968372"
2026-10-07T20:32:12.655463Z  WARN p2panda_net::sync::actors::topic_manager: sync session failed: Io(Custom { kind: NotConnected, error: ConnectionLost(LocallyClosed) }) session_id=3 topic="e811968372"
2026-10-07T20:32:12.659388Z  WARN p2panda_net::sync::actors::topic_manager: sync session failed: Io(Custom { kind: NotConnected, error: ConnectionLost(ApplicationClosed(ApplicationClose { error_code: 0, reason: b"" })) }) session_id=1 topic="a47da37282"
2026-10-07T20:32:12.669034Z  WARN p2panda_net::sync::actors::topic_manager: sync session failed: Io(Custom { kind: NotConnected, error: ConnectionLost(LocallyClosed) }) session_id=3 topic="e811968372"
2026-10-07T20:32:12.673478Z  WARN p2panda_net::sync::actors::topic_manager: sync session failed: Io(Custom { kind: NotConnected, error: ConnectionLost(LocallyClosed) }) session_id=3 topic="e811968372"
2026-10-07T20:32:12.685058Z  WARN p2panda_net::sync::actors::topic_manager: sync session failed: Io(Custom { kind: NotConnected, error: ConnectionLost(LocallyClosed) }) session_id=3 topic="e811968372"
2026-10-07T20:32:12.686331Z  WARN p2panda_net::sync::actors::topic_manager: sync session failed: Io(Custom { kind: NotConnected, error: ConnectionLost(LocallyClosed) }) session_id=3 topic="d53244878b"
2026-10-07T20:32:12.701691Z  WARN p2panda_net::sync::actors::topic_manager: sync session failed: Io(Custom { kind: NotConnected, error: ConnectionLost(LocallyClosed) }) session_id=3 topic="e811968372"
2026-10-07T20:32:12.706477Z  WARN p2panda_net::sync::actors::topic_manager: sync session failed: Io(Custom { kind: NotConnected, error: ConnectionLost(LocallyClosed) }) session_id=3 topic="e811968372"
2026-10-07T20:32:12.724740Z ERROR iroh::socket::remote_map::remote_state: could not close last open path
2026-10-07T20:32:12.724893Z ERROR iroh::socket::remote_map::remote_state: could not close last open path
2026-10-07T20:32:12.724917Z ERROR iroh::socket::remote_map::remote_state: could not close last open path
2026-10-07T20:32:12.724935Z ERROR iroh::socket::remote_map::remote_state: could not close last open path
2026-10-07T20:32:12.724957Z ERROR iroh::socket::remote_map::remote_state: could not close last open path
2026-10-07T20:32:12.724976Z ERROR iroh::socket::remote_map::remote_state: could not close last open path
2026-10-07T20:32:12.724995Z ERROR iroh::socket::remote_map::remote_state: could not close last open path
2026-10-07T20:32:12.730356Z ERROR iroh::socket::remote_map::remote_state: could not close last open path
2026-10-07T20:32:12.730427Z ERROR iroh::socket::remote_map::remote_state: could not close last open path
2026-10-07T20:32:12.730456Z ERROR iroh::socket::remote_map::remote_state: could not close last open path
2026-10-07T20:32:12.730478Z ERROR iroh::socket::remote_map::remote_state: could not close last open path
2026-10-07T20:32:12.730509Z ERROR iroh::socket::remote_map::remote_state: could not close last open path
2026-10-07T20:32:12.730541Z ERROR iroh::socket::remote_map::remote_state: could not close last open path
2026-10-07T20:32:12.730576Z ERROR iroh::socket::remote_map::remote_state: could not close last open path
2026-10-07T20:32:12.730769Z ERROR iroh::socket::remote_map::remote_state: could not close last open path
2026-10-07T20:32:12.730802Z ERROR iroh::socket::remote_map::remote_state: could not close last open path
2026-10-07T20:32:12.730823Z ERROR iroh::socket::remote_map::remote_state: could not close last open path
2026-10-07T20:32:12.730841Z ERROR iroh::socket::remote_map::remote_state: could not close last open path
2026-10-07T20:32:12.730863Z ERROR iroh::socket::remote_map::remote_state: could not close last open path
2026-10-07T20:32:12.730885Z ERROR iroh::socket::remote_map::remote_state: could not close last open path
2026-10-07T20:32:12.730905Z ERROR iroh::socket::remote_map::remote_state: could not close last open path
2026-10-07T20:32:12.731118Z ERROR iroh::socket::remote_map::remote_state: could not close last open path
2026-10-07T20:32:12.731162Z ERROR iroh::socket::remote_map::remote_state: could not close last open path
2026-10-07T20:32:12.731184Z ERROR iroh::socket::remote_map::remote_state: could not close last open path
2026-10-07T20:32:12.731210Z ERROR iroh::socket::remote_map::remote_state: could not close last open path
2026-10-07T20:32:12.731231Z ERROR iroh::socket::remote_map::remote_state: could not close last open path
2026-10-07T20:32:12.731251Z ERROR iroh::socket::remote_map::remote_state: could not close last open path
2026-10-07T20:32:12.731416Z ERROR iroh::socket::remote_map::remote_state: could not close last open path
2026-10-07T20:32:12.731451Z ERROR iroh::socket::remote_map::remote_state: could not close last open path
2026-10-07T20:32:12.731475Z ERROR iroh::socket::remote_map::remote_state: could not close last open path
2026-10-07T20:32:12.731493Z ERROR iroh::socket::remote_map::remote_state: could not close last open path
2026-10-07T20:32:12.731515Z ERROR iroh::socket::remote_map::remote_state: could not close last open path
2026-10-07T20:32:12.731678Z ERROR iroh::socket::remote_map::remote_state: could not close last open path
2026-10-07T20:32:12.731716Z ERROR iroh::socket::remote_map::remote_state: could not close last open path
2026-10-07T20:32:12.731735Z ERROR iroh::socket::remote_map::remote_state: could not close last open path
2026-10-07T20:32:12.731755Z ERROR iroh::socket::remote_map::remote_state: could not close last open path
2026-10-07T20:32:12.731930Z ERROR iroh::socket::remote_map::remote_state: could not close last open path
2026-10-07T20:32:12.731966Z ERROR iroh::socket::remote_map::remote_state: could not close last open path
2026-10-07T20:32:12.731989Z ERROR iroh::socket::remote_map::remote_state: could not close last open path
2026-10-07T20:32:12.756399Z  WARN p2panda_net::sync::actors::topic_manager: sync session failed: Io(Custom { kind: NotConnected, error: ConnectionLost(LocallyClosed) }) session_id=5 topic="e811968372"
2026-10-07T20:32:12.766750Z  WARN p2panda_net::sync::actors::topic_manager: sync session failed: Io(Custom { kind: NotConnected, error: ConnectionLost(LocallyClosed) }) session_id=3 topic="5f969c1ec6"
2026-10-07T20:32:12.769452Z ERROR iroh::socket::remote_map::remote_state: could not close last open path
2026-10-07T20:32:12.784862Z ERROR iroh::socket::remote_map::remote_state: could not close last open path
2026-10-07T20:32:12.785271Z ERROR iroh::socket::remote_map::remote_state: could not close last open path
2026-10-07T20:32:12.795032Z  WARN p2panda_net::sync::actors::topic_manager: sync session failed: Io(Custom { kind: NotConnected, error: ConnectionLost(ApplicationClosed(ApplicationClose { error_code: 0, reason: b"" })) }) session_id=1 topic="e811968372"
2026-10-07T20:32:12.800873Z  WARN p2panda_net::iroh_endpoint::actors::connection: connection establishment failed: aborted by peer: the application or application protocol caused the connection to be closed during the handshake
2026-10-07T20:32:12.801061Z  WARN p2panda_net::iroh_endpoint::actors::connection: connection establishment failed: aborted by peer: the application or application protocol caused the connection to be closed during the handshake
2026-10-07T20:32:12.807846Z  WARN p2panda_net::sync::actors::topic_manager: sync session failed: aborted by peer: the application or application protocol caused the connection to be closed during the handshake session_id=2 topic="a1dffc45a2"
2026-10-07T20:32:12.810738Z  WARN p2panda_net::iroh_endpoint::actors::connection: accepting incoming connection ended with error: aborted by peer: the application or application protocol caused the connection to be closed during the handshake
2026-10-07T20:32:12.812933Z  WARN p2panda_net::sync::actors::topic_manager: sync session failed: aborted by peer: the application or application protocol caused the connection to be closed during the handshake session_id=2 topic="a1dffc45a2"
2026-10-07T20:32:12.813403Z  WARN p2panda_net::sync::actors::topic_manager: sync session failed: closed by peer: 0 session_id=1 topic="b95fac5f61"
2026-10-07T20:32:12.813645Z  WARN p2panda_net::sync::actors::topic_manager: sync session failed: closed by peer: 0 session_id=2 topic="a1dffc45a2"
2026-10-07T20:32:12.815731Z  WARN p2panda_net::sync::actors::topic_manager: sync session failed: closed by peer: 0 session_id=1 topic="21d3eee885"
2026-10-07T20:32:12.815782Z  WARN p2panda_net::sync::actors::topic_manager: sync session failed: closed by peer: 0 session_id=2 topic="a1dffc45a2"
2026-10-07T20:32:12.816983Z  WARN p2panda_net::sync::actors::topic_manager: sync session failed: closed by peer: 0 session_id=2 topic="a1dffc45a2"
2026-10-07T20:32:12.819037Z  WARN p2panda_net::sync::actors::topic_manager: sync session failed: closed by peer: 0 session_id=2 topic="a1dffc45a2"
2026-10-07T20:32:12.819446Z  WARN p2panda_net::sync::actors::topic_manager: sync session failed: closed by peer: 0 session_id=1 topic="97e6568e15"
2026-10-07T20:32:12.820512Z  WARN p2panda_net::sync::actors::topic_manager: sync session failed: closed by peer: 0 session_id=1 topic="a1dffc45a2"
2026-10-07T20:32:13.255619Z  WARN p2panda_net::iroh_endpoint::actors::connection: ignoring connection: accepting failed: the cryptographic handshake failed: error 120: peer doesn't support any known protocol
2026-10-07T20:32:13.741120Z  WARN p2panda_net::sync::actors::topic_manager: sync session failed: Io(Custom { kind: NotConnected, error: ConnectionLost(LocallyClosed) }) session_id=3 topic="e811968372"
2026-10-07T20:32:13.905381Z  WARN p2panda_net::iroh_endpoint::actors::connection: connection establishment failed: aborted by peer: the cryptographic handshake failed: error 120: peer doesn't support any known protocol
2026-10-07T20:32:13.921496Z  WARN p2panda_net::sync::actors::topic_manager: sync session failed: aborted by peer: the cryptographic handshake failed: error 120: peer doesn't support any known protocol session_id=2 topic="78a1a26b17"
2026-10-07T20:32:14.395624Z  WARN p2panda_net::iroh_endpoint::actors::connection: ignoring connection: accepting failed: the cryptographic handshake failed: error 120: peer doesn't support any known protocol
2026-10-07T20:32:14.407791Z  WARN p2panda_net::iroh_endpoint::actors::connection: ignoring connection: accepting failed: the cryptographic handshake failed: error 120: peer doesn't support any known protocol
2026-10-07T20:32:14.414261Z  WARN p2panda_net::iroh_endpoint::actors::connection: connection establishment failed: aborted by peer: the cryptographic handshake failed: error 120: peer doesn't support any known protocol
2026-10-07T20:32:14.414897Z  WARN p2panda_net::iroh_endpoint::actors::connection: connection establishment failed: aborted by peer: the cryptographic handshake failed: error 120: peer doesn't support any known protocol
2026-10-07T20:32:14.420513Z  WARN p2panda_net::sync::actors::topic_manager: sync session failed: aborted by peer: the cryptographic handshake failed: error 120: peer doesn't support any known protocol session_id=2 topic="78a1a26b17"
2026-10-07T20:32:14.422410Z  WARN p2panda_net::sync::actors::topic_manager: sync session failed: aborted by peer: the cryptographic handshake failed: error 120: peer doesn't support any known protocol session_id=2 topic="78a1a26b17"
2026-10-07T20:32:14.551745Z ERROR iroh::socket::transports::relay: relay_recv_channel closed
2026-10-07T20:32:14.570570Z ERROR iroh::socket::transports::relay: relay_recv_channel closed
test place::worker::tests::an_authored_invitation_admits_on_the_other_side ... ok
test place::worker::tests::a_founded_place_invites_an_offered_prekey_and_admits_it ... ok
2026-10-07T20:32:17.095379Z  WARN p2panda_sync::protocols::topic_log_sync: sync session closed with error error=DecodeMessage("Io(Custom { kind: NotConnected, error: ConnectionLost(LocallyClosed) })")
2026-10-07T20:32:17.095897Z  WARN p2panda_sync::protocols::topic_log_sync: sync session closed with error error=DecodeMessage("Io(Custom { kind: NotConnected, error: ConnectionLost(ApplicationClosed(ApplicationClose { error_code: 0, reason: b\"\" })) })")
2026-10-07T20:32:17.096286Z  WARN p2panda_net::sync::actors::topic_manager: sync session failed: Io(Custom { kind: NotConnected, error: ConnectionLost(LocallyClosed) }) session_id=2 topic="6ed97aed5e"
2026-10-07T20:32:17.096522Z  WARN p2panda_sync::protocols::topic_log_sync: sync session closed with error error=DecodeMessage("Io(Custom { kind: NotConnected, error: ConnectionLost(ApplicationClosed(ApplicationClose { error_code: 0, reason: b\"\" })) })")
2026-10-07T20:32:17.096550Z  WARN p2panda_sync::protocols::topic_log_sync: sync session closed with error error=DecodeMessage("Io(Custom { kind: NotConnected, error: ConnectionLost(ApplicationClosed(ApplicationClose { error_code: 0, reason: b\"\" })) })")
2026-10-07T20:32:17.096954Z  WARN p2panda_net::sync::actors::topic_manager: sync session failed: Io(Custom { kind: NotConnected, error: ConnectionLost(ApplicationClosed(ApplicationClose { error_code: 0, reason: b"" })) }) session_id=0 topic="92ae001702"
2026-10-07T20:32:17.096904Z  WARN p2panda_net::sync::actors::topic_manager: sync session failed: Io(Custom { kind: NotConnected, error: ConnectionLost(ApplicationClosed(ApplicationClose { error_code: 0, reason: b"" })) }) session_id=1 topic="6ed97aed5e"
2026-10-07T20:32:17.097213Z  WARN p2panda_sync::protocols::topic_log_sync: sync session closed with error error=DecodeMessage("Io(Custom { kind: NotConnected, error: ConnectionLost(ApplicationClosed(ApplicationClose { error_code: 0, reason: b\"\" })) })")
2026-10-07T20:32:17.097237Z  WARN p2panda_sync::protocols::topic_log_sync: sync session closed with error error=DecodeMessage("Io(Custom { kind: NotConnected, error: ConnectionLost(ApplicationClosed(ApplicationClose { error_code: 0, reason: b\"\" })) })")
2026-10-07T20:32:17.097302Z  WARN p2panda_net::sync::actors::topic_manager: sync session failed: log sync error receiving from message stream: MessageStream("Io(Custom { kind: NotConnected, error: ConnectionLost(ApplicationClosed(ApplicationClose { error_code: 0, reason: b\"\" })) })") session_id=0 topic="78a1a26b17"
2026-10-07T20:32:17.097358Z  WARN p2panda_net::sync::actors::topic_manager: sync session failed: Io(Custom { kind: NotConnected, error: ConnectionLost(ApplicationClosed(ApplicationClose { error_code: 0, reason: b"" })) }) session_id=0 topic="78a1a26b17"
2026-10-07T20:32:17.097666Z  WARN p2panda_net::sync::actors::topic_manager: sync session failed: Io(Custom { kind: NotConnected, error: ConnectionLost(ApplicationClosed(ApplicationClose { error_code: 0, reason: b"" })) }) session_id=1 topic="78a1a26b17"
2026-10-07T20:32:17.097805Z  WARN p2panda_net::sync::actors::topic_manager: sync session failed: log sync error receiving from message stream: MessageStream("Io(Custom { kind: NotConnected, error: ConnectionLost(ApplicationClosed(ApplicationClose { error_code: 0, reason: b\"\" })) })") session_id=0 topic="78a1a26b17"
2026-10-07T20:32:17.097908Z  WARN p2panda_sync::protocols::topic_log_sync: sync session closed with error error=DecodeMessage("Io(Custom { kind: NotConnected, error: ConnectionLost(ApplicationClosed(ApplicationClose { error_code: 0, reason: b\"\" })) })")
2026-10-07T20:32:17.098186Z  WARN p2panda_sync::protocols::topic_log_sync: sync session closed with error error=DecodeMessage("Io(Custom { kind: NotConnected, error: ConnectionLost(ApplicationClosed(ApplicationClose { error_code: 0, reason: b\"\" })) })")
2026-10-07T20:32:17.098314Z  WARN p2panda_net::sync::actors::topic_manager: sync session failed: Io(Custom { kind: NotConnected, error: ConnectionLost(ApplicationClosed(ApplicationClose { error_code: 0, reason: b"" })) }) session_id=1 topic="78a1a26b17"
2026-10-07T20:32:17.098664Z  WARN p2panda_sync::protocols::topic_log_sync: sync session closed with error error=DecodeMessage("Io(Custom { kind: NotConnected, error: ConnectionLost(ApplicationClosed(ApplicationClose { error_code: 0, reason: b\"\" })) })")
2026-10-07T20:32:17.099278Z  WARN p2panda_net::sync::actors::topic_manager: sync session failed: log sync error receiving from message stream: MessageStream("Io(Custom { kind: NotConnected, error: ConnectionLost(ApplicationClosed(ApplicationClose { error_code: 0, reason: b\"\" })) })") session_id=0 topic="78a1a26b17"
2026-10-07T20:32:17.099447Z  WARN p2panda_sync::protocols::topic_log_sync: sync session closed with error error=DecodeMessage("Io(Custom { kind: NotConnected, error: ConnectionLost(ApplicationClosed(ApplicationClose { error_code: 0, reason: b\"\" })) })")
2026-10-07T20:32:17.099914Z  WARN p2panda_sync::protocols::topic_log_sync: sync session closed with error error=DecodeMessage("Io(Custom { kind: NotConnected, error: ConnectionLost(ApplicationClosed(ApplicationClose { error_code: 0, reason: b\"\" })) })")
2026-10-07T20:32:17.099828Z  WARN p2panda_sync::protocols::topic_log_sync: sync session closed with error error=DecodeMessage("Io(Custom { kind: NotConnected, error: ConnectionLost(ApplicationClosed(ApplicationClose { error_code: 0, reason: b\"\" })) })")
2026-10-07T20:32:17.100462Z  WARN p2panda_sync::protocols::topic_log_sync: sync session closed with error error=DecodeMessage("Io(Custom { kind: NotConnected, error: ConnectionLost(ApplicationClosed(ApplicationClose { error_code: 0, reason: b\"\" })) })")
2026-10-07T20:32:17.100592Z  WARN p2panda_net::sync::actors::topic_manager: sync session failed: Io(Custom { kind: NotConnected, error: ConnectionLost(ApplicationClosed(ApplicationClose { error_code: 0, reason: b"" })) }) session_id=0 topic="a0b435b608"
2026-10-07T20:32:17.100648Z  WARN p2panda_sync::protocols::topic_log_sync: sync session closed with error error=DecodeMessage("Io(Custom { kind: NotConnected, error: ConnectionLost(ApplicationClosed(ApplicationClose { error_code: 0, reason: b\"\" })) })")
2026-10-07T20:32:17.100923Z  WARN p2panda_sync::protocols::topic_log_sync: sync session closed with error error=DecodeMessage("Io(Custom { kind: NotConnected, error: ConnectionLost(ApplicationClosed(ApplicationClose { error_code: 0, reason: b\"\" })) })")
2026-10-07T20:32:17.101330Z  WARN p2panda_net::sync::actors::topic_manager: sync session failed: Io(Custom { kind: NotConnected, error: ConnectionLost(ApplicationClosed(ApplicationClose { error_code: 0, reason: b"" })) }) session_id=0 topic="78a1a26b17"
2026-10-07T20:32:17.101551Z ERROR iroh::socket::transports::relay: relay_recv_channel closed
2026-10-07T20:32:17.102788Z ERROR iroh::socket::transports::relay: relay_recv_channel closed
2026-10-07T20:32:17.712954Z  WARN p2panda_net::sync::actors::topic_manager: sync session failed: Io(Custom { kind: NotConnected, error: ConnectionLost(ApplicationClosed(ApplicationClose { error_code: 0, reason: b"" })) }) session_id=2 topic="a47da37282"
2026-10-07T20:32:17.713577Z  WARN p2panda_net::sync::actors::topic_manager: sync session failed: Io(Custom { kind: NotConnected, error: ConnectionLost(LocallyClosed) }) session_id=0 topic="e811968372"
2026-10-07T20:32:17.713617Z  WARN p2panda_net::sync::actors::topic_manager: sync session failed: Io(Custom { kind: NotConnected, error: ConnectionLost(LocallyClosed) }) session_id=2 topic="d53244878b"
2026-10-07T20:32:17.715336Z  WARN p2panda_net::sync::actors::topic_manager: sync session failed: Io(Custom { kind: NotConnected, error: ConnectionLost(LocallyClosed) }) session_id=2 topic="a47da37282"
2026-10-07T20:32:17.766045Z  WARN p2panda_net::sync::actors::topic_manager: sync session failed: Io(Custom { kind: NotConnected, error: ConnectionLost(LocallyClosed) }) session_id=1 topic="e811968372"
2026-10-07T20:32:17.826787Z  WARN p2panda_net::sync::actors::topic_manager: sync session failed: Io(Custom { kind: NotConnected, error: ConnectionLost(LocallyClosed) }) session_id=2 topic="5f969c1ec6"
2026-10-07T20:32:18.390183Z ERROR iroh::socket::transports::relay: relay_recv_channel closed
2026-10-07T20:32:18.391251Z ERROR iroh::socket::transports::relay: relay_recv_channel closed
test place::lanes::tests::a_replayed_operation_adds_no_place_state ... ok
2026-10-07T20:32:18.934871Z  WARN p2panda_net::sync::actors::topic_manager: sync session failed: error sending on message sink: MessageSink("Io(Custom { kind: NotConnected, error: ConnectionLost(LocallyClosed) })") session_id=3 topic="78a1a26b17"
2026-10-07T20:32:19.149625Z ERROR iroh::socket::transports::relay: relay_recv_channel closed
2026-10-07T20:32:19.150758Z ERROR iroh::socket::transports::relay: relay_recv_channel closed
test place::lanes::tests::a_revoked_writer_sees_it_live_and_cannot_write_dial_or_reconnect ... ok
2026-10-07T20:32:19.446318Z  WARN p2panda_net::sync::actors::topic_manager: sync session failed: error sending on message sink: MessageSink("Io(Custom { kind: NotConnected, error: ConnectionLost(LocallyClosed) })") session_id=3 topic="78a1a26b17"
2026-10-07T20:32:19.733613Z  WARN p2panda_net::iroh_mdns::actor: found invalid transport info coming from iroh's services endpoint_id=9b662f09bb44edb188b2a022b4eb969d44181252866340d454e017372d38d19b
2026-10-07T20:32:19.734328Z  WARN p2panda_net::iroh_mdns::actor: found invalid transport info coming from iroh's services endpoint_id=9b662f09bb44edb188b2a022b4eb969d44181252866340d454e017372d38d19b
2026-10-07T20:32:19.735391Z  WARN p2panda_net::iroh_mdns::actor: found invalid transport info coming from iroh's services endpoint_id=9b662f09bb44edb188b2a022b4eb969d44181252866340d454e017372d38d19b
2026-10-07T20:32:19.749345Z  WARN p2panda_net::iroh_mdns::actor: found invalid transport info coming from iroh's services endpoint_id=9b662f09bb44edb188b2a022b4eb969d44181252866340d454e017372d38d19b
2026-10-07T20:32:19.749876Z  WARN p2panda_net::iroh_mdns::actor: found invalid transport info coming from iroh's services endpoint_id=9b662f09bb44edb188b2a022b4eb969d44181252866340d454e017372d38d19b
2026-10-07T20:32:19.752354Z  WARN p2panda_net::iroh_mdns::actor: found invalid transport info coming from iroh's services endpoint_id=9b662f09bb44edb188b2a022b4eb969d44181252866340d454e017372d38d19b
2026-10-07T20:32:19.754445Z  WARN p2panda_net::iroh_mdns::actor: found invalid transport info coming from iroh's services endpoint_id=9b662f09bb44edb188b2a022b4eb969d44181252866340d454e017372d38d19b
2026-10-07T20:32:21.573704Z  WARN p2panda_net::iroh_endpoint::actors::connection: ignoring connection: accepting failed: the cryptographic handshake failed: error 120: peer doesn't support any known protocol
2026-10-07T20:32:21.578404Z  WARN p2panda_net::iroh_endpoint::actors::connection: connection establishment failed: aborted by peer: the cryptographic handshake failed: error 120: peer doesn't support any known protocol
2026-10-07T20:32:21.585624Z  WARN p2panda_net::sync::actors::topic_manager: sync session failed: aborted by peer: the cryptographic handshake failed: error 120: peer doesn't support any known protocol session_id=2 topic="a1dffc45a2"
2026-10-07T20:32:22.109489Z  WARN p2panda_net::sync::actors::topic_manager: sync session failed: Io(Custom { kind: NotConnected, error: ConnectionLost(ApplicationClosed(ApplicationClose { error_code: 0, reason: b"" })) }) session_id=1 topic="78a1a26b17"
2026-10-07T20:32:22.113434Z  WARN p2panda_net::sync::actors::topic_manager: sync session failed: Io(Custom { kind: NotConnected, error: ConnectionLost(ApplicationClosed(ApplicationClose { error_code: 0, reason: b"" })) }) session_id=1 topic="a0b435b608"
2026-10-07T20:32:22.113631Z  WARN p2panda_net::sync::actors::topic_manager: sync session failed: Io(Custom { kind: NotConnected, error: ConnectionLost(ApplicationClosed(ApplicationClose { error_code: 0, reason: b"" })) }) session_id=0 topic="78a1a26b17"
2026-10-07T20:32:22.114016Z  WARN p2panda_net::sync::actors::topic_manager: sync session failed: Io(Custom { kind: NotConnected, error: ConnectionLost(ApplicationClosed(ApplicationClose { error_code: 0, reason: b"" })) }) session_id=1 topic="92ae001702"
2026-10-07T20:32:22.116193Z  WARN p2panda_net::sync::actors::topic_manager: sync session failed: Io(Custom { kind: NotConnected, error: ConnectionLost(ApplicationClosed(ApplicationClose { error_code: 0, reason: b"" })) }) session_id=0 topic="78a1a26b17"
2026-10-07T20:32:22.118150Z  WARN p2panda_net::sync::actors::topic_manager: sync session failed: Io(Custom { kind: NotConnected, error: ConnectionLost(ApplicationClosed(ApplicationClose { error_code: 0, reason: b"" })) }) session_id=1 topic="78a1a26b17"
2026-10-07T20:32:22.118315Z  WARN p2panda_net::sync::actors::topic_manager: sync session failed: Io(Custom { kind: NotConnected, error: ConnectionLost(ApplicationClosed(ApplicationClose { error_code: 0, reason: b"" })) }) session_id=0 topic="6ed97aed5e"
2026-10-07T20:32:22.719687Z  WARN p2panda_net::sync::actors::topic_manager: sync session failed: Io(Custom { kind: NotConnected, error: ConnectionLost(LocallyClosed) }) session_id=1 topic="e811968372"
2026-10-07T20:32:22.769050Z  WARN p2panda_net::sync::actors::topic_manager: sync session failed: Io(Custom { kind: NotConnected, error: ConnectionLost(LocallyClosed) }) session_id=4 topic="e811968372"
test place::lanes::tests::content_authored_the_instant_after_a_revoke_still_reaches_the_remaining_member has been running for over 60 seconds
test place::worker::tests::two_profiles_reopen_their_own_retained_place_state ... ok
test publish_pane::tests::unavailable_panel_is_an_honest_configured_surface ... ok
test redshank_episode_surface::tests::a_host_projection_reaches_the_tile_through_the_viewport_pump ... ok
test redshank_episode_surface::tests::a_wrong_version_or_a_missing_enclosure_is_refused_before_admission ... ok
test redshank_episode_surface::tests::the_admitted_surface_renders_the_episode_title_and_a_play_control ... ok
test place::lanes::tests::the_place_worker_conforms_to_the_coop_lifecycle_contract has been running for over 60 seconds
test place::worker::tests::worker_sets_and_clears_an_exact_collection_selection ... ok
test redshank_episode_surface::tests::the_registry_admits_the_published_redshank_dock_from_a_versioned_source ... ok
test redshank_host::tests::aligned_points_require_the_loaded_digest_and_never_remap_span_ends ... ok
test redshank_host::tests::another_items_note_loads_paused_at_zero_and_holds_saved_progress ... ok
test redshank_host::tests::capturing_cancels_a_pending_open_and_compact_projection_keeps_its_warning ... ok
test redshank_host::tests::missing_replacement_note_cancels_the_old_deferred_open_and_span ... ok
test redshank_host::tests::new_transport_supersedes_an_unacknowledged_note_seek_when_delivery_succeeds ... ok
test redshank_host::tests::note_opens_require_ready_matching_receipts_or_explicit_approximation ... ok
test redshank_host::tests::only_the_latest_seek_acknowledgement_releases_saved_progress ... ok
test redshank_host::tests::refused_replacement_and_failed_runtime_dispatch_keep_the_progress_hold ... ok
test redshank_host::tests::the_shells_fetch_handle_survives_a_session_reopen ... ok
test remote_projection::tests::committed_receipt_matches_the_live_turnstone_endpoint ... ok
test redshank_episode_surface::tests::the_dock_emits_the_same_commands_through_turnstones_registry ... ok
test remote_projection::tests::live_mere_graph_becomes_cards_and_routed_relations ... ok
test remote_projection::tests::score_five_accepts_and_score_four_refuses_without_replacing_snapshot ... ok
test remote_projection::tests::projected_grant_accepts_view_and_refuses_graph_change ... ok
test resident_admission::tests::corrupt_state_is_not_treated_as_empty ... ok
test resident_admission::tests::loader_rejects_duplicate_members ... ok
test resident_admission::tests::loader_rejects_mismatched_member_and_id ... ok
test remote_projection::tests::the_endpoint_holds_a_delegation_from_the_profile_identity ... ok
test resident_admission::tests::non_ascii_hex_is_refused_without_panicking ... ok
test resident_admission::tests::loader_rejects_unknown_version_and_fields ... ok
test resident_admission::tests::state_round_trips_paused_and_revoked_records ... ok
test place::worker::tests::reconnect_for_a_released_generation_is_refused ... ok
test resident_runs_tests::configured_read_bound_and_repeated_atomic_save_preserve_receipts ... ok
test resident_runs_tests::reopening_recovers_uncertainty_even_after_clock_rollback ... ok
test ring::tests::contributed_source_authority_resists_a_total_app_grant ... ok
test ring::tests::decoded_envelopes_classify_across_all_grantable_rings ... ok
test ring::tests::a_covered_emission_passes_and_an_uncovered_one_names_its_ring ... ok
test ring::tests::every_ring_but_host_only_names_a_grantable_path ... ok
test ring::tests::envelopes_decode_and_misfires_are_loud ... ok
test scenario::tests::browser_receipt_assertions_are_typed_steps ... ok
test scenario::tests::env_substitution_expands_at_parse_time_backslashes_and_colons_intact ... ok
test scenario::tests::env_substitution_names_the_missing_variable_and_line ... ok
test scenario::tests::file_hover_and_drop_are_distinct_ui_turns ... ok
test ring::tests::gate_management_resists_even_a_total_app_grant ... ok
test resident_runs_tests::malformed_or_mismatched_persisted_facts_are_rejected ... ok
test scenario::tests::find_chord_is_one_focus_routed_key_step ... ok
test scenario::tests::idle_diagnostics_and_document_idle_are_typed_steps ... ok
test scenario::tests::pointer_move_is_a_distinct_scenario_step ... ok
test scenario::tests::record_place_is_a_typed_step ... ok
test scenario::tests::parse_errors_name_their_line ... ok
test scenario::tests::save_chord_is_one_focus_routed_key_step ... ok
test scenario::tests::tab_is_a_focus_routed_key_step ... ok
test scenario::tests::touch_is_a_typed_step ... ok
test scenario::tests::wait_row_wait_status_wait_file_are_typed_steps ... ok
test sections::tests::by_id_resolves_the_registered_providers ... ok
test scenario::tests::type_preserves_backslashes_and_colons_unchanged ... ok
test scenario::tests::wait_knot_is_a_typed_step ... ok
test sections::tests::diagnostic_rows_are_optional_read_only_and_preserve_explicit_unavailable_state ... ok
test sections::tests::completed_download_projects_from_durable_graph_facets ... ok
2026-10-07T20:32:25.680298Z  WARN turnstone::gemini_identity: failed to project Gemini client identity error=client identities are only valid for gemini:// or titan:// capsules
test sections::tests::removed_section_gathers_absent_bin_records_only ... ok
test sections::tests::download_status_and_error_rows_keep_custody_order_and_inert_activation ... ok
test session::tests::flat_layout_migrates_into_sessions_once ... ok
test session::tests::a_routine_save_updates_a_binding_but_never_mints_one ... ok
test session::tests::current_session_marker_round_trips_and_falls_back ... ok
test session::tests::image_gc_keeps_live_blobs_and_drops_only_hash_named_orphans ... ok
test session::tests::place_binding_round_trips_as_a_distinct_public_sidecar ... ok
test session::tests::marking_a_place_left_preserves_the_binding_and_retained_session_files ... ok
test session::tests::projection_score_sidecar_round_trips_without_becoming_graph_truth ... ok
test session::tests::legacy_node_columns_migrate_on_load_and_existing_facets_win ... ok
test session::tests::removing_place_binding_preserves_retained_session_files ... ok
test session::tests::place_collection_sidecar_is_exact_and_refuses_corruption ... ok
test session::tests::unsupported_place_binding_stays_a_visible_error ... ok
test session::tests::the_physics_choice_rides_the_view_intent_by_id ... ok
test settings_pane::tests::pane_renders_controls_from_setting_control_not_setting_ids ... ok
test settings_pane::tests::provider_owner_is_available_to_host_after_projection_construction ... ok
test settings_pane::tests::snapshot_projects_every_live_application_axis_to_chrome ... ok
2026-10-07T20:32:25.830565Z  WARN turnstone::session: failed to parse view intent err=key must be a string at line 1 column 3 path="C:\\Users\\mark_\\AppData\\Local\\Temp\\turnstone-session-test-view-intent-19268\\view-intent.json"
test session::tests::view_intent_round_trips_and_survives_a_corrupt_sidecar ... ok
test settings_provider::tests::application_projection_describes_owner_axes_and_controls ... ok
test settings_pane::tests::successful_apply_publishes_a_value_snapshot_for_the_shell ... ok
test settings_provider::tests::invalid_reference_and_value_do_not_write ... ok
test settings_provider::tests::legacy_mode_without_id_survives_load_and_an_unrelated_write ... ok
test session::tests::the_persisted_strategy_is_an_id_never_a_display_name ... ok
test settings_provider::tests::typed_writes_update_the_owner_and_persist ... ok
test settings_provider::tests::theme_id_and_mode_edits_preserve_the_other_value ... ok
test shell::contributed_automation::tests::below_fold_click_waits_for_new_paint_then_lands_once ... ok
test shell::contributed_automation::tests::first_layout_miss_and_explicit_dom_filters_keep_their_meanings ... ok
test shell::contributed_automation::tests::referenced_name_selection_and_platform_action_route_share_the_live_button ... ok
test shell::contributed_automation::tests::scoped_request_counter_refuses_exhaustion_without_reusing_identity ... ok
test place::worker::tests::revoking_a_writer_withdraws_every_grant_its_admission_issued ... ok
test shell::contributed_automation::tests::viewport_reveal_cannot_activate_a_target_outside_an_ancestor_clip ... ok
test shell::drive::foreign_a11y_receipt_tests::page_text_requires_exact_public_fixture_optin ... ok
test shell::effects::browser_profile_path_tests::canonical_drive_and_unc_paths_keep_the_resolved_location ... ok
test shell::effects::browser_profile_path_tests::unsupported_device_paths_are_refused ... ok
test shell::effects::content_spawn_dispatch_tests::browser_dispatch_preserves_other_surfaces_and_retained_sessions ... ok
test shell::effects::content_spawn_dispatch_tests::graft_spawn_waits_for_host_in_browser_surface_queue ... ok
test shell::contributed_automation::tests::two_contributed_panes_with_equal_names_and_local_ids_are_ambiguous ... ok
2026-10-07T20:32:26.162685Z  WARN turnstone::gemini_identity: failed to project Gemini client identity error=client identities are only valid for gemini:// or titan:// capsules
test shell::effects::reader_lineage_tests::reader_lineage_projects_and_reextract_updates_the_node_facet ... ok
test shell::contributed_automation::tests::hidden_renamed_disabled_and_removed_pending_targets_never_activate ... ok
2026-10-07T20:32:26.178784Z  WARN turnstone::gemini_identity: failed to project Gemini client identity error=client identities are only valid for gemini:// or titan:// capsules
2026-10-07T20:32:26.183612Z  WARN turnstone::gemini_identity: failed to project Gemini client identity error=client identities are only valid for gemini:// or titan:// capsules
test shell::effects::retained_page_zoom_tests::a_fresh_retained_session_is_seeded_with_the_persisted_request ... ok
test shell::effects::retained_page_zoom_tests::a_live_livery_session_is_offered_the_zoom_rows ... ok
test shell::input::cursor_tests::web_cursor_shapes_map_to_host_cursor_icons ... ok
test shell::keys::tests::content_scroll_keys_map_page_navigation ... ok
2026-10-07T20:32:26.194474Z  WARN turnstone::gemini_identity: failed to project Gemini client identity error=client identities are only valid for gemini:// or titan:// capsules
test shell::keys::tests::page_zoom_chords_bind_the_browser_keys_and_are_claimed ... ok
test shell::effects::retained_page_zoom_tests::an_unsupported_retained_lane_is_absorbed_quietly ... ok
test shell::page_capture::tests::admission_failure_spends_id_and_allocator_exhaustion_refuses ... ok
test shell::page_capture::tests::exact_completion_is_single_use ... ok
test shell::page_capture::tests::generation_exhaustion_rotates_surface_and_retires_pending ... ok
test shell::page_capture::tests::session_switch_refuses_completion ... ok
test shell::page_capture::tests::navigation_and_surface_replacement_refuse_old_completion ... ok
test shell::renderers::tests::eviction_takes_one_pane_and_spares_the_rest ... ok
test shell::renderers::tests::evicting_an_undrawn_pane_is_harmless ... ok
2026-10-07T20:32:26.207161Z  WARN turnstone::gemini_identity: failed to project Gemini client identity error=client identities are only valid for gemini:// or titan:// capsules
test shell::effects::retained_page_zoom_tests::reset_returns_a_live_retained_session_to_the_default_scale ... ok
test shell::scry::tests::scry_factory_refuses_other_threads_before_native_construction ... ok
test shell::scry::tests::scry_host_capabilities_preserve_refusal_and_partial_event_limits ... ok
test shell::scry::tests::scry_host_capabilities_refuse_unforwarded_adapter_commands ... ok
test shell::scry::tests::scry_keyboard_completion_does_not_retain_retired_producer_state ... ok
test shell::scry::tests::scry_keyboard_modifier_changes_keep_direction_and_named_keys ... ok
test shell::scry::tests::scry_keyboard_preserves_down_char_up_modifiers_and_repeat ... ok
test shell::scry::tests::scry_keyboard_queue_failure_and_timeout_retire_following_commands ... ok
test shell::scry::tests::scry_keyboard_queue_waits_for_each_completion_before_next_command ... ok
test shell::contributed_automation::tests::replacement_and_removal_recreation_reject_reused_local_dom_ids ... ok
test shell::scry::tests::scry_mouse_buttons_keep_changed_button_and_post_event_state ... ok
test shell::scry::tests::scry_mouse_move_leave_and_auxiliary_buttons_use_native_mouse_route ... ok
test shell::scry::tests::scry_profile_requires_explicit_absolute_path ... ok
test shell::servo::tests::accessibility_deactivation_retires_queued_and_late_callbacks ... ok
test shell::servo::tests::accessibility_callbacks_preserve_order_and_nested_supplier_ids ... ok
test shell::servo::tests::accessibility_focus_projection_does_not_invent_missing_metadata ... ok
test shell::servo::tests::accessibility_focus_policy_projects_only_focus_after_raw_fifo_admission ... ok
test shell::servo::tests::accessibility_focus_setting_is_explicit_and_rejects_unknown_values ... ok
test shell::servo::tests::gpu_diagnostics_select_the_requested_wait_and_refuse_unknown_modes ... ok
test shell::servo::tests::empty_and_control_text_preserve_named_keys_and_matching_release ... ok
test shell::servo::tests::unicode_text_is_preserved_on_release_without_text ... ok
test shell::servo_profile_tests::ambiguous_or_escaping_profile_bindings_are_refused ... ok
test shell::servo_profile_tests::named_process_profile_has_no_node_component_and_can_move ... ok
test shell::surface_frames::tests::missing_scry_importer_releases_unknown_payload_once ... ok
test shell::surface_frames::tests::owned_scry_frame_rejection_closes_custody_before_import ... ok
test shell::surface_frames::tests::owned_scry_frame_teardown_keeps_custody_until_consumer_drop ... ok
test shell::surface_frames::tests::reused_scry_epoch_requires_unchanged_metadata ... ok
test shell::surface_frames::tests::reused_scry_paints_each_wait_and_propagate_wait_failure ... ok
test shell::surface_poll::tests::early_cancelled_wakes_do_not_postpone_surface_poll ... ok
test shell::surface_poll::tests::inactive_polling_clears_deadline_and_reenable_starts_fresh ... ok
test shell::surface_poll::tests::late_wake_polls_once_without_catch_up_spin ... ok
test shell::tests::automatic_html_routes_to_the_registered_livery_session ... ok
test shell::surface_frames::welding_frame_tests::rejected_weld_envelopes_release_native_custody_before_import ... ok
test shell::renderers::tests::resolving_the_same_pane_twice_keeps_its_state ... ok
test shell::tests::lens_viewports_stay_distinct ... ok
test shell::renderers::tests::two_panes_of_one_kind_resolve_to_two_retained_runners ... ok
test shell::tests::reader_pin_uses_held_html_and_switching_back_restores_original_rendering ... ok
test shell::tests::micron_file_uses_native_projection_and_preserves_source ... ok
test shell::weld::contract_tests::weld_devtools_settings_are_refused_before_producer_dispatch ... ok
test shell::tests::gemini_route_lands_in_a_live_nematic_session ... ok
test shell::weld::contract_tests::weld_zoom_settings_preserve_scale_validation_and_dispatch_failure ... ok
test shell::weld::sandbox_preference_tests::non_unicode_value_is_an_explicit_error ... ok
test shell::weld::sandbox_preference_tests::explicit_modes_preserve_the_requested_sandbox_preference ... ok
test shell::weld::sandbox_preference_tests::unrecognized_value_is_a_clear_error_not_a_silent_default ... ok
test shell::weld::sandbox_preference_tests::unset_is_no_preference ... ok
test shell_services::tests::default_providers_and_shortcuts_are_registered_without_a_canvas ... ok
test shell_services::tests::blueprint_composition_changes_only_projection_choices ... ok
test shell_services::tests::retention_and_redaction_bound_the_local_ledger ... ok
test shell::tests::scroll_route_lands_in_a_live_nematic_session ... ok
test shell_services::tests::transcript_binds_the_target_at_open_and_replay_keeps_it ... ok
test sky_receipt::tests::json_reader_rejects_another_receipt_version ... ok
test sky_receipt::tests::json_reader_keeps_a_sane_unavailable_zone_identity ... ok
test sky_receipt::tests::json_reader_rejects_same_midpoint_body_reordering ... ok
test sky_receipt::tests::json_reader_rejects_tampered_engine_and_day_boundaries ... ok
test sky_receipt::tests::fixed_boston_dto_goldens_preserve_exact_serialization_and_digests ... ok
test sky_receipt::tests::json_reader_rejects_tampered_fact_projection ... ok
test sky_receipt::tests::json_reader_rejects_tampered_inputs_and_provenance ... ok
test sky_receipt::tests::pretty_json_round_trips_and_hashes_the_exact_bytes ... ok
test sky_receipt::tests::json_reader_rejects_unknown_root_and_nested_fields ... ok
test sky_surface::tests::duplicate_body_and_bad_zone_are_rejected_before_calculation ... ok
test shell::tests::dropped_files_classify_by_decodability ... ok
2026-10-07T20:32:27.271513Z  WARN p2panda_net::iroh_endpoint::actors::connection: ignoring connection: accepting failed: the cryptographic handshake failed: error 120: peer doesn't support any known protocol
2026-10-07T20:32:27.282250Z  WARN p2panda_net::iroh_endpoint::actors::connection: connection establishment failed: aborted by peer: the cryptographic handshake failed: error 120: peer doesn't support any known protocol
2026-10-07T20:32:27.292323Z  WARN p2panda_net::sync::actors::topic_manager: sync session failed: address book does not have any iroh address info for node id d8e8d0332a4962588a41f574286dea75ac46bbeacf371b206b2bdb40a747267d session_id=1 topic="ff01e56566"
2026-10-07T20:32:27.294805Z  WARN p2panda_net::sync::actors::topic_manager: sync session failed: address book does not have any iroh address info for node id d8e8d0332a4962588a41f574286dea75ac46bbeacf371b206b2bdb40a747267d session_id=2 topic="ff01e56566"
2026-10-07T20:32:27.295077Z  WARN p2panda_net::sync::actors::topic_manager: sync session failed: address book does not have any iroh address info for node id d8e8d0332a4962588a41f574286dea75ac46bbeacf371b206b2bdb40a747267d session_id=2 topic="ff01e56566"
2026-10-07T20:32:27.295413Z  WARN p2panda_net::sync::actors::topic_manager: sync session failed: aborted by peer: the cryptographic handshake failed: error 120: peer doesn't support any known protocol session_id=2 topic="ff01e56566"
2026-10-07T20:32:27.295648Z  WARN p2panda_net::sync::actors::topic_manager: sync session failed: address book does not have any iroh address info for node id d8e8d0332a4962588a41f574286dea75ac46bbeacf371b206b2bdb40a747267d session_id=2 topic="ff01e56566"
2026-10-07T20:32:27.297836Z  WARN p2panda_net::sync::actors::topic_manager: sync session failed: address book does not have any iroh address info for node id d8e8d0332a4962588a41f574286dea75ac46bbeacf371b206b2bdb40a747267d session_id=2 topic="ff01e56566"
2026-10-07T20:32:27.313127Z  WARN p2panda_net::sync::actors::topic_manager: sync session failed: address book does not have any iroh address info for node id d8e8d0332a4962588a41f574286dea75ac46bbeacf371b206b2bdb40a747267d session_id=2 topic="ff01e56566"
2026-10-07T20:32:27.316171Z  WARN p2panda_net::sync::actors::topic_manager: sync session failed: address book does not have any iroh address info for node id d8e8d0332a4962588a41f574286dea75ac46bbeacf371b206b2bdb40a747267d session_id=2 topic="ff01e56566"
2026-10-07T20:32:27.391393Z  WARN p2panda_sync::protocols::topic_log_sync: sync session closed with error error=DecodeMessage("Io(Custom { kind: NotConnected, error: ConnectionLost(ApplicationClosed(ApplicationClose { error_code: 0, reason: b\"\" })) })")
2026-10-07T20:32:27.391431Z  WARN p2panda_net::sync::actors::topic_manager: sync session failed: error sending on message sink: Io(Custom { kind: NotConnected, error: ConnectionLost(LocallyClosed) }) session_id=0 topic="21d3eee885"
2026-10-07T20:32:27.392324Z  WARN p2panda_sync::protocols::topic_log_sync: sync session closed with error error=DecodeMessage("Io(Custom { kind: NotConnected, error: ConnectionLost(LocallyClosed) })")
2026-10-07T20:32:27.392675Z  WARN p2panda_sync::protocols::topic_log_sync: sync session closed with error error=DecodeMessage("Io(Custom { kind: NotConnected, error: ConnectionLost(LocallyClosed) })")
2026-10-07T20:32:27.393238Z  WARN p2panda_sync::protocols::topic_log_sync: sync session closed with error error=DecodeMessage("Io(Custom { kind: NotConnected, error: ConnectionLost(LocallyClosed) })")
2026-10-07T20:32:27.393531Z  WARN p2panda_sync::protocols::topic_log_sync: sync session closed with error error=DecodeMessage("Io(Custom { kind: NotConnected, error: ConnectionLost(ApplicationClosed(ApplicationClose { error_code: 0, reason: b\"\" })) })")
2026-10-07T20:32:27.393558Z  WARN p2panda_sync::protocols::topic_log_sync: sync session closed with error error=DecodeMessage("Io(Custom { kind: NotConnected, error: ConnectionLost(LocallyClosed) })")
2026-10-07T20:32:27.394190Z  WARN p2panda_sync::protocols::topic_log_sync: sync session closed with error error=DecodeMessage("Io(Custom { kind: NotConnected, error: ConnectionLost(ApplicationClosed(ApplicationClose { error_code: 0, reason: b\"\" })) })")
2026-10-07T20:32:27.395663Z  WARN p2panda_net::sync::actors::topic_manager: sync session failed: Io(Custom { kind: NotConnected, error: ConnectionLost(ApplicationClosed(ApplicationClose { error_code: 0, reason: b"" })) }) session_id=4 topic="a1dffc45a2"
2026-10-07T20:32:27.396058Z  WARN p2panda_net::sync::actors::topic_manager: sync session failed: Io(Custom { kind: NotConnected, error: ConnectionLost(ApplicationClosed(ApplicationClose { error_code: 0, reason: b"" })) }) session_id=3 topic="97e6568e15"
2026-10-07T20:32:27.396129Z  WARN p2panda_net::sync::actors::topic_manager: sync session failed: Io(Custom { kind: NotConnected, error: ConnectionLost(ApplicationClosed(ApplicationClose { error_code: 0, reason: b"" })) }) session_id=3 topic="a1dffc45a2"
2026-10-07T20:32:27.400387Z  WARN p2panda_sync::protocols::topic_log_sync: sync session closed with error error=DecodeMessage("Io(Custom { kind: NotConnected, error: ConnectionLost(ApplicationClosed(ApplicationClose { error_code: 0, reason: b\"\" })) })")
2026-10-07T20:32:27.400510Z  WARN p2panda_sync::protocols::topic_log_sync: sync session closed with error error=DecodeMessage("Io(Custom { kind: NotConnected, error: ConnectionLost(ApplicationClosed(ApplicationClose { error_code: 0, reason: b\"\" })) })")
2026-10-07T20:32:27.401038Z  WARN p2panda_sync::protocols::topic_log_sync: sync session closed with error error=DecodeMessage("Io(Custom { kind: NotConnected, error: ConnectionLost(ApplicationClosed(ApplicationClose { error_code: 0, reason: b\"\" })) })")
2026-10-07T20:32:27.402685Z  WARN p2panda_sync::protocols::topic_log_sync: sync session closed with error error=DecodeMessage("Io(Custom { kind: NotConnected, error: ConnectionLost(ApplicationClosed(ApplicationClose { error_code: 0, reason: b\"\" })) })")
2026-10-07T20:32:27.403115Z  WARN p2panda_sync::protocols::topic_log_sync: sync session closed with error error=DecodeMessage("Io(Custom { kind: NotConnected, error: ConnectionLost(ApplicationClosed(ApplicationClose { error_code: 0, reason: b\"\" })) })")
2026-10-07T20:32:27.403147Z  WARN p2panda_sync::protocols::topic_log_sync: sync session closed with error error=DecodeMessage("Io(Custom { kind: NotConnected, error: ConnectionLost(ApplicationClosed(ApplicationClose { error_code: 0, reason: b\"\" })) })")
2026-10-07T20:32:27.405561Z  WARN p2panda_sync::protocols::topic_log_sync: sync session closed with error error=DecodeMessage("Io(Custom { kind: NotConnected, error: ConnectionLost(ApplicationClosed(ApplicationClose { error_code: 0, reason: b\"\" })) })")
2026-10-07T20:32:27.404161Z  WARN p2panda_net::sync::actors::topic_manager: sync session failed: Io(Custom { kind: NotConnected, error: ConnectionLost(LocallyClosed) }) session_id=1 topic="a1dffc45a2"
2026-10-07T20:32:27.407138Z  WARN p2panda_net::sync::actors::topic_manager: sync session failed: Io(Custom { kind: NotConnected, error: ConnectionLost(ApplicationClosed(ApplicationClose { error_code: 0, reason: b"" })) }) session_id=3 topic="21d3eee885"
2026-10-07T20:32:27.407176Z  WARN p2panda_sync::protocols::topic_log_sync: sync session closed with error error=DecodeMessage("Io(Custom { kind: NotConnected, error: ConnectionLost(ApplicationClosed(ApplicationClose { error_code: 0, reason: b\"\" })) })")
2026-10-07T20:32:27.407479Z  WARN p2panda_sync::protocols::topic_log_sync: sync session closed with error error=DecodeMessage("Io(Custom { kind: NotConnected, error: ConnectionLost(ApplicationClosed(ApplicationClose { error_code: 0, reason: b\"\" })) })")
2026-10-07T20:32:27.408097Z  WARN p2panda_net::sync::actors::topic_manager: sync session failed: Io(Custom { kind: NotConnected, error: ConnectionLost(ApplicationClosed(ApplicationClose { error_code: 0, reason: b"" })) }) session_id=3 topic="a1dffc45a2"
2026-10-07T20:32:27.408127Z  WARN p2panda_sync::protocols::topic_log_sync: sync session closed with error error=DecodeMessage("Io(Custom { kind: NotConnected, error: ConnectionLost(ApplicationClosed(ApplicationClose { error_code: 0, reason: b\"\" })) })")
2026-10-07T20:32:27.408758Z  WARN p2panda_sync::protocols::topic_log_sync: sync session closed with error error=DecodeMessage("Io(Custom { kind: NotConnected, error: ConnectionLost(ApplicationClosed(ApplicationClose { error_code: 0, reason: b\"\" })) })")
2026-10-07T20:32:27.408968Z  WARN p2panda_sync::protocols::topic_log_sync: sync session closed with error error=DecodeMessage("Io(Custom { kind: NotConnected, error: ConnectionLost(ApplicationClosed(ApplicationClose { error_code: 0, reason: b\"\" })) })")
2026-10-07T20:32:27.409037Z  WARN p2panda_net::sync::actors::topic_manager: sync session failed: Io(Custom { kind: NotConnected, error: ConnectionLost(LocallyClosed) }) session_id=0 topic="b95fac5f61"
2026-10-07T20:32:27.409403Z  WARN p2panda_sync::protocols::topic_log_sync: sync session closed with error error=DecodeMessage("Io(Custom { kind: NotConnected, error: ConnectionLost(ApplicationClosed(ApplicationClose { error_code: 0, reason: b\"\" })) })")
2026-10-07T20:32:27.409425Z  WARN p2panda_net::sync::actors::topic_manager: sync session failed: Io(Custom { kind: NotConnected, error: ConnectionLost(ApplicationClosed(ApplicationClose { error_code: 0, reason: b"" })) }) session_id=3 topic="b95fac5f61"
2026-10-07T20:32:27.409449Z  WARN p2panda_net::sync::actors::topic_manager: sync session failed: Io(Custom { kind: NotConnected, error: ConnectionLost(ApplicationClosed(ApplicationClose { error_code: 0, reason: b"" })) }) session_id=3 topic="a1dffc45a2"
2026-10-07T20:32:27.409713Z  WARN p2panda_sync::protocols::topic_log_sync: sync session closed with error error=DecodeMessage("Io(Custom { kind: NotConnected, error: ConnectionLost(ApplicationClosed(ApplicationClose { error_code: 0, reason: b\"\" })) })")
2026-10-07T20:32:27.409961Z ERROR iroh::socket::transports::relay: relay_recv_channel closed
2026-10-07T20:32:27.410038Z  WARN p2panda_sync::protocols::topic_log_sync: sync session closed with error error=DecodeMessage("Io(Custom { kind: NotConnected, error: ConnectionLost(ApplicationClosed(ApplicationClose { error_code: 0, reason: b\"\" })) })")
2026-10-07T20:32:27.410557Z  WARN p2panda_net::sync::actors::topic_manager: sync session failed: Io(Custom { kind: NotConnected, error: ConnectionLost(ApplicationClosed(ApplicationClose { error_code: 0, reason: b"" })) }) session_id=4 topic="a1dffc45a2"
2026-10-07T20:32:27.411220Z ERROR iroh::socket::transports::relay: relay_recv_channel closed
2026-10-07T20:32:27.412093Z  WARN p2panda_net::sync::actors::topic_manager: sync session failed: error sending on message sink: Io(Custom { kind: NotConnected, error: ConnectionLost(LocallyClosed) }) session_id=1 topic="a1dffc45a2"
2026-10-07T20:32:27.412188Z  WARN p2panda_net::sync::actors::topic_manager: sync session failed: error sending on message sink: Io(Custom { kind: NotConnected, error: ConnectionLost(LocallyClosed) }) session_id=0 topic="a1dffc45a2"
2026-10-07T20:32:27.412762Z  WARN p2panda_net::sync::actors::topic_manager: sync session failed: error sending on message sink: Io(Custom { kind: NotConnected, error: ConnectionLost(LocallyClosed) }) session_id=0 topic="a1dffc45a2"
2026-10-07T20:32:27.413085Z  WARN p2panda_net::sync::actors::topic_manager: sync session failed: Io(Custom { kind: NotConnected, error: ConnectionLost(ApplicationClosed(ApplicationClose { error_code: 0, reason: b"" })) }) session_id=4 topic="a1dffc45a2"
2026-10-07T20:32:27.414015Z  WARN p2panda_sync::protocols::topic_log_sync: sync session closed with error error=DecodeMessage("Io(Custom { kind: NotConnected, error: ConnectionLost(ApplicationClosed(ApplicationClose { error_code: 0, reason: b\"\" })) })")
2026-10-07T20:32:27.419577Z  WARN p2panda_net::sync::actors::topic_manager: sync session failed: Io(Custom { kind: NotConnected, error: ConnectionLost(ApplicationClosed(ApplicationClose { error_code: 0, reason: b"" })) }) session_id=3 topic="a1dffc45a2"
2026-10-07T20:32:27.772311Z  WARN p2panda_net::sync::actors::topic_manager: sync session failed: Io(Custom { kind: NotConnected, error: ConnectionLost(LocallyClosed) }) session_id=3 topic="e811968372"
test place::worker::tests::worker_rejects_a_departed_generation_without_rescoping_the_open_place ... ok
test place::worker::tests::worker_releases_files_before_reopen_and_advances_generation ... ok
test sky_surface::tests::source_version_and_unknown_fields_fail_closed ... ok
test place::lanes::tests::a_revoked_member_cannot_read_shared_nodes_authored_after_the_rotation ... ok
test place::worker::tests::stale_reconnect_cannot_disturb_a_newer_open_scope ... ok
test sky_timeline::tests::new_york_fall_transition_is_a_25_hour_half_open_day ... ok
test sky_timeline::tests::new_york_spring_transition_is_a_23_hour_half_open_day ... ok
test sky_timeline::tests::request_rejects_gap_and_fold_anchors ... ok
test sky_timeline::tests::request_rejects_unknown_zone_and_duplicate_body ... ok
test sky_timeline::tests::skipped_midnight_still_resolves_the_named_calendar_day ... ok
2026-10-07T20:32:32.406996Z  WARN p2panda_net::sync::actors::topic_manager: sync session failed: Io(Custom { kind: NotConnected, error: ConnectionLost(ApplicationClosed(ApplicationClose { error_code: 0, reason: b"" })) }) session_id=3 topic="a1dffc45a2"
2026-10-07T20:32:32.408197Z  WARN p2panda_net::sync::actors::topic_manager: sync session failed: Io(Custom { kind: NotConnected, error: ConnectionLost(ApplicationClosed(ApplicationClose { error_code: 0, reason: b"" })) }) session_id=2 topic="97e6568e15"
2026-10-07T20:32:32.411117Z  WARN p2panda_net::sync::actors::topic_manager: sync session failed: Io(Custom { kind: NotConnected, error: ConnectionLost(ApplicationClosed(ApplicationClose { error_code: 0, reason: b"" })) }) session_id=4 topic="a1dffc45a2"
2026-10-07T20:32:32.422285Z  WARN p2panda_net::sync::actors::topic_manager: sync session failed: Io(Custom { kind: NotConnected, error: ConnectionLost(ApplicationClosed(ApplicationClose { error_code: 0, reason: b"" })) }) session_id=4 topic="a1dffc45a2"
2026-10-07T20:32:32.422285Z  WARN p2panda_net::sync::actors::topic_manager: sync session failed: Io(Custom { kind: NotConnected, error: ConnectionLost(ApplicationClosed(ApplicationClose { error_code: 0, reason: b"" })) }) session_id=3 topic="a1dffc45a2"
2026-10-07T20:32:32.422567Z  WARN p2panda_net::sync::actors::topic_manager: sync session failed: Io(Custom { kind: NotConnected, error: ConnectionLost(ApplicationClosed(ApplicationClose { error_code: 0, reason: b"" })) }) session_id=2 topic="b95fac5f61"
2026-10-07T20:32:32.422567Z  WARN p2panda_net::sync::actors::topic_manager: sync session failed: Io(Custom { kind: NotConnected, error: ConnectionLost(ApplicationClosed(ApplicationClose { error_code: 0, reason: b"" })) }) session_id=2 topic="21d3eee885"
2026-10-07T20:32:32.424411Z  WARN p2panda_net::sync::actors::topic_manager: sync session failed: Io(Custom { kind: NotConnected, error: ConnectionLost(ApplicationClosed(ApplicationClose { error_code: 0, reason: b"" })) }) session_id=3 topic="a1dffc45a2"
2026-10-07T20:32:32.424552Z  WARN p2panda_net::sync::actors::topic_manager: sync session failed: Io(Custom { kind: NotConnected, error: ConnectionLost(LocallyClosed) }) session_id=1 topic="b95fac5f61"
2026-10-07T20:32:32.424656Z  WARN p2panda_net::sync::actors::topic_manager: sync session failed: Io(Custom { kind: NotConnected, error: ConnectionLost(LocallyClosed) }) session_id=0 topic="a1dffc45a2"
2026-10-07T20:32:32.424876Z  WARN p2panda_net::sync::actors::topic_manager: sync session failed: Io(Custom { kind: NotConnected, error: ConnectionLost(ApplicationClosed(ApplicationClose { error_code: 0, reason: b"" })) }) session_id=4 topic="a1dffc45a2"
test place::worker::tests::worker_stale_collection_version_withholds_available_capture ... ok
test source_capture::tests::references_survive_facet_round_trip_in_capture_order ... ok
test surface::appearance::tests::reader_closed_pane_cleanup_preserves_other_appearances ... ok
test surface::appearance::tests::reader_duplicate_placements_receive_distinct_appearance_routes ... ok
test surface::tests::a_content_surface_keeps_its_id_across_frames ... ok
test surface::tests::abutting_rects_never_both_claim_a_point ... ok
test surface::tests::canvas_only_when_nothing_else_present ... ok
test surface::tests::chrome_swallows_input_only_when_focused ... ok
test surface::tests::content_and_chrome_ids_do_not_alias_the_reserved_ones ... ok
test surface::tests::content_is_inset_so_the_canvas_stays_visible ... ok
test surface::tests::dest_emits_corners_not_offset_plus_size ... ok
test surface::tests::pointer_over_content_hits_content_in_local_space ... ok
test surface::tests::pressing_a_surface_focuses_it ... ok
test surface::tests::workbench_tiles_compose_as_content_surfaces ... ok
test surface::tests::z_order_is_canvas_then_content_then_chrome ... ok
test swatch_pane::tests::clicking_a_minimap_node_activates_open ... ok
2026-10-07T20:32:33.545382Z  WARN p2panda_net::iroh_mdns::actor: found invalid transport info coming from iroh's services endpoint_id=9b662f09bb44edb188b2a022b4eb969d44181252866340d454e017372d38d19b
2026-10-07T20:32:33.554445Z  WARN p2panda_net::iroh_mdns::actor: found invalid transport info coming from iroh's services endpoint_id=9b662f09bb44edb188b2a022b4eb969d44181252866340d454e017372d38d19b
2026-10-07T20:32:33.556417Z  WARN p2panda_net::iroh_mdns::actor: found invalid transport info coming from iroh's services endpoint_id=9b662f09bb44edb188b2a022b4eb969d44181252866340d454e017372d38d19b
2026-10-07T20:32:33.556715Z  WARN p2panda_net::iroh_mdns::actor: found invalid transport info coming from iroh's services endpoint_id=9b662f09bb44edb188b2a022b4eb969d44181252866340d454e017372d38d19b
2026-10-07T20:32:33.557213Z  WARN p2panda_net::iroh_mdns::actor: found invalid transport info coming from iroh's services endpoint_id=9b662f09bb44edb188b2a022b4eb969d44181252866340d454e017372d38d19b
2026-10-07T20:32:33.559133Z  WARN p2panda_net::iroh_mdns::actor: found invalid transport info coming from iroh's services endpoint_id=9b662f09bb44edb188b2a022b4eb969d44181252866340d454e017372d38d19b
2026-10-07T20:32:33.559435Z  WARN p2panda_net::iroh_mdns::actor: found invalid transport info coming from iroh's services endpoint_id=9b662f09bb44edb188b2a022b4eb969d44181252866340d454e017372d38d19b
2026-10-07T20:32:33.589637Z  WARN p2panda_net::iroh_mdns::actor: found invalid transport info coming from iroh's services endpoint_id=9b662f09bb44edb188b2a022b4eb969d44181252866340d454e017372d38d19b
test swatch_pane::tests::diagnostic_rows_keep_producer_identity_and_retained_bounds_without_activation ... ok
2026-10-07T20:32:34.142234Z  WARN p2panda_net::iroh_endpoint::actors::connection: ignoring connection: accepting failed: the cryptographic handshake failed: error 120: peer doesn't support any known protocol
2026-10-07T20:32:34.145566Z  WARN p2panda_net::iroh_endpoint::actors::connection: connection establishment failed: aborted by peer: the cryptographic handshake failed: error 120: peer doesn't support any known protocol
2026-10-07T20:32:34.150828Z  WARN p2panda_net::sync::actors::topic_manager: sync session failed: aborted by peer: the cryptographic handshake failed: error 120: peer doesn't support any known protocol session_id=5 topic="502be67710"
2026-10-07T20:32:34.152349Z  WARN p2panda_net::iroh_endpoint::actors::connection: ignoring connection: accepting failed: the cryptographic handshake failed: error 120: peer doesn't support any known protocol
2026-10-07T20:32:34.152799Z  WARN p2panda_net::iroh_endpoint::actors::connection: connection establishment failed: aborted by peer: the cryptographic handshake failed: error 120: peer doesn't support any known protocol
2026-10-07T20:32:34.160951Z  WARN p2panda_net::sync::actors::topic_manager: sync session failed: aborted by peer: the cryptographic handshake failed: error 120: peer doesn't support any known protocol session_id=4 topic="502be67710"
test swatch_pane::tests::diagnostic_subtree_omits_clipped_hidden_and_removed_rows ... ok
test swatch_pane::tests::hovering_sets_and_clears_emphasis ... ok
test swatch_pane::tests::minimap_nodes_color_by_content_state ... ok
test swatch_pane::tests::minimap_preset_paints_through_the_pipeline ... ok
test swatch_pane::tests::overmap_preset_renders_lineage_and_switches ... ok
test trail_memory::evaluation::captured_trail_frecency_receipt ... ignored, requires an explicit private Turnstone session
test trail_memory::evaluation::captured_trail_mint_receipt ... ignored, requires an explicit private Turnstone session
test trail_memory::evaluation::firefox_history_corpus_receipt ... ignored, requires an exported Firefox history corpus
test trail_memory::tests::a_body_only_term_recalls_the_page ... ok
test trail_memory::tests::explicit_source_capture_keeps_exact_bytes_and_reopens_annotation ... ok
test trail_memory::tests::full_segment_flushes_itself ... ok
test trail_memory::tests::mint_receipt_counts_the_corpus_exactly ... ok
test trail_memory::tests::mint_receipt_scale_ladder ... ignored, measurement run: cargo test --release ... -- --ignored --nocapture
test trail_memory::tests::navigation_mapping ... ok
test place::worker::tests::worker_authority_shrink_keeps_the_exact_version_and_withholds_its_share ... ok
test trail_memory::tests::recall_overlays_current_titles_and_remints_on_change ... ok
test trail_memory::tests::records_chain_and_round_trip ... ok
test trail_memory::tests::two_urls_for_one_page_recall_once_with_one_frecency ... ok
test trail_memory::tests::source_capture_refuses_incomplete_acquisition_context ... ok
test trail_pane::tests::a_muted_row_is_inert ... ok
test trail_memory::tests::typed_prefix_recall_follows_frecency_over_title_overlap ... ok
test transcript_pane::tests::a_pending_entry_offers_no_repeat ... ok
test trail_pane::tests::clicking_a_row_bubbles_its_affordance ... ok
test transcript_pane::tests::a_redacted_entry_never_shows_its_input ... ok
test transcript_pane::tests::an_empty_transcript_names_itself ... ok
test transcript_pane::tests::the_most_recent_command_leads ... ok
2026-10-07T20:32:38.130297Z  WARN p2panda_net::iroh_mdns::actor: found invalid transport info coming from iroh's services endpoint_id=9b662f09bb44edb188b2a022b4eb969d44181252866340d454e017372d38d19b
2026-10-07T20:32:38.131522Z  WARN p2panda_net::iroh_mdns::actor: found invalid transport info coming from iroh's services endpoint_id=9b662f09bb44edb188b2a022b4eb969d44181252866340d454e017372d38d19b
2026-10-07T20:32:38.132057Z  WARN p2panda_net::iroh_mdns::actor: found invalid transport info coming from iroh's services endpoint_id=9b662f09bb44edb188b2a022b4eb969d44181252866340d454e017372d38d19b
2026-10-07T20:32:38.134628Z  WARN p2panda_net::iroh_mdns::actor: found invalid transport info coming from iroh's services endpoint_id=9b662f09bb44edb188b2a022b4eb969d44181252866340d454e017372d38d19b
2026-10-07T20:32:38.135311Z  WARN p2panda_net::iroh_mdns::actor: found invalid transport info coming from iroh's services endpoint_id=9b662f09bb44edb188b2a022b4eb969d44181252866340d454e017372d38d19b
2026-10-07T20:32:38.136787Z  WARN p2panda_net::iroh_mdns::actor: found invalid transport info coming from iroh's services endpoint_id=9b662f09bb44edb188b2a022b4eb969d44181252866340d454e017372d38d19b
2026-10-07T20:32:38.137289Z  WARN p2panda_net::iroh_mdns::actor: found invalid transport info coming from iroh's services endpoint_id=9b662f09bb44edb188b2a022b4eb969d44181252866340d454e017372d38d19b
test transcript_pane::tests::a_recorded_command_appears_and_its_row_repeats_that_entry ... ok
2026-10-07T20:32:38.154353Z  WARN p2panda_net::iroh_mdns::actor: found invalid transport info coming from iroh's services endpoint_id=9b662f09bb44edb188b2a022b4eb969d44181252866340d454e017372d38d19b
2026-10-07T20:32:38.156431Z  WARN p2panda_net::iroh_mdns::actor: found invalid transport info coming from iroh's services endpoint_id=9b662f09bb44edb188b2a022b4eb969d44181252866340d454e017372d38d19b
2026-10-07T20:32:38.159390Z  WARN p2panda_net::iroh_mdns::actor: found invalid transport info coming from iroh's services endpoint_id=9b662f09bb44edb188b2a022b4eb969d44181252866340d454e017372d38d19b
2026-10-07T20:32:38.159633Z  WARN p2panda_net::iroh_mdns::actor: found invalid transport info coming from iroh's services endpoint_id=9b662f09bb44edb188b2a022b4eb969d44181252866340d454e017372d38d19b
2026-10-07T20:32:38.160099Z  WARN p2panda_net::iroh_mdns::actor: found invalid transport info coming from iroh's services endpoint_id=9b662f09bb44edb188b2a022b4eb969d44181252866340d454e017372d38d19b
2026-10-07T20:32:38.160360Z  WARN p2panda_net::iroh_mdns::actor: found invalid transport info coming from iroh's services endpoint_id=9b662f09bb44edb188b2a022b4eb969d44181252866340d454e017372d38d19b
2026-10-07T20:32:38.160800Z  WARN p2panda_net::iroh_mdns::actor: found invalid transport info coming from iroh's services endpoint_id=9b662f09bb44edb188b2a022b4eb969d44181252866340d454e017372d38d19b
2026-10-07T20:32:38.171650Z  WARN p2panda_net::iroh_mdns::actor: found invalid transport info coming from iroh's services endpoint_id=9b662f09bb44edb188b2a022b4eb969d44181252866340d454e017372d38d19b
2026-10-07T20:32:38.174061Z  WARN p2panda_net::iroh_mdns::actor: found invalid transport info coming from iroh's services endpoint_id=9b662f09bb44edb188b2a022b4eb969d44181252866340d454e017372d38d19b
test ui::contributed_projection_tests::css_hidden_control_is_an_authoritative_semantic_and_visible_miss ... ok
2026-10-07T20:32:38.229642Z  WARN p2panda_net::iroh_mdns::actor: found invalid transport info coming from iroh's services endpoint_id=9b662f09bb44edb188b2a022b4eb969d44181252866340d454e017372d38d19b
2026-10-07T20:32:38.238045Z  WARN p2panda_net::iroh_mdns::actor: found invalid transport info coming from iroh's services endpoint_id=9b662f09bb44edb188b2a022b4eb969d44181252866340d454e017372d38d19b
test ui::contributed_projection_tests::retained_semantics_bounds_and_pointer_visibility_share_ancestor_clips ... ok
test ui::retained_layout_tests::a_resized_pane_rebuilds_once_and_then_settles ... ok
test ui::retained_layout_tests::a_structural_change_rebuilds_but_an_attribute_change_does_not ... ok
test ui::retained_layout_tests::repainting_an_unchanged_pane_does_not_rebuild_its_layout ... ok
test ui::scroll_tests::a_scrolled_pane_emits_its_bar ... ok
test ui::scroll_tests::bars_are_hidden_until_scrolled ... ok
test ui::scroll_tests::hit_testing_follows_the_scroll ... ok
test ui::scroll_tests::scrolling_above_the_top_stays_at_the_top ... ok
test ui::retained_layout_tests::a_rebuild_keeps_the_pane_where_it_was_scrolled ... ok
test ui::tests::actions_lane_filters_the_catalog_it_is_given ... ok
test ui::tests::address_normalization_recognizes_hosts_and_schemes ... ok
test ui::tests::caret_editing_is_char_boundary_safe ... ok
test ui::tests::changed_certificate_prompt_exposes_both_complete_fingerprints ... ok
test ui::tests::chrome_absolute_siblings_all_paint ... ok
test ui::scroll_tests::scrolling_past_the_end_clamps_to_the_content ... ok
test ui::tests::empty_and_command_texts_suggest_hints ... ok
test ui::tests::live_appearance_changes_chrome_and_settings_paint_styles ... ok
test web_policy::tests::credential_provider_answers_without_secret_facet_leakage ... ok
test ui::tests::find_lane_matches_existing_nodes_before_go ... ok
test web_policy::tests::dismissal_is_not_a_retained_denial ... ok
test web_policy::tests::navigation_withdrawal_removes_old_request_identity ... ok
test web_policy::tests::one_shot_and_process_credentials_do_not_survive_restart ... ok
test web_policy::tests::private_profiles_are_isolated_and_never_create_a_registry_file ... ok
test web_policy::tests::remembered_permission_survives_registry_restart ... ok
test web_policy::tests::grant_and_denial_are_origin_descriptor_scoped ... ok
test web_policy::tests::unanswered_requests_expire_without_retaining_policy ... ok
test workbench_pane::tests::a_tab_point_resolves_to_its_member ... ok
test workbench_pane::tests::clicking_an_inactive_tab_reports_activation ... ok
test workbench_pane::tests::two_tiles_draw_two_strips ... ok
test workbench_tiling::tests::a_stack_is_one_cell_with_its_active_tab ... ok
test workbench_tiling::tests::an_empty_workbench_places_nothing ... ok
test workbench_tiling::tests::drag_fractions_reweight_the_pair_and_clamp ... ok
test workbench_tiling::tests::drop_zones_resolve_stack_and_edge_splits ... ok
test workbench_tiling::tests::nested_splits_carry_nested_paths ... ok
test workbench_tiling::tests::stacking_via_the_model_collapses_a_cell ... ok
test workbench_tiling::tests::two_tiles_split_side_by_side_with_one_seam ... ok
test place::worker::tests::worker_collection_save_failure_keeps_the_previous_scope ... ok
2026-10-07T20:32:41.301488Z  WARN p2panda_net::iroh_endpoint::actors::connection: ignoring connection: accepting failed: the cryptographic handshake failed: error 120: peer doesn't support any known protocol
2026-10-07T20:32:41.316730Z  WARN p2panda_net::iroh_endpoint::actors::connection: connection establishment failed: aborted by peer: the cryptographic handshake failed: error 120: peer doesn't support any known protocol
2026-10-07T20:32:41.318529Z  WARN p2panda_net::sync::actors::topic_manager: sync session failed: aborted by peer: the cryptographic handshake failed: error 120: peer doesn't support any known protocol session_id=4 topic="a1dffc45a2"
test place::worker::tests::worker_exact_collection_version_returns_only_its_ready_capture ... ok
2026-10-07T20:32:42.618972Z  WARN turnstone::place::worker: group-key frame refused reason=addressed direct message for 59f415912cf5013452530f5501da09b404fa22053b83252363ff5551c745101a is required
2026-10-07T20:32:42.619038Z  WARN turnstone::place::worker: group-key frame refused reason=addressed direct message for 59f415912cf5013452530f5501da09b404fa22053b83252363ff5551c745101a is required
test workbench_pane::tests::long_page_titles_cannot_claim_the_siblings_tab ... ok
test sky_surface::tests::polar_empty_crossings_are_described_without_visibility_inference ... ok
2026-10-07T20:32:43.860946Z  WARN p2panda_net::iroh_mdns::actor: found invalid transport info coming from iroh's services endpoint_id=9b662f09bb44edb188b2a022b4eb969d44181252866340d454e017372d38d19b
2026-10-07T20:32:43.869140Z  WARN p2panda_net::iroh_mdns::actor: found invalid transport info coming from iroh's services endpoint_id=9b662f09bb44edb188b2a022b4eb969d44181252866340d454e017372d38d19b
2026-10-07T20:32:43.869947Z  WARN p2panda_net::iroh_mdns::actor: found invalid transport info coming from iroh's services endpoint_id=9b662f09bb44edb188b2a022b4eb969d44181252866340d454e017372d38d19b
2026-10-07T20:32:43.870433Z  WARN p2panda_net::iroh_mdns::actor: found invalid transport info coming from iroh's services endpoint_id=9b662f09bb44edb188b2a022b4eb969d44181252866340d454e017372d38d19b
2026-10-07T20:32:43.870946Z  WARN p2panda_net::iroh_mdns::actor: found invalid transport info coming from iroh's services endpoint_id=9b662f09bb44edb188b2a022b4eb969d44181252866340d454e017372d38d19b
2026-10-07T20:32:43.874133Z  WARN p2panda_net::iroh_mdns::actor: found invalid transport info coming from iroh's services endpoint_id=9b662f09bb44edb188b2a022b4eb969d44181252866340d454e017372d38d19b
2026-10-07T20:32:43.886809Z  WARN p2panda_net::iroh_mdns::actor: found invalid transport info coming from iroh's services endpoint_id=9b662f09bb44edb188b2a022b4eb969d44181252866340d454e017372d38d19b
2026-10-07T20:32:43.895999Z  WARN p2panda_net::iroh_mdns::actor: found invalid transport info coming from iroh's services endpoint_id=9b662f09bb44edb188b2a022b4eb969d44181252866340d454e017372d38d19b
2026-10-07T20:32:43.897421Z  WARN p2panda_net::iroh_mdns::actor: found invalid transport info coming from iroh's services endpoint_id=9b662f09bb44edb188b2a022b4eb969d44181252866340d454e017372d38d19b
2026-10-07T20:32:43.899077Z  WARN p2panda_net::iroh_mdns::actor: found invalid transport info coming from iroh's services endpoint_id=9b662f09bb44edb188b2a022b4eb969d44181252866340d454e017372d38d19b
2026-10-07T20:32:45.039257Z  WARN p2panda_sync::protocols::topic_log_sync: sync session closed with error error=DecodeMessage("Io(Custom { kind: NotConnected, error: ConnectionLost(LocallyClosed) })")
2026-10-07T20:32:45.039818Z  WARN p2panda_sync::protocols::topic_log_sync: sync session closed with error error=DecodeMessage("Io(Custom { kind: NotConnected, error: ConnectionLost(LocallyClosed) })")
2026-10-07T20:32:45.040040Z  WARN p2panda_sync::protocols::topic_log_sync: sync session closed with error error=DecodeMessage("Io(Custom { kind: NotConnected, error: ConnectionLost(LocallyClosed) })")
2026-10-07T20:32:45.042467Z  WARN p2panda_sync::protocols::topic_log_sync: sync session closed with error error=DecodeMessage("Io(Custom { kind: NotConnected, error: ConnectionLost(ApplicationClosed(ApplicationClose { error_code: 0, reason: b\"\" })) })")
2026-10-07T20:32:45.042928Z  WARN p2panda_sync::protocols::topic_log_sync: sync session closed with error error=DecodeMessage("Io(Custom { kind: NotConnected, error: ConnectionLost(ApplicationClosed(ApplicationClose { error_code: 0, reason: b\"\" })) })")
2026-10-07T20:32:45.043163Z  WARN p2panda_sync::protocols::topic_log_sync: sync session closed with error error=DecodeMessage("Io(Custom { kind: NotConnected, error: ConnectionLost(ApplicationClosed(ApplicationClose { error_code: 0, reason: b\"\" })) })")
2026-10-07T20:32:45.043176Z  WARN p2panda_net::sync::actors::topic_manager: sync session failed: error sending on message sink: Io(Custom { kind: NotConnected, error: ConnectionLost(LocallyClosed) }) session_id=2 topic="414ff30f9c"
2026-10-07T20:32:45.043273Z  WARN p2panda_sync::protocols::topic_log_sync: sync session closed with error error=DecodeMessage("Io(Custom { kind: NotConnected, error: ConnectionLost(ApplicationClosed(ApplicationClose { error_code: 0, reason: b\"\" })) })")
2026-10-07T20:32:45.043339Z  WARN p2panda_net::sync::actors::topic_manager: sync session failed: error sending on message sink: Io(Custom { kind: NotConnected, error: ConnectionLost(LocallyClosed) }) session_id=1 topic="414ff30f9c"
2026-10-07T20:32:45.043508Z  WARN p2panda_net::sync::actors::topic_manager: sync session failed: error sending on message sink: Io(Custom { kind: NotConnected, error: ConnectionLost(LocallyClosed) }) session_id=0 topic="ff01e56566"
2026-10-07T20:32:45.043598Z  WARN p2panda_net::sync::actors::topic_manager: sync session failed: error sending on message sink: Io(Custom { kind: NotConnected, error: ConnectionLost(LocallyClosed) }) session_id=3 topic="ff01e56566"
2026-10-07T20:32:45.043646Z  WARN p2panda_sync::protocols::topic_log_sync: sync session closed with error error=DecodeMessage("Io(Custom { kind: NotConnected, error: ConnectionLost(ApplicationClosed(ApplicationClose { error_code: 0, reason: b\"\" })) })")
2026-10-07T20:32:45.043676Z  WARN p2panda_sync::protocols::topic_log_sync: sync session closed with error error=DecodeMessage("Io(Custom { kind: NotConnected, error: ConnectionLost(ApplicationClosed(ApplicationClose { error_code: 0, reason: b\"\" })) })")
2026-10-07T20:32:45.043766Z  WARN p2panda_sync::protocols::topic_log_sync: sync session closed with error error=DecodeMessage("Io(Custom { kind: NotConnected, error: ConnectionLost(LocallyClosed) })")
2026-10-07T20:32:45.043999Z  WARN p2panda_sync::protocols::topic_log_sync: sync session closed with error error=DecodeMessage("Io(Custom { kind: NotConnected, error: ConnectionLost(ApplicationClosed(ApplicationClose { error_code: 0, reason: b\"\" })) })")
2026-10-07T20:32:45.044044Z  WARN p2panda_sync::protocols::topic_log_sync: sync session closed with error error=DecodeMessage("Io(Custom { kind: NotConnected, error: ConnectionLost(ApplicationClosed(ApplicationClose { error_code: 0, reason: b\"\" })) })")
2026-10-07T20:32:45.044071Z  WARN p2panda_sync::protocols::topic_log_sync: sync session closed with error error=DecodeMessage("Io(Custom { kind: NotConnected, error: ConnectionLost(LocallyClosed) })")
2026-10-07T20:32:45.044368Z  WARN p2panda_sync::protocols::topic_log_sync: sync session closed with error error=DecodeMessage("Io(Custom { kind: NotConnected, error: ConnectionLost(ApplicationClosed(ApplicationClose { error_code: 0, reason: b\"\" })) })")
2026-10-07T20:32:45.044399Z  WARN p2panda_sync::protocols::topic_log_sync: sync session closed with error error=DecodeMessage("Io(Custom { kind: NotConnected, error: ConnectionLost(ApplicationClosed(ApplicationClose { error_code: 0, reason: b\"\" })) })")
2026-10-07T20:32:45.044484Z  WARN p2panda_sync::protocols::topic_log_sync: sync session closed with error error=DecodeMessage("Io(Custom { kind: NotConnected, error: ConnectionLost(ApplicationClosed(ApplicationClose { error_code: 0, reason: b\"\" })) })")
2026-10-07T20:32:45.044491Z  WARN p2panda_sync::protocols::topic_log_sync: sync session closed with error error=DecodeMessage("Io(Custom { kind: NotConnected, error: ConnectionLost(ApplicationClosed(ApplicationClose { error_code: 0, reason: b\"\" })) })")
2026-10-07T20:32:45.044562Z  WARN p2panda_sync::protocols::topic_log_sync: sync session closed with error error=DecodeMessage("Io(Custom { kind: NotConnected, error: ConnectionLost(ApplicationClosed(ApplicationClose { error_code: 0, reason: b\"\" })) })")
2026-10-07T20:32:45.044226Z  WARN p2panda_net::sync::actors::topic_manager: sync session failed: error sending on message sink: Io(Custom { kind: NotConnected, error: ConnectionLost(LocallyClosed) }) session_id=3 topic="ff01e56566"
2026-10-07T20:32:45.044830Z  WARN p2panda_net::sync::actors::topic_manager: sync session failed: Io(Custom { kind: NotConnected, error: ConnectionLost(ApplicationClosed(ApplicationClose { error_code: 0, reason: b"" })) }) session_id=2 topic="ff01e56566"
2026-10-07T20:32:45.044860Z  WARN p2panda_sync::protocols::topic_log_sync: sync session closed with error error=DecodeMessage("Io(Custom { kind: NotConnected, error: ConnectionLost(ApplicationClosed(ApplicationClose { error_code: 0, reason: b\"\" })) })")
2026-10-07T20:32:45.045111Z  WARN p2panda_net::sync::actors::topic_manager: sync session failed: Io(Custom { kind: NotConnected, error: ConnectionLost(ApplicationClosed(ApplicationClose { error_code: 0, reason: b"" })) }) session_id=1 topic="ff01e56566"
2026-10-07T20:32:45.045389Z  WARN p2panda_sync::protocols::topic_log_sync: sync session closed with error error=DecodeMessage("Io(Custom { kind: NotConnected, error: ConnectionLost(ApplicationClosed(ApplicationClose { error_code: 0, reason: b\"\" })) })")
2026-10-07T20:32:45.046093Z  WARN p2panda_net::sync::actors::topic_manager: sync session failed: Io(Custom { kind: NotConnected, error: ConnectionLost(ApplicationClosed(ApplicationClose { error_code: 0, reason: b"" })) }) session_id=1 topic="ff01e56566"
2026-10-07T20:32:45.046280Z  WARN p2panda_net::sync::actors::topic_manager: sync session failed: Io(Custom { kind: NotConnected, error: ConnectionLost(ApplicationClosed(ApplicationClose { error_code: 0, reason: b"" })) }) session_id=1 topic="87bd32da0b"
2026-10-07T20:32:45.046477Z  WARN p2panda_sync::protocols::topic_log_sync: sync session closed with error error=DecodeMessage("Io(Custom { kind: NotConnected, error: ConnectionLost(ApplicationClosed(ApplicationClose { error_code: 0, reason: b\"\" })) })")
2026-10-07T20:32:45.046485Z  WARN p2panda_net::sync::actors::topic_manager: sync session failed: Io(Custom { kind: NotConnected, error: ConnectionLost(LocallyClosed) }) session_id=0 topic="87bd32da0b"
2026-10-07T20:32:45.046538Z  WARN p2panda_net::sync::actors::topic_manager: sync session failed: Io(Custom { kind: NotConnected, error: ConnectionLost(ApplicationClosed(ApplicationClose { error_code: 0, reason: b"" })) }) session_id=0 topic="ff01e56566"
2026-10-07T20:32:45.046716Z  WARN p2panda_sync::protocols::topic_log_sync: sync session closed with error error=DecodeMessage("Io(Custom { kind: NotConnected, error: ConnectionLost(LocallyClosed) })")
2026-10-07T20:32:45.046712Z  WARN p2panda_net::sync::actors::topic_manager: sync session failed: Io(Custom { kind: NotConnected, error: ConnectionLost(ApplicationClosed(ApplicationClose { error_code: 0, reason: b"" })) }) session_id=2 topic="414ff30f9c"
2026-10-07T20:32:45.046800Z  WARN p2panda_sync::protocols::topic_log_sync: sync session closed with error error=DecodeMessage("Io(Custom { kind: NotConnected, error: ConnectionLost(ApplicationClosed(ApplicationClose { error_code: 0, reason: b\"\" })) })")
2026-10-07T20:32:45.046843Z  WARN p2panda_sync::protocols::topic_log_sync: sync session closed with error error=DecodeMessage("Io(Custom { kind: NotConnected, error: ConnectionLost(ApplicationClosed(ApplicationClose { error_code: 0, reason: b\"\" })) })")
2026-10-07T20:32:45.046956Z  WARN p2panda_sync::protocols::topic_log_sync: sync session closed with error error=DecodeMessage("Io(Custom { kind: NotConnected, error: ConnectionLost(LocallyClosed) })")
2026-10-07T20:32:45.047143Z  WARN p2panda_net::sync::actors::topic_manager: sync session failed: Io(Custom { kind: NotConnected, error: ConnectionLost(ApplicationClosed(ApplicationClose { error_code: 0, reason: b"" })) }) session_id=0 topic="ff01e56566"
2026-10-07T20:32:45.047201Z  WARN p2panda_sync::protocols::topic_log_sync: sync session closed with error error=DecodeMessage("Io(Custom { kind: NotConnected, error: ConnectionLost(LocallyClosed) })")
2026-10-07T20:32:45.047363Z  WARN p2panda_net::sync::actors::topic_manager: sync session failed: Io(Custom { kind: NotConnected, error: ConnectionLost(ApplicationClosed(ApplicationClose { error_code: 0, reason: b"" })) }) session_id=1 topic="ff01e56566"
2026-10-07T20:32:45.047471Z  WARN p2panda_sync::protocols::topic_log_sync: sync session closed with error error=DecodeMessage("Io(Custom { kind: NotConnected, error: ConnectionLost(LocallyClosed) })")
2026-10-07T20:32:45.047552Z  WARN p2panda_sync::protocols::topic_log_sync: sync session closed with error error=DecodeMessage("Io(Custom { kind: NotConnected, error: ConnectionLost(ApplicationClosed(ApplicationClose { error_code: 0, reason: b\"\" })) })")
2026-10-07T20:32:45.047664Z  WARN p2panda_sync::protocols::topic_log_sync: sync session closed with error error=DecodeMessage("Io(Custom { kind: NotConnected, error: ConnectionLost(LocallyClosed) })")
2026-10-07T20:32:45.047879Z  WARN p2panda_net::sync::actors::topic_manager: sync session failed: Io(Custom { kind: NotConnected, error: ConnectionLost(ApplicationClosed(ApplicationClose { error_code: 0, reason: b"" })) }) session_id=2 topic="ff01e56566"
2026-10-07T20:32:45.047893Z  WARN p2panda_sync::protocols::topic_log_sync: sync session closed with error error=DecodeMessage("Io(Custom { kind: NotConnected, error: ConnectionLost(ApplicationClosed(ApplicationClose { error_code: 0, reason: b\"\" })) })")
2026-10-07T20:32:45.047965Z  WARN p2panda_sync::protocols::topic_log_sync: sync session closed with error error=DecodeMessage("Io(Custom { kind: NotConnected, error: ConnectionLost(ApplicationClosed(ApplicationClose { error_code: 0, reason: b\"\" })) })")
2026-10-07T20:32:45.047977Z  WARN p2panda_net::sync::actors::topic_manager: sync session failed: Io(Custom { kind: NotConnected, error: ConnectionLost(LocallyClosed) }) session_id=2 topic="ff01e56566"
2026-10-07T20:32:45.048166Z  WARN p2panda_sync::protocols::topic_log_sync: sync session closed with error error=DecodeMessage("Io(Custom { kind: NotConnected, error: ConnectionLost(ApplicationClosed(ApplicationClose { error_code: 0, reason: b\"\" })) })")
2026-10-07T20:32:45.048737Z  WARN p2panda_sync::protocols::topic_log_sync: sync session closed with error error=DecodeMessage("Io(Custom { kind: NotConnected, error: ConnectionLost(ApplicationClosed(ApplicationClose { error_code: 0, reason: b\"\" })) })")
2026-10-07T20:32:45.049064Z  WARN p2panda_sync::protocols::topic_log_sync: sync session closed with error error=DecodeMessage("Io(Custom { kind: NotConnected, error: ConnectionLost(ApplicationClosed(ApplicationClose { error_code: 0, reason: b\"\" })) })")
2026-10-07T20:32:45.049145Z  WARN p2panda_net::sync::actors::topic_manager: sync session failed: Io(Custom { kind: NotConnected, error: ConnectionLost(ApplicationClosed(ApplicationClose { error_code: 0, reason: b"" })) }) session_id=0 topic="ff01e56566"
2026-10-07T20:32:45.049668Z  WARN p2panda_net::sync::actors::topic_manager: sync session failed: Io(Custom { kind: NotConnected, error: ConnectionLost(LocallyClosed) }) session_id=2 topic="ff01e56566"
2026-10-07T20:32:45.049894Z  WARN p2panda_net::sync::actors::topic_manager: sync session failed: Io(Custom { kind: NotConnected, error: ConnectionLost(ApplicationClosed(ApplicationClose { error_code: 0, reason: b"" })) }) session_id=0 topic="ff01e56566"
2026-10-07T20:32:45.050445Z  WARN p2panda_sync::protocols::topic_log_sync: sync session closed with error error=DecodeMessage("Io(Custom { kind: NotConnected, error: ConnectionLost(ApplicationClosed(ApplicationClose { error_code: 0, reason: b\"\" })) })")
2026-10-07T20:32:45.050906Z  WARN p2panda_net::sync::actors::topic_manager: sync session failed: Io(Custom { kind: NotConnected, error: ConnectionLost(ApplicationClosed(ApplicationClose { error_code: 0, reason: b"" })) }) session_id=0 topic="87bd32da0b"
2026-10-07T20:32:45.051287Z  WARN p2panda_sync::protocols::topic_log_sync: sync session closed with error error=DecodeMessage("Io(Custom { kind: NotConnected, error: ConnectionLost(LocallyClosed) })")
2026-10-07T20:32:45.051461Z  WARN p2panda_sync::protocols::topic_log_sync: sync session closed with error error=DecodeMessage("Io(Custom { kind: NotConnected, error: ConnectionLost(ApplicationClosed(ApplicationClose { error_code: 0, reason: b\"\" })) })")
2026-10-07T20:32:45.051958Z  WARN p2panda_sync::protocols::topic_log_sync: sync session closed with error error=DecodeMessage("Io(Custom { kind: NotConnected, error: ConnectionLost(ApplicationClosed(ApplicationClose { error_code: 0, reason: b\"\" })) })")
2026-10-07T20:32:45.052277Z  WARN p2panda_sync::protocols::topic_log_sync: sync session closed with error error=DecodeMessage("Io(Custom { kind: NotConnected, error: ConnectionLost(ApplicationClosed(ApplicationClose { error_code: 0, reason: b\"\" })) })")
2026-10-07T20:32:45.052461Z  WARN p2panda_sync::protocols::topic_log_sync: sync session closed with error error=DecodeMessage("Io(Custom { kind: NotConnected, error: ConnectionLost(ApplicationClosed(ApplicationClose { error_code: 0, reason: b\"\" })) })")
2026-10-07T20:32:45.052631Z  WARN p2panda_sync::protocols::topic_log_sync: sync session closed with error error=DecodeMessage("Io(Custom { kind: NotConnected, error: ConnectionLost(ApplicationClosed(ApplicationClose { error_code: 0, reason: b\"\" })) })")
2026-10-07T20:32:45.052658Z  WARN p2panda_sync::protocols::topic_log_sync: sync session closed with error error=DecodeMessage("Io(Custom { kind: NotConnected, error: ConnectionLost(ApplicationClosed(ApplicationClose { error_code: 0, reason: b\"\" })) })")
2026-10-07T20:32:45.052949Z  WARN p2panda_net::sync::actors::topic_manager: sync session failed: error sending on message sink: Io(Custom { kind: NotConnected, error: ConnectionLost(LocallyClosed) }) session_id=0 topic="ff01e56566"
2026-10-07T20:32:45.053041Z  WARN p2panda_net::sync::actors::topic_manager: sync session failed: error sending on message sink: Io(Custom { kind: NotConnected, error: ConnectionLost(LocallyClosed) }) session_id=3 topic="ff01e56566"
2026-10-07T20:32:45.053084Z  WARN p2panda_net::sync::actors::topic_manager: sync session failed: error sending on message sink: Io(Custom { kind: NotConnected, error: ConnectionLost(LocallyClosed) }) session_id=2 topic="ff01e56566"
2026-10-07T20:32:45.053124Z  WARN p2panda_net::sync::actors::topic_manager: sync session failed: error sending on message sink: Io(Custom { kind: NotConnected, error: ConnectionLost(LocallyClosed) }) session_id=1 topic="ff01e56566"
2026-10-07T20:32:45.053471Z  WARN p2panda_sync::protocols::topic_log_sync: sync session closed with error error=DecodeMessage("Io(Custom { kind: NotConnected, error: ConnectionLost(ApplicationClosed(ApplicationClose { error_code: 0, reason: b\"\" })) })")
2026-10-07T20:32:45.053735Z  WARN p2panda_net::sync::actors::topic_manager: sync session failed: error sending on message sink: Io(Custom { kind: NotConnected, error: ConnectionLost(ApplicationClosed(ApplicationClose { error_code: 0, reason: b"" })) }) session_id=1 topic="ff01e56566"
2026-10-07T20:32:45.053677Z  WARN p2panda_net::sync::actors::topic_manager: sync session failed: Io(Custom { kind: NotConnected, error: ConnectionLost(ApplicationClosed(ApplicationClose { error_code: 0, reason: b"" })) }) session_id=0 topic="ff01e56566"
2026-10-07T20:32:45.053829Z  WARN p2panda_net::sync::actors::topic_manager: sync session failed: error sending on message sink: Io(Custom { kind: NotConnected, error: ConnectionLost(ApplicationClosed(ApplicationClose { error_code: 0, reason: b"" })) }) session_id=0 topic="ff01e56566"
2026-10-07T20:32:45.053989Z  WARN p2panda_net::sync::actors::topic_manager: sync session failed: Io(Custom { kind: NotConnected, error: ConnectionLost(ApplicationClosed(ApplicationClose { error_code: 0, reason: b"" })) }) session_id=0 topic="1322a4ee7e"
2026-10-07T20:32:45.054180Z  WARN p2panda_net::sync::actors::topic_manager: sync session failed: Io(Custom { kind: NotConnected, error: ConnectionLost(ApplicationClosed(ApplicationClose { error_code: 0, reason: b"" })) }) session_id=0 topic="414ff30f9c"
2026-10-07T20:32:45.056464Z  WARN p2panda_net::sync::actors::topic_manager: sync session failed: error sending on message sink: Io(Custom { kind: NotConnected, error: ConnectionLost(ApplicationClosed(ApplicationClose { error_code: 0, reason: b"" })) }) session_id=1 topic="1322a4ee7e"
2026-10-07T20:32:45.056608Z  WARN p2panda_net::sync::actors::topic_manager: sync session failed: error sending on message sink: Io(Custom { kind: NotConnected, error: ConnectionLost(ApplicationClosed(ApplicationClose { error_code: 0, reason: b"" })) }) session_id=0 topic="1322a4ee7e"
2026-10-07T20:32:45.056897Z  WARN p2panda_sync::protocols::topic_log_sync: sync session closed with error error=DecodeMessage("Io(Custom { kind: NotConnected, error: ConnectionLost(ApplicationClosed(ApplicationClose { error_code: 0, reason: b\"\" })) })")
2026-10-07T20:32:45.057246Z  WARN p2panda_sync::protocols::topic_log_sync: sync session closed with error error=DecodeMessage("Io(Custom { kind: NotConnected, error: ConnectionLost(ApplicationClosed(ApplicationClose { error_code: 0, reason: b\"\" })) })")
2026-10-07T20:32:45.057466Z  WARN p2panda_net::sync::actors::topic_manager: sync session failed: Io(Custom { kind: NotConnected, error: ConnectionLost(ApplicationClosed(ApplicationClose { error_code: 0, reason: b"" })) }) session_id=2 topic="ff01e56566"
2026-10-07T20:32:45.057548Z ERROR iroh::socket::transports::relay: relay_recv_channel closed
2026-10-07T20:32:45.058842Z ERROR iroh::socket::transports::relay: relay_recv_channel closed
2026-10-07T20:32:45.059129Z  WARN p2panda_sync::protocols::topic_log_sync: sync session closed with error error=DecodeMessage("Io(Custom { kind: NotConnected, error: ConnectionLost(LocallyClosed) })")
2026-10-07T20:32:45.062742Z  WARN p2panda_net::sync::actors::topic_manager: sync session failed: Io(Custom { kind: NotConnected, error: ConnectionLost(ApplicationClosed(ApplicationClose { error_code: 0, reason: b"" })) }) session_id=2 topic="ff01e56566"
2026-10-07T20:32:45.064215Z  WARN p2panda_net::sync::actors::topic_manager: sync session failed: Io(Custom { kind: NotConnected, error: ConnectionLost(ApplicationClosed(ApplicationClose { error_code: 0, reason: b"" })) }) session_id=1 topic="ff01e56566"
2026-10-07T20:32:45.961503Z  WARN p2panda_sync::protocols::topic_log_sync: sync session closed with error error=DecodeMessage("Io(Custom { kind: NotConnected, error: ConnectionLost(LocallyClosed) })")
2026-10-07T20:32:45.961892Z  WARN p2panda_sync::protocols::topic_log_sync: sync session closed with error error=DecodeMessage("Io(Custom { kind: NotConnected, error: ConnectionLost(LocallyClosed) })")
2026-10-07T20:32:45.962065Z  WARN p2panda_sync::protocols::topic_log_sync: sync session closed with error error=DecodeMessage("Io(Custom { kind: NotConnected, error: ConnectionLost(LocallyClosed) })")
2026-10-07T20:32:45.962933Z  WARN p2panda_sync::protocols::topic_log_sync: sync session closed with error error=DecodeMessage("Io(Custom { kind: NotConnected, error: ConnectionLost(LocallyClosed) })")
2026-10-07T20:32:45.963263Z  WARN p2panda_sync::protocols::topic_log_sync: sync session closed with error error=DecodeMessage("Io(Custom { kind: NotConnected, error: ConnectionLost(LocallyClosed) })")
2026-10-07T20:32:45.963297Z  WARN p2panda_sync::protocols::topic_log_sync: sync session closed with error error=DecodeMessage("Io(Custom { kind: NotConnected, error: ConnectionLost(LocallyClosed) })")
2026-10-07T20:32:45.963420Z  WARN p2panda_sync::protocols::topic_log_sync: sync session closed with error error=DecodeMessage("Io(Custom { kind: NotConnected, error: ConnectionLost(LocallyClosed) })")
2026-10-07T20:32:45.963837Z  WARN p2panda_sync::protocols::topic_log_sync: sync session closed with error error=DecodeMessage("Io(Custom { kind: NotConnected, error: ConnectionLost(LocallyClosed) })")
2026-10-07T20:32:45.964096Z  WARN p2panda_sync::protocols::topic_log_sync: sync session closed with error error=DecodeMessage("Io(Custom { kind: NotConnected, error: ConnectionLost(LocallyClosed) })")
2026-10-07T20:32:45.964343Z  WARN p2panda_sync::protocols::topic_log_sync: sync session closed with error error=DecodeMessage("Io(Custom { kind: NotConnected, error: ConnectionLost(LocallyClosed) })")
2026-10-07T20:32:45.964596Z  WARN p2panda_sync::protocols::topic_log_sync: sync session closed with error error=DecodeMessage("Io(Custom { kind: NotConnected, error: ConnectionLost(ApplicationClosed(ApplicationClose { error_code: 0, reason: b\"\" })) })")
2026-10-07T20:32:45.965640Z  WARN p2panda_sync::protocols::topic_log_sync: sync session closed with error error=DecodeMessage("Io(Custom { kind: NotConnected, error: ConnectionLost(ApplicationClosed(ApplicationClose { error_code: 0, reason: b\"\" })) })")
2026-10-07T20:32:45.965866Z  WARN p2panda_sync::protocols::topic_log_sync: sync session closed with error error=DecodeMessage("Io(Custom { kind: NotConnected, error: ConnectionLost(ApplicationClosed(ApplicationClose { error_code: 0, reason: b\"\" })) })")
2026-10-07T20:32:45.967009Z  WARN p2panda_sync::protocols::topic_log_sync: sync session closed with error error=DecodeMessage("Io(Custom { kind: NotConnected, error: ConnectionLost(ApplicationClosed(ApplicationClose { error_code: 0, reason: b\"\" })) })")
2026-10-07T20:32:45.967299Z  WARN p2panda_sync::protocols::topic_log_sync: sync session closed with error error=DecodeMessage("Io(Custom { kind: NotConnected, error: ConnectionLost(ApplicationClosed(ApplicationClose { error_code: 0, reason: b\"\" })) })")
2026-10-07T20:32:45.969600Z  WARN p2panda_sync::protocols::topic_log_sync: sync session closed with error error=DecodeMessage("Io(Custom { kind: NotConnected, error: ConnectionLost(ApplicationClosed(ApplicationClose { error_code: 0, reason: b\"\" })) })")
2026-10-07T20:32:45.969962Z  WARN p2panda_sync::protocols::topic_log_sync: sync session closed with error error=DecodeMessage("Io(Custom { kind: NotConnected, error: ConnectionLost(ApplicationClosed(ApplicationClose { error_code: 0, reason: b\"\" })) })")
2026-10-07T20:32:45.970033Z  WARN p2panda_sync::protocols::topic_log_sync: sync session closed with error error=DecodeMessage("Io(Custom { kind: NotConnected, error: ConnectionLost(ApplicationClosed(ApplicationClose { error_code: 0, reason: b\"\" })) })")
2026-10-07T20:32:45.970199Z  WARN p2panda_sync::protocols::topic_log_sync: sync session closed with error error=DecodeMessage("Io(Custom { kind: NotConnected, error: ConnectionLost(ApplicationClosed(ApplicationClose { error_code: 0, reason: b\"\" })) })")
2026-10-07T20:32:45.971202Z  WARN p2panda_sync::protocols::topic_log_sync: sync session closed with error error=DecodeMessage("Io(Custom { kind: NotConnected, error: ConnectionLost(ApplicationClosed(ApplicationClose { error_code: 0, reason: b\"\" })) })")
2026-10-07T20:32:45.971218Z ERROR iroh::socket::transports::relay: relay_recv_channel closed
2026-10-07T20:32:45.972511Z ERROR iroh::socket::transports::relay: relay_recv_channel closed
2026-10-07T20:32:45.976935Z  WARN p2panda_sync::protocols::topic_log_sync: sync session closed with error error=DecodeMessage("Io(Custom { kind: NotConnected, error: ConnectionLost(ApplicationClosed(ApplicationClose { error_code: 0, reason: b\"\" })) })")
2026-10-07T20:32:45.982885Z  WARN p2panda_sync::protocols::topic_log_sync: sync session closed with error error=DecodeMessage("Io(Custom { kind: NotConnected, error: ConnectionLost(ApplicationClosed(ApplicationClose { error_code: 0, reason: b\"\" })) })")
2026-10-07T20:32:45.987604Z  WARN p2panda_sync::protocols::topic_log_sync: sync session closed with error error=DecodeMessage("Io(Custom { kind: NotConnected, error: ConnectionLost(ApplicationClosed(ApplicationClose { error_code: 0, reason: b\"\" })) })")
2026-10-07T20:32:46.958534Z  WARN p2panda_net::sync::actors::topic_manager: sync session failed: error sending on message sink: Io(Custom { kind: NotConnected, error: ConnectionLost(LocallyClosed) }) session_id=1 topic="97e6568e15"
2026-10-07T20:32:46.958772Z  WARN p2panda_sync::protocols::topic_log_sync: sync session closed with error error=DecodeMessage("Io(Custom { kind: NotConnected, error: ConnectionLost(LocallyClosed) })")
2026-10-07T20:32:46.959367Z  WARN p2panda_sync::protocols::topic_log_sync: sync session closed with error error=DecodeMessage("Io(Custom { kind: NotConnected, error: ConnectionLost(LocallyClosed) })")
2026-10-07T20:32:46.959704Z  WARN p2panda_sync::protocols::topic_log_sync: sync session closed with error error=DecodeMessage("Io(Custom { kind: NotConnected, error: ConnectionLost(LocallyClosed) })")
2026-10-07T20:32:46.959954Z  WARN p2panda_sync::protocols::topic_log_sync: sync session closed with error error=DecodeMessage("Io(Custom { kind: NotConnected, error: ConnectionLost(ApplicationClosed(ApplicationClose { error_code: 0, reason: b\"\" })) })")
2026-10-07T20:32:46.960372Z  WARN p2panda_net::sync::actors::topic_manager: sync session failed: error sending on message sink: Io(Custom { kind: NotConnected, error: ConnectionLost(LocallyClosed) }) session_id=0 topic="a1dffc45a2"
2026-10-07T20:32:46.960473Z  WARN p2panda_net::sync::actors::topic_manager: sync session failed: error sending on message sink: Io(Custom { kind: NotConnected, error: ConnectionLost(LocallyClosed) }) session_id=1 topic="a1dffc45a2"
2026-10-07T20:32:46.960350Z  WARN p2panda_net::sync::actors::topic_manager: sync session failed: error sending on message sink: Io(Custom { kind: NotConnected, error: ConnectionLost(LocallyClosed) }) session_id=0 topic="21d3eee885"
2026-10-07T20:32:46.961009Z  WARN p2panda_sync::protocols::topic_log_sync: sync session closed with error error=DecodeMessage("Io(Custom { kind: NotConnected, error: ConnectionLost(ApplicationClosed(ApplicationClose { error_code: 0, reason: b\"\" })) })")
2026-10-07T20:32:46.961221Z  WARN p2panda_net::sync::actors::topic_manager: sync session failed: error sending on message sink: Io(Custom { kind: NotConnected, error: ConnectionLost(LocallyClosed) }) session_id=1 topic="a1dffc45a2"
2026-10-07T20:32:46.961322Z  WARN p2panda_net::sync::actors::topic_manager: sync session failed: error sending on message sink: Io(Custom { kind: NotConnected, error: ConnectionLost(LocallyClosed) }) session_id=0 topic="a1dffc45a2"
2026-10-07T20:32:46.961376Z  WARN p2panda_sync::protocols::topic_log_sync: sync session closed with error error=DecodeMessage("Io(Custom { kind: NotConnected, error: ConnectionLost(LocallyClosed) })")
2026-10-07T20:32:46.961658Z  WARN p2panda_sync::protocols::topic_log_sync: sync session closed with error error=DecodeMessage("Io(Custom { kind: NotConnected, error: ConnectionLost(LocallyClosed) })")
2026-10-07T20:32:46.961658Z  WARN p2panda_sync::protocols::topic_log_sync: sync session closed with error error=DecodeMessage("Io(Custom { kind: NotConnected, error: ConnectionLost(LocallyClosed) })")
2026-10-07T20:32:46.961719Z  WARN p2panda_net::sync::actors::topic_manager: sync session failed: Io(Custom { kind: NotConnected, error: ConnectionLost(ApplicationClosed(ApplicationClose { error_code: 0, reason: b"" })) }) session_id=6 topic="a1dffc45a2"
2026-10-07T20:32:46.961827Z  WARN p2panda_sync::protocols::topic_log_sync: sync session closed with error error=DecodeMessage("Io(Custom { kind: NotConnected, error: ConnectionLost(ApplicationClosed(ApplicationClose { error_code: 0, reason: b\"\" })) })")
2026-10-07T20:32:46.961998Z  WARN p2panda_net::sync::actors::topic_manager: sync session failed: Io(Custom { kind: NotConnected, error: ConnectionLost(LocallyClosed) }) session_id=0 topic="a1dffc45a2"
2026-10-07T20:32:46.962168Z  WARN p2panda_sync::protocols::topic_log_sync: sync session closed with error error=DecodeMessage("Io(Custom { kind: NotConnected, error: ConnectionLost(ApplicationClosed(ApplicationClose { error_code: 0, reason: b\"\" })) })")
2026-10-07T20:32:46.962265Z  WARN p2panda_net::sync::actors::topic_manager: sync session failed: Io(Custom { kind: NotConnected, error: ConnectionLost(ApplicationClosed(ApplicationClose { error_code: 0, reason: b"" })) }) session_id=5 topic="a1dffc45a2"
2026-10-07T20:32:46.962457Z  WARN p2panda_sync::protocols::topic_log_sync: sync session closed with error error=DecodeMessage("Io(Custom { kind: NotConnected, error: ConnectionLost(ApplicationClosed(ApplicationClose { error_code: 0, reason: b\"\" })) })")
2026-10-07T20:32:46.963306Z  WARN p2panda_sync::protocols::topic_log_sync: sync session closed with error error=DecodeMessage("Io(Custom { kind: NotConnected, error: ConnectionLost(LocallyClosed) })")
2026-10-07T20:32:46.963781Z  WARN p2panda_net::sync::actors::topic_manager: sync session failed: Io(Custom { kind: NotConnected, error: ConnectionLost(LocallyClosed) }) session_id=0 topic="a1dffc45a2"
2026-10-07T20:32:46.963934Z  WARN p2panda_sync::protocols::topic_log_sync: sync session closed with error error=DecodeMessage("Io(Custom { kind: NotConnected, error: ConnectionLost(ApplicationClosed(ApplicationClose { error_code: 0, reason: b\"\" })) })")
2026-10-07T20:32:46.964031Z  WARN p2panda_net::sync::actors::topic_manager: sync session failed: Io(Custom { kind: NotConnected, error: ConnectionLost(ApplicationClosed(ApplicationClose { error_code: 0, reason: b"" })) }) session_id=5 topic="21d3eee885"
2026-10-07T20:32:46.964374Z  WARN p2panda_net::sync::actors::topic_manager: sync session failed: Io(Custom { kind: NotConnected, error: ConnectionLost(ApplicationClosed(ApplicationClose { error_code: 0, reason: b"" })) }) session_id=5 topic="a1dffc45a2"
2026-10-07T20:32:46.967989Z  WARN p2panda_net::sync::actors::topic_manager: sync session failed: Io(Custom { kind: NotConnected, error: ConnectionLost(LocallyClosed) }) session_id=0 topic="a1dffc45a2"
2026-10-07T20:32:46.977035Z  WARN p2panda_net::sync::actors::topic_manager: sync session failed: Io(Custom { kind: NotConnected, error: ConnectionLost(LocallyClosed) }) session_id=0 topic="b95fac5f61"
2026-10-07T20:32:46.977744Z  WARN p2panda_net::sync::actors::topic_manager: sync session failed: error sending on message sink: Io(Custom { kind: NotConnected, error: ConnectionLost(ApplicationClosed(ApplicationClose { error_code: 0, reason: b"" })) }) session_id=4 topic="97e6568e15"
2026-10-07T20:32:46.978781Z  WARN p2panda_net::sync::actors::topic_manager: sync session failed: error sending on message sink: Io(Custom { kind: NotConnected, error: ConnectionLost(ApplicationClosed(ApplicationClose { error_code: 0, reason: b"" })) }) session_id=6 topic="a1dffc45a2"
2026-10-07T20:32:46.978897Z  WARN p2panda_net::sync::actors::topic_manager: sync session failed: error sending on message sink: Io(Custom { kind: NotConnected, error: ConnectionLost(ApplicationClosed(ApplicationClose { error_code: 0, reason: b"" })) }) session_id=5 topic="a1dffc45a2"
2026-10-07T20:32:46.980859Z  WARN p2panda_net::sync::actors::topic_manager: sync session failed: Io(Custom { kind: NotConnected, error: ConnectionLost(ApplicationClosed(ApplicationClose { error_code: 0, reason: b"" })) }) session_id=6 topic="a1dffc45a2"
2026-10-07T20:32:46.981243Z  WARN p2panda_sync::protocols::topic_log_sync: sync session closed with error error=DecodeMessage("Io(Custom { kind: NotConnected, error: ConnectionLost(ApplicationClosed(ApplicationClose { error_code: 0, reason: b\"\" })) })")
2026-10-07T20:32:46.981401Z  WARN p2panda_net::sync::actors::topic_manager: sync session failed: error sending on message sink: Io(Custom { kind: NotConnected, error: ConnectionLost(ApplicationClosed(ApplicationClose { error_code: 0, reason: b"" })) }) session_id=5 topic="97e6568e15"
2026-10-07T20:32:46.983940Z  WARN p2panda_sync::protocols::topic_log_sync: sync session closed with error error=DecodeMessage("Io(Custom { kind: NotConnected, error: ConnectionLost(ApplicationClosed(ApplicationClose { error_code: 0, reason: b\"\" })) })")
2026-10-07T20:32:46.984570Z  WARN p2panda_sync::protocols::topic_log_sync: sync session closed with error error=DecodeMessage("Io(Custom { kind: NotConnected, error: ConnectionLost(ApplicationClosed(ApplicationClose { error_code: 0, reason: b\"\" })) })")
2026-10-07T20:32:46.985846Z ERROR iroh::socket::transports::relay: relay_recv_channel closed
2026-10-07T20:32:46.987433Z ERROR iroh::socket::transports::relay: relay_recv_channel closed
2026-10-07T20:32:48.939587Z  WARN p2panda_net::iroh_mdns::actor: found invalid transport info coming from iroh's services endpoint_id=9b662f09bb44edb188b2a022b4eb969d44181252866340d454e017372d38d19b
2026-10-07T20:32:48.939933Z  WARN p2panda_net::iroh_mdns::actor: found invalid transport info coming from iroh's services endpoint_id=9b662f09bb44edb188b2a022b4eb969d44181252866340d454e017372d38d19b
2026-10-07T20:32:48.942056Z  WARN p2panda_net::iroh_mdns::actor: found invalid transport info coming from iroh's services endpoint_id=9b662f09bb44edb188b2a022b4eb969d44181252866340d454e017372d38d19b
2026-10-07T20:32:48.942906Z  WARN p2panda_net::iroh_mdns::actor: found invalid transport info coming from iroh's services endpoint_id=9b662f09bb44edb188b2a022b4eb969d44181252866340d454e017372d38d19b
2026-10-07T20:32:48.947537Z  WARN p2panda_net::iroh_mdns::actor: found invalid transport info coming from iroh's services endpoint_id=9b662f09bb44edb188b2a022b4eb969d44181252866340d454e017372d38d19b
2026-10-07T20:32:48.957690Z  WARN p2panda_net::iroh_mdns::actor: found invalid transport info coming from iroh's services endpoint_id=9b662f09bb44edb188b2a022b4eb969d44181252866340d454e017372d38d19b
2026-10-07T20:32:48.958094Z  WARN p2panda_net::iroh_mdns::actor: found invalid transport info coming from iroh's services endpoint_id=9b662f09bb44edb188b2a022b4eb969d44181252866340d454e017372d38d19b
2026-10-07T20:32:48.958397Z  WARN p2panda_net::iroh_mdns::actor: found invalid transport info coming from iroh's services endpoint_id=9b662f09bb44edb188b2a022b4eb969d44181252866340d454e017372d38d19b
2026-10-07T20:32:48.960038Z  WARN p2panda_net::iroh_mdns::actor: found invalid transport info coming from iroh's services endpoint_id=9b662f09bb44edb188b2a022b4eb969d44181252866340d454e017372d38d19b
2026-10-07T20:32:48.965439Z  WARN p2panda_net::iroh_mdns::actor: found invalid transport info coming from iroh's services endpoint_id=9b662f09bb44edb188b2a022b4eb969d44181252866340d454e017372d38d19b
2026-10-07T20:32:48.975309Z  WARN p2panda_net::iroh_mdns::actor: found invalid transport info coming from iroh's services endpoint_id=9b662f09bb44edb188b2a022b4eb969d44181252866340d454e017372d38d19b
2026-10-07T20:32:48.980334Z  WARN p2panda_net::iroh_mdns::actor: found invalid transport info coming from iroh's services endpoint_id=9b662f09bb44edb188b2a022b4eb969d44181252866340d454e017372d38d19b
2026-10-07T20:32:48.991718Z  WARN p2panda_net::iroh_mdns::actor: found invalid transport info coming from iroh's services endpoint_id=9b662f09bb44edb188b2a022b4eb969d44181252866340d454e017372d38d19b
2026-10-07T20:32:49.009207Z  WARN p2panda_net::iroh_mdns::actor: found invalid transport info coming from iroh's services endpoint_id=9b662f09bb44edb188b2a022b4eb969d44181252866340d454e017372d38d19b
test place::worker::tests::a_valid_invitation_admits_and_a_refused_one_leaves_nothing_behind has been running for over 60 seconds
2026-10-07T20:32:49.200680Z ERROR iroh::socket::transports::relay: relay_recv_channel closed
2026-10-07T20:32:49.201878Z ERROR iroh::socket::transports::relay: relay_recv_channel closed
2026-10-07T20:32:50.047542Z  WARN p2panda_net::sync::actors::topic_manager: sync session failed: Io(Custom { kind: NotConnected, error: ConnectionLost(ApplicationClosed(ApplicationClose { error_code: 0, reason: b"" })) }) session_id=0 topic="87bd32da0b"
2026-10-07T20:32:50.047825Z  WARN p2panda_net::sync::actors::topic_manager: sync session failed: Io(Custom { kind: NotConnected, error: ConnectionLost(LocallyClosed) }) session_id=2 topic="ff01e56566"
2026-10-07T20:32:50.048151Z  WARN p2panda_net::sync::actors::topic_manager: sync session failed: Io(Custom { kind: NotConnected, error: ConnectionLost(ApplicationClosed(ApplicationClose { error_code: 0, reason: b"" })) }) session_id=0 topic="ff01e56566"
2026-10-07T20:32:50.048390Z  WARN p2panda_net::sync::actors::topic_manager: sync session failed: Io(Custom { kind: NotConnected, error: ConnectionLost(ApplicationClosed(ApplicationClose { error_code: 0, reason: b"" })) }) session_id=0 topic="ff01e56566"
2026-10-07T20:32:50.049224Z  WARN p2panda_net::sync::actors::topic_manager: sync session failed: Io(Custom { kind: NotConnected, error: ConnectionLost(ApplicationClosed(ApplicationClose { error_code: 0, reason: b"" })) }) session_id=0 topic="ff01e56566"
2026-10-07T20:32:50.049989Z  WARN p2panda_net::sync::actors::topic_manager: sync session failed: Io(Custom { kind: NotConnected, error: ConnectionLost(LocallyClosed) }) session_id=3 topic="87bd32da0b"
2026-10-07T20:32:50.050219Z  WARN p2panda_net::sync::actors::topic_manager: sync session failed: Io(Custom { kind: NotConnected, error: ConnectionLost(ApplicationClosed(ApplicationClose { error_code: 0, reason: b"" })) }) session_id=2 topic="ff01e56566"
2026-10-07T20:32:50.063006Z  WARN p2panda_net::sync::actors::topic_manager: sync session failed: Io(Custom { kind: NotConnected, error: ConnectionLost(LocallyClosed) }) session_id=3 topic="ff01e56566"
2026-10-07T20:32:50.063009Z  WARN p2panda_net::sync::actors::topic_manager: sync session failed: Io(Custom { kind: NotConnected, error: ConnectionLost(ApplicationClosed(ApplicationClose { error_code: 0, reason: b"" })) }) session_id=2 topic="ff01e56566"
2026-10-07T20:32:50.062995Z  WARN p2panda_net::sync::actors::topic_manager: sync session failed: Io(Custom { kind: NotConnected, error: ConnectionLost(ApplicationClosed(ApplicationClose { error_code: 0, reason: b"" })) }) session_id=1 topic="ff01e56566"
2026-10-07T20:32:50.063279Z  WARN p2panda_net::sync::actors::topic_manager: sync session failed: Io(Custom { kind: NotConnected, error: ConnectionLost(ApplicationClosed(ApplicationClose { error_code: 0, reason: b"" })) }) session_id=0 topic="414ff30f9c"
2026-10-07T20:32:50.063334Z  WARN p2panda_net::sync::actors::topic_manager: sync session failed: Io(Custom { kind: NotConnected, error: ConnectionLost(ApplicationClosed(ApplicationClose { error_code: 0, reason: b"" })) }) session_id=0 topic="ff01e56566"
2026-10-07T20:32:50.063341Z  WARN p2panda_net::sync::actors::topic_manager: sync session failed: Io(Custom { kind: NotConnected, error: ConnectionLost(LocallyClosed) }) session_id=0 topic="ff01e56566"
2026-10-07T20:32:50.063454Z  WARN p2panda_net::sync::actors::topic_manager: sync session failed: Io(Custom { kind: NotConnected, error: ConnectionLost(ApplicationClosed(ApplicationClose { error_code: 0, reason: b"" })) }) session_id=0 topic="ff01e56566"
2026-10-07T20:32:50.063472Z  WARN p2panda_net::sync::actors::topic_manager: sync session failed: Io(Custom { kind: NotConnected, error: ConnectionLost(ApplicationClosed(ApplicationClose { error_code: 0, reason: b"" })) }) session_id=0 topic="ff01e56566"
2026-10-07T20:32:50.063774Z  WARN p2panda_net::sync::actors::topic_manager: sync session failed: Io(Custom { kind: NotConnected, error: ConnectionLost(ApplicationClosed(ApplicationClose { error_code: 0, reason: b"" })) }) session_id=1 topic="414ff30f9c"
2026-10-07T20:32:50.063894Z  WARN p2panda_net::sync::actors::topic_manager: sync session failed: Io(Custom { kind: NotConnected, error: ConnectionLost(ApplicationClosed(ApplicationClose { error_code: 0, reason: b"" })) }) session_id=3 topic="87bd32da0b"
2026-10-07T20:32:50.064045Z  WARN p2panda_net::sync::actors::topic_manager: sync session failed: Io(Custom { kind: NotConnected, error: ConnectionLost(ApplicationClosed(ApplicationClose { error_code: 0, reason: b"" })) }) session_id=2 topic="1322a4ee7e"
2026-10-07T20:32:50.064060Z  WARN p2panda_net::sync::actors::topic_manager: sync session failed: Io(Custom { kind: NotConnected, error: ConnectionLost(ApplicationClosed(ApplicationClose { error_code: 0, reason: b"" })) }) session_id=1 topic="ff01e56566"
2026-10-07T20:32:50.079303Z  WARN p2panda_net::sync::actors::topic_manager: sync session failed: Io(Custom { kind: NotConnected, error: ConnectionLost(ApplicationClosed(ApplicationClose { error_code: 0, reason: b"" })) }) session_id=0 topic="ff01e56566"
2026-10-07T20:32:50.086238Z  WARN p2panda_net::sync::actors::topic_manager: sync session failed: Io(Custom { kind: NotConnected, error: ConnectionLost(ApplicationClosed(ApplicationClose { error_code: 0, reason: b"" })) }) session_id=0 topic="ff01e56566"
2026-10-07T20:32:51.106547Z  WARN p2panda_net::sync::actors::topic_manager: sync session failed: error sending on message sink: Io(Custom { kind: NotConnected, error: ConnectionLost(LocallyClosed) }) session_id=3 topic="502be67710"
2026-10-07T20:32:51.107172Z  WARN p2panda_sync::protocols::topic_log_sync: sync session closed with error error=DecodeMessage("Io(Custom { kind: NotConnected, error: ConnectionLost(ApplicationClosed(ApplicationClose { error_code: 0, reason: b\"\" })) })")
2026-10-07T20:32:51.107182Z  WARN p2panda_sync::protocols::topic_log_sync: sync session closed with error error=DecodeMessage("Io(Custom { kind: NotConnected, error: ConnectionLost(LocallyClosed) })")
2026-10-07T20:32:51.107258Z  WARN p2panda_sync::protocols::topic_log_sync: sync session closed with error error=DecodeMessage("Io(Custom { kind: NotConnected, error: ConnectionLost(LocallyClosed) })")
2026-10-07T20:32:51.109253Z  WARN p2panda_sync::protocols::topic_log_sync: sync session closed with error error=DecodeMessage("Io(Custom { kind: NotConnected, error: ConnectionLost(ApplicationClosed(ApplicationClose { error_code: 0, reason: b\"\" })) })")
2026-10-07T20:32:51.109911Z  WARN p2panda_sync::protocols::topic_log_sync: sync session closed with error error=DecodeMessage("Io(Custom { kind: NotConnected, error: ConnectionLost(ApplicationClosed(ApplicationClose { error_code: 0, reason: b\"\" })) })")
2026-10-07T20:32:51.110311Z  WARN p2panda_net::sync::actors::topic_manager: sync session failed: Io(Custom { kind: NotConnected, error: ConnectionLost(ApplicationClosed(ApplicationClose { error_code: 0, reason: b"" })) }) session_id=1 topic="502be67710"
2026-10-07T20:32:51.110481Z  WARN p2panda_sync::protocols::topic_log_sync: sync session closed with error error=DecodeMessage("Io(Custom { kind: NotConnected, error: ConnectionLost(ApplicationClosed(ApplicationClose { error_code: 0, reason: b\"\" })) })")
2026-10-07T20:32:51.111487Z  WARN p2panda_sync::protocols::topic_log_sync: sync session closed with error error=DecodeMessage("Io(Custom { kind: NotConnected, error: ConnectionLost(LocallyClosed) })")
2026-10-07T20:32:51.111498Z  WARN p2panda_sync::protocols::topic_log_sync: sync session closed with error error=DecodeMessage("Io(Custom { kind: NotConnected, error: ConnectionLost(ApplicationClosed(ApplicationClose { error_code: 0, reason: b\"\" })) })")
2026-10-07T20:32:51.111902Z  WARN p2panda_sync::protocols::topic_log_sync: sync session closed with error error=DecodeMessage("Io(Custom { kind: NotConnected, error: ConnectionLost(LocallyClosed) })")
2026-10-07T20:32:51.113416Z  WARN p2panda_net::sync::actors::topic_manager: sync session failed: Io(Custom { kind: NotConnected, error: ConnectionLost(ApplicationClosed(ApplicationClose { error_code: 0, reason: b"" })) }) session_id=0 topic="1cef56506f"
2026-10-07T20:32:51.114072Z  WARN p2panda_net::sync::actors::topic_manager: sync session failed: Io(Custom { kind: NotConnected, error: ConnectionLost(ApplicationClosed(ApplicationClose { error_code: 0, reason: b"" })) }) session_id=1 topic="b16e21f1dc"
2026-10-07T20:32:51.116126Z  WARN p2panda_sync::protocols::topic_log_sync: sync session closed with error error=DecodeMessage("Io(Custom { kind: NotConnected, error: ConnectionLost(ApplicationClosed(ApplicationClose { error_code: 0, reason: b\"\" })) })")
2026-10-07T20:32:51.117222Z  WARN p2panda_sync::protocols::topic_log_sync: sync session closed with error error=DecodeMessage("Io(Custom { kind: NotConnected, error: ConnectionLost(ApplicationClosed(ApplicationClose { error_code: 0, reason: b\"\" })) })")
2026-10-07T20:32:51.115785Z  WARN p2panda_net::sync::actors::topic_manager: sync session failed: Io(Custom { kind: NotConnected, error: ConnectionLost(LocallyClosed) }) session_id=3 topic="502be67710"
2026-10-07T20:32:51.118362Z  WARN p2panda_sync::protocols::topic_log_sync: sync session closed with error error=DecodeMessage("Io(Custom { kind: NotConnected, error: ConnectionLost(ApplicationClosed(ApplicationClose { error_code: 0, reason: b\"\" })) })")
2026-10-07T20:32:51.118456Z  WARN p2panda_net::sync::actors::topic_manager: sync session failed: Io(Custom { kind: NotConnected, error: ConnectionLost(LocallyClosed) }) session_id=0 topic="502be67710"
2026-10-07T20:32:51.118784Z  WARN p2panda_sync::protocols::topic_log_sync: sync session closed with error error=DecodeMessage("Io(Custom { kind: NotConnected, error: ConnectionLost(ApplicationClosed(ApplicationClose { error_code: 0, reason: b\"\" })) })")
2026-10-07T20:32:51.119424Z  WARN p2panda_sync::protocols::topic_log_sync: sync session closed with error error=DecodeMessage("Io(Custom { kind: NotConnected, error: ConnectionLost(LocallyClosed) })")
2026-10-07T20:32:51.119685Z  WARN p2panda_net::sync::actors::topic_manager: sync session failed: Io(Custom { kind: NotConnected, error: ConnectionLost(ApplicationClosed(ApplicationClose { error_code: 0, reason: b"" })) }) session_id=1 topic="502be67710"
2026-10-07T20:32:51.119806Z  WARN p2panda_sync::protocols::topic_log_sync: sync session closed with error error=DecodeMessage("Io(Custom { kind: NotConnected, error: ConnectionLost(LocallyClosed) })")
2026-10-07T20:32:51.120221Z  WARN p2panda_sync::protocols::topic_log_sync: sync session closed with error error=DecodeMessage("Io(Custom { kind: NotConnected, error: ConnectionLost(ApplicationClosed(ApplicationClose { error_code: 0, reason: b\"\" })) })")
2026-10-07T20:32:51.120234Z  WARN p2panda_sync::protocols::topic_log_sync: sync session closed with error error=DecodeMessage("Io(Custom { kind: NotConnected, error: ConnectionLost(LocallyClosed) })")
2026-10-07T20:32:51.120304Z  WARN p2panda_sync::protocols::topic_log_sync: sync session closed with error error=DecodeMessage("Io(Custom { kind: NotConnected, error: ConnectionLost(ApplicationClosed(ApplicationClose { error_code: 0, reason: b\"\" })) })")
2026-10-07T20:32:51.120474Z  WARN p2panda_sync::protocols::topic_log_sync: sync session closed with error error=DecodeMessage("Io(Custom { kind: NotConnected, error: ConnectionLost(ApplicationClosed(ApplicationClose { error_code: 0, reason: b\"\" })) })")
2026-10-07T20:32:51.120566Z  WARN p2panda_sync::protocols::topic_log_sync: sync session closed with error error=DecodeMessage("Io(Custom { kind: NotConnected, error: ConnectionLost(ApplicationClosed(ApplicationClose { error_code: 0, reason: b\"\" })) })")
2026-10-07T20:32:51.121079Z  WARN p2panda_net::sync::actors::topic_manager: sync session failed: Io(Custom { kind: NotConnected, error: ConnectionLost(ApplicationClosed(ApplicationClose { error_code: 0, reason: b"" })) }) session_id=0 topic="502be67710"
2026-10-07T20:32:51.121146Z  WARN p2panda_net::sync::actors::topic_manager: sync session failed: Io(Custom { kind: NotConnected, error: ConnectionLost(ApplicationClosed(ApplicationClose { error_code: 0, reason: b"" })) }) session_id=0 topic="502be67710"
2026-10-07T20:32:51.121352Z  WARN p2panda_sync::protocols::topic_log_sync: sync session closed with error error=DecodeMessage("Io(Custom { kind: NotConnected, error: ConnectionLost(ApplicationClosed(ApplicationClose { error_code: 0, reason: b\"\" })) })")
2026-10-07T20:32:51.121565Z  WARN p2panda_sync::protocols::topic_log_sync: sync session closed with error error=DecodeMessage("Io(Custom { kind: NotConnected, error: ConnectionLost(ApplicationClosed(ApplicationClose { error_code: 0, reason: b\"\" })) })")
2026-10-07T20:32:51.121718Z  WARN p2panda_net::sync::actors::topic_manager: sync session failed: Io(Custom { kind: NotConnected, error: ConnectionLost(ApplicationClosed(ApplicationClose { error_code: 0, reason: b"" })) }) session_id=1 topic="502be67710"
2026-10-07T20:32:51.121718Z  WARN p2panda_net::sync::actors::topic_manager: sync session failed: Io(Custom { kind: NotConnected, error: ConnectionLost(ApplicationClosed(ApplicationClose { error_code: 0, reason: b"" })) }) session_id=0 topic="502be67710"
2026-10-07T20:32:51.122179Z  WARN p2panda_net::sync::actors::topic_manager: sync session failed: Io(Custom { kind: NotConnected, error: ConnectionLost(ApplicationClosed(ApplicationClose { error_code: 0, reason: b"" })) }) session_id=2 topic="59ee70866b"
2026-10-07T20:32:51.122227Z  WARN p2panda_sync::protocols::topic_log_sync: sync session closed with error error=DecodeMessage("Io(Custom { kind: NotConnected, error: ConnectionLost(ApplicationClosed(ApplicationClose { error_code: 0, reason: b\"\" })) })")
2026-10-07T20:32:51.122325Z  WARN p2panda_net::sync::actors::topic_manager: sync session failed: Io(Custom { kind: NotConnected, error: ConnectionLost(ApplicationClosed(ApplicationClose { error_code: 0, reason: b"" })) }) session_id=1 topic="502be67710"
2026-10-07T20:32:51.122701Z  WARN p2panda_sync::protocols::topic_log_sync: sync session closed with error error=DecodeMessage("Io(Custom { kind: NotConnected, error: ConnectionLost(ApplicationClosed(ApplicationClose { error_code: 0, reason: b\"\" })) })")
2026-10-07T20:32:51.122741Z  WARN p2panda_sync::protocols::topic_log_sync: sync session closed with error error=DecodeMessage("Io(Custom { kind: NotConnected, error: ConnectionLost(ApplicationClosed(ApplicationClose { error_code: 0, reason: b\"\" })) })")
2026-10-07T20:32:51.122936Z  WARN p2panda_sync::protocols::topic_log_sync: sync session closed with error error=DecodeMessage("Io(Custom { kind: NotConnected, error: ConnectionLost(ApplicationClosed(ApplicationClose { error_code: 0, reason: b\"\" })) })")
2026-10-07T20:32:51.123855Z  WARN p2panda_sync::protocols::topic_log_sync: sync session closed with error error=DecodeMessage("Io(Custom { kind: NotConnected, error: ConnectionLost(ApplicationClosed(ApplicationClose { error_code: 0, reason: b\"\" })) })")
2026-10-07T20:32:51.124567Z  WARN p2panda_sync::protocols::topic_log_sync: sync session closed with error error=DecodeMessage("Io(Custom { kind: NotConnected, error: ConnectionLost(ApplicationClosed(ApplicationClose { error_code: 0, reason: b\"\" })) })")
2026-10-07T20:32:51.124927Z  WARN p2panda_net::sync::actors::topic_manager: sync session failed: Io(Custom { kind: NotConnected, error: ConnectionLost(ApplicationClosed(ApplicationClose { error_code: 0, reason: b"" })) }) session_id=1 topic="1cef56506f"
2026-10-07T20:32:51.125226Z  WARN p2panda_sync::protocols::topic_log_sync: sync session closed with error error=DecodeMessage("Io(Custom { kind: NotConnected, error: ConnectionLost(ApplicationClosed(ApplicationClose { error_code: 0, reason: b\"\" })) })")
2026-10-07T20:32:51.125834Z  WARN p2panda_sync::protocols::topic_log_sync: sync session closed with error error=DecodeMessage("Io(Custom { kind: NotConnected, error: ConnectionLost(ApplicationClosed(ApplicationClose { error_code: 0, reason: b\"\" })) })")
2026-10-07T20:32:51.125888Z  WARN p2panda_net::sync::actors::topic_manager: sync session failed: Io(Custom { kind: NotConnected, error: ConnectionLost(ApplicationClosed(ApplicationClose { error_code: 0, reason: b"" })) }) session_id=1 topic="502be67710"
2026-10-07T20:32:51.125918Z  WARN p2panda_net::sync::actors::topic_manager: sync session failed: Io(Custom { kind: NotConnected, error: ConnectionLost(ApplicationClosed(ApplicationClose { error_code: 0, reason: b"" })) }) session_id=0 topic="502be67710"
2026-10-07T20:32:51.126393Z  WARN p2panda_sync::protocols::topic_log_sync: sync session closed with error error=DecodeMessage("Io(Custom { kind: NotConnected, error: ConnectionLost(LocallyClosed) })")
2026-10-07T20:32:51.126931Z  WARN p2panda_sync::protocols::topic_log_sync: sync session closed with error error=DecodeMessage("Io(Custom { kind: NotConnected, error: ConnectionLost(ApplicationClosed(ApplicationClose { error_code: 0, reason: b\"\" })) })")
2026-10-07T20:32:51.127161Z  WARN p2panda_sync::protocols::topic_log_sync: sync session closed with error error=DecodeMessage("Io(Custom { kind: NotConnected, error: ConnectionLost(ApplicationClosed(ApplicationClose { error_code: 0, reason: b\"\" })) })")
2026-10-07T20:32:51.127908Z  WARN p2panda_sync::protocols::topic_log_sync: sync session closed with error error=DecodeMessage("Io(Custom { kind: NotConnected, error: ConnectionLost(ApplicationClosed(ApplicationClose { error_code: 0, reason: b\"\" })) })")
2026-10-07T20:32:51.128179Z  WARN p2panda_sync::protocols::topic_log_sync: sync session closed with error error=DecodeMessage("Io(Custom { kind: NotConnected, error: ConnectionLost(ApplicationClosed(ApplicationClose { error_code: 0, reason: b\"\" })) })")
2026-10-07T20:32:51.128437Z  WARN p2panda_net::sync::actors::topic_manager: sync session failed: Io(Custom { kind: NotConnected, error: ConnectionLost(ApplicationClosed(ApplicationClose { error_code: 0, reason: b"" })) }) session_id=3 topic="b16e21f1dc"
2026-10-07T20:32:51.128773Z  WARN p2panda_sync::protocols::topic_log_sync: sync session closed with error error=DecodeMessage("Io(Custom { kind: NotConnected, error: ConnectionLost(ApplicationClosed(ApplicationClose { error_code: 0, reason: b\"\" })) })")
2026-10-07T20:32:51.128882Z  WARN p2panda_sync::protocols::topic_log_sync: sync session closed with error error=DecodeMessage("Io(Custom { kind: NotConnected, error: ConnectionLost(ApplicationClosed(ApplicationClose { error_code: 0, reason: b\"\" })) })")
2026-10-07T20:32:51.128771Z  WARN p2panda_net::sync::actors::topic_manager: sync session failed: Io(Custom { kind: NotConnected, error: ConnectionLost(ApplicationClosed(ApplicationClose { error_code: 0, reason: b"" })) }) session_id=1 topic="502be67710"
2026-10-07T20:32:51.129169Z  WARN p2panda_sync::protocols::topic_log_sync: sync session closed with error error=DecodeMessage("Io(Custom { kind: NotConnected, error: ConnectionLost(ApplicationClosed(ApplicationClose { error_code: 0, reason: b\"\" })) })")
2026-10-07T20:32:51.129477Z  WARN p2panda_net::sync::actors::topic_manager: sync session failed: error sending on message sink: Io(Custom { kind: NotConnected, error: ConnectionLost(ApplicationClosed(ApplicationClose { error_code: 0, reason: b"" })) }) session_id=1 topic="502be67710"
2026-10-07T20:32:51.131858Z  WARN p2panda_net::sync::actors::topic_manager: sync session failed: error sending on message sink: Io(Custom { kind: NotConnected, error: ConnectionLost(ApplicationClosed(ApplicationClose { error_code: 0, reason: b"" })) }) session_id=1 topic="502be67710"
2026-10-07T20:32:51.132011Z  WARN p2panda_net::sync::actors::topic_manager: sync session failed: error sending on message sink: Io(Custom { kind: NotConnected, error: ConnectionLost(ApplicationClosed(ApplicationClose { error_code: 0, reason: b"" })) }) session_id=0 topic="502be67710"
2026-10-07T20:32:51.133525Z  WARN p2panda_sync::protocols::topic_log_sync: sync session closed with error error=DecodeMessage("Io(Custom { kind: NotConnected, error: ConnectionLost(ApplicationClosed(ApplicationClose { error_code: 0, reason: b\"\" })) })")
2026-10-07T20:32:51.133752Z  WARN p2panda_net::sync::actors::topic_manager: sync session failed: Io(Custom { kind: NotConnected, error: ConnectionLost(ApplicationClosed(ApplicationClose { error_code: 0, reason: b"" })) }) session_id=3 topic="502be67710"
2026-10-07T20:32:51.136210Z  WARN p2panda_net::sync::actors::topic_manager: sync session failed: Io(Custom { kind: NotConnected, error: ConnectionLost(ApplicationClosed(ApplicationClose { error_code: 0, reason: b"" })) }) session_id=0 topic="59ee70866b"
2026-10-07T20:32:51.136525Z  WARN p2panda_net::sync::actors::topic_manager: sync session failed: Io(Custom { kind: NotConnected, error: ConnectionLost(ApplicationClosed(ApplicationClose { error_code: 0, reason: b"" })) }) session_id=2 topic="502be67710"
2026-10-07T20:32:51.141738Z  WARN p2panda_sync::protocols::topic_log_sync: sync session closed with error error=DecodeMessage("Io(Custom { kind: NotConnected, error: ConnectionLost(ApplicationClosed(ApplicationClose { error_code: 0, reason: b\"\" })) })")
2026-10-07T20:32:51.142111Z  WARN p2panda_sync::protocols::topic_log_sync: sync session closed with error error=DecodeMessage("Io(Custom { kind: NotConnected, error: ConnectionLost(ApplicationClosed(ApplicationClose { error_code: 0, reason: b\"\" })) })")
2026-10-07T20:32:51.142546Z ERROR iroh::socket::transports::relay: relay_recv_channel closed
2026-10-07T20:32:51.144186Z ERROR iroh::socket::transports::relay: relay_recv_channel closed
test sky_timeline::tests::daily_projection_uses_public_provider_and_retains_receipt_identity ... ok
2026-10-07T20:32:51.965832Z  WARN p2panda_net::sync::actors::topic_manager: sync session failed: Io(Custom { kind: NotConnected, error: ConnectionLost(ApplicationClosed(ApplicationClose { error_code: 0, reason: b"" })) }) session_id=4 topic="21d3eee885"
2026-10-07T20:32:51.966030Z  WARN p2panda_net::sync::actors::topic_manager: sync session failed: Io(Custom { kind: NotConnected, error: ConnectionLost(ApplicationClosed(ApplicationClose { error_code: 0, reason: b"" })) }) session_id=6 topic="a1dffc45a2"
2026-10-07T20:32:51.966148Z  WARN p2panda_net::sync::actors::topic_manager: sync session failed: Io(Custom { kind: NotConnected, error: ConnectionLost(LocallyClosed) }) session_id=1 topic="a1dffc45a2"
2026-10-07T20:32:51.966297Z  WARN p2panda_net::sync::actors::topic_manager: sync session failed: Io(Custom { kind: NotConnected, error: ConnectionLost(ApplicationClosed(ApplicationClose { error_code: 0, reason: b"" })) }) session_id=5 topic="a1dffc45a2"
2026-10-07T20:32:51.982626Z  WARN p2panda_net::sync::actors::topic_manager: sync session failed: Io(Custom { kind: NotConnected, error: ConnectionLost(LocallyClosed) }) session_id=1 topic="a1dffc45a2"
2026-10-07T20:32:51.982626Z  WARN p2panda_net::sync::actors::topic_manager: sync session failed: Io(Custom { kind: NotConnected, error: ConnectionLost(LocallyClosed) }) session_id=1 topic="b95fac5f61"
2026-10-07T20:32:51.997473Z  WARN p2panda_net::sync::actors::topic_manager: sync session failed: Io(Custom { kind: NotConnected, error: ConnectionLost(ApplicationClosed(ApplicationClose { error_code: 0, reason: b"" })) }) session_id=5 topic="a1dffc45a2"
test sky_timeline::tests::tromso_solstice_reports_no_sampled_conventional_crossing_under_policy ... ok
2026-10-07T20:32:53.055375Z  WARN p2panda_net::iroh_mdns::actor: found invalid transport info coming from iroh's services endpoint_id=9b662f09bb44edb188b2a022b4eb969d44181252866340d454e017372d38d19b
2026-10-07T20:32:53.069006Z  WARN p2panda_net::iroh_mdns::actor: found invalid transport info coming from iroh's services endpoint_id=9b662f09bb44edb188b2a022b4eb969d44181252866340d454e017372d38d19b
2026-10-07T20:32:53.095317Z  WARN p2panda_net::iroh_mdns::actor: found invalid transport info coming from iroh's services endpoint_id=9b662f09bb44edb188b2a022b4eb969d44181252866340d454e017372d38d19b
2026-10-07T20:32:53.096138Z  WARN p2panda_net::iroh_mdns::actor: found invalid transport info coming from iroh's services endpoint_id=9b662f09bb44edb188b2a022b4eb969d44181252866340d454e017372d38d19b
2026-10-07T20:32:53.096706Z  WARN p2panda_net::iroh_mdns::actor: found invalid transport info coming from iroh's services endpoint_id=9b662f09bb44edb188b2a022b4eb969d44181252866340d454e017372d38d19b
2026-10-07T20:32:53.101326Z  WARN p2panda_net::iroh_mdns::actor: found invalid transport info coming from iroh's services endpoint_id=9b662f09bb44edb188b2a022b4eb969d44181252866340d454e017372d38d19b
2026-10-07T20:32:53.110267Z  WARN p2panda_net::iroh_mdns::actor: found invalid transport info coming from iroh's services endpoint_id=9b662f09bb44edb188b2a022b4eb969d44181252866340d454e017372d38d19b
2026-10-07T20:32:53.110593Z  WARN p2panda_net::iroh_mdns::actor: found invalid transport info coming from iroh's services endpoint_id=9b662f09bb44edb188b2a022b4eb969d44181252866340d454e017372d38d19b
2026-10-07T20:32:53.111419Z  WARN p2panda_net::iroh_mdns::actor: found invalid transport info coming from iroh's services endpoint_id=9b662f09bb44edb188b2a022b4eb969d44181252866340d454e017372d38d19b
2026-10-07T20:32:53.114950Z  WARN p2panda_net::iroh_mdns::actor: found invalid transport info coming from iroh's services endpoint_id=9b662f09bb44edb188b2a022b4eb969d44181252866340d454e017372d38d19b
2026-10-07T20:32:55.051538Z  WARN p2panda_net::sync::actors::topic_manager: sync session failed: Io(Custom { kind: NotConnected, error: ConnectionLost(LocallyClosed) }) session_id=1 topic="87bd32da0b"
2026-10-07T20:32:55.051570Z  WARN p2panda_net::sync::actors::topic_manager: sync session failed: Io(Custom { kind: NotConnected, error: ConnectionLost(LocallyClosed) }) session_id=3 topic="ff01e56566"
2026-10-07T20:32:55.051611Z  WARN p2panda_net::sync::actors::topic_manager: sync session failed: Io(Custom { kind: NotConnected, error: ConnectionLost(LocallyClosed) }) session_id=2 topic="87bd32da0b"
2026-10-07T20:32:55.051619Z  WARN p2panda_net::sync::actors::topic_manager: sync session failed: Io(Custom { kind: NotConnected, error: ConnectionLost(LocallyClosed) }) session_id=3 topic="ff01e56566"
2026-10-07T20:32:55.051758Z  WARN p2panda_net::sync::actors::topic_manager: sync session failed: Io(Custom { kind: NotConnected, error: ConnectionLost(ApplicationClosed(ApplicationClose { error_code: 0, reason: b"" })) }) session_id=1 topic="ff01e56566"
2026-10-07T20:32:55.067663Z  WARN p2panda_net::sync::actors::topic_manager: sync session failed: Io(Custom { kind: NotConnected, error: ConnectionLost(LocallyClosed) }) session_id=1 topic="ff01e56566"
2026-10-07T20:32:55.067664Z  WARN p2panda_net::sync::actors::topic_manager: sync session failed: Io(Custom { kind: NotConnected, error: ConnectionLost(LocallyClosed) }) session_id=3 topic="ff01e56566"
2026-10-07T20:32:55.067663Z  WARN p2panda_net::sync::actors::topic_manager: sync session failed: Io(Custom { kind: NotConnected, error: ConnectionLost(ApplicationClosed(ApplicationClose { error_code: 0, reason: b"" })) }) session_id=1 topic="414ff30f9c"
2026-10-07T20:32:55.067939Z  WARN p2panda_net::sync::actors::topic_manager: sync session failed: Io(Custom { kind: NotConnected, error: ConnectionLost(LocallyClosed) }) session_id=3 topic="414ff30f9c"
2026-10-07T20:32:55.067983Z  WARN p2panda_net::sync::actors::topic_manager: sync session failed: Io(Custom { kind: NotConnected, error: ConnectionLost(LocallyClosed) }) session_id=3 topic="ff01e56566"
2026-10-07T20:32:55.068062Z  WARN p2panda_net::sync::actors::topic_manager: sync session failed: Io(Custom { kind: NotConnected, error: ConnectionLost(ApplicationClosed(ApplicationClose { error_code: 0, reason: b"" })) }) session_id=1 topic="ff01e56566"
2026-10-07T20:32:55.068121Z  WARN p2panda_net::sync::actors::topic_manager: sync session failed: Io(Custom { kind: NotConnected, error: ConnectionLost(ApplicationClosed(ApplicationClose { error_code: 0, reason: b"" })) }) session_id=2 topic="87bd32da0b"
2026-10-07T20:32:55.068203Z  WARN p2panda_net::sync::actors::topic_manager: sync session failed: Io(Custom { kind: NotConnected, error: ConnectionLost(LocallyClosed) }) session_id=3 topic="ff01e56566"
2026-10-07T20:32:55.068202Z  WARN p2panda_net::sync::actors::topic_manager: sync session failed: Io(Custom { kind: NotConnected, error: ConnectionLost(ApplicationClosed(ApplicationClose { error_code: 0, reason: b"" })) }) session_id=1 topic="ff01e56566"
2026-10-07T20:32:55.068291Z  WARN p2panda_net::sync::actors::topic_manager: sync session failed: Io(Custom { kind: NotConnected, error: ConnectionLost(LocallyClosed) }) session_id=0 topic="ff01e56566"
2026-10-07T20:32:55.068446Z  WARN p2panda_net::sync::actors::topic_manager: sync session failed: Io(Custom { kind: NotConnected, error: ConnectionLost(ApplicationClosed(ApplicationClose { error_code: 0, reason: b"" })) }) session_id=3 topic="1322a4ee7e"
2026-10-07T20:32:55.068631Z  WARN p2panda_net::sync::actors::topic_manager: sync session failed: Io(Custom { kind: NotConnected, error: ConnectionLost(ApplicationClosed(ApplicationClose { error_code: 0, reason: b"" })) }) session_id=1 topic="ff01e56566"
2026-10-07T20:32:55.068746Z  WARN p2panda_net::sync::actors::topic_manager: sync session failed: Io(Custom { kind: NotConnected, error: ConnectionLost(ApplicationClosed(ApplicationClose { error_code: 0, reason: b"" })) }) session_id=1 topic="ff01e56566"
2026-10-07T20:32:55.101063Z  WARN p2panda_net::sync::actors::topic_manager: sync session failed: Io(Custom { kind: NotConnected, error: ConnectionLost(ApplicationClosed(ApplicationClose { error_code: 0, reason: b"" })) }) session_id=1 topic="ff01e56566"
test place::worker::tests::a_valid_invitation_admits_and_a_refused_one_leaves_nothing_behind ... ok
2026-10-07T20:32:56.114812Z  WARN p2panda_net::sync::actors::topic_manager: sync session failed: Io(Custom { kind: NotConnected, error: ConnectionLost(ApplicationClosed(ApplicationClose { error_code: 0, reason: b"" })) }) session_id=0 topic="b16e21f1dc"
2026-10-07T20:32:56.117153Z  WARN p2panda_net::sync::actors::topic_manager: sync session failed: Io(Custom { kind: NotConnected, error: ConnectionLost(ApplicationClosed(ApplicationClose { error_code: 0, reason: b"" })) }) session_id=1 topic="1cef56506f"
2026-10-07T20:32:56.120098Z  WARN p2panda_net::sync::actors::topic_manager: sync session failed: Io(Custom { kind: NotConnected, error: ConnectionLost(LocallyClosed) }) session_id=1 topic="502be67710"
2026-10-07T20:32:56.120927Z  WARN p2panda_net::sync::actors::topic_manager: sync session failed: Io(Custom { kind: NotConnected, error: ConnectionLost(LocallyClosed) }) session_id=2 topic="502be67710"
2026-10-07T20:32:56.127222Z  WARN p2panda_net::sync::actors::topic_manager: sync session failed: Io(Custom { kind: NotConnected, error: ConnectionLost(ApplicationClosed(ApplicationClose { error_code: 0, reason: b"" })) }) session_id=0 topic="502be67710"
2026-10-07T20:32:56.129522Z  WARN p2panda_net::sync::actors::topic_manager: sync session failed: Io(Custom { kind: NotConnected, error: ConnectionLost(ApplicationClosed(ApplicationClose { error_code: 0, reason: b"" })) }) session_id=0 topic="502be67710"
2026-10-07T20:32:56.134582Z  WARN p2panda_net::sync::actors::topic_manager: sync session failed: Io(Custom { kind: NotConnected, error: ConnectionLost(ApplicationClosed(ApplicationClose { error_code: 0, reason: b"" })) }) session_id=1 topic="502be67710"
2026-10-07T20:32:56.134621Z  WARN p2panda_net::sync::actors::topic_manager: sync session failed: Io(Custom { kind: NotConnected, error: ConnectionLost(ApplicationClosed(ApplicationClose { error_code: 0, reason: b"" })) }) session_id=1 topic="59ee70866b"
2026-10-07T20:32:56.134571Z  WARN p2panda_net::sync::actors::topic_manager: sync session failed: Io(Custom { kind: NotConnected, error: ConnectionLost(ApplicationClosed(ApplicationClose { error_code: 0, reason: b"" })) }) session_id=3 topic="502be67710"
2026-10-07T20:32:56.136942Z  WARN p2panda_net::sync::actors::topic_manager: sync session failed: Io(Custom { kind: NotConnected, error: ConnectionLost(ApplicationClosed(ApplicationClose { error_code: 0, reason: b"" })) }) session_id=3 topic="1cef56506f"
2026-10-07T20:32:56.137362Z  WARN p2panda_net::sync::actors::topic_manager: sync session failed: Io(Custom { kind: NotConnected, error: ConnectionLost(ApplicationClosed(ApplicationClose { error_code: 0, reason: b"" })) }) session_id=1 topic="502be67710"
2026-10-07T20:32:56.159120Z  WARN p2panda_net::sync::actors::topic_manager: sync session failed: Io(Custom { kind: NotConnected, error: ConnectionLost(ApplicationClosed(ApplicationClose { error_code: 0, reason: b"" })) }) session_id=2 topic="502be67710"
2026-10-07T20:32:56.167464Z  WARN p2panda_net::sync::actors::topic_manager: sync session failed: Io(Custom { kind: NotConnected, error: ConnectionLost(ApplicationClosed(ApplicationClose { error_code: 0, reason: b"" })) }) session_id=1 topic="b16e21f1dc"
2026-10-07T20:32:56.175445Z  WARN p2panda_net::sync::actors::topic_manager: sync session failed: Io(Custom { kind: NotConnected, error: ConnectionLost(ApplicationClosed(ApplicationClose { error_code: 0, reason: b"" })) }) session_id=1 topic="502be67710"
2026-10-07T20:32:56.177654Z  WARN p2panda_net::sync::actors::topic_manager: sync session failed: Io(Custom { kind: NotConnected, error: ConnectionLost(ApplicationClosed(ApplicationClose { error_code: 0, reason: b"" })) }) session_id=1 topic="502be67710"
2026-10-07T20:32:56.182658Z  WARN p2panda_net::sync::actors::topic_manager: sync session failed: Io(Custom { kind: NotConnected, error: ConnectionLost(ApplicationClosed(ApplicationClose { error_code: 0, reason: b"" })) }) session_id=1 topic="59ee70866b"
2026-10-07T20:32:56.183300Z  WARN p2panda_net::sync::actors::topic_manager: sync session failed: Io(Custom { kind: NotConnected, error: ConnectionLost(ApplicationClosed(ApplicationClose { error_code: 0, reason: b"" })) }) session_id=1 topic="502be67710"
2026-10-07T20:32:58.720571Z  WARN p2panda_net::iroh_mdns::actor: found invalid transport info coming from iroh's services endpoint_id=9b662f09bb44edb188b2a022b4eb969d44181252866340d454e017372d38d19b
2026-10-07T20:32:58.721046Z  WARN p2panda_net::iroh_mdns::actor: found invalid transport info coming from iroh's services endpoint_id=9b662f09bb44edb188b2a022b4eb969d44181252866340d454e017372d38d19b
2026-10-07T20:32:58.721537Z  WARN p2panda_net::iroh_mdns::actor: found invalid transport info coming from iroh's services endpoint_id=9b662f09bb44edb188b2a022b4eb969d44181252866340d454e017372d38d19b
2026-10-07T20:32:58.722383Z  WARN p2panda_net::iroh_mdns::actor: found invalid transport info coming from iroh's services endpoint_id=9b662f09bb44edb188b2a022b4eb969d44181252866340d454e017372d38d19b
2026-10-07T20:32:58.722416Z  WARN p2panda_net::iroh_mdns::actor: found invalid transport info coming from iroh's services endpoint_id=9b662f09bb44edb188b2a022b4eb969d44181252866340d454e017372d38d19b
2026-10-07T20:33:00.085453Z  WARN p2panda_net::sync::actors::topic_manager: sync session failed: Io(Custom { kind: NotConnected, error: ConnectionLost(LocallyClosed) }) session_id=1 topic="ff01e56566"
2026-10-07T20:33:00.089296Z  WARN p2panda_net::sync::actors::topic_manager: sync session failed: Io(Custom { kind: NotConnected, error: ConnectionLost(ApplicationClosed(ApplicationClose { error_code: 0, reason: b"" })) }) session_id=1 topic="87bd32da0b"
2026-10-07T20:33:00.089359Z  WARN p2panda_net::sync::actors::topic_manager: sync session failed: Io(Custom { kind: NotConnected, error: ConnectionLost(LocallyClosed) }) session_id=2 topic="87bd32da0b"
2026-10-07T20:33:00.097655Z  WARN p2panda_net::sync::actors::topic_manager: sync session failed: Io(Custom { kind: NotConnected, error: ConnectionLost(LocallyClosed) }) session_id=3 topic="87bd32da0b"
2026-10-07T20:33:00.223089Z  WARN p2panda_net::sync::actors::topic_manager: sync session failed: Io(Custom { kind: NotConnected, error: ConnectionLost(ApplicationClosed(ApplicationClose { error_code: 0, reason: b"" })) }) session_id=3 topic="414ff30f9c"
2026-10-07T20:33:00.291603Z  WARN p2panda_net::sync::actors::topic_manager: sync session failed: Io(Custom { kind: NotConnected, error: ConnectionLost(LocallyClosed) }) session_id=2 topic="414ff30f9c"
2026-10-07T20:33:00.291873Z  WARN p2panda_net::sync::actors::topic_manager: sync session failed: Io(Custom { kind: NotConnected, error: ConnectionLost(ApplicationClosed(ApplicationClose { error_code: 0, reason: b"" })) }) session_id=1 topic="1322a4ee7e"
2026-10-07T20:33:00.292078Z  WARN p2panda_net::sync::actors::topic_manager: sync session failed: Io(Custom { kind: NotConnected, error: ConnectionLost(LocallyClosed) }) session_id=3 topic="ff01e56566"
2026-10-07T20:33:01.418461Z  WARN p2panda_net::sync::actors::topic_manager: sync session failed: Io(Custom { kind: NotConnected, error: ConnectionLost(LocallyClosed) }) session_id=1 topic="502be67710"
2026-10-07T20:33:01.419254Z  WARN p2panda_net::sync::actors::topic_manager: sync session failed: Io(Custom { kind: NotConnected, error: ConnectionLost(LocallyClosed) }) session_id=0 topic="502be67710"
2026-10-07T20:33:02.729624Z  WARN p2panda_net::iroh_mdns::actor: found invalid transport info coming from iroh's services endpoint_id=9b662f09bb44edb188b2a022b4eb969d44181252866340d454e017372d38d19b
2026-10-07T20:33:02.729959Z  WARN p2panda_net::iroh_mdns::actor: found invalid transport info coming from iroh's services endpoint_id=9b662f09bb44edb188b2a022b4eb969d44181252866340d454e017372d38d19b
2026-10-07T20:33:02.730874Z  WARN p2panda_net::iroh_mdns::actor: found invalid transport info coming from iroh's services endpoint_id=9b662f09bb44edb188b2a022b4eb969d44181252866340d454e017372d38d19b
2026-10-07T20:33:02.732200Z  WARN p2panda_net::iroh_mdns::actor: found invalid transport info coming from iroh's services endpoint_id=9b662f09bb44edb188b2a022b4eb969d44181252866340d454e017372d38d19b
2026-10-07T20:33:02.734242Z  WARN p2panda_net::iroh_mdns::actor: found invalid transport info coming from iroh's services endpoint_id=9b662f09bb44edb188b2a022b4eb969d44181252866340d454e017372d38d19b
test place::lanes::tests::the_place_worker_conforms_to_the_coop_lifecycle_contract ... ok
2026-10-07T20:33:06.429507Z  WARN p2panda_net::sync::actors::topic_manager: sync session failed: Io(Custom { kind: NotConnected, error: ConnectionLost(LocallyClosed) }) session_id=2 topic="502be67710"
2026-10-07T20:33:06.429539Z  WARN p2panda_net::sync::actors::topic_manager: sync session failed: Io(Custom { kind: NotConnected, error: ConnectionLost(LocallyClosed) }) session_id=3 topic="502be67710"
2026-10-07T20:33:06.476416Z  WARN p2panda_net::iroh_mdns::actor: found invalid transport info coming from iroh's services endpoint_id=9b662f09bb44edb188b2a022b4eb969d44181252866340d454e017372d38d19b
2026-10-07T20:33:06.476831Z  WARN p2panda_net::iroh_mdns::actor: found invalid transport info coming from iroh's services endpoint_id=9b662f09bb44edb188b2a022b4eb969d44181252866340d454e017372d38d19b
2026-10-07T20:33:06.476847Z  WARN p2panda_net::iroh_mdns::actor: found invalid transport info coming from iroh's services endpoint_id=9b662f09bb44edb188b2a022b4eb969d44181252866340d454e017372d38d19b
2026-10-07T20:33:06.478399Z  WARN p2panda_net::iroh_mdns::actor: found invalid transport info coming from iroh's services endpoint_id=9b662f09bb44edb188b2a022b4eb969d44181252866340d454e017372d38d19b
2026-10-07T20:33:06.491593Z  WARN p2panda_net::iroh_mdns::actor: found invalid transport info coming from iroh's services endpoint_id=9b662f09bb44edb188b2a022b4eb969d44181252866340d454e017372d38d19b
2026-10-07T20:33:06.491967Z  WARN p2panda_net::iroh_mdns::actor: found invalid transport info coming from iroh's services endpoint_id=9b662f09bb44edb188b2a022b4eb969d44181252866340d454e017372d38d19b
2026-10-07T20:33:06.492825Z  WARN p2panda_net::iroh_mdns::actor: found invalid transport info coming from iroh's services endpoint_id=9b662f09bb44edb188b2a022b4eb969d44181252866340d454e017372d38d19b
2026-10-07T20:33:06.494289Z  WARN p2panda_net::iroh_mdns::actor: found invalid transport info coming from iroh's services endpoint_id=9b662f09bb44edb188b2a022b4eb969d44181252866340d454e017372d38d19b
2026-10-07T20:33:10.359188Z  WARN p2panda_net::iroh_mdns::actor: found invalid transport info coming from iroh's services endpoint_id=9b662f09bb44edb188b2a022b4eb969d44181252866340d454e017372d38d19b
2026-10-07T20:33:10.359842Z  WARN p2panda_net::iroh_mdns::actor: found invalid transport info coming from iroh's services endpoint_id=9b662f09bb44edb188b2a022b4eb969d44181252866340d454e017372d38d19b
2026-10-07T20:33:10.360212Z  WARN p2panda_net::iroh_mdns::actor: found invalid transport info coming from iroh's services endpoint_id=9b662f09bb44edb188b2a022b4eb969d44181252866340d454e017372d38d19b
2026-10-07T20:33:10.363063Z  WARN p2panda_net::iroh_mdns::actor: found invalid transport info coming from iroh's services endpoint_id=9b662f09bb44edb188b2a022b4eb969d44181252866340d454e017372d38d19b
2026-10-07T20:33:10.376484Z  WARN p2panda_net::iroh_mdns::actor: found invalid transport info coming from iroh's services endpoint_id=9b662f09bb44edb188b2a022b4eb969d44181252866340d454e017372d38d19b
2026-10-07T20:33:10.377353Z  WARN p2panda_net::iroh_mdns::actor: found invalid transport info coming from iroh's services endpoint_id=9b662f09bb44edb188b2a022b4eb969d44181252866340d454e017372d38d19b
2026-10-07T20:33:10.378196Z  WARN p2panda_net::iroh_mdns::actor: found invalid transport info coming from iroh's services endpoint_id=9b662f09bb44edb188b2a022b4eb969d44181252866340d454e017372d38d19b
2026-10-07T20:33:10.380424Z  WARN p2panda_net::iroh_mdns::actor: found invalid transport info coming from iroh's services endpoint_id=9b662f09bb44edb188b2a022b4eb969d44181252866340d454e017372d38d19b
test place::lanes::tests::content_authored_the_instant_after_a_revoke_still_reaches_the_remaining_member ... ok
2026-10-07T20:33:13.134277Z  WARN p2panda_net::iroh_mdns::actor: found invalid transport info coming from iroh's services endpoint_id=9b662f09bb44edb188b2a022b4eb969d44181252866340d454e017372d38d19b
2026-10-07T20:33:13.134919Z  WARN p2panda_net::iroh_mdns::actor: found invalid transport info coming from iroh's services endpoint_id=9b662f09bb44edb188b2a022b4eb969d44181252866340d454e017372d38d19b
2026-10-07T20:33:13.135559Z  WARN p2panda_net::iroh_mdns::actor: found invalid transport info coming from iroh's services endpoint_id=9b662f09bb44edb188b2a022b4eb969d44181252866340d454e017372d38d19b
2026-10-07T20:33:13.135720Z  WARN p2panda_net::iroh_mdns::actor: found invalid transport info coming from iroh's services endpoint_id=9b662f09bb44edb188b2a022b4eb969d44181252866340d454e017372d38d19b
2026-10-07T20:33:16.654549Z  WARN p2panda_net::iroh_mdns::actor: found invalid transport info coming from iroh's services endpoint_id=9b662f09bb44edb188b2a022b4eb969d44181252866340d454e017372d38d19b
2026-10-07T20:33:16.655743Z  WARN p2panda_net::iroh_mdns::actor: found invalid transport info coming from iroh's services endpoint_id=9b662f09bb44edb188b2a022b4eb969d44181252866340d454e017372d38d19b
2026-10-07T20:33:16.655893Z  WARN p2panda_net::iroh_mdns::actor: found invalid transport info coming from iroh's services endpoint_id=9b662f09bb44edb188b2a022b4eb969d44181252866340d454e017372d38d19b
2026-10-07T20:33:16.657053Z  WARN p2panda_net::iroh_mdns::actor: found invalid transport info coming from iroh's services endpoint_id=9b662f09bb44edb188b2a022b4eb969d44181252866340d454e017372d38d19b
2026-10-07T20:33:16.671751Z  WARN p2panda_net::iroh_mdns::actor: found invalid transport info coming from iroh's services endpoint_id=9b662f09bb44edb188b2a022b4eb969d44181252866340d454e017372d38d19b
2026-10-07T20:33:16.671870Z  WARN p2panda_net::iroh_mdns::actor: found invalid transport info coming from iroh's services endpoint_id=9b662f09bb44edb188b2a022b4eb969d44181252866340d454e017372d38d19b
2026-10-07T20:33:16.672274Z  WARN p2panda_net::iroh_mdns::actor: found invalid transport info coming from iroh's services endpoint_id=9b662f09bb44edb188b2a022b4eb969d44181252866340d454e017372d38d19b
2026-10-07T20:33:16.673974Z  WARN p2panda_net::iroh_mdns::actor: found invalid transport info coming from iroh's services endpoint_id=9b662f09bb44edb188b2a022b4eb969d44181252866340d454e017372d38d19b
2026-10-07T20:33:21.031889Z  WARN p2panda_net::iroh_mdns::actor: found invalid transport info coming from iroh's services endpoint_id=9b662f09bb44edb188b2a022b4eb969d44181252866340d454e017372d38d19b
2026-10-07T20:33:21.031960Z  WARN p2panda_net::iroh_mdns::actor: found invalid transport info coming from iroh's services endpoint_id=9b662f09bb44edb188b2a022b4eb969d44181252866340d454e017372d38d19b
2026-10-07T20:33:21.031889Z  WARN p2panda_net::iroh_mdns::actor: found invalid transport info coming from iroh's services endpoint_id=9b662f09bb44edb188b2a022b4eb969d44181252866340d454e017372d38d19b
2026-10-07T20:33:21.033642Z  WARN p2panda_net::iroh_mdns::actor: found invalid transport info coming from iroh's services endpoint_id=9b662f09bb44edb188b2a022b4eb969d44181252866340d454e017372d38d19b
2026-10-07T20:33:21.033756Z  WARN p2panda_net::iroh_mdns::actor: found invalid transport info coming from iroh's services endpoint_id=9b662f09bb44edb188b2a022b4eb969d44181252866340d454e017372d38d19b
2026-10-07T20:33:21.827830Z  WARN p2panda_sync::protocols::topic_log_sync: sync session closed with error error=DecodeMessage("Io(Custom { kind: NotConnected, error: ConnectionLost(ApplicationClosed(ApplicationClose { error_code: 0, reason: b\"\" })) })")
2026-10-07T20:33:21.827843Z  WARN p2panda_sync::protocols::topic_log_sync: sync session closed with error error=DecodeMessage("Io(Custom { kind: NotConnected, error: ConnectionLost(ApplicationClosed(ApplicationClose { error_code: 0, reason: b\"\" })) })")
2026-10-07T20:33:21.828643Z  WARN p2panda_sync::protocols::topic_log_sync: sync session closed with error error=DecodeMessage("Io(Custom { kind: NotConnected, error: ConnectionLost(ApplicationClosed(ApplicationClose { error_code: 0, reason: b\"\" })) })")
2026-10-07T20:33:21.828678Z  WARN p2panda_sync::protocols::topic_log_sync: sync session closed with error error=DecodeMessage("Io(Custom { kind: NotConnected, error: ConnectionLost(ApplicationClosed(ApplicationClose { error_code: 0, reason: b\"\" })) })")
2026-10-07T20:33:21.828705Z  WARN p2panda_sync::protocols::topic_log_sync: sync session closed with error error=DecodeMessage("Io(Custom { kind: NotConnected, error: ConnectionLost(ApplicationClosed(ApplicationClose { error_code: 0, reason: b\"\" })) })")
2026-10-07T20:33:21.828648Z  WARN p2panda_sync::protocols::topic_log_sync: sync session closed with error error=DecodeMessage("Io(Custom { kind: NotConnected, error: ConnectionLost(ApplicationClosed(ApplicationClose { error_code: 0, reason: b\"\" })) })")
2026-10-07T20:33:21.828971Z  WARN p2panda_net::sync::actors::topic_manager: sync session failed: error sending on message sink: Io(Custom { kind: NotConnected, error: ConnectionLost(LocallyClosed) }) session_id=3 topic="502be67710"
2026-10-07T20:33:21.829082Z  WARN p2panda_sync::protocols::topic_log_sync: sync session closed with error error=DecodeMessage("Io(Custom { kind: NotConnected, error: ConnectionLost(ApplicationClosed(ApplicationClose { error_code: 0, reason: b\"\" })) })")
2026-10-07T20:33:21.829251Z  WARN p2panda_net::sync::actors::topic_manager: sync session failed: error sending on message sink: Io(Custom { kind: NotConnected, error: ConnectionLost(LocallyClosed) }) session_id=8 topic="502be67710"
2026-10-07T20:33:21.829254Z  WARN p2panda_net::sync::actors::topic_manager: sync session failed: Io(Custom { kind: NotConnected, error: ConnectionLost(ApplicationClosed(ApplicationClose { error_code: 0, reason: b"" })) }) session_id=0 topic="502be67710"
2026-10-07T20:33:21.829327Z  WARN p2panda_sync::protocols::topic_log_sync: sync session closed with error error=DecodeMessage("Io(Custom { kind: NotConnected, error: ConnectionLost(ApplicationClosed(ApplicationClose { error_code: 0, reason: b\"\" })) })")
2026-10-07T20:33:21.829322Z  WARN p2panda_sync::protocols::topic_log_sync: sync session closed with error error=DecodeMessage("Io(Custom { kind: NotConnected, error: ConnectionLost(ApplicationClosed(ApplicationClose { error_code: 0, reason: b\"\" })) })")
2026-10-07T20:33:21.829469Z  WARN p2panda_net::sync::actors::topic_manager: sync session failed: Io(Custom { kind: NotConnected, error: ConnectionLost(ApplicationClosed(ApplicationClose { error_code: 0, reason: b"" })) }) session_id=0 topic="502be67710"
2026-10-07T20:33:21.829485Z  WARN p2panda_sync::protocols::topic_log_sync: sync session closed with error error=DecodeMessage("Io(Custom { kind: NotConnected, error: ConnectionLost(ApplicationClosed(ApplicationClose { error_code: 0, reason: b\"\" })) })")
2026-10-07T20:33:21.829488Z  WARN p2panda_sync::protocols::topic_log_sync: sync session closed with error error=DecodeMessage("Io(Custom { kind: NotConnected, error: ConnectionLost(ApplicationClosed(ApplicationClose { error_code: 0, reason: b\"\" })) })")
2026-10-07T20:33:21.829715Z  WARN p2panda_sync::protocols::topic_log_sync: sync session closed with error error=DecodeMessage("Io(Custom { kind: NotConnected, error: ConnectionLost(ApplicationClosed(ApplicationClose { error_code: 0, reason: b\"\" })) })")
2026-10-07T20:33:21.829841Z  WARN p2panda_net::sync::actors::topic_manager: sync session failed: Io(Custom { kind: NotConnected, error: ConnectionLost(ApplicationClosed(ApplicationClose { error_code: 0, reason: b"" })) }) session_id=0 topic="502be67710"
2026-10-07T20:33:21.829987Z  WARN p2panda_net::sync::actors::topic_manager: sync session failed: Io(Custom { kind: NotConnected, error: ConnectionLost(ApplicationClosed(ApplicationClose { error_code: 0, reason: b"" })) }) session_id=0 topic="502be67710"
2026-10-07T20:33:21.830359Z  WARN p2panda_net::sync::actors::topic_manager: sync session failed: Io(Custom { kind: NotConnected, error: ConnectionLost(ApplicationClosed(ApplicationClose { error_code: 0, reason: b"" })) }) session_id=3 topic="59ee70866b"
2026-10-07T20:33:21.830485Z  WARN p2panda_net::sync::actors::topic_manager: sync session failed: Io(Custom { kind: NotConnected, error: ConnectionLost(ApplicationClosed(ApplicationClose { error_code: 0, reason: b"" })) }) session_id=2 topic="502be67710"
2026-10-07T20:33:21.830651Z  WARN p2panda_net::sync::actors::topic_manager: sync session failed: Io(Custom { kind: NotConnected, error: ConnectionLost(ApplicationClosed(ApplicationClose { error_code: 0, reason: b"" })) }) session_id=0 topic="502be67710"
2026-10-07T20:33:21.830726Z  WARN p2panda_net::sync::actors::topic_manager: sync session failed: Io(Custom { kind: NotConnected, error: ConnectionLost(ApplicationClosed(ApplicationClose { error_code: 0, reason: b"" })) }) session_id=0 topic="1cef56506f"
2026-10-07T20:33:21.830855Z  WARN p2panda_net::sync::actors::topic_manager: sync session failed: Io(Custom { kind: NotConnected, error: ConnectionLost(ApplicationClosed(ApplicationClose { error_code: 0, reason: b"" })) }) session_id=0 topic="502be67710"
2026-10-07T20:33:21.830911Z  WARN p2panda_net::sync::actors::topic_manager: sync session failed: Io(Custom { kind: NotConnected, error: ConnectionLost(ApplicationClosed(ApplicationClose { error_code: 0, reason: b"" })) }) session_id=0 topic="502be67710"
2026-10-07T20:33:21.830883Z  WARN p2panda_sync::protocols::topic_log_sync: sync session closed with error error=DecodeMessage("Io(Custom { kind: NotConnected, error: ConnectionLost(ApplicationClosed(ApplicationClose { error_code: 0, reason: b\"\" })) })")
2026-10-07T20:33:21.830861Z  WARN p2panda_net::sync::actors::topic_manager: sync session failed: Io(Custom { kind: NotConnected, error: ConnectionLost(ApplicationClosed(ApplicationClose { error_code: 0, reason: b"" })) }) session_id=0 topic="502be67710"
2026-10-07T20:33:21.831201Z  WARN p2panda_net::sync::actors::topic_manager: sync session failed: Io(Custom { kind: NotConnected, error: ConnectionLost(ApplicationClosed(ApplicationClose { error_code: 0, reason: b"" })) }) session_id=0 topic="502be67710"
2026-10-07T20:33:21.831835Z  WARN p2panda_sync::protocols::topic_log_sync: sync session closed with error error=DecodeMessage("Io(Custom { kind: NotConnected, error: ConnectionLost(ApplicationClosed(ApplicationClose { error_code: 0, reason: b\"\" })) })")
2026-10-07T20:33:21.831901Z  WARN p2panda_sync::protocols::topic_log_sync: sync session closed with error error=DecodeMessage("Io(Custom { kind: NotConnected, error: ConnectionLost(ApplicationClosed(ApplicationClose { error_code: 0, reason: b\"\" })) })")
2026-10-07T20:33:21.832165Z  WARN p2panda_sync::protocols::topic_log_sync: sync session closed with error error=DecodeMessage("Io(Custom { kind: NotConnected, error: ConnectionLost(ApplicationClosed(ApplicationClose { error_code: 0, reason: b\"\" })) })")
2026-10-07T20:33:21.832547Z  WARN p2panda_sync::protocols::topic_log_sync: sync session closed with error error=DecodeMessage("Io(Custom { kind: NotConnected, error: ConnectionLost(ApplicationClosed(ApplicationClose { error_code: 0, reason: b\"\" })) })")
2026-10-07T20:33:21.832666Z  WARN p2panda_net::sync::actors::topic_manager: sync session failed: Io(Custom { kind: NotConnected, error: ConnectionLost(ApplicationClosed(ApplicationClose { error_code: 0, reason: b"" })) }) session_id=0 topic="502be67710"
2026-10-07T20:33:21.832696Z  WARN p2panda_net::sync::actors::topic_manager: sync session failed: Io(Custom { kind: NotConnected, error: ConnectionLost(ApplicationClosed(ApplicationClose { error_code: 0, reason: b"" })) }) session_id=3 topic="1cef56506f"
2026-10-07T20:33:21.832797Z  WARN p2panda_sync::protocols::topic_log_sync: sync session closed with error error=DecodeMessage("Io(Custom { kind: NotConnected, error: ConnectionLost(ApplicationClosed(ApplicationClose { error_code: 0, reason: b\"\" })) })")
2026-10-07T20:33:21.832695Z  WARN p2panda_sync::protocols::topic_log_sync: sync session closed with error error=DecodeMessage("Io(Custom { kind: NotConnected, error: ConnectionLost(ApplicationClosed(ApplicationClose { error_code: 0, reason: b\"\" })) })")
2026-10-07T20:33:21.833263Z  WARN p2panda_sync::protocols::topic_log_sync: sync session closed with error error=DecodeMessage("Io(Custom { kind: NotConnected, error: ConnectionLost(ApplicationClosed(ApplicationClose { error_code: 0, reason: b\"\" })) })")
2026-10-07T20:33:21.833331Z  WARN p2panda_net::sync::actors::topic_manager: sync session failed: Io(Custom { kind: NotConnected, error: ConnectionLost(ApplicationClosed(ApplicationClose { error_code: 0, reason: b"" })) }) session_id=0 topic="1cef56506f"
2026-10-07T20:33:21.833555Z  WARN p2panda_net::sync::actors::topic_manager: sync session failed: Io(Custom { kind: NotConnected, error: ConnectionLost(ApplicationClosed(ApplicationClose { error_code: 0, reason: b"" })) }) session_id=0 topic="b16e21f1dc"
2026-10-07T20:33:21.834033Z  WARN p2panda_sync::protocols::topic_log_sync: sync session closed with error error=DecodeMessage("Io(Custom { kind: NotConnected, error: ConnectionLost(ApplicationClosed(ApplicationClose { error_code: 0, reason: b\"\" })) })")
2026-10-07T20:33:21.834340Z  WARN p2panda_sync::protocols::topic_log_sync: sync session closed with error error=DecodeMessage("Io(Custom { kind: NotConnected, error: ConnectionLost(ApplicationClosed(ApplicationClose { error_code: 0, reason: b\"\" })) })")
2026-10-07T20:33:21.834764Z  WARN p2panda_net::sync::actors::topic_manager: sync session failed: Io(Custom { kind: NotConnected, error: ConnectionLost(ApplicationClosed(ApplicationClose { error_code: 0, reason: b"" })) }) session_id=0 topic="502be67710"
2026-10-07T20:33:21.835274Z  WARN p2panda_sync::protocols::topic_log_sync: sync session closed with error error=DecodeMessage("Io(Custom { kind: NotConnected, error: ConnectionLost(ApplicationClosed(ApplicationClose { error_code: 0, reason: b\"\" })) })")
2026-10-07T20:33:21.835560Z  WARN p2panda_sync::protocols::topic_log_sync: sync session closed with error error=DecodeMessage("Io(Custom { kind: NotConnected, error: ConnectionLost(ApplicationClosed(ApplicationClose { error_code: 0, reason: b\"\" })) })")
2026-10-07T20:33:21.836462Z  WARN p2panda_sync::protocols::topic_log_sync: sync session closed with error error=DecodeMessage("Io(Custom { kind: NotConnected, error: ConnectionLost(ApplicationClosed(ApplicationClose { error_code: 0, reason: b\"\" })) })")
2026-10-07T20:33:21.836487Z  WARN p2panda_sync::protocols::topic_log_sync: sync session closed with error error=DecodeMessage("Io(Custom { kind: NotConnected, error: ConnectionLost(ApplicationClosed(ApplicationClose { error_code: 0, reason: b\"\" })) })")
2026-10-07T20:33:21.836633Z  WARN p2panda_sync::protocols::topic_log_sync: sync session closed with error error=DecodeMessage("Io(Custom { kind: NotConnected, error: ConnectionLost(ApplicationClosed(ApplicationClose { error_code: 0, reason: b\"\" })) })")
2026-10-07T20:33:21.836875Z  WARN p2panda_sync::protocols::topic_log_sync: sync session closed with error error=DecodeMessage("Io(Custom { kind: NotConnected, error: ConnectionLost(ApplicationClosed(ApplicationClose { error_code: 0, reason: b\"\" })) })")
2026-10-07T20:33:21.836961Z  WARN p2panda_sync::protocols::topic_log_sync: sync session closed with error error=DecodeMessage("Io(Custom { kind: NotConnected, error: ConnectionLost(ApplicationClosed(ApplicationClose { error_code: 0, reason: b\"\" })) })")
2026-10-07T20:33:21.837193Z  WARN p2panda_sync::protocols::topic_log_sync: sync session closed with error error=DecodeMessage("Io(Custom { kind: NotConnected, error: ConnectionLost(ApplicationClosed(ApplicationClose { error_code: 0, reason: b\"\" })) })")
2026-10-07T20:33:21.837328Z  WARN p2panda_net::sync::actors::topic_manager: sync session failed: Io(Custom { kind: NotConnected, error: ConnectionLost(ApplicationClosed(ApplicationClose { error_code: 0, reason: b"" })) }) session_id=1 topic="502be67710"
2026-10-07T20:33:21.837401Z  WARN p2panda_net::sync::actors::topic_manager: sync session failed: Io(Custom { kind: NotConnected, error: ConnectionLost(ApplicationClosed(ApplicationClose { error_code: 0, reason: b"" })) }) session_id=0 topic="502be67710"
2026-10-07T20:33:21.837431Z  WARN p2panda_net::sync::actors::topic_manager: sync session failed: Io(Custom { kind: NotConnected, error: ConnectionLost(ApplicationClosed(ApplicationClose { error_code: 0, reason: b"" })) }) session_id=0 topic="502be67710"
2026-10-07T20:33:21.837636Z  WARN p2panda_sync::protocols::topic_log_sync: sync session closed with error error=DecodeMessage("Io(Custom { kind: NotConnected, error: ConnectionLost(ApplicationClosed(ApplicationClose { error_code: 0, reason: b\"\" })) })")
2026-10-07T20:33:21.837689Z  WARN p2panda_sync::protocols::topic_log_sync: sync session closed with error error=DecodeMessage("Io(Custom { kind: NotConnected, error: ConnectionLost(ApplicationClosed(ApplicationClose { error_code: 0, reason: b\"\" })) })")
2026-10-07T20:33:21.837917Z  WARN p2panda_sync::protocols::topic_log_sync: sync session closed with error error=DecodeMessage("Io(Custom { kind: NotConnected, error: ConnectionLost(ApplicationClosed(ApplicationClose { error_code: 0, reason: b\"\" })) })")
2026-10-07T20:33:21.838070Z  WARN p2panda_sync::protocols::topic_log_sync: sync session closed with error error=DecodeMessage("Io(Custom { kind: NotConnected, error: ConnectionLost(ApplicationClosed(ApplicationClose { error_code: 0, reason: b\"\" })) })")
2026-10-07T20:33:21.838113Z  WARN p2panda_net::sync::actors::topic_manager: sync session failed: Io(Custom { kind: NotConnected, error: ConnectionLost(ApplicationClosed(ApplicationClose { error_code: 0, reason: b"" })) }) session_id=0 topic="502be67710"
2026-10-07T20:33:21.838316Z  WARN p2panda_net::sync::actors::topic_manager: sync session failed: Io(Custom { kind: NotConnected, error: ConnectionLost(ApplicationClosed(ApplicationClose { error_code: 0, reason: b"" })) }) session_id=3 topic="b16e21f1dc"
2026-10-07T20:33:21.838438Z  WARN p2panda_sync::protocols::topic_log_sync: sync session closed with error error=DecodeMessage("Io(Custom { kind: NotConnected, error: ConnectionLost(ApplicationClosed(ApplicationClose { error_code: 0, reason: b\"\" })) })")
2026-10-07T20:33:21.838429Z  WARN p2panda_net::sync::actors::topic_manager: sync session failed: Io(Custom { kind: NotConnected, error: ConnectionLost(ApplicationClosed(ApplicationClose { error_code: 0, reason: b"" })) }) session_id=0 topic="502be67710"
2026-10-07T20:33:21.838318Z  WARN p2panda_sync::protocols::topic_log_sync: sync session closed with error error=DecodeMessage("Io(Custom { kind: NotConnected, error: ConnectionLost(ApplicationClosed(ApplicationClose { error_code: 0, reason: b\"\" })) })")
2026-10-07T20:33:21.839006Z  WARN p2panda_net::sync::actors::topic_manager: sync session failed: Io(Custom { kind: NotConnected, error: ConnectionLost(ApplicationClosed(ApplicationClose { error_code: 0, reason: b"" })) }) session_id=1 topic="59ee70866b"
2026-10-07T20:33:21.839267Z  WARN p2panda_sync::protocols::topic_log_sync: sync session closed with error error=DecodeMessage("Io(Custom { kind: NotConnected, error: ConnectionLost(ApplicationClosed(ApplicationClose { error_code: 0, reason: b\"\" })) })")
2026-10-07T20:33:21.840020Z  WARN p2panda_sync::protocols::topic_log_sync: sync session closed with error error=DecodeMessage("Io(Custom { kind: NotConnected, error: ConnectionLost(ApplicationClosed(ApplicationClose { error_code: 0, reason: b\"\" })) })")
2026-10-07T20:33:21.840076Z  WARN p2panda_sync::protocols::topic_log_sync: sync session closed with error error=DecodeMessage("Io(Custom { kind: NotConnected, error: ConnectionLost(ApplicationClosed(ApplicationClose { error_code: 0, reason: b\"\" })) })")
2026-10-07T20:33:21.840089Z  WARN p2panda_net::sync::actors::topic_manager: sync session failed: Io(Custom { kind: NotConnected, error: ConnectionLost(ApplicationClosed(ApplicationClose { error_code: 0, reason: b"" })) }) session_id=0 topic="b16e21f1dc"
2026-10-07T20:33:21.840094Z  WARN p2panda_net::sync::actors::topic_manager: sync session failed: Io(Custom { kind: NotConnected, error: ConnectionLost(ApplicationClosed(ApplicationClose { error_code: 0, reason: b"" })) }) session_id=0 topic="502be67710"
2026-10-07T20:33:21.840240Z  WARN p2panda_sync::protocols::topic_log_sync: sync session closed with error error=DecodeMessage("Io(Custom { kind: NotConnected, error: ConnectionLost(ApplicationClosed(ApplicationClose { error_code: 0, reason: b\"\" })) })")
2026-10-07T20:33:21.840296Z  WARN p2panda_sync::protocols::topic_log_sync: sync session closed with error error=DecodeMessage("Io(Custom { kind: NotConnected, error: ConnectionLost(ApplicationClosed(ApplicationClose { error_code: 0, reason: b\"\" })) })")
2026-10-07T20:33:21.840347Z  WARN p2panda_net::sync::actors::topic_manager: sync session failed: Io(Custom { kind: NotConnected, error: ConnectionLost(ApplicationClosed(ApplicationClose { error_code: 0, reason: b"" })) }) session_id=0 topic="502be67710"
2026-10-07T20:33:21.840366Z  WARN p2panda_sync::protocols::topic_log_sync: sync session closed with error error=DecodeMessage("Io(Custom { kind: NotConnected, error: ConnectionLost(ApplicationClosed(ApplicationClose { error_code: 0, reason: b\"\" })) })")
2026-10-07T20:33:21.841010Z  WARN p2panda_net::sync::actors::topic_manager: sync session failed: Io(Custom { kind: NotConnected, error: ConnectionLost(ApplicationClosed(ApplicationClose { error_code: 0, reason: b"" })) }) session_id=0 topic="502be67710"
2026-10-07T20:33:21.841175Z  WARN p2panda_net::sync::actors::topic_manager: sync session failed: Io(Custom { kind: NotConnected, error: ConnectionLost(ApplicationClosed(ApplicationClose { error_code: 0, reason: b"" })) }) session_id=0 topic="502be67710"
2026-10-07T20:33:21.841439Z  WARN p2panda_sync::protocols::topic_log_sync: sync session closed with error error=DecodeMessage("Io(Custom { kind: NotConnected, error: ConnectionLost(ApplicationClosed(ApplicationClose { error_code: 0, reason: b\"\" })) })")
2026-10-07T20:33:21.842560Z  WARN p2panda_sync::protocols::topic_log_sync: sync session closed with error error=DecodeMessage("Io(Custom { kind: NotConnected, error: ConnectionLost(ApplicationClosed(ApplicationClose { error_code: 0, reason: b\"\" })) })")
2026-10-07T20:33:21.843595Z  WARN p2panda_sync::protocols::topic_log_sync: sync session closed with error error=DecodeMessage("Io(Custom { kind: NotConnected, error: ConnectionLost(ApplicationClosed(ApplicationClose { error_code: 0, reason: b\"\" })) })")
2026-10-07T20:33:21.843865Z  WARN p2panda_sync::protocols::topic_log_sync: sync session closed with error error=DecodeMessage("Io(Custom { kind: NotConnected, error: ConnectionLost(ApplicationClosed(ApplicationClose { error_code: 0, reason: b\"\" })) })")
2026-10-07T20:33:21.844716Z  WARN p2panda_sync::protocols::topic_log_sync: sync session closed with error error=DecodeMessage("Io(Custom { kind: NotConnected, error: ConnectionLost(ApplicationClosed(ApplicationClose { error_code: 0, reason: b\"\" })) })")
2026-10-07T20:33:21.844997Z  WARN p2panda_sync::protocols::topic_log_sync: sync session closed with error error=DecodeMessage("Io(Custom { kind: NotConnected, error: ConnectionLost(ApplicationClosed(ApplicationClose { error_code: 0, reason: b\"\" })) })")
2026-10-07T20:33:21.845090Z  WARN p2panda_sync::protocols::topic_log_sync: sync session closed with error error=DecodeMessage("Io(Custom { kind: NotConnected, error: ConnectionLost(ApplicationClosed(ApplicationClose { error_code: 0, reason: b\"\" })) })")
2026-10-07T20:33:21.845210Z  WARN p2panda_sync::protocols::topic_log_sync: sync session closed with error error=DecodeMessage("Io(Custom { kind: NotConnected, error: ConnectionLost(ApplicationClosed(ApplicationClose { error_code: 0, reason: b\"\" })) })")
2026-10-07T20:33:21.845744Z  WARN p2panda_sync::protocols::topic_log_sync: sync session closed with error error=DecodeMessage("Io(Custom { kind: NotConnected, error: ConnectionLost(ApplicationClosed(ApplicationClose { error_code: 0, reason: b\"\" })) })")
2026-10-07T20:33:21.848268Z  WARN p2panda_sync::protocols::topic_log_sync: sync session closed with error error=DecodeMessage("Io(Custom { kind: NotConnected, error: ConnectionLost(ApplicationClosed(ApplicationClose { error_code: 0, reason: b\"\" })) })")
2026-10-07T20:33:21.848852Z ERROR iroh::socket::transports::relay: relay_recv_channel closed
2026-10-07T20:33:21.850549Z ERROR iroh::socket::transports::relay: relay_recv_channel closed
2026-10-07T20:33:24.315963Z  WARN p2panda_sync::protocols::topic_log_sync: sync session closed with error error=DecodeMessage("Io(Custom { kind: NotConnected, error: ConnectionLost(LocallyClosed) })")
2026-10-07T20:33:24.316140Z  WARN p2panda_sync::protocols::topic_log_sync: sync session closed with error error=DecodeMessage("Io(Custom { kind: NotConnected, error: ConnectionLost(LocallyClosed) })")
2026-10-07T20:33:24.316461Z  WARN p2panda_sync::protocols::topic_log_sync: sync session closed with error error=DecodeMessage("Io(Custom { kind: NotConnected, error: ConnectionLost(ApplicationClosed(ApplicationClose { error_code: 0, reason: b\"\" })) })")
2026-10-07T20:33:24.316863Z  WARN p2panda_sync::protocols::topic_log_sync: sync session closed with error error=DecodeMessage("Io(Custom { kind: NotConnected, error: ConnectionLost(ApplicationClosed(ApplicationClose { error_code: 0, reason: b\"\" })) })")
2026-10-07T20:33:24.317154Z  WARN p2panda_sync::protocols::topic_log_sync: sync session closed with error error=DecodeMessage("Io(Custom { kind: NotConnected, error: ConnectionLost(LocallyClosed) })")
2026-10-07T20:33:24.317177Z  WARN p2panda_sync::protocols::topic_log_sync: sync session closed with error error=DecodeMessage("Io(Custom { kind: NotConnected, error: ConnectionLost(ApplicationClosed(ApplicationClose { error_code: 0, reason: b\"\" })) })")
2026-10-07T20:33:24.317244Z  WARN p2panda_sync::protocols::topic_log_sync: sync session closed with error error=DecodeMessage("Io(Custom { kind: NotConnected, error: ConnectionLost(LocallyClosed) })")
2026-10-07T20:33:24.317308Z  WARN p2panda_sync::protocols::topic_log_sync: sync session closed with error error=DecodeMessage("Io(Custom { kind: NotConnected, error: ConnectionLost(LocallyClosed) })")
2026-10-07T20:33:24.317298Z  WARN p2panda_sync::protocols::topic_log_sync: sync session closed with error error=DecodeMessage("Io(Custom { kind: NotConnected, error: ConnectionLost(ApplicationClosed(ApplicationClose { error_code: 0, reason: b\"\" })) })")
2026-10-07T20:33:24.317533Z  WARN p2panda_sync::protocols::topic_log_sync: sync session closed with error error=DecodeMessage("Io(Custom { kind: NotConnected, error: ConnectionLost(ApplicationClosed(ApplicationClose { error_code: 0, reason: b\"\" })) })")
2026-10-07T20:33:24.317710Z  WARN p2panda_sync::protocols::topic_log_sync: sync session closed with error error=DecodeMessage("Io(Custom { kind: NotConnected, error: ConnectionLost(LocallyClosed) })")
2026-10-07T20:33:24.318040Z  WARN p2panda_sync::protocols::topic_log_sync: sync session closed with error error=DecodeMessage("Io(Custom { kind: NotConnected, error: ConnectionLost(LocallyClosed) })")
2026-10-07T20:33:24.318158Z  WARN p2panda_sync::protocols::topic_log_sync: sync session closed with error error=DecodeMessage("Io(Custom { kind: NotConnected, error: ConnectionLost(ApplicationClosed(ApplicationClose { error_code: 0, reason: b\"\" })) })")
2026-10-07T20:33:24.318354Z  WARN p2panda_sync::protocols::topic_log_sync: sync session closed with error error=DecodeMessage("Io(Custom { kind: NotConnected, error: ConnectionLost(ApplicationClosed(ApplicationClose { error_code: 0, reason: b\"\" })) })")
2026-10-07T20:33:24.318406Z  WARN p2panda_sync::protocols::topic_log_sync: sync session closed with error error=DecodeMessage("Io(Custom { kind: NotConnected, error: ConnectionLost(LocallyClosed) })")
2026-10-07T20:33:24.318487Z  WARN p2panda_sync::protocols::topic_log_sync: sync session closed with error error=DecodeMessage("Io(Custom { kind: NotConnected, error: ConnectionLost(ApplicationClosed(ApplicationClose { error_code: 0, reason: b\"\" })) })")
2026-10-07T20:33:24.318725Z  WARN p2panda_sync::protocols::topic_log_sync: sync session closed with error error=DecodeMessage("Io(Custom { kind: NotConnected, error: ConnectionLost(LocallyClosed) })")
2026-10-07T20:33:24.318870Z  WARN p2panda_sync::protocols::topic_log_sync: sync session closed with error error=DecodeMessage("Io(Custom { kind: NotConnected, error: ConnectionLost(LocallyClosed) })")
2026-10-07T20:33:24.319038Z  WARN p2panda_sync::protocols::topic_log_sync: sync session closed with error error=DecodeMessage("Io(Custom { kind: NotConnected, error: ConnectionLost(LocallyClosed) })")
2026-10-07T20:33:24.319227Z  WARN p2panda_sync::protocols::topic_log_sync: sync session closed with error error=DecodeMessage("Io(Custom { kind: NotConnected, error: ConnectionLost(LocallyClosed) })")
2026-10-07T20:33:24.319439Z  WARN p2panda_sync::protocols::topic_log_sync: sync session closed with error error=DecodeMessage("Io(Custom { kind: NotConnected, error: ConnectionLost(LocallyClosed) })")
2026-10-07T20:33:24.319741Z  WARN p2panda_sync::protocols::topic_log_sync: sync session closed with error error=DecodeMessage("Io(Custom { kind: NotConnected, error: ConnectionLost(ApplicationClosed(ApplicationClose { error_code: 0, reason: b\"\" })) })")
2026-10-07T20:33:24.319752Z  WARN p2panda_sync::protocols::topic_log_sync: sync session closed with error error=DecodeMessage("Io(Custom { kind: NotConnected, error: ConnectionLost(ApplicationClosed(ApplicationClose { error_code: 0, reason: b\"\" })) })")
2026-10-07T20:33:24.319806Z  WARN p2panda_sync::protocols::topic_log_sync: sync session closed with error error=DecodeMessage("Io(Custom { kind: NotConnected, error: ConnectionLost(ApplicationClosed(ApplicationClose { error_code: 0, reason: b\"\" })) })")
2026-10-07T20:33:24.319927Z  WARN p2panda_sync::protocols::topic_log_sync: sync session closed with error error=DecodeMessage("Io(Custom { kind: NotConnected, error: ConnectionLost(LocallyClosed) })")
2026-10-07T20:33:24.320003Z  WARN p2panda_sync::protocols::topic_log_sync: sync session closed with error error=DecodeMessage("Io(Custom { kind: NotConnected, error: ConnectionLost(LocallyClosed) })")
2026-10-07T20:33:24.320195Z  WARN p2panda_sync::protocols::topic_log_sync: sync session closed with error error=DecodeMessage("Io(Custom { kind: NotConnected, error: ConnectionLost(ApplicationClosed(ApplicationClose { error_code: 0, reason: b\"\" })) })")
2026-10-07T20:33:24.320265Z  WARN p2panda_sync::protocols::topic_log_sync: sync session closed with error error=DecodeMessage("Io(Custom { kind: NotConnected, error: ConnectionLost(ApplicationClosed(ApplicationClose { error_code: 0, reason: b\"\" })) })")
2026-10-07T20:33:24.320386Z  WARN p2panda_sync::protocols::topic_log_sync: sync session closed with error error=DecodeMessage("Io(Custom { kind: NotConnected, error: ConnectionLost(ApplicationClosed(ApplicationClose { error_code: 0, reason: b\"\" })) })")
2026-10-07T20:33:24.320425Z  WARN p2panda_sync::protocols::topic_log_sync: sync session closed with error error=DecodeMessage("Io(Custom { kind: NotConnected, error: ConnectionLost(LocallyClosed) })")
2026-10-07T20:33:24.320583Z  WARN p2panda_sync::protocols::topic_log_sync: sync session closed with error error=DecodeMessage("Io(Custom { kind: NotConnected, error: ConnectionLost(LocallyClosed) })")
2026-10-07T20:33:24.320797Z  WARN p2panda_sync::protocols::topic_log_sync: sync session closed with error error=DecodeMessage("Io(Custom { kind: NotConnected, error: ConnectionLost(ApplicationClosed(ApplicationClose { error_code: 0, reason: b\"\" })) })")
2026-10-07T20:33:24.320797Z  WARN p2panda_sync::protocols::topic_log_sync: sync session closed with error error=DecodeMessage("Io(Custom { kind: NotConnected, error: ConnectionLost(ApplicationClosed(ApplicationClose { error_code: 0, reason: b\"\" })) })")
2026-10-07T20:33:24.321086Z  WARN p2panda_sync::protocols::topic_log_sync: sync session closed with error error=DecodeMessage("Io(Custom { kind: NotConnected, error: ConnectionLost(LocallyClosed) })")
2026-10-07T20:33:24.321110Z  WARN p2panda_sync::protocols::topic_log_sync: sync session closed with error error=DecodeMessage("Io(Custom { kind: NotConnected, error: ConnectionLost(ApplicationClosed(ApplicationClose { error_code: 0, reason: b\"\" })) })")
2026-10-07T20:33:24.321566Z  WARN p2panda_sync::protocols::topic_log_sync: sync session closed with error error=DecodeMessage("Io(Custom { kind: NotConnected, error: ConnectionLost(LocallyClosed) })")
2026-10-07T20:33:24.321950Z  WARN p2panda_sync::protocols::topic_log_sync: sync session closed with error error=DecodeMessage("Io(Custom { kind: NotConnected, error: ConnectionLost(LocallyClosed) })")
2026-10-07T20:33:24.322115Z  WARN p2panda_sync::protocols::topic_log_sync: sync session closed with error error=DecodeMessage("Io(Custom { kind: NotConnected, error: ConnectionLost(LocallyClosed) })")
2026-10-07T20:33:24.322224Z  WARN p2panda_sync::protocols::topic_log_sync: sync session closed with error error=DecodeMessage("Io(Custom { kind: NotConnected, error: ConnectionLost(ApplicationClosed(ApplicationClose { error_code: 0, reason: b\"\" })) })")
2026-10-07T20:33:24.322263Z  WARN p2panda_sync::protocols::topic_log_sync: sync session closed with error error=DecodeMessage("Io(Custom { kind: NotConnected, error: ConnectionLost(LocallyClosed) })")
2026-10-07T20:33:24.322422Z  WARN p2panda_sync::protocols::topic_log_sync: sync session closed with error error=DecodeMessage("Io(Custom { kind: NotConnected, error: ConnectionLost(ApplicationClosed(ApplicationClose { error_code: 0, reason: b\"\" })) })")
2026-10-07T20:33:24.322795Z  WARN p2panda_sync::protocols::topic_log_sync: sync session closed with error error=DecodeMessage("Io(Custom { kind: NotConnected, error: ConnectionLost(ApplicationClosed(ApplicationClose { error_code: 0, reason: b\"\" })) })")
2026-10-07T20:33:24.322775Z  WARN p2panda_sync::protocols::topic_log_sync: sync session closed with error error=DecodeMessage("Io(Custom { kind: NotConnected, error: ConnectionLost(LocallyClosed) })")
2026-10-07T20:33:24.322947Z  WARN p2panda_sync::protocols::topic_log_sync: sync session closed with error error=DecodeMessage("Io(Custom { kind: NotConnected, error: ConnectionLost(LocallyClosed) })")
2026-10-07T20:33:24.323202Z  WARN p2panda_sync::protocols::topic_log_sync: sync session closed with error error=DecodeMessage("Io(Custom { kind: NotConnected, error: ConnectionLost(LocallyClosed) })")
2026-10-07T20:33:24.323681Z  WARN p2panda_sync::protocols::topic_log_sync: sync session closed with error error=DecodeMessage("Io(Custom { kind: NotConnected, error: ConnectionLost(LocallyClosed) })")
2026-10-07T20:33:24.323880Z  WARN p2panda_sync::protocols::topic_log_sync: sync session closed with error error=DecodeMessage("Io(Custom { kind: NotConnected, error: ConnectionLost(ApplicationClosed(ApplicationClose { error_code: 0, reason: b\"\" })) })")
2026-10-07T20:33:24.324152Z  WARN p2panda_sync::protocols::topic_log_sync: sync session closed with error error=DecodeMessage("Io(Custom { kind: NotConnected, error: ConnectionLost(LocallyClosed) })")
2026-10-07T20:33:24.324210Z  WARN p2panda_sync::protocols::topic_log_sync: sync session closed with error error=DecodeMessage("Io(Custom { kind: NotConnected, error: ConnectionLost(ApplicationClosed(ApplicationClose { error_code: 0, reason: b\"\" })) })")
2026-10-07T20:33:24.324470Z  WARN p2panda_sync::protocols::topic_log_sync: sync session closed with error error=DecodeMessage("Io(Custom { kind: NotConnected, error: ConnectionLost(ApplicationClosed(ApplicationClose { error_code: 0, reason: b\"\" })) })")
2026-10-07T20:33:24.324676Z  WARN p2panda_sync::protocols::topic_log_sync: sync session closed with error error=DecodeMessage("Io(Custom { kind: NotConnected, error: ConnectionLost(ApplicationClosed(ApplicationClose { error_code: 0, reason: b\"\" })) })")
2026-10-07T20:33:24.324744Z  WARN p2panda_sync::protocols::topic_log_sync: sync session closed with error error=DecodeMessage("Io(Custom { kind: NotConnected, error: ConnectionLost(ApplicationClosed(ApplicationClose { error_code: 0, reason: b\"\" })) })")
2026-10-07T20:33:24.324808Z  WARN p2panda_sync::protocols::topic_log_sync: sync session closed with error error=DecodeMessage("Io(Custom { kind: NotConnected, error: ConnectionLost(ApplicationClosed(ApplicationClose { error_code: 0, reason: b\"\" })) })")
2026-10-07T20:33:24.324926Z  WARN p2panda_sync::protocols::topic_log_sync: sync session closed with error error=DecodeMessage("Io(Custom { kind: NotConnected, error: ConnectionLost(ApplicationClosed(ApplicationClose { error_code: 0, reason: b\"\" })) })")
2026-10-07T20:33:24.325004Z  WARN p2panda_sync::protocols::topic_log_sync: sync session closed with error error=DecodeMessage("Io(Custom { kind: NotConnected, error: ConnectionLost(LocallyClosed) })")
2026-10-07T20:33:24.325238Z  WARN p2panda_sync::protocols::topic_log_sync: sync session closed with error error=DecodeMessage("Io(Custom { kind: NotConnected, error: ConnectionLost(ApplicationClosed(ApplicationClose { error_code: 0, reason: b\"\" })) })")
2026-10-07T20:33:24.325301Z  WARN p2panda_sync::protocols::topic_log_sync: sync session closed with error error=DecodeMessage("Io(Custom { kind: NotConnected, error: ConnectionLost(LocallyClosed) })")
2026-10-07T20:33:24.325476Z  WARN p2panda_sync::protocols::topic_log_sync: sync session closed with error error=DecodeMessage("Io(Custom { kind: NotConnected, error: ConnectionLost(ApplicationClosed(ApplicationClose { error_code: 0, reason: b\"\" })) })")
2026-10-07T20:33:24.325775Z  WARN p2panda_sync::protocols::topic_log_sync: sync session closed with error error=DecodeMessage("Io(Custom { kind: NotConnected, error: ConnectionLost(LocallyClosed) })")
2026-10-07T20:33:24.325936Z  WARN p2panda_sync::protocols::topic_log_sync: sync session closed with error error=DecodeMessage("Io(Custom { kind: NotConnected, error: ConnectionLost(LocallyClosed) })")
2026-10-07T20:33:24.326134Z  WARN p2panda_sync::protocols::topic_log_sync: sync session closed with error error=DecodeMessage("Io(Custom { kind: NotConnected, error: ConnectionLost(ApplicationClosed(ApplicationClose { error_code: 0, reason: b\"\" })) })")
2026-10-07T20:33:24.326576Z  WARN p2panda_sync::protocols::topic_log_sync: sync session closed with error error=DecodeMessage("Io(Custom { kind: NotConnected, error: ConnectionLost(ApplicationClosed(ApplicationClose { error_code: 0, reason: b\"\" })) })")
2026-10-07T20:33:24.326980Z  WARN p2panda_sync::protocols::topic_log_sync: sync session closed with error error=DecodeMessage("Io(Custom { kind: NotConnected, error: ConnectionLost(ApplicationClosed(ApplicationClose { error_code: 0, reason: b\"\" })) })")
2026-10-07T20:33:24.326962Z  WARN p2panda_sync::protocols::topic_log_sync: sync session closed with error error=DecodeMessage("Io(Custom { kind: NotConnected, error: ConnectionLost(ApplicationClosed(ApplicationClose { error_code: 0, reason: b\"\" })) })")
2026-10-07T20:33:24.327166Z  WARN p2panda_sync::protocols::topic_log_sync: sync session closed with error error=DecodeMessage("Io(Custom { kind: NotConnected, error: ConnectionLost(ApplicationClosed(ApplicationClose { error_code: 0, reason: b\"\" })) })")
2026-10-07T20:33:24.327292Z  WARN p2panda_sync::protocols::topic_log_sync: sync session closed with error error=DecodeMessage("Io(Custom { kind: NotConnected, error: ConnectionLost(ApplicationClosed(ApplicationClose { error_code: 0, reason: b\"\" })) })")
2026-10-07T20:33:24.327528Z  WARN p2panda_sync::protocols::topic_log_sync: sync session closed with error error=DecodeMessage("Io(Custom { kind: NotConnected, error: ConnectionLost(ApplicationClosed(ApplicationClose { error_code: 0, reason: b\"\" })) })")
2026-10-07T20:33:24.327819Z  WARN p2panda_sync::protocols::topic_log_sync: sync session closed with error error=DecodeMessage("Io(Custom { kind: NotConnected, error: ConnectionLost(ApplicationClosed(ApplicationClose { error_code: 0, reason: b\"\" })) })")
2026-10-07T20:33:24.327949Z  WARN p2panda_sync::protocols::topic_log_sync: sync session closed with error error=DecodeMessage("Io(Custom { kind: NotConnected, error: ConnectionLost(ApplicationClosed(ApplicationClose { error_code: 0, reason: b\"\" })) })")
2026-10-07T20:33:24.328097Z  WARN p2panda_sync::protocols::topic_log_sync: sync session closed with error error=DecodeMessage("Io(Custom { kind: NotConnected, error: ConnectionLost(ApplicationClosed(ApplicationClose { error_code: 0, reason: b\"\" })) })")
2026-10-07T20:33:24.328771Z  WARN p2panda_sync::protocols::topic_log_sync: sync session closed with error error=DecodeMessage("Io(Custom { kind: NotConnected, error: ConnectionLost(LocallyClosed) })")
2026-10-07T20:33:24.330292Z  WARN p2panda_sync::protocols::topic_log_sync: sync session closed with error error=DecodeMessage("Io(Custom { kind: NotConnected, error: ConnectionLost(ApplicationClosed(ApplicationClose { error_code: 0, reason: b\"\" })) })")
2026-10-07T20:33:24.330926Z ERROR iroh::socket::transports::relay: relay_recv_channel closed
2026-10-07T20:33:24.332582Z ERROR iroh::socket::transports::relay: relay_recv_channel closed
2026-10-07T20:33:24.343588Z ERROR iroh::socket::transports::relay: relay_recv_channel closed
2026-10-07T20:33:24.346175Z ERROR iroh::socket::transports::relay: relay_recv_channel closed
2026-10-07T20:33:24.352517Z ERROR iroh::socket::transports::relay: relay_recv_channel closed
2026-10-07T20:33:24.354829Z ERROR iroh::socket::transports::relay: relay_recv_channel closed
2026-10-07T20:33:25.203619Z  WARN p2panda_net::iroh_mdns::actor: found invalid transport info coming from iroh's services endpoint_id=9b662f09bb44edb188b2a022b4eb969d44181252866340d454e017372d38d19b
2026-10-07T20:33:25.218009Z  WARN p2panda_net::iroh_mdns::actor: found invalid transport info coming from iroh's services endpoint_id=9b662f09bb44edb188b2a022b4eb969d44181252866340d454e017372d38d19b
test sky_surface::tests::changing_date_or_policy_rebuilds_a_distinct_receipt has been running for over 60 seconds
test sky_surface::tests::next_day_replaces_one_retained_projection_without_rewriting_opening_provenance has been running for over 60 seconds
test sky_surface::tests::provider_admits_semantic_controls_and_provenance has been running for over 60 seconds
2026-10-07T20:33:26.842958Z  WARN p2panda_net::sync::actors::topic_manager: sync session failed: Io(Custom { kind: NotConnected, error: ConnectionLost(ApplicationClosed(ApplicationClose { error_code: 0, reason: b"" })) }) session_id=0 topic="59ee70866b"
2026-10-07T20:33:26.843047Z  WARN p2panda_net::sync::actors::topic_manager: sync session failed: Io(Custom { kind: NotConnected, error: ConnectionLost(ApplicationClosed(ApplicationClose { error_code: 0, reason: b"" })) }) session_id=2 topic="b16e21f1dc"
2026-10-07T20:33:26.843051Z  WARN p2panda_net::sync::actors::topic_manager: sync session failed: Io(Custom { kind: NotConnected, error: ConnectionLost(ApplicationClosed(ApplicationClose { error_code: 0, reason: b"" })) }) session_id=2 topic="502be67710"
2026-10-07T20:33:26.843224Z  WARN p2panda_net::sync::actors::topic_manager: sync session failed: Io(Custom { kind: NotConnected, error: ConnectionLost(ApplicationClosed(ApplicationClose { error_code: 0, reason: b"" })) }) session_id=1 topic="502be67710"
2026-10-07T20:33:26.843291Z  WARN p2panda_net::sync::actors::topic_manager: sync session failed: Io(Custom { kind: NotConnected, error: ConnectionLost(ApplicationClosed(ApplicationClose { error_code: 0, reason: b"" })) }) session_id=0 topic="502be67710"
2026-10-07T20:33:26.843294Z  WARN p2panda_net::sync::actors::topic_manager: sync session failed: Io(Custom { kind: NotConnected, error: ConnectionLost(ApplicationClosed(ApplicationClose { error_code: 0, reason: b"" })) }) session_id=0 topic="b16e21f1dc"
2026-10-07T20:33:26.843558Z  WARN p2panda_net::sync::actors::topic_manager: sync session failed: Io(Custom { kind: NotConnected, error: ConnectionLost(ApplicationClosed(ApplicationClose { error_code: 0, reason: b"" })) }) session_id=3 topic="502be67710"
2026-10-07T20:33:26.843580Z  WARN p2panda_net::sync::actors::topic_manager: sync session failed: Io(Custom { kind: NotConnected, error: ConnectionLost(ApplicationClosed(ApplicationClose { error_code: 0, reason: b"" })) }) session_id=3 topic="502be67710"
2026-10-07T20:33:26.843580Z  WARN p2panda_net::sync::actors::topic_manager: sync session failed: Io(Custom { kind: NotConnected, error: ConnectionLost(ApplicationClosed(ApplicationClose { error_code: 0, reason: b"" })) }) session_id=3 topic="502be67710"
2026-10-07T20:33:26.843569Z  WARN p2panda_net::sync::actors::topic_manager: sync session failed: Io(Custom { kind: NotConnected, error: ConnectionLost(ApplicationClosed(ApplicationClose { error_code: 0, reason: b"" })) }) session_id=2 topic="502be67710"
2026-10-07T20:33:26.843720Z  WARN p2panda_net::sync::actors::topic_manager: sync session failed: Io(Custom { kind: NotConnected, error: ConnectionLost(ApplicationClosed(ApplicationClose { error_code: 0, reason: b"" })) }) session_id=1 topic="b16e21f1dc"
2026-10-07T20:33:26.843792Z  WARN p2panda_net::sync::actors::topic_manager: sync session failed: Io(Custom { kind: NotConnected, error: ConnectionLost(ApplicationClosed(ApplicationClose { error_code: 0, reason: b"" })) }) session_id=1 topic="502be67710"
2026-10-07T20:33:26.843785Z  WARN p2panda_net::sync::actors::topic_manager: sync session failed: Io(Custom { kind: NotConnected, error: ConnectionLost(ApplicationClosed(ApplicationClose { error_code: 0, reason: b"" })) }) session_id=1 topic="502be67710"
2026-10-07T20:33:26.843846Z  WARN p2panda_net::sync::actors::topic_manager: sync session failed: Io(Custom { kind: NotConnected, error: ConnectionLost(ApplicationClosed(ApplicationClose { error_code: 0, reason: b"" })) }) session_id=2 topic="502be67710"
2026-10-07T20:33:26.843870Z  WARN p2panda_net::sync::actors::topic_manager: sync session failed: Io(Custom { kind: NotConnected, error: ConnectionLost(ApplicationClosed(ApplicationClose { error_code: 0, reason: b"" })) }) session_id=0 topic="1cef56506f"
2026-10-07T20:33:26.843879Z  WARN p2panda_net::sync::actors::topic_manager: sync session failed: Io(Custom { kind: NotConnected, error: ConnectionLost(ApplicationClosed(ApplicationClose { error_code: 0, reason: b"" })) }) session_id=1 topic="502be67710"
2026-10-07T20:33:26.843910Z  WARN p2panda_net::sync::actors::topic_manager: sync session failed: Io(Custom { kind: NotConnected, error: ConnectionLost(ApplicationClosed(ApplicationClose { error_code: 0, reason: b"" })) }) session_id=3 topic="502be67710"
2026-10-07T20:33:26.843979Z  WARN p2panda_net::sync::actors::topic_manager: sync session failed: Io(Custom { kind: NotConnected, error: ConnectionLost(ApplicationClosed(ApplicationClose { error_code: 0, reason: b"" })) }) session_id=4 topic="502be67710"
2026-10-07T20:33:26.843917Z  WARN p2panda_net::sync::actors::topic_manager: sync session failed: Io(Custom { kind: NotConnected, error: ConnectionLost(ApplicationClosed(ApplicationClose { error_code: 0, reason: b"" })) }) session_id=3 topic="502be67710"
2026-10-07T20:33:26.844043Z  WARN p2panda_net::sync::actors::topic_manager: sync session failed: Io(Custom { kind: NotConnected, error: ConnectionLost(ApplicationClosed(ApplicationClose { error_code: 0, reason: b"" })) }) session_id=1 topic="1cef56506f"
2026-10-07T20:33:26.844089Z  WARN p2panda_net::sync::actors::topic_manager: sync session failed: Io(Custom { kind: NotConnected, error: ConnectionLost(ApplicationClosed(ApplicationClose { error_code: 0, reason: b"" })) }) session_id=0 topic="502be67710"
2026-10-07T20:33:26.844165Z  WARN p2panda_net::sync::actors::topic_manager: sync session failed: Io(Custom { kind: NotConnected, error: ConnectionLost(ApplicationClosed(ApplicationClose { error_code: 0, reason: b"" })) }) session_id=3 topic="502be67710"
2026-10-07T20:33:26.844176Z  WARN p2panda_net::sync::actors::topic_manager: sync session failed: Io(Custom { kind: NotConnected, error: ConnectionLost(ApplicationClosed(ApplicationClose { error_code: 0, reason: b"" })) }) session_id=3 topic="502be67710"
2026-10-07T20:33:26.844208Z  WARN p2panda_net::sync::actors::topic_manager: sync session failed: Io(Custom { kind: NotConnected, error: ConnectionLost(ApplicationClosed(ApplicationClose { error_code: 0, reason: b"" })) }) session_id=1 topic="502be67710"
2026-10-07T20:33:26.844223Z  WARN p2panda_net::sync::actors::topic_manager: sync session failed: Io(Custom { kind: NotConnected, error: ConnectionLost(ApplicationClosed(ApplicationClose { error_code: 0, reason: b"" })) }) session_id=3 topic="502be67710"
2026-10-07T20:33:26.850943Z  WARN p2panda_net::sync::actors::topic_manager: sync session failed: Io(Custom { kind: NotConnected, error: ConnectionLost(ApplicationClosed(ApplicationClose { error_code: 0, reason: b"" })) }) session_id=2 topic="1cef56506f"
2026-10-07T20:33:26.851023Z  WARN p2panda_net::sync::actors::topic_manager: sync session failed: Io(Custom { kind: NotConnected, error: ConnectionLost(ApplicationClosed(ApplicationClose { error_code: 0, reason: b"" })) }) session_id=0 topic="59ee70866b"
2026-10-07T20:33:26.851614Z  WARN p2panda_net::sync::actors::topic_manager: sync session failed: Io(Custom { kind: NotConnected, error: ConnectionLost(ApplicationClosed(ApplicationClose { error_code: 0, reason: b"" })) }) session_id=1 topic="502be67710"
2026-10-07T20:33:27.452610Z  WARN p2panda_net::iroh_mdns::actor: found invalid transport info coming from iroh's services endpoint_id=9b662f09bb44edb188b2a022b4eb969d44181252866340d454e017372d38d19b
2026-10-07T20:33:27.476184Z  WARN p2panda_net::iroh_mdns::actor: found invalid transport info coming from iroh's services endpoint_id=9b662f09bb44edb188b2a022b4eb969d44181252866340d454e017372d38d19b
test sky_surface::tests::reference_source_reproduces_the_p0_receipt has been running for over 60 seconds
2026-10-07T20:33:29.387326Z  WARN p2panda_net::iroh_mdns::actor: found invalid transport info coming from iroh's services endpoint_id=9b662f09bb44edb188b2a022b4eb969d44181252866340d454e017372d38d19b
2026-10-07T20:33:29.402729Z  WARN p2panda_net::iroh_mdns::actor: found invalid transport info coming from iroh's services endpoint_id=9b662f09bb44edb188b2a022b4eb969d44181252866340d454e017372d38d19b
test sky_timeline::tests::boston_eclipse_day_composes_an_analytical_sun_moon_receipt has been running for over 60 seconds
2026-10-07T20:33:30.280244Z  WARN p2panda_net::iroh_mdns::actor: found invalid transport info coming from iroh's services endpoint_id=9b662f09bb44edb188b2a022b4eb969d44181252866340d454e017372d38d19b
2026-10-07T20:33:31.220222Z  WARN p2panda_net::iroh_mdns::actor: found invalid transport info coming from iroh's services endpoint_id=9b662f09bb44edb188b2a022b4eb969d44181252866340d454e017372d38d19b
2026-10-07T20:33:31.233447Z  WARN p2panda_net::iroh_mdns::actor: found invalid transport info coming from iroh's services endpoint_id=9b662f09bb44edb188b2a022b4eb969d44181252866340d454e017372d38d19b
2026-10-07T20:33:31.858388Z  WARN p2panda_net::sync::actors::topic_manager: sync session failed: Io(Custom { kind: NotConnected, error: ConnectionLost(ApplicationClosed(ApplicationClose { error_code: 0, reason: b"" })) }) session_id=3 topic="502be67710"
2026-10-07T20:33:31.858572Z  WARN p2panda_net::sync::actors::topic_manager: sync session failed: Io(Custom { kind: NotConnected, error: ConnectionLost(ApplicationClosed(ApplicationClose { error_code: 0, reason: b"" })) }) session_id=3 topic="502be67710"
2026-10-07T20:33:31.858649Z  WARN p2panda_net::sync::actors::topic_manager: sync session failed: Io(Custom { kind: NotConnected, error: ConnectionLost(ApplicationClosed(ApplicationClose { error_code: 0, reason: b"" })) }) session_id=3 topic="1cef56506f"
2026-10-07T20:33:31.858706Z  WARN p2panda_net::sync::actors::topic_manager: sync session failed: Io(Custom { kind: NotConnected, error: ConnectionLost(ApplicationClosed(ApplicationClose { error_code: 0, reason: b"" })) }) session_id=4 topic="502be67710"
2026-10-07T20:33:31.858874Z  WARN p2panda_net::sync::actors::topic_manager: sync session failed: Io(Custom { kind: NotConnected, error: ConnectionLost(ApplicationClosed(ApplicationClose { error_code: 0, reason: b"" })) }) session_id=2 topic="502be67710"
2026-10-07T20:33:31.859051Z  WARN p2panda_net::sync::actors::topic_manager: sync session failed: Io(Custom { kind: NotConnected, error: ConnectionLost(LocallyClosed) }) session_id=5 topic="502be67710"
2026-10-07T20:33:31.859064Z  WARN p2panda_net::sync::actors::topic_manager: sync session failed: Io(Custom { kind: NotConnected, error: ConnectionLost(ApplicationClosed(ApplicationClose { error_code: 0, reason: b"" })) }) session_id=3 topic="502be67710"
2026-10-07T20:33:31.859090Z  WARN p2panda_net::sync::actors::topic_manager: sync session failed: Io(Custom { kind: NotConnected, error: ConnectionLost(ApplicationClosed(ApplicationClose { error_code: 0, reason: b"" })) }) session_id=5 topic="59ee70866b"
2026-10-07T20:33:31.859187Z  WARN p2panda_net::sync::actors::topic_manager: sync session failed: Io(Custom { kind: NotConnected, error: ConnectionLost(LocallyClosed) }) session_id=2 topic="502be67710"
2026-10-07T20:33:31.859296Z  WARN p2panda_net::sync::actors::topic_manager: sync session failed: Io(Custom { kind: NotConnected, error: ConnectionLost(ApplicationClosed(ApplicationClose { error_code: 0, reason: b"" })) }) session_id=3 topic="502be67710"
2026-10-07T20:33:31.859393Z  WARN p2panda_net::sync::actors::topic_manager: sync session failed: Io(Custom { kind: NotConnected, error: ConnectionLost(ApplicationClosed(ApplicationClose { error_code: 0, reason: b"" })) }) session_id=5 topic="502be67710"
2026-10-07T20:33:31.859642Z  WARN p2panda_net::sync::actors::topic_manager: sync session failed: Io(Custom { kind: NotConnected, error: ConnectionLost(ApplicationClosed(ApplicationClose { error_code: 0, reason: b"" })) }) session_id=2 topic="502be67710"
2026-10-07T20:33:31.859884Z  WARN p2panda_net::sync::actors::topic_manager: sync session failed: Io(Custom { kind: NotConnected, error: ConnectionLost(ApplicationClosed(ApplicationClose { error_code: 0, reason: b"" })) }) session_id=4 topic="1cef56506f"
2026-10-07T20:33:31.860126Z  WARN p2panda_net::sync::actors::topic_manager: sync session failed: Io(Custom { kind: NotConnected, error: ConnectionLost(ApplicationClosed(ApplicationClose { error_code: 0, reason: b"" })) }) session_id=4 topic="b16e21f1dc"
2026-10-07T20:33:31.860543Z  WARN p2panda_net::sync::actors::topic_manager: sync session failed: Io(Custom { kind: NotConnected, error: ConnectionLost(LocallyClosed) }) session_id=4 topic="b16e21f1dc"
2026-10-07T20:33:31.860787Z  WARN p2panda_net::sync::actors::topic_manager: sync session failed: Io(Custom { kind: NotConnected, error: ConnectionLost(LocallyClosed) }) session_id=1 topic="502be67710"
2026-10-07T20:33:31.861131Z  WARN p2panda_net::sync::actors::topic_manager: sync session failed: Io(Custom { kind: NotConnected, error: ConnectionLost(ApplicationClosed(ApplicationClose { error_code: 0, reason: b"" })) }) session_id=3 topic="502be67710"
2026-10-07T20:33:31.861231Z  WARN p2panda_net::sync::actors::topic_manager: sync session failed: Io(Custom { kind: NotConnected, error: ConnectionLost(LocallyClosed) }) session_id=2 topic="502be67710"
2026-10-07T20:33:31.861237Z  WARN p2panda_net::sync::actors::topic_manager: sync session failed: Io(Custom { kind: NotConnected, error: ConnectionLost(ApplicationClosed(ApplicationClose { error_code: 0, reason: b"" })) }) session_id=3 topic="59ee70866b"
2026-10-07T20:33:31.861392Z  WARN p2panda_net::sync::actors::topic_manager: sync session failed: Io(Custom { kind: NotConnected, error: ConnectionLost(LocallyClosed) }) session_id=4 topic="1cef56506f"
2026-10-07T20:33:31.861694Z  WARN p2panda_net::sync::actors::topic_manager: sync session failed: Io(Custom { kind: NotConnected, error: ConnectionLost(LocallyClosed) }) session_id=2 topic="502be67710"
2026-10-07T20:33:31.862043Z  WARN p2panda_net::sync::actors::topic_manager: sync session failed: Io(Custom { kind: NotConnected, error: ConnectionLost(ApplicationClosed(ApplicationClose { error_code: 0, reason: b"" })) }) session_id=5 topic="502be67710"
2026-10-07T20:33:31.863601Z  WARN p2panda_net::sync::actors::topic_manager: sync session failed: Io(Custom { kind: NotConnected, error: ConnectionLost(ApplicationClosed(ApplicationClose { error_code: 0, reason: b"" })) }) session_id=2 topic="502be67710"
2026-10-07T20:33:31.863988Z  WARN p2panda_net::sync::actors::topic_manager: sync session failed: Io(Custom { kind: NotConnected, error: ConnectionLost(ApplicationClosed(ApplicationClose { error_code: 0, reason: b"" })) }) session_id=3 topic="502be67710"
2026-10-07T20:33:31.864122Z  WARN p2panda_net::sync::actors::topic_manager: sync session failed: Io(Custom { kind: NotConnected, error: ConnectionLost(ApplicationClosed(ApplicationClose { error_code: 0, reason: b"" })) }) session_id=2 topic="502be67710"
2026-10-07T20:33:31.864590Z  WARN p2panda_net::sync::actors::topic_manager: sync session failed: Io(Custom { kind: NotConnected, error: ConnectionLost(ApplicationClosed(ApplicationClose { error_code: 0, reason: b"" })) }) session_id=3 topic="502be67710"
2026-10-07T20:33:31.864761Z  WARN p2panda_net::sync::actors::topic_manager: sync session failed: Io(Custom { kind: NotConnected, error: ConnectionLost(LocallyClosed) }) session_id=4 topic="502be67710"
2026-10-07T20:33:31.865171Z  WARN p2panda_net::sync::actors::topic_manager: sync session failed: Io(Custom { kind: NotConnected, error: ConnectionLost(ApplicationClosed(ApplicationClose { error_code: 0, reason: b"" })) }) session_id=3 topic="b16e21f1dc"
2026-10-07T20:33:32.093474Z  WARN p2panda_net::iroh_mdns::actor: found invalid transport info coming from iroh's services endpoint_id=9b662f09bb44edb188b2a022b4eb969d44181252866340d454e017372d38d19b
2026-10-07T20:33:33.006903Z  WARN p2panda_net::iroh_mdns::actor: found invalid transport info coming from iroh's services endpoint_id=9b662f09bb44edb188b2a022b4eb969d44181252866340d454e017372d38d19b
2026-10-07T20:33:34.686592Z  WARN p2panda_net::iroh_mdns::actor: found invalid transport info coming from iroh's services endpoint_id=9b662f09bb44edb188b2a022b4eb969d44181252866340d454e017372d38d19b
2026-10-07T20:33:34.701440Z  WARN p2panda_net::iroh_mdns::actor: found invalid transport info coming from iroh's services endpoint_id=9b662f09bb44edb188b2a022b4eb969d44181252866340d454e017372d38d19b
2026-10-07T20:33:36.406321Z  WARN p2panda_net::iroh_mdns::actor: found invalid transport info coming from iroh's services endpoint_id=9b662f09bb44edb188b2a022b4eb969d44181252866340d454e017372d38d19b
2026-10-07T20:33:36.425240Z  WARN p2panda_net::iroh_mdns::actor: found invalid transport info coming from iroh's services endpoint_id=9b662f09bb44edb188b2a022b4eb969d44181252866340d454e017372d38d19b
2026-10-07T20:33:36.859325Z  WARN p2panda_net::sync::actors::topic_manager: sync session failed: Io(Custom { kind: NotConnected, error: ConnectionLost(ApplicationClosed(ApplicationClose { error_code: 0, reason: b"" })) }) session_id=5 topic="502be67710"
2026-10-07T20:33:36.859576Z  WARN p2panda_net::sync::actors::topic_manager: sync session failed: Io(Custom { kind: NotConnected, error: ConnectionLost(ApplicationClosed(ApplicationClose { error_code: 0, reason: b"" })) }) session_id=2 topic="502be67710"
2026-10-07T20:33:36.859883Z  WARN p2panda_net::sync::actors::topic_manager: sync session failed: Io(Custom { kind: NotConnected, error: ConnectionLost(ApplicationClosed(ApplicationClose { error_code: 0, reason: b"" })) }) session_id=2 topic="1cef56506f"
2026-10-07T20:33:36.860827Z  WARN p2panda_net::sync::actors::topic_manager: sync session failed: Io(Custom { kind: NotConnected, error: ConnectionLost(ApplicationClosed(ApplicationClose { error_code: 0, reason: b"" })) }) session_id=4 topic="502be67710"
2026-10-07T20:33:36.865480Z  WARN p2panda_net::iroh_endpoint::actors::connection: connection establishment failed: Endpoint is closed
2026-10-07T20:33:36.875029Z  WARN p2panda_net::sync::actors::topic_manager: sync session failed: Io(Custom { kind: NotConnected, error: ConnectionLost(ApplicationClosed(ApplicationClose { error_code: 0, reason: b"" })) }) session_id=2 topic="502be67710"
2026-10-07T20:33:36.875028Z  WARN p2panda_net::sync::actors::topic_manager: sync session failed: Io(Custom { kind: NotConnected, error: ConnectionLost(ApplicationClosed(ApplicationClose { error_code: 0, reason: b"" })) }) session_id=3 topic="502be67710"
2026-10-07T20:33:36.875234Z  WARN p2panda_net::sync::actors::topic_manager: sync session failed: Io(Custom { kind: NotConnected, error: ConnectionLost(ApplicationClosed(ApplicationClose { error_code: 0, reason: b"" })) }) session_id=2 topic="502be67710"
2026-10-07T20:33:36.875289Z  WARN p2panda_net::sync::actors::topic_manager: sync session failed: Io(Custom { kind: NotConnected, error: ConnectionLost(LocallyClosed) }) session_id=1 topic="b16e21f1dc"
2026-10-07T20:33:36.875452Z  WARN p2panda_net::sync::actors::topic_manager: sync session failed: Io(Custom { kind: NotConnected, error: ConnectionLost(LocallyClosed) }) session_id=2 topic="502be67710"
2026-10-07T20:33:36.875464Z  WARN p2panda_net::sync::actors::topic_manager: sync session failed: Io(Custom { kind: NotConnected, error: ConnectionLost(ApplicationClosed(ApplicationClose { error_code: 0, reason: b"" })) }) session_id=4 topic="502be67710"
2026-10-07T20:33:36.875483Z  WARN p2panda_net::sync::actors::topic_manager: sync session failed: Io(Custom { kind: NotConnected, error: ConnectionLost(LocallyClosed) }) session_id=1 topic="502be67710"
2026-10-07T20:33:36.875730Z  WARN p2panda_net::sync::actors::topic_manager: sync session failed: Io(Custom { kind: NotConnected, error: ConnectionLost(LocallyClosed) }) session_id=4 topic="502be67710"
2026-10-07T20:33:36.875759Z  WARN p2panda_net::sync::actors::topic_manager: sync session failed: Io(Custom { kind: NotConnected, error: ConnectionLost(ApplicationClosed(ApplicationClose { error_code: 0, reason: b"" })) }) session_id=5 topic="b16e21f1dc"
2026-10-07T20:33:36.875814Z  WARN p2panda_net::sync::actors::topic_manager: sync session failed: Io(Custom { kind: NotConnected, error: ConnectionLost(ApplicationClosed(ApplicationClose { error_code: 0, reason: b"" })) }) session_id=4 topic="59ee70866b"
2026-10-07T20:33:36.875830Z  WARN p2panda_net::sync::actors::topic_manager: sync session failed: Io(Custom { kind: NotConnected, error: ConnectionLost(ApplicationClosed(ApplicationClose { error_code: 0, reason: b"" })) }) session_id=2 topic="b16e21f1dc"
2026-10-07T20:33:36.876230Z  WARN p2panda_net::sync::actors::topic_manager: sync session failed: Io(Custom { kind: NotConnected, error: ConnectionLost(ApplicationClosed(ApplicationClose { error_code: 0, reason: b"" })) }) session_id=4 topic="502be67710"
2026-10-07T20:33:36.876258Z  WARN p2panda_net::sync::actors::topic_manager: sync session failed: Io(Custom { kind: NotConnected, error: ConnectionLost(LocallyClosed) }) session_id=1 topic="502be67710"
2026-10-07T20:33:36.877150Z  WARN p2panda_net::sync::actors::topic_manager: sync session failed: Io(Custom { kind: NotConnected, error: ConnectionLost(LocallyClosed) }) session_id=1 topic="1cef56506f"
2026-10-07T20:33:36.879110Z  WARN p2panda_net::sync::actors::topic_manager: sync session failed: Io(Custom { kind: NotConnected, error: ConnectionLost(ApplicationClosed(ApplicationClose { error_code: 0, reason: b"" })) }) session_id=2 topic="502be67710"
2026-10-07T20:33:36.880798Z  WARN p2panda_net::sync::actors::topic_manager: sync session failed: Io(Custom { kind: NotConnected, error: ConnectionLost(ApplicationClosed(ApplicationClose { error_code: 0, reason: b"" })) }) session_id=5 topic="1cef56506f"
2026-10-07T20:33:36.881817Z  WARN p2panda_net::sync::actors::topic_manager: sync session failed: Io(Custom { kind: NotConnected, error: ConnectionLost(LocallyClosed) }) session_id=5 topic="502be67710"
2026-10-07T20:33:36.882692Z  WARN p2panda_net::sync::actors::topic_manager: sync session failed: Io(Custom { kind: NotConnected, error: ConnectionLost(LocallyClosed) }) session_id=4 topic="502be67710"
2026-10-07T20:33:36.883108Z  WARN p2panda_net::sync::actors::topic_manager: sync session failed: Io(Custom { kind: NotConnected, error: ConnectionLost(ApplicationClosed(ApplicationClose { error_code: 0, reason: b"" })) }) session_id=2 topic="59ee70866b"
2026-10-07T20:33:36.883429Z  WARN p2panda_net::iroh_endpoint::actors::connection: connection establishment failed: Endpoint is closed
2026-10-07T20:33:36.884720Z  WARN p2panda_net::iroh_endpoint::actors::connection: connection establishment failed: Endpoint is closed
2026-10-07T20:33:36.885155Z  WARN p2panda_net::sync::actors::topic_manager: sync session failed: Endpoint is closed session_id=4 topic="502be67710"
2026-10-07T20:33:36.887480Z  WARN p2panda_net::iroh_endpoint::actors::connection: connection establishment failed: Endpoint is closed
2026-10-07T20:33:36.888767Z  WARN p2panda_net::iroh_endpoint::actors::connection: connection establishment failed: Endpoint is closed
2026-10-07T20:33:38.033093Z  WARN p2panda_net::iroh_mdns::actor: found invalid transport info coming from iroh's services endpoint_id=9b662f09bb44edb188b2a022b4eb969d44181252866340d454e017372d38d19b
2026-10-07T20:33:38.988866Z  WARN p2panda_net::iroh_mdns::actor: found invalid transport info coming from iroh's services endpoint_id=9b662f09bb44edb188b2a022b4eb969d44181252866340d454e017372d38d19b
2026-10-07T20:33:39.005374Z  WARN p2panda_net::iroh_mdns::actor: found invalid transport info coming from iroh's services endpoint_id=9b662f09bb44edb188b2a022b4eb969d44181252866340d454e017372d38d19b
2026-10-07T20:33:39.843866Z  WARN p2panda_net::iroh_mdns::actor: found invalid transport info coming from iroh's services endpoint_id=9b662f09bb44edb188b2a022b4eb969d44181252866340d454e017372d38d19b
2026-10-07T20:33:39.871028Z  WARN p2panda_net::iroh_mdns::actor: found invalid transport info coming from iroh's services endpoint_id=9b662f09bb44edb188b2a022b4eb969d44181252866340d454e017372d38d19b
2026-10-07T20:33:41.431893Z  WARN p2panda_net::iroh_mdns::actor: found invalid transport info coming from iroh's services endpoint_id=9b662f09bb44edb188b2a022b4eb969d44181252866340d454e017372d38d19b
2026-10-07T20:33:41.876458Z  WARN p2panda_net::iroh_endpoint::actors::connection: connection establishment failed: Endpoint is closed
2026-10-07T20:33:41.877096Z  WARN p2panda_net::iroh_endpoint::actors::connection: connection establishment failed: Endpoint is closed
2026-10-07T20:33:41.878898Z  WARN p2panda_net::iroh_endpoint::actors::connection: connection establishment failed: Endpoint is closed
2026-10-07T20:33:41.880562Z  WARN p2panda_net::iroh_endpoint::actors::connection: connection establishment failed: Endpoint is closed
2026-10-07T20:33:41.886205Z  WARN p2panda_net::sync::actors::topic_manager: sync session failed: Io(Custom { kind: NotConnected, error: ConnectionLost(LocallyClosed) }) session_id=1 topic="502be67710"
2026-10-07T20:33:41.886598Z  WARN p2panda_net::sync::actors::topic_manager: sync session failed: Io(Custom { kind: NotConnected, error: ConnectionLost(LocallyClosed) }) session_id=1 topic="502be67710"
2026-10-07T20:33:41.886744Z  WARN p2panda_net::sync::actors::topic_manager: sync session failed: Io(Custom { kind: NotConnected, error: ConnectionLost(LocallyClosed) }) session_id=2 topic="b16e21f1dc"
2026-10-07T20:33:41.886962Z  WARN p2panda_net::sync::actors::topic_manager: sync session failed: Io(Custom { kind: NotConnected, error: ConnectionLost(LocallyClosed) }) session_id=4 topic="502be67710"
2026-10-07T20:33:41.886830Z  WARN p2panda_net::sync::actors::topic_manager: sync session failed: Io(Custom { kind: NotConnected, error: ConnectionLost(LocallyClosed) }) session_id=4 topic="502be67710"
2026-10-07T20:33:41.887836Z  WARN p2panda_net::sync::actors::topic_manager: sync session failed: Io(Custom { kind: NotConnected, error: ConnectionLost(LocallyClosed) }) session_id=2 topic="1cef56506f"
2026-10-07T20:33:41.888096Z  WARN p2panda_net::sync::actors::topic_manager: sync session failed: Io(Custom { kind: NotConnected, error: ConnectionLost(LocallyClosed) }) session_id=1 topic="502be67710"
2026-10-07T20:33:41.888453Z  WARN p2panda_net::sync::actors::topic_manager: sync session failed: Io(Custom { kind: NotConnected, error: ConnectionLost(LocallyClosed) }) session_id=5 topic="502be67710"
2026-10-07T20:33:41.897547Z  WARN p2panda_net::iroh_endpoint::actors::connection: connection establishment failed: Endpoint is closed
2026-10-07T20:33:41.900714Z  WARN p2panda_net::iroh_endpoint::actors::connection: connection establishment failed: Endpoint is closed
2026-10-07T20:33:41.906942Z  WARN p2panda_net::iroh_endpoint::actors::connection: connection establishment failed: Endpoint is closed
2026-10-07T20:33:41.914033Z  WARN p2panda_net::iroh_endpoint::actors::connection: connection establishment failed: Endpoint is closed
2026-10-07T20:33:41.919678Z  WARN p2panda_net::iroh_endpoint::actors::connection: connection establishment failed: Endpoint is closed
2026-10-07T20:33:41.922188Z  WARN p2panda_net::iroh_endpoint::actors::connection: connection establishment failed: Endpoint is closed
2026-10-07T20:33:41.924957Z  WARN p2panda_net::iroh_endpoint::actors::connection: connection establishment failed: Endpoint is closed
2026-10-07T20:33:41.928931Z  WARN p2panda_net::iroh_endpoint::actors::connection: connection establishment failed: Endpoint is closed
2026-10-07T20:33:41.949965Z  WARN p2panda_net::iroh_endpoint::actors::connection: connection establishment failed: Endpoint is closed
2026-10-07T20:33:41.962456Z  WARN p2panda_net::iroh_endpoint::actors::connection: connection establishment failed: Endpoint is closed
2026-10-07T20:33:41.970672Z  WARN p2panda_net::iroh_endpoint::actors::connection: connection establishment failed: Endpoint is closed
2026-10-07T20:33:42.435679Z  WARN p2panda_net::iroh_mdns::actor: found invalid transport info coming from iroh's services endpoint_id=9b662f09bb44edb188b2a022b4eb969d44181252866340d454e017372d38d19b
2026-10-07T20:33:42.453401Z  WARN p2panda_net::iroh_mdns::actor: found invalid transport info coming from iroh's services endpoint_id=9b662f09bb44edb188b2a022b4eb969d44181252866340d454e017372d38d19b
2026-10-07T20:33:44.057719Z  WARN p2panda_net::iroh_mdns::actor: found invalid transport info coming from iroh's services endpoint_id=9b662f09bb44edb188b2a022b4eb969d44181252866340d454e017372d38d19b
2026-10-07T20:33:44.071480Z  WARN p2panda_net::iroh_mdns::actor: found invalid transport info coming from iroh's services endpoint_id=9b662f09bb44edb188b2a022b4eb969d44181252866340d454e017372d38d19b
2026-10-07T20:33:45.608831Z  WARN p2panda_net::iroh_mdns::actor: found invalid transport info coming from iroh's services endpoint_id=9b662f09bb44edb188b2a022b4eb969d44181252866340d454e017372d38d19b
2026-10-07T20:33:45.623589Z  WARN p2panda_net::iroh_mdns::actor: found invalid transport info coming from iroh's services endpoint_id=9b662f09bb44edb188b2a022b4eb969d44181252866340d454e017372d38d19b
2026-10-07T20:33:46.900184Z  WARN p2panda_net::sync::actors::topic_manager: sync session failed: Io(Custom { kind: NotConnected, error: ConnectionLost(LocallyClosed) }) session_id=5 topic="502be67710"
2026-10-07T20:33:46.901045Z  WARN p2panda_net::sync::actors::topic_manager: sync session failed: Io(Custom { kind: NotConnected, error: ConnectionLost(LocallyClosed) }) session_id=5 topic="1cef56506f"
2026-10-07T20:33:46.901236Z  WARN p2panda_net::sync::actors::topic_manager: sync session failed: Io(Custom { kind: NotConnected, error: ConnectionLost(LocallyClosed) }) session_id=4 topic="502be67710"
2026-10-07T20:33:46.901355Z  WARN p2panda_net::sync::actors::topic_manager: sync session failed: Io(Custom { kind: NotConnected, error: ConnectionLost(LocallyClosed) }) session_id=2 topic="502be67710"
2026-10-07T20:33:46.901610Z  WARN p2panda_net::sync::actors::topic_manager: sync session failed: Io(Custom { kind: NotConnected, error: ConnectionLost(LocallyClosed) }) session_id=5 topic="502be67710"
2026-10-07T20:33:46.902100Z  WARN p2panda_net::sync::actors::topic_manager: sync session failed: Io(Custom { kind: NotConnected, error: ConnectionLost(LocallyClosed) }) session_id=5 topic="502be67710"
2026-10-07T20:33:46.902117Z  WARN p2panda_net::sync::actors::topic_manager: sync session failed: Io(Custom { kind: NotConnected, error: ConnectionLost(LocallyClosed) }) session_id=2 topic="502be67710"
2026-10-07T20:33:46.903275Z  WARN p2panda_net::sync::actors::topic_manager: sync session failed: Io(Custom { kind: NotConnected, error: ConnectionLost(LocallyClosed) }) session_id=5 topic="b16e21f1dc"
2026-10-07T20:33:47.249121Z  WARN p2panda_net::iroh_mdns::actor: found invalid transport info coming from iroh's services endpoint_id=9b662f09bb44edb188b2a022b4eb969d44181252866340d454e017372d38d19b
2026-10-07T20:33:48.175934Z  WARN p2panda_net::iroh_mdns::actor: found invalid transport info coming from iroh's services endpoint_id=9b662f09bb44edb188b2a022b4eb969d44181252866340d454e017372d38d19b
2026-10-07T20:33:49.171029Z  WARN p2panda_net::iroh_mdns::actor: found invalid transport info coming from iroh's services endpoint_id=9b662f09bb44edb188b2a022b4eb969d44181252866340d454e017372d38d19b
2026-10-07T20:33:49.186079Z  WARN p2panda_net::iroh_mdns::actor: found invalid transport info coming from iroh's services endpoint_id=9b662f09bb44edb188b2a022b4eb969d44181252866340d454e017372d38d19b
test sky_timeline::tests::boston_eclipse_day_composes_an_analytical_sun_moon_receipt ... ok
2026-10-07T20:33:50.065789Z  WARN p2panda_net::iroh_mdns::actor: found invalid transport info coming from iroh's services endpoint_id=9b662f09bb44edb188b2a022b4eb969d44181252866340d454e017372d38d19b
2026-10-07T20:33:50.081480Z  WARN p2panda_net::iroh_mdns::actor: found invalid transport info coming from iroh's services endpoint_id=9b662f09bb44edb188b2a022b4eb969d44181252866340d454e017372d38d19b
2026-10-07T20:33:51.750088Z  WARN p2panda_net::iroh_mdns::actor: found invalid transport info coming from iroh's services endpoint_id=9b662f09bb44edb188b2a022b4eb969d44181252866340d454e017372d38d19b
2026-10-07T20:33:51.775872Z  WARN p2panda_net::iroh_mdns::actor: found invalid transport info coming from iroh's services endpoint_id=9b662f09bb44edb188b2a022b4eb969d44181252866340d454e017372d38d19b
test sky_surface::tests::provider_admits_semantic_controls_and_provenance ... ok
2026-10-07T20:33:53.435580Z  WARN p2panda_net::iroh_mdns::actor: found invalid transport info coming from iroh's services endpoint_id=9b662f09bb44edb188b2a022b4eb969d44181252866340d454e017372d38d19b
2026-10-07T20:33:54.318430Z  WARN p2panda_net::iroh_mdns::actor: found invalid transport info coming from iroh's services endpoint_id=9b662f09bb44edb188b2a022b4eb969d44181252866340d454e017372d38d19b
2026-10-07T20:33:54.332460Z  WARN p2panda_net::iroh_mdns::actor: found invalid transport info coming from iroh's services endpoint_id=9b662f09bb44edb188b2a022b4eb969d44181252866340d454e017372d38d19b
2026-10-07T20:33:55.965161Z  WARN p2panda_net::iroh_mdns::actor: found invalid transport info coming from iroh's services endpoint_id=9b662f09bb44edb188b2a022b4eb969d44181252866340d454e017372d38d19b
2026-10-07T20:33:55.979439Z  WARN p2panda_net::iroh_mdns::actor: found invalid transport info coming from iroh's services endpoint_id=9b662f09bb44edb188b2a022b4eb969d44181252866340d454e017372d38d19b
test sky_surface::tests::reference_source_reproduces_the_p0_receipt ... ok
2026-10-07T20:33:57.663312Z  WARN p2panda_net::iroh_mdns::actor: found invalid transport info coming from iroh's services endpoint_id=9b662f09bb44edb188b2a022b4eb969d44181252866340d454e017372d38d19b
test place::lanes::tests::a_revoked_member_stops_reading_while_the_others_follow_the_rotation ... ok
2026-10-07T20:33:59.439014Z  WARN p2panda_net::iroh_mdns::actor: found invalid transport info coming from iroh's services endpoint_id=9b662f09bb44edb188b2a022b4eb969d44181252866340d454e017372d38d19b
2026-10-07T20:33:59.454450Z  WARN p2panda_net::iroh_mdns::actor: found invalid transport info coming from iroh's services endpoint_id=9b662f09bb44edb188b2a022b4eb969d44181252866340d454e017372d38d19b
2026-10-07T20:34:01.110086Z  WARN p2panda_net::iroh_mdns::actor: found invalid transport info coming from iroh's services endpoint_id=9b662f09bb44edb188b2a022b4eb969d44181252866340d454e017372d38d19b
2026-10-07T20:34:01.125515Z  WARN p2panda_net::iroh_mdns::actor: found invalid transport info coming from iroh's services endpoint_id=9b662f09bb44edb188b2a022b4eb969d44181252866340d454e017372d38d19b
2026-10-07T20:34:02.785546Z  WARN p2panda_net::iroh_mdns::actor: found invalid transport info coming from iroh's services endpoint_id=9b662f09bb44edb188b2a022b4eb969d44181252866340d454e017372d38d19b
2026-10-07T20:34:02.800519Z  WARN p2panda_net::iroh_mdns::actor: found invalid transport info coming from iroh's services endpoint_id=9b662f09bb44edb188b2a022b4eb969d44181252866340d454e017372d38d19b
2026-10-07T20:34:04.329245Z  WARN p2panda_net::iroh_mdns::actor: found invalid transport info coming from iroh's services endpoint_id=9b662f09bb44edb188b2a022b4eb969d44181252866340d454e017372d38d19b
2026-10-07T20:34:06.113680Z  WARN p2panda_net::iroh_mdns::actor: found invalid transport info coming from iroh's services endpoint_id=9b662f09bb44edb188b2a022b4eb969d44181252866340d454e017372d38d19b
2026-10-07T20:34:06.128070Z  WARN p2panda_net::iroh_mdns::actor: found invalid transport info coming from iroh's services endpoint_id=9b662f09bb44edb188b2a022b4eb969d44181252866340d454e017372d38d19b
2026-10-07T20:34:07.730512Z  WARN p2panda_net::iroh_mdns::actor: found invalid transport info coming from iroh's services endpoint_id=9b662f09bb44edb188b2a022b4eb969d44181252866340d454e017372d38d19b
2026-10-07T20:34:07.744506Z  WARN p2panda_net::iroh_mdns::actor: found invalid transport info coming from iroh's services endpoint_id=9b662f09bb44edb188b2a022b4eb969d44181252866340d454e017372d38d19b
2026-10-07T20:34:08.666092Z  WARN p2panda_net::iroh_mdns::actor: found invalid transport info coming from iroh's services endpoint_id=9b662f09bb44edb188b2a022b4eb969d44181252866340d454e017372d38d19b
2026-10-07T20:34:09.537631Z  WARN p2panda_net::iroh_mdns::actor: found invalid transport info coming from iroh's services endpoint_id=9b662f09bb44edb188b2a022b4eb969d44181252866340d454e017372d38d19b
2026-10-07T20:34:09.551641Z  WARN p2panda_net::iroh_mdns::actor: found invalid transport info coming from iroh's services endpoint_id=9b662f09bb44edb188b2a022b4eb969d44181252866340d454e017372d38d19b
2026-10-07T20:34:11.182613Z  WARN p2panda_net::iroh_mdns::actor: found invalid transport info coming from iroh's services endpoint_id=9b662f09bb44edb188b2a022b4eb969d44181252866340d454e017372d38d19b
2026-10-07T20:34:11.198991Z  WARN p2panda_net::iroh_mdns::actor: found invalid transport info coming from iroh's services endpoint_id=9b662f09bb44edb188b2a022b4eb969d44181252866340d454e017372d38d19b
2026-10-07T20:34:12.823816Z  WARN p2panda_net::iroh_mdns::actor: found invalid transport info coming from iroh's services endpoint_id=9b662f09bb44edb188b2a022b4eb969d44181252866340d454e017372d38d19b
2026-10-07T20:34:12.839855Z  WARN p2panda_net::iroh_mdns::actor: found invalid transport info coming from iroh's services endpoint_id=9b662f09bb44edb188b2a022b4eb969d44181252866340d454e017372d38d19b
2026-10-07T20:34:14.388695Z  WARN p2panda_net::iroh_mdns::actor: found invalid transport info coming from iroh's services endpoint_id=9b662f09bb44edb188b2a022b4eb969d44181252866340d454e017372d38d19b
2026-10-07T20:34:16.113706Z  WARN p2panda_net::iroh_mdns::actor: found invalid transport info coming from iroh's services endpoint_id=9b662f09bb44edb188b2a022b4eb969d44181252866340d454e017372d38d19b
2026-10-07T20:34:16.128057Z  WARN p2panda_net::iroh_mdns::actor: found invalid transport info coming from iroh's services endpoint_id=9b662f09bb44edb188b2a022b4eb969d44181252866340d454e017372d38d19b
2026-10-07T20:34:17.807306Z  WARN p2panda_net::iroh_mdns::actor: found invalid transport info coming from iroh's services endpoint_id=9b662f09bb44edb188b2a022b4eb969d44181252866340d454e017372d38d19b
2026-10-07T20:34:17.830869Z  WARN p2panda_net::iroh_mdns::actor: found invalid transport info coming from iroh's services endpoint_id=9b662f09bb44edb188b2a022b4eb969d44181252866340d454e017372d38d19b
2026-10-07T20:34:19.398707Z  WARN p2panda_net::iroh_mdns::actor: found invalid transport info coming from iroh's services endpoint_id=9b662f09bb44edb188b2a022b4eb969d44181252866340d454e017372d38d19b
2026-10-07T20:34:21.132568Z  WARN p2panda_net::iroh_mdns::actor: found invalid transport info coming from iroh's services endpoint_id=9b662f09bb44edb188b2a022b4eb969d44181252866340d454e017372d38d19b
2026-10-07T20:34:22.046460Z  WARN p2panda_net::iroh_mdns::actor: found invalid transport info coming from iroh's services endpoint_id=9b662f09bb44edb188b2a022b4eb969d44181252866340d454e017372d38d19b
2026-10-07T20:34:22.063351Z  WARN p2panda_net::iroh_mdns::actor: found invalid transport info coming from iroh's services endpoint_id=9b662f09bb44edb188b2a022b4eb969d44181252866340d454e017372d38d19b
2026-10-07T20:34:22.940924Z  WARN p2panda_net::iroh_mdns::actor: found invalid transport info coming from iroh's services endpoint_id=9b662f09bb44edb188b2a022b4eb969d44181252866340d454e017372d38d19b
2026-10-07T20:34:22.954474Z  WARN p2panda_net::iroh_mdns::actor: found invalid transport info coming from iroh's services endpoint_id=9b662f09bb44edb188b2a022b4eb969d44181252866340d454e017372d38d19b
test sky_surface::tests::changing_date_or_policy_rebuilds_a_distinct_receipt ... ok
2026-10-07T20:34:24.519384Z  WARN p2panda_net::iroh_mdns::actor: found invalid transport info coming from iroh's services endpoint_id=9b662f09bb44edb188b2a022b4eb969d44181252866340d454e017372d38d19b
2026-10-07T20:34:24.533217Z  WARN p2panda_net::iroh_mdns::actor: found invalid transport info coming from iroh's services endpoint_id=9b662f09bb44edb188b2a022b4eb969d44181252866340d454e017372d38d19b
2026-10-07T20:34:26.177986Z  WARN p2panda_net::iroh_mdns::actor: found invalid transport info coming from iroh's services endpoint_id=9b662f09bb44edb188b2a022b4eb969d44181252866340d454e017372d38d19b
2026-10-07T20:34:27.887551Z  WARN p2panda_net::iroh_mdns::actor: found invalid transport info coming from iroh's services endpoint_id=9b662f09bb44edb188b2a022b4eb969d44181252866340d454e017372d38d19b
2026-10-07T20:34:28.874872Z  WARN p2panda_net::iroh_mdns::actor: found invalid transport info coming from iroh's services endpoint_id=9b662f09bb44edb188b2a022b4eb969d44181252866340d454e017372d38d19b
2026-10-07T20:34:28.888453Z  WARN p2panda_net::iroh_mdns::actor: found invalid transport info coming from iroh's services endpoint_id=9b662f09bb44edb188b2a022b4eb969d44181252866340d454e017372d38d19b
2026-10-07T20:34:30.415040Z  WARN p2panda_net::iroh_mdns::actor: found invalid transport info coming from iroh's services endpoint_id=9b662f09bb44edb188b2a022b4eb969d44181252866340d454e017372d38d19b
2026-10-07T20:34:30.429237Z  WARN p2panda_net::iroh_mdns::actor: found invalid transport info coming from iroh's services endpoint_id=9b662f09bb44edb188b2a022b4eb969d44181252866340d454e017372d38d19b
2026-10-07T20:34:32.108430Z  WARN p2panda_net::iroh_mdns::actor: found invalid transport info coming from iroh's services endpoint_id=9b662f09bb44edb188b2a022b4eb969d44181252866340d454e017372d38d19b
2026-10-07T20:34:32.122123Z  WARN p2panda_net::iroh_mdns::actor: found invalid transport info coming from iroh's services endpoint_id=9b662f09bb44edb188b2a022b4eb969d44181252866340d454e017372d38d19b
2026-10-07T20:34:33.667226Z  WARN p2panda_net::iroh_mdns::actor: found invalid transport info coming from iroh's services endpoint_id=9b662f09bb44edb188b2a022b4eb969d44181252866340d454e017372d38d19b
2026-10-07T20:34:33.680724Z  WARN p2panda_net::iroh_mdns::actor: found invalid transport info coming from iroh's services endpoint_id=9b662f09bb44edb188b2a022b4eb969d44181252866340d454e017372d38d19b
2026-10-07T20:34:35.302423Z  WARN p2panda_net::iroh_mdns::actor: found invalid transport info coming from iroh's services endpoint_id=9b662f09bb44edb188b2a022b4eb969d44181252866340d454e017372d38d19b
2026-10-07T20:34:35.316951Z  WARN p2panda_net::iroh_mdns::actor: found invalid transport info coming from iroh's services endpoint_id=9b662f09bb44edb188b2a022b4eb969d44181252866340d454e017372d38d19b
2026-10-07T20:34:36.846473Z  WARN p2panda_net::iroh_mdns::actor: found invalid transport info coming from iroh's services endpoint_id=9b662f09bb44edb188b2a022b4eb969d44181252866340d454e017372d38d19b
2026-10-07T20:34:38.621518Z  WARN p2panda_net::iroh_mdns::actor: found invalid transport info coming from iroh's services endpoint_id=9b662f09bb44edb188b2a022b4eb969d44181252866340d454e017372d38d19b
2026-10-07T20:34:40.427472Z  WARN p2panda_net::iroh_mdns::actor: found invalid transport info coming from iroh's services endpoint_id=9b662f09bb44edb188b2a022b4eb969d44181252866340d454e017372d38d19b
2026-10-07T20:34:42.178026Z  WARN p2panda_net::iroh_mdns::actor: found invalid transport info coming from iroh's services endpoint_id=9b662f09bb44edb188b2a022b4eb969d44181252866340d454e017372d38d19b
2026-10-07T20:34:42.191947Z  WARN p2panda_net::iroh_mdns::actor: found invalid transport info coming from iroh's services endpoint_id=9b662f09bb44edb188b2a022b4eb969d44181252866340d454e017372d38d19b
2026-10-07T20:34:43.795679Z  WARN p2panda_net::iroh_mdns::actor: found invalid transport info coming from iroh's services endpoint_id=9b662f09bb44edb188b2a022b4eb969d44181252866340d454e017372d38d19b
2026-10-07T20:34:44.663737Z  WARN p2panda_net::iroh_mdns::actor: found invalid transport info coming from iroh's services endpoint_id=9b662f09bb44edb188b2a022b4eb969d44181252866340d454e017372d38d19b
2026-10-07T20:34:44.678487Z  WARN p2panda_net::iroh_mdns::actor: found invalid transport info coming from iroh's services endpoint_id=9b662f09bb44edb188b2a022b4eb969d44181252866340d454e017372d38d19b
2026-10-07T20:34:46.281652Z  WARN p2panda_net::iroh_mdns::actor: found invalid transport info coming from iroh's services endpoint_id=9b662f09bb44edb188b2a022b4eb969d44181252866340d454e017372d38d19b
2026-10-07T20:34:46.295750Z  WARN p2panda_net::iroh_mdns::actor: found invalid transport info coming from iroh's services endpoint_id=9b662f09bb44edb188b2a022b4eb969d44181252866340d454e017372d38d19b
2026-10-07T20:34:47.893247Z  WARN p2panda_net::iroh_mdns::actor: found invalid transport info coming from iroh's services endpoint_id=9b662f09bb44edb188b2a022b4eb969d44181252866340d454e017372d38d19b
2026-10-07T20:34:49.659518Z  WARN p2panda_net::iroh_mdns::actor: found invalid transport info coming from iroh's services endpoint_id=9b662f09bb44edb188b2a022b4eb969d44181252866340d454e017372d38d19b
2026-10-07T20:34:49.673688Z  WARN p2panda_net::iroh_mdns::actor: found invalid transport info coming from iroh's services endpoint_id=9b662f09bb44edb188b2a022b4eb969d44181252866340d454e017372d38d19b
2026-10-07T20:34:51.290078Z  WARN p2panda_net::iroh_mdns::actor: found invalid transport info coming from iroh's services endpoint_id=9b662f09bb44edb188b2a022b4eb969d44181252866340d454e017372d38d19b
2026-10-07T20:34:52.978037Z  WARN p2panda_net::iroh_mdns::actor: found invalid transport info coming from iroh's services endpoint_id=9b662f09bb44edb188b2a022b4eb969d44181252866340d454e017372d38d19b
2026-10-07T20:34:52.993369Z  WARN p2panda_net::iroh_mdns::actor: found invalid transport info coming from iroh's services endpoint_id=9b662f09bb44edb188b2a022b4eb969d44181252866340d454e017372d38d19b
2026-10-07T20:34:54.560999Z  WARN p2panda_net::iroh_mdns::actor: found invalid transport info coming from iroh's services endpoint_id=9b662f09bb44edb188b2a022b4eb969d44181252866340d454e017372d38d19b
2026-10-07T20:34:54.575940Z  WARN p2panda_net::iroh_mdns::actor: found invalid transport info coming from iroh's services endpoint_id=9b662f09bb44edb188b2a022b4eb969d44181252866340d454e017372d38d19b
2026-10-07T20:34:56.147069Z  WARN p2panda_net::iroh_mdns::actor: found invalid transport info coming from iroh's services endpoint_id=9b662f09bb44edb188b2a022b4eb969d44181252866340d454e017372d38d19b
2026-10-07T20:34:57.977690Z  WARN p2panda_net::iroh_mdns::actor: found invalid transport info coming from iroh's services endpoint_id=9b662f09bb44edb188b2a022b4eb969d44181252866340d454e017372d38d19b
2026-10-07T20:34:57.991944Z  WARN p2panda_net::iroh_mdns::actor: found invalid transport info coming from iroh's services endpoint_id=9b662f09bb44edb188b2a022b4eb969d44181252866340d454e017372d38d19b
2026-10-07T20:34:59.697607Z  WARN p2panda_net::iroh_mdns::actor: found invalid transport info coming from iroh's services endpoint_id=9b662f09bb44edb188b2a022b4eb969d44181252866340d454e017372d38d19b
2026-10-07T20:35:01.545055Z  WARN p2panda_net::iroh_mdns::actor: found invalid transport info coming from iroh's services endpoint_id=9b662f09bb44edb188b2a022b4eb969d44181252866340d454e017372d38d19b
2026-10-07T20:35:01.561197Z  WARN p2panda_net::iroh_mdns::actor: found invalid transport info coming from iroh's services endpoint_id=9b662f09bb44edb188b2a022b4eb969d44181252866340d454e017372d38d19b
2026-10-07T20:35:03.301587Z  WARN p2panda_net::iroh_mdns::actor: found invalid transport info coming from iroh's services endpoint_id=9b662f09bb44edb188b2a022b4eb969d44181252866340d454e017372d38d19b
2026-10-07T20:35:03.314608Z  WARN p2panda_net::iroh_mdns::actor: found invalid transport info coming from iroh's services endpoint_id=9b662f09bb44edb188b2a022b4eb969d44181252866340d454e017372d38d19b
2026-10-07T20:35:05.052771Z  WARN p2panda_net::iroh_mdns::actor: found invalid transport info coming from iroh's services endpoint_id=9b662f09bb44edb188b2a022b4eb969d44181252866340d454e017372d38d19b
2026-10-07T20:35:05.066977Z  WARN p2panda_net::iroh_mdns::actor: found invalid transport info coming from iroh's services endpoint_id=9b662f09bb44edb188b2a022b4eb969d44181252866340d454e017372d38d19b
2026-10-07T20:35:06.659446Z  WARN p2panda_net::iroh_mdns::actor: found invalid transport info coming from iroh's services endpoint_id=9b662f09bb44edb188b2a022b4eb969d44181252866340d454e017372d38d19b
2026-10-07T20:35:08.355234Z  WARN p2panda_net::iroh_mdns::actor: found invalid transport info coming from iroh's services endpoint_id=9b662f09bb44edb188b2a022b4eb969d44181252866340d454e017372d38d19b
2026-10-07T20:35:08.368573Z  WARN p2panda_net::iroh_mdns::actor: found invalid transport info coming from iroh's services endpoint_id=9b662f09bb44edb188b2a022b4eb969d44181252866340d454e017372d38d19b
2026-10-07T20:35:09.983147Z  WARN p2panda_net::iroh_mdns::actor: found invalid transport info coming from iroh's services endpoint_id=9b662f09bb44edb188b2a022b4eb969d44181252866340d454e017372d38d19b
2026-10-07T20:35:09.996690Z  WARN p2panda_net::iroh_mdns::actor: found invalid transport info coming from iroh's services endpoint_id=9b662f09bb44edb188b2a022b4eb969d44181252866340d454e017372d38d19b
2026-10-07T20:35:11.646028Z  WARN p2panda_net::iroh_mdns::actor: found invalid transport info coming from iroh's services endpoint_id=9b662f09bb44edb188b2a022b4eb969d44181252866340d454e017372d38d19b
2026-10-07T20:35:12.630610Z  WARN p2panda_net::iroh_mdns::actor: found invalid transport info coming from iroh's services endpoint_id=9b662f09bb44edb188b2a022b4eb969d44181252866340d454e017372d38d19b
2026-10-07T20:35:12.644730Z  WARN p2panda_net::iroh_mdns::actor: found invalid transport info coming from iroh's services endpoint_id=9b662f09bb44edb188b2a022b4eb969d44181252866340d454e017372d38d19b
test sky_surface::tests::next_day_replaces_one_retained_projection_without_rewriting_opening_provenance ... ok

failures:

---- place::lanes::tests::an_unauthorized_profile_is_refused_before_it_authors stdout ----

thread 'place::lanes::tests::an_unauthorized_profile_is_refused_before_it_authors' (54164) panicked at src\place\lanes.rs:1651:9:
assertion failed: matches!(updates.recv_timeout(Duration::from_secs(30)),
    Ok(Update::PlaceJoined { result: Ok(_), .. }))
note: run with `RUST_BACKTRACE=1` environment variable to display a backtrace

---- place::worker::tests::reconnect_refuses_removed_local_membership_before_dialing_and_keeps_cache stdout ----

thread 'place::worker::tests::reconnect_refuses_removed_local_membership_before_dialing_and_keeps_cache' (52132) panicked at src\place\worker.rs:4160:18:
called `Result::unwrap()` on an `Err` value: Timeout


failures:
    place::lanes::tests::an_unauthorized_profile_is_refused_before_it_authors
    place::worker::tests::reconnect_refuses_removed_local_membership_before_dialing_and_keeps_cache

test result: FAILED. 702 passed; 2 failed; 9 ignored; 0 measured; 0 filtered out; finished in 271.14s

